order_id,product_id,qty,unit_price
1,117,4,66.65
1,73,2,44.03
1,97,2,81.46
2,241,3,80.23
2,102,3,113.19
2,249,1,32.65
2,191,1,116.43
3,246,3,34.13
3,66,4,9.45
3,198,3,91.88
3,234,4,110.82
4,162,1,97.93
4,181,2,39.85
4,174,4,17.19
5,4,1,76.95
5,30,4,28.31
6,213,3,97.37
6,110,4,69.34
7,209,2,20.11
7,37,4,36.02
7,69,1,115.72
8,135,4,76.4
8,107,3,19.71
8,168,2,31.24
8,74,2,99.61
9,52,2,25.03
9,16,2,45.05
10,21,1,43.76
10,76,3,8.95
11,3,1,10.46
12,25,2,95.38
13,239,3,82.37
13,125,3,91.38
13,122,3,7.97
14,250,3,57.14
15,186,2,17.11
15,214,1,106.3
15,228,3,25.5
15,237,2,32.92
16,164,3,28.48
17,156,4,103.35
17,125,1,89.97
18,156,2,110.74
18,50,1,53.77
18,183,1,44.26
19,124,2,22.7
20,42,3,102.32
21,171,2,36.98
22,197,3,82.55
22,237,4,39.38
22,154,4,44.73
22,17,2,83.99
22,165,3,68.64
23,147,3,81.98
24,16,2,64.72
24,152,4,82.92
24,138,3,109.03
25,102,1,106.46
26,215,4,81.57
26,57,3,55.92
26,128,1,115.02
27,123,3,85.69
27,162,4,62.88
27,213,3,67.86
27,56,2,87.23
27,127,2,111.78
28,209,2,20.72
28,169,4,69.48
28,234,4,114.33
29,73,2,43.7
29,179,4,56.96
29,237,3,41.6
30,148,4,54.42
30,36,3,112.33
31,93,1,60.68
32,238,1,54.01
32,15,4,84.44
33,112,4,63.87
33,249,1,28.98
33,39,4,29.93
33,161,2,67.76
33,185,4,92.12
34,95,1,36.58
34,3,2,8.58
34,31,4,5.02
34,30,1,35.87
35,77,3,57.94
35,147,2,100.74
35,33,1,41.46
35,26,4,62.75
36,248,1,5.04
36,169,2,53.28
37,53,3,47.5
37,168,1,28.48
37,42,1,81.93
37,23,3,46.92
37,144,2,96.03
38,232,4,3.39
38,201,4,117.74
38,76,3,13.16
38,169,2,86.58
38,137,1,37.53
39,246,2,35.89
39,35,3,75.37
40,167,4,10.4
40,232,3,4.87
40,42,2,83.46
40,103,1,52.49
41,169,2,73.5
41,166,2,69.85
41,211,4,16.98
41,131,2,64.67
41,155,1,57.53
42,93,3,64.11
43,249,1,40.81
43,57,1,57.27
43,97,3,109.94
43,244,4,13.9
44,70,2,66.5
44,156,4,71.74
44,26,4,85.26
44,230,2,77.86
44,13,2,81.09
45,236,3,57.0
46,47,4,28.73
46,113,3,54.96
46,91,2,61.54
46,205,1,109.47
47,187,2,129.33
48,142,1,27.55
48,238,4,66.05
48,127,2,97.97
49,4,1,80.06
49,158,3,78.9
49,49,1,44.29
49,234,2,96.95
50,132,1,77.38
50,91,4,55.59
51,75,3,91.87
52,101,1,25.23
52,56,4,51.59
52,237,1,38.51
52,79,3,22.59
52,238,1,40.89
53,126,2,98.21
53,51,4,19.21
53,22,3,90.36
53,136,4,82.48
54,28,4,79.8
54,113,3,49.42
54,169,1,70.55
55,102,3,130.22
55,108,2,16.67
56,141,2,11.56
56,127,4,99.36
56,205,4,65.56
56,175,1,120.34
57,14,3,58.71
57,174,1,12.88
58,64,2,2.2
58,159,1,17.95
58,40,2,34.08
58,187,4,81.82
59,219,2,86.39
59,152,2,87.73
60,52,4,21.28
60,24,2,35.97
60,222,4,74.33
60,14,4,67.0
60,98,3,2.84
61,82,1,74.73
61,230,1,65.89
62,111,2,60.93
63,175,2,90.79
64,167,2,14.86
64,71,1,135.88
65,248,2,5.09
65,234,4,110.76
65,227,1,46.43
65,168,3,33.75
65,210,4,48.96
66,141,3,16.23
66,183,4,54.73
66,65,1,42.76
66,229,1,24.26
67,179,3,54.46
67,248,1,7.49
67,34,2,8.22
68,43,4,66.36
69,53,2,40.65
69,48,1,124.72
69,1,4,7.72
70,182,1,35.4
70,69,1,90.42
70,142,3,15.14
71,165,2,121.33
72,162,3,77.46
72,155,3,64.3
72,249,4,43.33
73,211,3,15.13
74,169,1,88.28
74,223,4,128.66
74,200,3,125.26
74,241,2,103.84
74,150,2,81.96
75,187,4,92.65
75,186,4,18.15
76,49,4,53.07
76,146,2,79.07
77,18,1,14.1
77,37,4,40.26
78,155,1,52.07
79,34,2,8.35
80,246,1,34.83
81,229,3,24.2
81,114,2,55.74
81,209,3,17.09
81,42,1,56.99
81,79,1,19.4
82,7,4,65.81
82,59,3,73.07
83,126,2,136.24
84,86,1,119.42
84,31,2,4.67
84,93,3,57.97
84,237,4,27.99
84,236,3,54.37
85,170,1,64.82
85,95,2,56.42
85,239,2,68.53
85,68,4,21.36
86,38,2,85.19
86,24,4,39.57
86,83,4,90.55
87,99,4,26.83
87,108,4,15.4
88,135,2,108.75
88,148,2,44.21
88,199,2,74.52
88,178,1,84.15
89,93,2,47.49
89,218,2,45.38
89,222,4,63.1
90,97,1,116.98
90,188,4,51.55
91,223,2,73.8
91,41,1,15.29
91,8,4,32.55
91,38,2,104.51
91,94,2,78.61
92,201,3,79.16
92,166,1,97.96
92,178,1,98.19
92,4,2,70.68
93,142,3,24.15
93,183,4,64.34
93,213,3,112.77
93,67,4,123.08
94,101,1,23.75
94,48,4,99.23
95,166,3,59.5
95,109,1,87.89
95,50,3,49.35
96,153,3,66.45
96,3,2,13.33
97,145,3,36.64
97,12,3,57.17
97,203,3,79.52
97,124,4,27.09
97,13,3,85.47
98,26,1,91.28
98,129,4,51.06
98,207,1,91.52
98,199,2,63.36
98,39,1,42.48
99,197,2,117.3
99,184,3,44.73
100,11,4,76.84
100,229,1,31.61
100,183,4,37.76
100,199,1,44.03
101,81,2,21.75
101,44,3,32.07
101,240,1,81.18
101,76,4,10.46
102,241,4,61.45
102,32,3,16.24
103,244,4,18.72
103,81,3,36.98
103,96,1,2.51
103,22,1,125.8
103,175,2,114.39
104,97,4,127.33
104,41,2,20.51
104,146,4,80.05
105,28,1,128.09
105,22,4,127.67
105,47,2,26.91
105,188,1,49.63
106,10,4,38.18
106,140,2,14.27
106,40,1,40.32
106,243,4,32.13
107,223,4,85.88
107,6,2,38.76
108,224,3,23.59
108,108,1,11.22
108,135,4,86.82
108,55,3,15.27
109,248,4,5.74
109,179,4,91.86
110,158,3,65.27
110,38,4,135.67
110,83,4,116.95
110,171,1,34.57
110,211,4,15.63
111,25,4,105.7
111,10,2,52.29
111,56,2,64.69
111,191,2,115.27
111,49,1,38.09
112,210,4,35.39
112,223,3,91.09
112,32,4,17.57
112,180,3,9.81
112,128,2,105.47
113,112,4,82.53
113,98,1,4.93
113,73,1,28.75
113,217,1,42.33
113,169,4,58.08
114,171,3,35.67
115,51,4,35.78
116,2,2,11.31
116,241,3,107.27
116,96,3,2.05
116,201,4,116.3
117,203,3,61.51
117,96,4,1.96
118,206,4,38.42
119,41,2,22.12
119,112,4,92.55
119,60,3,35.16
119,26,2,110.99
119,182,2,33.21
120,40,1,32.24
120,8,1,48.15
120,159,2,19.05
120,182,3,35.84
120,140,2,14.04
121,71,1,139.16
122,118,1,24.28
123,217,2,36.72
123,93,4,64.7
123,234,4,63.87
123,215,1,85.72
124,207,1,132.29
124,42,1,61.93
124,47,3,37.61
124,77,4,104.84
125,238,1,60.77
125,32,2,14.22
125,50,3,53.19
126,187,2,86.22
127,167,4,13.54
127,76,4,15.62
127,120,3,72.53
127,191,3,114.72
127,208,1,6.53
128,111,3,86.57
128,227,1,38.77
128,115,4,27.77
128,109,3,88.57
129,65,3,31.79
129,151,1,56.76
129,105,3,78.92
129,76,2,11.23
129,155,1,46.29
130,3,3,13.72
131,17,2,74.25
131,99,3,29.76
131,73,1,40.59
131,155,4,62.88
131,55,4,17.14
132,128,1,82.63
132,12,2,88.11
132,71,4,91.08
132,108,1,13.05
133,10,1,44.13
133,230,1,66.89
133,137,1,54.34
133,236,4,57.5
134,199,4,49.61
134,81,4,29.75
134,127,1,120.7
134,157,1,34.93
134,13,1,88.89
135,58,3,63.4
135,44,1,45.0
135,23,1,30.77
135,49,1,31.31
136,203,2,87.01
136,208,4,4.72
136,98,3,4.62
136,70,4,81.6
136,179,1,77.37
137,83,4,78.69
137,198,3,95.47
137,188,1,50.89
138,16,2,52.04
138,55,4,15.56
138,4,1,63.44
138,172,3,17.25
139,235,2,82.21
140,52,3,19.94
140,200,3,130.48
140,103,1,37.74
140,49,1,47.89
140,18,2,10.28
141,116,1,62.57
141,91,2,54.71
141,68,4,22.21
141,31,1,5.64
141,238,3,44.36
142,46,4,22.84
142,153,1,92.17
142,71,2,140.82
142,136,2,67.85
143,26,4,80.63
143,71,1,89.95
143,58,3,52.71
143,226,2,64.0
143,159,3,15.86
144,123,2,60.14
144,190,1,58.79
144,79,3,32.4
144,219,2,134.49
144,233,4,10.73
145,174,1,14.23
145,195,4,80.19
146,146,3,87.63
147,26,3,103.09
148,66,4,6.04
148,170,3,47.97
148,125,3,124.01
148,65,4,25.68
148,94,1,52.9
149,63,4,31.32
150,225,4,130.65
150,161,2,52.67
150,174,3,16.72
151,80,3,104.94
151,49,1,39.74
151,11,4,95.82
152,238,2,60.29
152,176,3,55.07
152,38,2,93.36
152,120,3,66.29
153,212,1,84.51
153,152,1,89.44
153,32,1,12.41
154,171,1,33.12
154,246,2,44.53
154,197,2,85.65
154,144,1,87.62
154,40,1,30.32
155,229,3,31.02
156,206,2,42.25
156,149,4,40.39
156,36,3,78.8
157,201,1,80.97
157,225,4,112.18
157,214,3,84.53
157,112,4,74.5
158,246,4,25.13
159,132,3,58.46
159,96,4,1.79
159,33,1,43.4
159,159,4,17.72
159,140,1,11.58
160,145,3,60.59
160,124,1,31.19
160,177,1,2.59
161,35,2,86.06
161,58,3,60.17
161,230,1,109.48
161,173,2,38.65
162,25,1,113.78
162,64,4,2.43
162,53,1,33.99
162,27,4,60.57
162,122,2,7.36
163,32,2,13.41
163,111,2,57.22
163,38,2,104.94
163,163,3,62.71
163,6,1,67.74
164,119,4,27.8
165,100,4,11.18
165,3,3,15.84
165,149,4,48.47
165,78,4,62.13
165,9,2,19.95
166,100,2,14.25
166,132,3,79.26
166,17,2,85.19
166,45,3,108.78
166,168,1,48.7
167,148,3,37.13
167,182,3,47.16
168,18,2,12.28
168,12,1,82.79
168,8,4,37.13
168,219,2,135.74
169,237,3,27.18
169,17,1,95.38
169,16,3,56.67
169,157,1,62.91
170,143,4,75.28
170,52,2,17.01
170,51,2,26.71
170,65,2,25.1
170,126,1,112.53
171,93,4,56.9
172,128,4,108.34
172,49,3,44.58
172,214,2,102.64
172,54,4,31.04
172,147,4,132.37
173,60,3,20.27
173,14,3,77.78
173,154,3,34.86
173,139,3,52.17
174,219,3,97.54
174,133,1,2.95
175,168,3,36.67
175,8,2,37.42
175,9,1,16.94
176,207,1,95.22
177,228,4,25.44
178,58,3,62.25
178,167,2,9.85
178,90,1,38.11
178,111,2,73.75
178,123,4,84.62
179,179,4,78.7
179,33,1,42.7
179,111,3,65.45
179,180,3,12.46
180,59,4,76.94
181,15,2,101.7
182,75,4,91.61
182,34,1,7.84
183,230,2,88.53
183,235,3,127.71
183,220,3,17.48
184,129,4,58.52
184,27,4,40.0
184,14,2,77.38
184,89,2,31.49
184,231,2,54.46
185,244,1,15.95
185,30,4,26.45
185,6,1,37.96
185,128,4,107.96
186,169,1,85.24
186,111,1,74.09
187,237,3,42.92
187,213,2,100.95
187,233,3,12.84
188,100,3,19.26
188,244,4,17.76
188,185,3,61.79
188,239,4,75.7
188,174,2,10.32
189,198,3,73.39
189,139,4,50.84
190,4,3,85.47
190,32,2,16.71
190,79,1,24.9
190,146,4,51.24
190,170,3,54.16
191,71,3,140.43
192,67,2,78.34
192,223,2,78.1
192,127,1,82.53
193,82,1,120.08
193,11,3,119.5
193,142,1,23.73
193,184,3,47.44
193,59,1,70.78
194,131,1,73.52
195,19,3,80.61
195,165,3,98.98
195,110,3,58.93
195,225,4,124.99
196,12,2,104.31
196,75,1,69.82
196,239,2,92.29
197,97,1,114.42
197,213,2,80.36
198,162,1,106.16
198,141,1,13.87
198,188,4,49.61
198,108,2,18.29
198,138,3,115.6
199,178,2,88.95
200,20,2,86.02
200,235,4,82.9
200,93,2,69.18
200,168,2,45.3
200,124,4,30.05
201,81,4,28.39
201,31,2,6.14
201,21,2,59.36
202,196,4,95.66
202,142,2,26.3
202,183,4,35.41
203,236,2,47.3
203,100,2,17.81
203,232,1,3.93
203,109,3,101.76
203,91,1,92.0
204,162,4,75.53
204,116,4,77.58
204,190,2,84.91
204,214,1,67.35
205,98,3,4.81
205,83,1,79.07
205,113,4,38.48
205,46,4,19.52
206,209,2,15.13
207,43,3,56.82
207,31,2,7.28
207,74,3,126.97
208,37,2,22.48
208,25,1,121.32
208,53,2,26.8
209,110,4,57.27
209,188,1,63.72
209,114,1,74.69
209,134,4,37.05
209,33,1,54.65
210,187,3,79.16
210,20,3,76.34
211,229,4,18.35
211,237,3,28.89
211,10,1,63.08
212,173,3,50.08
212,51,4,33.38
213,244,2,12.81
214,108,3,16.17
215,225,2,123.58
215,77,4,79.42
216,25,3,89.29
216,57,4,64.06
216,29,4,72.17
217,181,4,56.95
217,33,4,47.27
217,199,2,39.96
217,226,3,54.49
218,173,4,60.99
218,82,4,87.51
218,106,1,3.32
219,57,2,84.66
219,147,1,137.36
219,225,3,76.6
219,43,1,73.56
220,17,3,101.24
220,168,2,46.8
220,13,4,90.49
220,133,2,2.49
220,54,2,40.94
221,217,1,45.78
222,11,1,76.32
222,41,2,15.58
222,73,1,46.43
222,78,4,79.36
223,185,1,54.48
223,181,2,34.95
223,196,4,66.98
223,188,3,66.15
223,107,4,24.76
224,68,4,20.38
225,72,2,42.02
225,124,4,30.97
225,73,3,45.2
225,233,1,10.9
225,180,1,12.14
226,86,1,71.22
226,37,2,26.11
226,208,4,6.57
227,134,2,26.87
227,186,4,20.59
227,215,3,120.76
227,146,2,51.21
228,177,4,2.37
228,54,3,41.94
228,194,2,66.94
229,236,1,48.05
230,134,1,29.38
230,192,4,52.81
231,125,4,93.17
231,36,3,68.19
231,192,3,48.77
231,224,3,29.87
231,141,3,13.52
232,206,3,50.76
232,158,3,92.41
233,3,2,12.04
233,82,1,82.39
233,107,2,19.91
233,46,1,23.11
234,41,2,19.91
234,18,1,18.77
234,90,3,46.94
234,163,4,76.16
234,144,3,92.48
235,20,2,66.64
235,152,2,80.58
236,151,3,92.01
236,166,4,64.52
236,197,1,105.46
236,99,2,19.44
236,85,2,45.64
237,36,4,85.62
238,62,4,47.28
239,82,2,120.3
239,136,3,101.5
239,21,4,49.22
239,227,4,40.78
239,155,3,63.0
240,219,3,119.15
240,120,2,98.09
240,198,2,75.7
241,50,1,88.44
241,2,3,11.28
241,151,1,75.89
241,80,1,94.73
241,85,4,55.1
242,221,4,36.38
243,207,2,119.13
243,27,2,57.3
243,10,2,36.24
243,95,1,34.58
243,8,1,36.88
244,86,3,119.55
245,107,1,17.83
245,215,2,119.99
245,171,1,23.18
245,172,1,12.72
246,80,3,90.0
247,145,4,36.49
248,161,1,50.81
248,248,3,6.16
248,6,2,46.18
248,197,2,103.43
248,44,2,31.11
249,145,4,40.77
249,81,2,25.6
250,68,3,20.0
250,24,4,52.67
250,126,2,73.68
250,91,4,54.93
251,54,3,24.13
251,88,2,91.64
251,180,4,11.02
252,151,4,78.19
252,83,1,84.47
252,96,1,2.53
252,145,1,38.68
253,48,3,88.38
254,152,4,91.99
254,148,2,40.88
254,178,3,98.01
254,112,4,84.67
255,199,4,60.16
255,69,2,89.23
255,245,3,102.27
255,148,2,62.22
256,249,1,30.48
257,169,2,62.8
258,220,4,10.52
258,53,2,30.41
259,26,4,97.36
259,121,4,85.79
259,141,4,14.68
260,103,3,60.7
260,198,4,86.75
261,7,2,65.09
261,57,3,72.04
261,227,1,38.85
261,156,4,113.27
261,46,2,17.43
262,87,4,119.23
263,9,4,17.49
263,67,4,105.46
263,246,1,33.18
263,245,1,74.27
264,42,3,62.52
265,109,4,81.58
265,198,1,87.1
265,14,4,61.51
265,78,4,81.95
266,137,1,35.08
266,195,3,97.71
266,99,3,21.2
266,223,4,96.33
267,118,3,27.23
267,94,3,75.48
267,13,1,75.75
267,228,2,17.27
268,153,1,75.29
269,137,1,34.39
270,89,2,45.37
270,249,4,24.61
270,118,3,29.68
271,87,3,103.37
272,215,4,135.6
273,132,1,74.89
273,139,4,58.82
273,219,4,89.37
273,204,2,85.92
273,63,1,36.63
274,54,2,27.91
274,5,4,98.46
274,201,3,78.23
274,107,2,17.1
275,212,3,87.36
275,118,4,41.01
275,151,1,64.07
275,108,3,13.63
275,163,4,56.44
276,104,1,118.11
276,9,3,16.16
276,170,3,48.07
277,150,4,87.25
277,43,1,66.38
277,160,3,13.34
277,91,4,91.8
277,145,4,62.35
278,25,4,77.36
279,197,4,92.3
279,200,3,117.66
280,162,3,87.22
280,28,4,83.85
280,171,4,29.1
281,103,1,49.53
281,74,3,115.92
282,250,1,49.73
282,108,2,16.14
282,106,1,4.13
282,49,4,53.13
283,176,1,58.9
283,24,4,45.05
283,244,2,22.77
283,95,2,46.74
284,83,3,69.03
284,34,1,5.82
285,62,4,51.25
285,204,1,119.1
285,46,3,27.87
285,250,2,38.83
286,221,4,35.69
286,99,1,29.75
286,19,1,99.98
286,201,1,91.17
287,162,1,65.34
287,167,3,16.4
287,113,1,48.74
287,110,3,62.16
287,202,3,2.49
288,165,4,116.05
288,178,4,106.81
288,19,3,93.68
289,71,2,110.73
289,153,1,68.18
289,10,3,51.13
289,195,3,66.91
289,36,2,93.67
290,191,2,69.07
290,207,3,129.34
291,150,2,97.05
291,78,3,66.1
292,249,2,36.54
292,89,3,36.43
293,45,1,95.0
293,124,1,24.39
293,230,3,74.82
293,98,2,3.23
294,146,1,87.84
294,234,2,100.63
294,164,3,45.19
294,233,4,12.14
295,217,1,38.11
295,190,2,62.45
295,138,2,102.79
295,224,2,24.41
295,21,4,37.78
296,188,1,70.44
296,213,2,88.1
297,123,1,67.25
297,119,1,18.77
297,26,1,83.36
297,138,4,74.31
297,226,2,57.6
298,185,4,92.19
299,65,4,36.13
300,132,3,69.25
300,73,2,34.9
300,244,3,20.13
300,166,1,102.74
301,121,4,86.02
301,127,1,125.84
301,42,4,73.51
301,46,2,18.22
301,17,1,115.43
302,121,2,81.03
302,27,2,41.29
302,176,2,59.66
302,77,2,97.66
302,238,2,52.89
303,59,4,84.77
303,239,3,71.0
303,68,3,19.79
304,101,4,14.25
304,196,4,75.31
304,107,2,31.92
304,2,3,7.85
304,241,2,70.67
305,203,2,81.5
305,98,4,4.6
305,84,1,71.43
305,143,2,60.21
306,200,4,113.6
307,97,3,89.42
307,16,3,51.04
307,26,3,65.32
307,15,2,131.18
307,164,1,36.43
308,52,3,21.91
308,144,3,104.53
308,23,3,40.59
308,113,2,50.09
308,63,1,42.39
309,48,4,83.39
309,83,3,85.11
310,36,1,97.9
311,234,3,60.72
312,203,3,71.87
312,138,1,105.38
312,126,1,135.16
313,147,4,114.56
314,116,2,75.42
314,228,1,15.87
314,226,3,52.67
314,190,4,92.69
315,5,4,72.26
315,3,2,12.92
315,58,3,53.95
315,83,2,111.3
316,53,2,29.11
316,79,1,30.44
317,238,2,48.25
317,59,2,63.38
317,169,3,64.39
318,32,1,16.71
318,214,2,79.75
318,243,4,42.65
318,97,2,84.8
319,130,1,75.56
319,234,2,66.45
320,107,1,29.2
320,49,3,40.91
320,54,1,41.64
321,247,3,78.68
321,220,1,13.59
321,26,3,71.77
321,91,1,76.8
322,187,3,72.08
322,166,2,62.93
322,230,1,70.28
323,153,2,101.82
324,108,2,19.24
324,45,2,98.96
325,128,2,95.05
326,85,1,73.3
327,196,2,65.09
327,154,1,33.88
327,185,2,58.31
327,135,1,72.87
328,113,1,37.68
328,35,4,123.18
328,220,3,10.86
328,155,3,72.65
328,208,1,6.12
329,207,2,87.23
329,242,1,37.06
330,65,3,30.3
330,48,4,111.35
331,195,3,72.45
331,231,2,75.02
331,34,1,8.25
332,4,1,85.44
332,37,2,25.19
333,161,4,59.95
333,223,2,97.49
334,168,3,34.62
334,197,2,75.68
334,132,4,95.28
335,196,1,97.7
335,133,4,3.12
335,68,2,16.45
336,33,3,43.11
336,224,1,38.11
336,89,2,33.58
337,188,3,56.99
337,191,2,92.38
338,139,2,66.02
338,59,1,74.12
338,178,2,112.07
339,72,4,39.57
339,13,4,92.07
340,1,3,6.29
340,20,1,64.19
340,65,4,26.27
341,166,4,83.54
341,108,2,18.27
342,32,2,14.11
342,186,2,27.05
342,190,3,51.48
342,150,1,93.36
343,77,4,62.48
343,211,3,22.72
343,32,1,16.03
343,139,3,54.2
344,195,1,56.44
344,75,3,77.72
344,58,4,64.09
344,134,4,35.38
345,85,3,43.41
345,108,1,17.12
345,171,4,24.47
345,215,4,86.45
345,65,4,37.51
346,97,4,74.07
346,156,1,94.92
346,133,1,3.0
346,223,1,129.99
346,237,2,32.75
347,219,1,133.04
347,118,4,35.7
347,147,1,87.96
347,222,2,52.73
348,92,3,28.37
348,210,2,32.15
348,175,1,90.36
349,166,3,92.97
349,83,2,115.78
349,190,1,66.63
349,103,2,42.92
349,193,3,17.48
350,164,2,34.88
350,48,4,91.19
350,194,4,94.22
350,98,2,4.85
351,233,3,13.06
351,130,2,89.77
351,180,1,10.51
352,184,3,43.25
352,88,4,81.11
353,58,1,44.4
353,114,2,85.57
353,212,3,59.73
354,113,2,33.2
354,166,3,66.23
355,143,4,54.27
355,142,4,23.05
355,146,4,83.59
355,50,3,83.67
356,82,3,68.56
356,139,2,63.63
357,182,2,50.85
357,122,2,5.93
357,138,1,89.52
357,81,4,29.82
357,27,4,33.7
358,230,3,90.45
359,146,1,82.08
359,65,4,32.48
359,243,2,57.96
360,85,4,45.68
360,60,3,35.63
360,146,1,82.01
361,158,1,95.83
362,214,1,94.37
362,47,4,32.82
363,180,4,12.01
363,243,4,34.26
363,176,3,40.88
363,100,3,14.28
363,207,4,130.66
364,166,3,76.58
364,163,1,73.39
364,21,1,58.75
365,44,1,45.65
366,8,3,51.23
366,205,2,68.63
366,232,4,3.5
367,46,2,22.68
367,229,4,17.27
367,113,1,54.49
367,181,1,55.98
367,217,3,50.25
368,128,2,115.34
369,242,1,28.86
369,30,3,23.42
369,172,4,11.91
369,142,4,15.17
370,24,4,50.68
370,170,2,47.33
370,168,2,37.31
370,83,2,82.71
370,234,4,82.07
371,83,4,101.69
372,136,1,71.97
373,139,1,73.24
373,45,1,111.12
373,165,4,74.51
373,81,1,35.97
373,190,4,85.61
374,234,2,65.25
375,127,1,70.8
375,53,4,31.69
376,46,2,20.75
376,100,4,11.21
376,212,2,90.43
377,53,3,36.67
377,241,1,81.97
377,225,4,92.22
378,11,2,101.41
378,179,2,55.67
378,197,1,67.79
378,115,4,24.9
379,245,4,71.08
379,175,3,87.81
379,184,3,34.85
380,217,1,38.67
380,128,1,81.76
380,52,1,25.35
380,33,2,32.78
380,133,1,2.4
381,170,2,64.12
382,236,4,40.9
382,45,1,79.99
382,90,2,69.63
383,86,4,67.0
383,169,4,56.41
384,37,3,23.07
384,141,1,12.26
385,95,1,53.59
385,10,1,45.49
385,37,1,38.34
386,145,1,34.36
387,100,4,16.83
387,116,3,89.74
387,234,4,86.2
387,192,2,41.6
387,61,3,39.19
388,66,1,8.33
388,226,3,42.07
388,42,4,77.0
388,95,2,62.77
389,108,4,14.56
389,227,4,35.48
389,107,3,21.87
389,118,4,24.81
390,146,3,90.59
390,50,4,64.7
391,139,4,62.67
392,228,4,15.86
392,41,4,15.44
392,169,2,71.85
392,99,2,22.45
392,240,2,110.8
393,63,4,30.38
393,223,1,111.6
393,190,1,55.0
393,34,1,9.03
394,52,2,18.41
394,191,1,81.18
394,39,3,35.98
395,78,2,90.55
395,26,2,68.16
395,206,1,51.17
396,180,2,16.87
396,72,2,57.09
396,177,1,2.67
396,218,2,46.44
397,151,3,90.41
398,249,4,44.39
399,18,3,16.43
399,46,2,17.04
399,35,2,127.03
400,5,4,121.39
400,160,3,15.74
400,229,2,24.74
400,152,1,92.94
401,115,1,29.35
401,111,4,79.45
401,87,3,112.19
402,78,4,58.61
403,179,3,90.9
403,97,4,98.03
403,86,3,73.45
404,69,4,111.92
404,22,1,130.23
404,234,3,107.24
405,63,1,27.37
406,222,1,52.05
407,161,3,72.96
407,248,1,6.76
407,224,1,33.24
407,249,2,43.76
407,118,1,25.87
408,100,3,16.96
409,121,1,74.75
409,74,1,73.1
410,180,1,10.43
411,76,3,10.15
411,154,3,45.11
411,106,2,3.96
411,130,3,82.73
411,164,2,29.72
412,159,4,10.74
413,179,1,79.65
413,175,3,98.45
413,156,4,82.48
414,59,2,47.38
414,151,3,67.06
415,116,4,65.4
415,40,1,38.1
415,37,3,29.62
415,189,2,78.44
416,56,1,66.64
416,25,2,80.48
417,213,3,71.97
417,245,4,87.77
417,219,4,99.75
418,18,3,16.7
419,206,1,64.59
419,56,2,64.26
419,107,3,27.41
419,126,4,111.38
420,207,2,96.8
420,177,4,1.67
420,222,4,69.15
421,163,4,85.37
421,235,3,104.78
421,231,3,80.38
422,182,2,53.47
422,152,2,92.88
423,99,2,28.23
424,18,2,17.5
424,116,3,78.09
424,100,3,19.16
425,84,3,117.58
426,125,2,119.8
426,81,2,38.49
426,155,1,49.15
427,64,4,2.94
427,203,1,59.91
427,97,2,80.76
428,199,4,58.81
428,233,4,13.07
428,38,1,135.88
428,115,4,29.42
429,245,1,101.29
429,5,4,85.01
429,32,3,20.94
430,102,1,113.36
430,46,3,23.51
430,84,1,121.17
431,36,2,67.33
432,87,3,125.86
432,21,4,44.44
432,106,1,3.95
433,209,2,15.31
434,7,2,69.99
434,14,1,50.55
434,165,2,119.02
434,216,2,46.63
434,179,3,70.91
435,7,4,73.17
435,172,1,12.02
435,183,1,41.31
435,179,4,52.62
436,102,2,106.33
436,55,3,16.5
437,194,3,67.54
437,156,3,112.33
438,155,4,45.91
438,248,1,4.49
438,167,1,16.27
438,172,2,12.02
439,93,2,56.85
439,119,3,19.07
439,14,1,54.07
440,185,2,99.28
440,84,4,101.34
440,118,3,38.26
440,101,2,14.53
441,243,3,56.39
442,25,3,77.19
442,14,2,79.66
443,77,1,99.99
444,31,1,7.26
444,236,4,40.07
445,178,4,66.79
445,143,2,55.52
445,70,4,83.54
445,6,1,37.22
445,180,4,15.68
446,169,1,99.83
447,7,2,59.08
447,172,4,17.72
447,70,1,92.8
448,74,3,73.65
449,169,2,68.67
449,231,3,67.26
449,96,4,2.15
450,173,4,37.74
450,139,3,89.07
450,105,3,104.71
450,93,4,52.86
451,154,2,45.73
451,88,2,140.62
452,129,1,52.45
453,190,3,73.92
453,59,3,76.28
454,57,4,80.5
454,148,1,40.07
454,90,4,42.54
454,192,2,48.67
455,178,3,77.15
456,244,2,13.05
457,18,3,14.34
458,179,3,68.78
459,163,4,94.04
459,158,4,83.37
459,152,1,79.15
459,11,4,112.89
460,159,4,19.15
460,226,4,38.47
460,90,4,63.2
460,243,1,43.66
460,249,1,25.54
461,155,1,50.11
461,121,4,63.71
462,221,4,20.18
462,173,2,49.86
462,200,4,120.87
462,8,1,35.28
462,240,1,114.45
463,11,3,87.72
463,75,2,120.27
464,100,2,18.41
465,217,1,29.54
465,127,2,76.23
465,59,1,63.96
465,183,3,59.97
465,114,4,54.01
466,108,4,10.66
467,68,3,21.75
468,23,2,40.02
468,147,4,117.92
469,249,2,36.43
470,77,4,55.3
470,35,1,99.04
471,78,2,64.07
472,123,4,78.46
472,55,1,15.05
472,26,2,106.03
472,45,2,105.41
473,145,2,41.42
474,105,4,58.81
474,16,3,62.5
474,193,1,18.82
475,192,2,42.28
475,233,4,12.28
476,198,1,77.5
476,20,1,100.33
476,111,2,84.61
476,154,1,34.37
477,78,3,91.39
477,215,4,105.62
477,138,4,106.71
478,36,4,116.75
478,121,1,65.42
478,87,3,138.41
478,24,3,46.21
478,178,2,81.29
479,50,4,60.44
479,212,4,94.24
479,86,2,111.76
480,183,3,41.17
480,139,4,75.38
480,142,2,16.19
481,47,4,26.43
481,228,4,19.66
481,166,3,100.51
482,19,4,71.45
482,65,2,40.64
482,32,3,21.99
482,248,4,8.04
482,97,3,104.85
483,161,4,59.37
483,126,3,79.11
483,153,2,63.07
483,28,1,72.08
484,237,4,29.22
485,185,2,64.65
485,71,3,138.67
485,73,3,47.11
485,111,2,50.49
485,62,3,59.72
486,245,2,61.05
487,57,2,89.75
487,62,2,44.12
487,118,1,26.95
487,157,3,47.63
488,105,4,79.61
489,53,4,37.34
489,226,3,48.16
489,173,4,51.29
490,181,4,37.1
490,20,4,72.48
491,231,4,92.19
491,60,2,31.66
491,98,1,3.65
492,6,4,66.09
492,126,1,99.95
492,112,3,63.09
492,186,3,30.73
493,166,2,96.2
493,133,4,2.62
493,154,2,27.77
493,136,2,66.56
493,208,1,5.23
494,220,3,17.5
494,112,2,63.11
495,159,1,15.27
496,230,2,97.73
496,43,1,41.68
496,61,1,40.54
496,5,2,94.66
497,137,2,37.78
497,239,1,68.79
498,101,2,15.65
499,214,4,72.43
499,95,2,54.38
499,147,2,84.32
499,201,1,76.24
499,72,4,34.97
500,141,4,16.78
500,139,3,84.62
500,186,4,28.27
500,104,4,86.18
501,216,4,43.16
501,77,3,73.55
501,30,3,30.01
502,116,2,75.37
502,222,3,70.4
503,125,4,91.43
503,103,2,47.4
503,120,4,117.82
504,90,4,68.35
505,123,4,55.24
505,11,3,74.2
505,240,2,70.4
505,223,1,78.04
505,217,3,28.5
506,104,4,98.56
506,86,3,82.64
506,205,1,101.6
506,157,1,61.66
507,187,2,128.57
507,192,4,38.25
507,145,4,56.46
507,130,3,74.42
507,18,2,10.99
508,78,1,92.95
509,110,3,86.1
509,141,2,8.9
510,57,4,90.81
511,208,3,7.58
511,231,3,74.92
511,88,3,117.07
511,158,3,95.64
512,58,1,50.67
512,209,3,14.11
513,14,3,46.2
513,244,2,19.3
513,152,2,115.99
513,77,2,78.12
514,191,3,77.61
514,103,2,38.2
514,108,4,19.36
514,146,1,84.88
515,107,1,21.99
515,122,3,4.6
516,151,2,61.53
516,55,2,17.36
516,104,3,115.5
516,111,1,54.03
517,230,2,120.25
517,24,1,42.83
517,240,1,78.25
517,249,3,38.54
518,229,3,18.35
518,80,1,113.35
519,28,1,122.62
519,69,3,68.38
519,152,4,99.81
519,75,3,72.81
520,9,3,24.2
520,101,4,23.67
520,219,3,133.8
521,204,3,110.45
521,217,2,32.99
522,151,1,55.32
523,149,4,37.46
523,62,1,65.13
523,184,3,59.02
524,50,1,85.34
524,89,3,33.4
524,17,4,96.75
524,13,4,86.95
525,223,2,129.2
525,180,4,9.65
525,48,3,78.35
525,2,2,9.42
525,201,4,135.04
526,162,3,98.69
527,52,3,21.36
527,55,2,18.57
527,38,1,103.52
527,86,3,97.93
527,175,4,72.44
528,122,4,7.7
529,116,3,85.89
529,68,1,26.51
530,59,4,55.61
530,11,1,87.91
530,57,1,85.69
530,244,3,19.07
530,211,4,12.78
531,55,1,23.7
531,137,4,46.71
531,170,3,43.69
531,142,2,14.8
531,74,4,73.11
532,44,3,33.45
532,169,4,62.98
532,75,2,84.75
533,20,2,109.78
534,248,4,5.67
534,46,4,22.73
534,30,4,33.46
535,207,3,120.44
535,49,1,54.35
535,140,2,12.5
535,242,2,32.59
536,8,4,49.48
536,88,4,81.11
536,219,4,85.27
537,250,2,56.02
538,51,1,27.04
538,231,1,74.64
538,11,1,120.22
539,249,3,42.54
540,197,4,92.5
540,30,3,23.01
540,152,1,110.42
540,35,3,82.66
540,122,4,5.27
541,179,4,100.33
541,67,3,85.05
542,79,1,18.15
542,190,3,66.35
542,77,1,98.52
542,105,1,75.44
543,148,1,40.24
543,55,3,17.06
544,240,3,127.79
544,148,3,36.24
544,223,4,116.42
544,177,1,2.03
544,140,4,11.97
545,243,1,33.37
546,139,2,52.8
546,28,2,81.29
546,68,1,23.92
546,41,1,21.65
547,2,3,11.8
547,175,2,101.13
547,134,2,26.88
547,225,2,107.09
548,250,3,39.54
548,152,1,105.75
548,106,3,4.25
548,234,4,59.9
549,177,2,2.76
549,33,1,57.52
549,148,2,37.22
550,176,4,39.27
551,184,1,43.74
551,29,3,77.61
552,106,3,3.75
552,97,2,127.59
552,169,2,63.11
553,112,1,72.9
553,13,2,53.38
553,65,1,39.28
554,37,2,30.52
554,73,1,38.13
554,72,1,47.86
555,215,4,89.64
555,123,4,62.55
555,247,2,42.74
556,131,3,100.42
556,165,3,103.82
556,240,3,124.95
556,38,3,123.09
556,29,1,69.0
557,194,2,81.47
557,246,1,26.42
558,1,2,5.8
558,124,3,30.85
558,50,4,59.23
559,145,2,61.39
559,92,3,22.33
559,25,3,85.58
559,98,2,3.84
559,121,4,64.25
560,60,1,23.61
560,106,4,3.97
561,57,2,59.21
561,189,1,59.29
562,165,4,115.7
562,151,1,63.97
562,228,2,21.25
563,12,3,84.96
563,122,1,7.69
564,23,2,45.97
565,193,2,16.38
565,116,1,89.76
565,143,1,74.78
566,51,2,22.56
566,212,3,83.04
567,186,2,22.35
568,214,2,84.82
569,176,4,38.48
569,216,2,38.15
570,69,3,110.11
570,183,2,61.07
571,109,4,82.83
571,45,3,91.62
571,157,1,40.15
571,215,3,96.64
572,204,2,125.22
573,144,4,94.22
574,225,1,100.49
574,60,1,24.28
574,205,1,76.73
574,33,1,37.71
574,62,3,52.83
575,36,2,101.1
575,206,1,50.72
576,118,3,42.28
576,43,3,40.33
576,175,1,119.53
577,21,1,45.59
577,22,3,78.74
577,177,1,2.62
577,49,3,36.59
577,124,1,32.11
578,41,2,23.46
578,22,4,94.56
578,140,1,12.55
579,98,4,3.68
579,121,1,82.41
579,11,1,101.35
580,93,3,55.58
581,39,2,44.75
581,205,3,94.07
581,69,3,77.95
581,131,2,103.96
582,14,4,65.38
582,105,4,88.75
582,54,1,38.1
582,62,2,39.16
583,65,1,28.86
583,214,3,111.37
583,136,2,92.25
583,32,4,17.3
584,103,3,40.64
585,186,3,22.98
585,44,2,24.66
585,134,4,43.23
586,80,3,63.86
587,41,3,25.65
587,91,1,56.3
587,243,2,50.55
587,193,3,20.99
588,172,1,14.54
589,148,1,56.74
589,246,1,31.11
589,209,2,19.12
589,136,3,80.06
589,130,2,93.87
590,219,3,87.01
591,66,1,8.13
591,151,2,84.84
591,81,1,22.16
591,227,4,36.92
591,182,1,45.91
592,127,2,93.3
592,56,3,94.05
593,236,4,58.61
594,220,1,9.81
594,105,2,67.44
594,200,1,133.41
594,142,1,22.49
594,185,3,92.25
595,237,3,35.27
595,4,4,60.04
595,63,3,41.36
595,177,1,2.97
595,97,4,131.45
596,20,3,94.68
597,75,4,83.67
597,58,1,55.75
597,60,4,23.42
597,102,2,132.88
597,136,2,65.5
598,24,3,55.54
599,213,3,94.01
600,112,1,77.03
600,248,1,4.79
600,203,2,65.46
600,191,1,113.43
601,100,1,18.86
601,102,1,96.5
601,227,4,26.54
602,92,4,31.46
602,14,2,58.96
602,210,1,37.07
603,160,3,11.18
603,54,1,24.65
604,200,2,100.1
604,50,2,66.15
604,88,2,89.97
604,77,3,85.68
605,156,1,90.23
606,147,1,121.62
606,47,4,37.58
606,240,2,95.52
607,207,3,127.42
607,97,4,77.19
607,223,3,77.99
607,200,3,106.65
607,169,2,60.19
608,228,2,25.53
608,80,2,65.29
608,146,2,62.97
608,159,2,17.14
608,203,4,64.5
609,143,4,52.95
610,165,4,73.67
611,134,2,33.13
611,156,3,98.31
612,212,3,109.82
612,1,1,10.04
612,230,4,82.62
613,140,4,17.73
613,174,1,15.83
613,38,4,111.44
614,4,4,84.26
614,144,1,111.86
615,237,3,43.66
615,193,3,21.85
615,31,2,4.9
616,219,1,125.98
617,112,4,55.13
617,154,1,28.41
617,101,4,19.85
617,233,1,8.28
617,227,2,43.51
618,136,3,65.87
618,15,1,129.65
618,157,3,35.71
618,166,4,92.61
619,161,3,50.93
619,37,3,27.37
619,13,4,71.01
619,187,3,94.06
620,172,3,10.33
620,34,1,8.24
620,153,4,94.46
620,36,4,113.78
621,18,4,18.85
621,197,3,65.07
621,200,2,82.28
621,68,4,18.37
621,6,2,67.58
622,28,1,99.13
622,120,2,111.48
622,140,2,17.9
622,238,1,63.28
623,61,3,36.46
623,212,4,87.61
623,132,3,74.98
623,172,2,12.19
624,152,2,115.04
624,13,3,52.75
624,186,4,21.23
625,61,4,38.63
626,238,2,74.59
627,164,4,51.13
627,24,2,32.69
628,44,4,41.66
628,147,4,89.16
628,140,4,19.81
628,88,2,133.64
629,105,2,86.37
629,8,4,53.88
629,87,1,108.19
630,117,4,102.78
631,200,1,92.94
631,207,1,97.23
631,38,2,78.64
631,221,2,22.13
631,203,3,61.19
632,4,4,89.96
632,199,3,53.43
632,86,2,109.6
633,36,4,104.28
633,84,1,101.14
633,146,3,60.27
633,102,3,122.51
633,249,1,44.53
634,178,4,119.72
634,187,3,101.48
634,59,3,72.78
634,170,3,68.06
634,216,3,56.78
635,89,4,46.36
635,116,1,77.37
635,161,4,45.91
636,123,2,53.25
636,51,4,23.91
636,139,1,92.62
636,197,1,101.85
637,139,4,71.95
637,39,2,41.44
637,220,2,12.57
637,160,2,12.84
638,1,2,7.06
638,103,3,60.24
638,165,3,107.66
638,48,4,93.11
638,175,3,113.48
639,46,3,19.28
639,200,2,129.37
639,192,4,41.77
639,88,4,87.41
639,219,3,125.58
640,175,3,120.13
640,137,2,55.37
641,104,1,121.76
641,43,3,45.99
641,67,3,107.85
642,44,2,31.84
642,104,3,81.74
642,243,1,46.04
642,151,4,65.24
642,57,1,92.46
643,84,4,114.39
643,5,3,111.64
643,157,2,34.25
643,83,3,102.8
643,194,1,93.36
644,234,4,92.79
645,149,1,28.87
645,61,3,38.78
645,69,3,65.57
646,52,2,19.18
646,28,2,121.71
646,56,4,81.81
647,218,3,48.16
647,82,2,105.09
647,12,1,71.52
647,5,1,65.53
648,243,4,46.08
648,32,2,20.13
648,179,1,65.34
648,152,2,77.93
648,135,3,90.47
649,107,4,29.09
649,15,4,108.39
649,245,3,71.8
649,84,2,75.35
650,139,4,92.67
650,162,3,102.87
650,87,3,86.61
651,208,4,8.1
652,40,3,28.36
653,34,1,8.48
653,165,3,67.56
654,53,2,43.35
654,163,3,63.34
654,109,4,89.29
654,143,4,52.48
654,189,2,79.69
655,34,3,8.69
656,135,2,114.97
657,215,2,85.05
657,17,2,122.65
658,97,1,129.41
659,53,4,35.09
659,184,2,54.05
660,202,3,3.17
660,47,3,24.36
661,40,1,27.45
661,221,1,27.89
661,147,4,99.19
661,242,2,36.79
662,246,2,24.59
662,31,2,4.74
662,166,2,100.18
662,121,2,99.88
663,245,4,102.01
663,146,1,82.96
663,233,3,12.36
663,158,1,102.38
663,55,2,20.01
664,180,2,11.51
664,247,3,52.4
664,63,1,34.13
665,75,3,78.87
665,64,3,2.74
665,242,4,34.39
665,6,1,41.96
666,147,4,78.09
666,45,1,76.73
667,126,3,80.34
667,182,2,34.26
668,102,1,107.09
668,187,2,71.58
668,203,1,58.49
669,133,4,2.59
669,129,2,58.12
669,130,3,106.06
669,222,3,60.35
670,52,1,18.02
671,219,4,75.7
671,204,2,128.58
671,147,1,74.92
671,83,2,103.68
671,29,2,111.98
672,123,2,54.71
672,71,2,137.56
673,128,2,101.31
673,24,2,49.99
673,156,1,73.24
673,248,1,7.77
673,30,4,28.54
674,30,1,28.02
675,185,3,86.47
675,9,4,27.89
675,115,2,43.44
675,35,2,69.7
675,186,2,23.35
676,117,3,107.18
676,167,1,10.99
677,203,4,74.06
678,35,3,90.69
678,39,1,41.51
678,153,2,93.19
679,208,1,7.4
680,200,4,122.29
680,178,1,76.4
681,240,3,94.52
681,92,2,25.6
681,141,1,11.02
681,84,1,121.47
682,158,2,97.47
682,42,3,59.0
682,123,1,73.2
683,106,2,2.98
684,244,1,15.38
684,222,3,53.12
684,41,1,16.85
685,95,3,51.73
685,109,3,92.75
685,229,3,22.55
685,202,4,3.91
686,215,3,102.34
686,208,1,4.68
687,32,4,17.91
687,10,1,47.6
687,54,3,37.92
687,7,1,70.45
687,207,4,106.55
688,115,1,42.21
688,28,1,131.72
688,38,1,104.09
689,64,1,2.55
690,245,4,65.39
690,71,2,76.52
690,126,4,83.19
690,77,3,77.24
690,52,4,22.22
691,86,2,125.7
692,237,4,34.47
692,66,2,6.4
692,215,1,106.49
692,112,2,85.67
693,104,1,96.06
693,107,3,26.53
693,109,1,111.68
694,32,1,20.04
694,234,3,92.05
694,65,1,40.82
694,10,3,51.46
695,11,1,109.8
695,66,3,9.51
696,164,2,40.0
696,58,4,59.04
696,166,4,73.12
696,17,3,74.19
697,244,4,19.49
697,13,2,61.37
697,125,2,115.92
698,172,1,19.45
698,152,4,111.65
698,153,1,93.75
698,75,3,73.26
698,150,4,112.38
699,118,2,24.25
699,210,4,26.92
699,232,2,4.82
699,139,1,77.6
699,217,3,29.38
700,147,4,134.19
700,132,1,59.99
700,153,4,106.84
700,130,3,121.8
700,227,1,43.53
701,137,1,43.61
701,36,3,91.09
701,42,2,85.27
702,139,2,51.89
703,82,2,113.63
703,122,4,6.3
703,171,3,30.96
703,24,1,50.89
704,70,4,77.94
704,203,2,67.05
704,43,4,60.14
704,154,4,41.33
704,172,1,12.64
705,203,4,51.88
706,46,3,25.05
706,125,2,89.03
707,149,4,31.22
707,205,1,106.1
707,220,4,15.99
707,207,3,127.74
708,240,1,86.72
708,157,3,38.76
708,110,4,45.53
709,239,2,93.14
709,92,4,26.85
710,246,4,34.63
710,203,2,73.57
710,200,4,78.37
710,57,3,67.22
710,69,2,115.92
711,6,1,45.92
711,160,2,16.93
711,214,1,90.95
711,17,2,90.15
712,122,4,7.56
712,185,3,62.98
713,103,3,57.08
714,193,2,19.84
714,78,1,69.05
714,127,1,122.57
715,103,4,60.65
715,217,1,46.21
715,17,2,111.52
715,121,1,79.85
716,25,1,90.67
716,70,4,75.92
717,161,4,66.35
717,97,2,117.16
717,243,4,49.86
717,68,4,19.48
718,84,3,103.03
719,35,1,119.79
719,185,4,102.94
719,154,2,42.1
719,174,4,16.73
719,47,1,26.0
720,59,4,54.28
721,26,3,77.13
721,132,1,75.14
722,78,3,57.66
722,207,3,133.41
722,35,4,109.71
722,77,3,94.29
722,136,4,85.7
723,42,3,72.09
723,4,3,70.09
723,210,4,33.64
724,197,2,72.13
724,82,1,89.07
724,247,2,75.25
725,219,2,121.9
725,163,3,81.45
726,59,1,74.73
726,237,4,28.21
726,14,2,46.66
727,110,4,57.92
727,247,2,71.64
727,226,1,50.48
727,123,1,55.78
728,209,4,20.74
728,245,1,95.73
728,65,1,25.58
728,137,4,44.45
728,205,4,111.85
729,226,1,68.97
729,242,3,31.05
729,92,4,37.05
729,114,2,84.16
729,239,4,56.65
730,59,4,59.94
730,189,4,75.61
730,195,4,93.79
731,95,2,42.26
731,68,1,24.49
732,13,4,62.35
732,9,3,18.95
732,174,4,12.07
733,40,4,26.67
733,240,4,113.42
734,196,3,90.55
734,53,2,38.63
734,63,1,27.69
734,171,4,32.61
735,16,4,68.58
735,206,1,42.41
735,217,2,27.84
735,18,2,13.15
735,156,2,76.61
736,132,1,92.37
737,232,2,3.77
737,18,3,18.66
737,216,3,39.61
737,109,4,69.14
737,89,2,43.12
738,56,1,49.7
738,116,3,57.65
738,181,1,36.47
738,201,4,135.26
738,142,3,26.36
739,136,1,78.63
739,132,3,80.38
739,199,2,68.92
739,40,1,26.45
739,227,4,40.46
740,221,4,31.38
741,167,2,11.78
741,58,1,41.24
741,152,1,122.16
741,116,4,48.49
741,42,2,104.43
742,237,2,28.38
742,13,1,52.61
742,183,1,35.13
742,148,2,38.54
742,143,1,47.03
743,12,1,83.23
744,3,1,14.72
745,16,2,66.42
745,235,3,126.9
745,186,2,26.57
746,71,2,88.23
746,108,3,14.22
746,201,3,126.78
746,193,1,16.5
747,235,3,127.84
747,47,4,27.56
747,1,1,6.88
747,95,1,46.08
748,232,4,5.53
749,73,4,39.8
749,1,1,7.21
750,4,2,67.42
750,95,2,41.79
750,198,2,75.47
750,144,4,79.26
750,195,4,89.87
751,134,4,37.9
751,230,4,108.09
751,163,1,66.11
751,145,3,58.68
751,31,4,4.68
752,6,2,36.73
752,178,1,70.82
752,153,3,80.36
752,61,2,43.87
753,95,4,43.82
753,240,3,131.97
753,36,1,87.61
753,241,4,75.15
753,19,1,115.21
754,201,1,107.61
754,20,2,76.57
755,37,4,28.67
755,155,1,54.61
756,211,3,20.47
757,33,2,54.09
757,1,3,7.69
757,217,1,44.66
757,148,1,61.81
757,37,1,23.2
758,118,2,26.4
759,42,3,56.16
759,236,1,49.95
759,144,2,79.36
759,157,3,56.45
759,84,2,72.39
760,237,1,35.48
760,239,1,91.23
760,204,1,74.24
760,198,3,106.22
760,96,2,2.84
761,21,3,39.27
761,192,4,30.77
761,226,2,43.97
761,12,1,80.85
762,245,4,69.61
763,183,2,60.07
763,84,4,92.26
763,179,2,93.89
763,76,4,11.13
763,59,3,57.29
764,246,2,44.13
765,10,3,43.97
766,57,4,89.78
766,176,2,66.24
766,47,3,27.57
766,18,2,13.27
767,112,2,80.34
767,10,2,64.34
767,191,3,110.75
767,110,2,67.73
767,115,2,30.32
768,139,3,64.19
768,13,4,88.47
769,159,3,18.84
769,86,2,77.88
769,91,2,80.28
769,21,1,50.22
770,162,1,96.2
770,180,1,16.16
770,80,1,111.33
770,188,1,54.76
771,37,3,38.17
772,44,1,33.24
772,163,3,91.41
773,229,1,27.11
774,92,2,38.38
774,224,1,21.64
774,247,1,55.13
774,16,2,66.71
774,3,3,15.87
775,73,4,29.0
775,12,4,93.47
775,245,2,80.35
775,214,1,109.66
776,13,1,96.2
777,198,2,91.55
777,185,1,53.9
777,4,3,53.92
778,179,1,78.38
778,249,1,44.58
778,195,3,94.46
778,73,2,50.02
778,17,3,89.42
779,93,4,39.79
780,4,4,90.22
780,165,1,67.82
780,5,4,105.35
780,102,4,88.41
780,147,2,140.62
781,170,3,48.16
781,50,3,86.26
782,195,3,67.94
782,218,2,29.46
782,217,3,47.6
782,41,1,21.97
783,48,3,80.61
783,74,1,107.45
783,28,2,83.45
783,118,2,28.36
784,147,1,116.79
785,164,4,41.22
786,23,4,33.81
787,246,4,30.38
787,250,4,41.11
787,237,2,26.57
788,245,2,78.04
788,216,2,55.34
789,119,2,15.92
789,228,4,15.03
789,7,3,86.22
790,180,2,9.44
790,246,1,34.4
790,44,4,40.29
790,26,3,90.1
791,138,3,94.72
791,96,1,2.68
792,43,4,59.33
792,181,1,53.07
792,177,3,2.9
792,25,4,96.13
793,242,4,40.22
793,40,3,27.57
793,131,3,108.47
793,233,1,14.75
793,149,2,30.89
794,55,2,14.91
794,158,2,67.93
794,76,1,10.61
794,138,4,120.02
794,33,2,50.91
795,148,2,54.57
795,155,2,64.79
795,182,1,34.18
796,57,2,55.22
796,219,4,104.02
797,11,2,92.16
797,231,4,64.04
798,175,1,91.64
799,232,2,3.36
799,150,1,102.84
799,25,2,123.14
799,157,1,47.02
800,11,2,69.9
800,221,1,23.58
800,242,3,23.37
800,41,4,20.56
800,150,2,96.08
801,15,3,137.05
801,94,4,82.61
801,104,4,106.37
801,143,1,62.67
801,227,4,46.15
802,93,3,64.13
802,16,3,46.43
802,78,1,69.6
803,198,4,73.71
803,49,3,45.33
803,184,4,36.56
803,58,2,40.53
803,146,2,67.12
804,66,4,9.61
804,56,3,91.41
805,26,1,88.37
805,174,4,17.23
806,186,1,26.83
806,80,4,73.78
807,185,3,100.59
807,248,2,7.86
808,67,2,121.37
808,244,1,22.28
809,218,4,35.24
809,172,3,19.3
809,136,3,82.22
810,85,3,67.1
810,204,3,128.13
810,117,3,118.13
810,103,4,44.57
811,199,1,54.36
811,129,3,39.62
811,98,2,3.39
811,247,3,42.93
811,207,1,110.3
812,195,2,67.7
812,103,3,50.84
813,4,3,54.39
813,117,3,107.19
814,14,3,67.26
814,171,2,24.56
814,245,2,105.08
815,184,1,44.89
815,208,4,5.11
816,8,1,41.66
817,21,3,54.28
818,54,3,37.42
818,93,2,52.24
819,13,2,90.95
819,29,1,106.72
819,128,4,128.52
819,50,2,57.96
820,103,2,39.2
820,175,1,76.72
820,83,1,103.85
820,105,1,104.72
821,7,3,63.14
822,124,2,31.0
822,220,1,12.48
823,155,3,46.7
824,196,1,82.67
824,102,2,130.71
825,90,4,43.24
825,182,1,47.5
825,40,2,32.31
826,248,2,7.94
826,158,2,74.44
826,91,4,58.08
827,74,3,121.56
828,110,1,64.51
828,23,1,45.57
828,130,4,68.47
828,90,2,50.53
829,98,1,2.61
829,10,1,38.51
830,174,1,17.36
830,144,4,111.49
830,162,4,110.3
830,247,3,62.75
830,47,3,33.74
831,34,2,9.3
831,38,2,82.48
831,54,2,41.12
832,65,2,38.61
832,40,2,24.6
832,89,3,33.75
833,55,1,24.25
833,96,2,2.83
833,168,4,47.44
834,102,4,89.26
834,176,2,35.19
834,204,3,82.91
835,39,1,28.15
835,4,4,56.07
835,228,1,19.97
836,169,3,88.66
836,94,4,48.49
836,99,3,22.09
836,17,1,117.7
837,197,4,76.6
837,236,1,52.83
837,173,4,54.02
837,88,2,114.31
837,85,4,60.62
838,208,2,4.32
839,160,4,9.61
840,147,4,134.53
840,63,4,33.56
841,245,2,78.42
841,134,4,30.91
841,122,2,4.65
841,56,4,79.43
841,19,1,101.41
842,160,3,10.75
842,122,2,7.74
842,167,3,11.47
842,140,1,17.41
842,108,4,13.46
843,164,2,29.23
843,86,1,100.78
843,47,3,34.87
843,60,3,28.75
843,32,4,14.83
844,123,1,52.06
844,2,4,14.58
844,183,4,47.26
845,147,4,135.71
845,115,1,32.52
845,152,2,86.81
846,9,2,19.89
846,6,2,51.56
846,105,1,87.22
847,247,4,45.14
847,119,3,17.91
848,152,1,74.64
848,120,3,68.91
848,185,2,76.63
849,219,3,111.64
850,157,3,46.97
850,101,4,16.66
850,90,3,63.02
851,203,3,73.48
852,63,3,29.51
852,214,4,74.57
852,181,3,58.05
852,242,3,22.36
852,220,2,11.02
853,155,4,64.36
853,186,2,31.91
854,26,1,112.0
854,64,4,2.0
854,41,2,16.71
855,90,4,49.9
855,50,4,83.54
855,74,2,121.95
855,162,2,61.7
855,182,1,31.8
856,186,2,25.42
856,157,1,38.44
857,188,4,50.19
857,222,4,92.61
858,150,4,119.1
858,87,4,140.92
858,161,1,78.28
859,67,3,88.42
859,179,2,56.35
860,76,2,9.93
860,228,4,15.57
861,75,2,101.99
861,47,1,25.1
861,68,4,25.08
861,105,4,82.83
862,182,3,41.32
862,230,1,71.72
862,37,1,34.97
863,49,2,50.41
863,10,1,38.48
863,78,3,92.66
864,109,2,93.09
864,101,3,22.67
864,87,2,88.06
865,3,1,9.44
865,35,4,102.97
866,65,4,32.7
866,105,1,91.46
867,37,3,37.07
867,199,3,47.85
867,123,1,60.3
867,157,3,40.6
868,198,2,57.5
868,67,3,107.51
868,209,2,11.3
868,125,3,96.88
868,44,1,26.22
869,15,4,133.55
869,113,3,47.09
869,209,4,18.11
870,106,2,4.93
870,28,1,94.15
870,160,2,13.18
871,130,1,76.59
871,224,3,31.29
871,239,3,71.7
872,243,4,37.35
872,64,2,2.53
873,13,1,75.2
874,107,1,27.19
874,207,1,102.44
874,236,1,61.94
874,191,4,77.18
874,158,1,111.72
875,249,2,36.78
875,159,1,14.54
875,65,2,27.02
875,178,4,118.0
875,91,3,59.09
876,220,2,10.72
876,75,2,85.65
876,39,3,38.17
877,233,1,12.6
877,50,2,57.07
878,79,4,26.02
879,206,2,34.68
880,19,3,83.65
880,157,4,49.56
880,197,2,83.69
881,60,4,28.53
881,69,2,69.58
881,48,3,104.93
881,116,1,65.35
882,35,2,76.76
882,8,3,31.69
882,168,3,48.89
882,95,4,39.49
882,147,2,113.3
883,63,2,37.52
883,119,2,27.99
883,172,3,16.35
883,185,2,55.86
884,132,3,60.69
884,7,2,80.94
884,166,2,86.69
884,172,1,10.56
884,142,2,24.08
885,25,2,110.78
885,244,3,21.58
886,40,4,40.39
886,223,3,125.36
886,112,1,88.74
886,140,1,16.41
886,107,3,25.44
887,215,1,74.64
887,173,4,40.68
888,63,3,40.34
888,213,4,94.41
888,81,3,38.27
888,134,4,43.05
889,76,2,9.32
889,169,2,87.9
890,5,1,66.13
890,79,2,27.7
891,241,1,64.2
891,131,4,68.88
891,235,4,105.47
891,226,3,56.81
892,29,1,68.65
892,189,4,79.65
893,2,3,14.36
894,49,3,44.93
894,224,3,35.2
894,25,3,78.9
894,1,2,7.94
895,216,1,33.68
895,208,4,6.34
895,158,4,74.15
895,44,4,41.04
896,226,4,60.16
896,224,2,24.16
897,227,4,28.93
898,248,1,8.2
898,199,2,44.48
898,28,2,82.32
899,218,3,46.86
899,131,4,101.3
899,188,1,57.08
899,249,3,39.18
899,58,1,49.74
900,212,1,92.37
900,149,1,47.82
900,43,3,48.18
901,245,1,74.58
901,105,4,86.74
901,30,2,31.04
901,118,3,29.22
902,180,4,11.9
902,101,4,20.22
903,36,3,86.91
904,88,2,115.09
904,84,4,105.49
905,221,4,21.47
905,156,4,85.45
905,6,3,38.07
905,114,4,81.01
905,69,4,87.68
906,66,3,8.19
906,144,1,129.77
906,91,2,83.54
906,176,3,38.61
907,242,1,42.21
907,162,3,102.26
907,88,1,92.12
907,53,3,26.88
907,103,2,53.51
908,31,1,4.62
908,214,2,111.31
909,231,2,61.12
909,16,3,48.37
909,5,1,108.45
909,216,1,48.26
909,140,2,19.9
910,142,4,18.13
910,61,1,49.04
910,159,4,19.06
910,153,2,57.42
910,189,4,98.96
911,185,4,58.79
911,100,3,17.15
911,195,1,95.93
912,197,4,116.47
912,145,3,47.16
912,50,1,70.36
913,107,1,17.31
913,225,2,95.4
914,78,3,55.5
914,244,1,17.4
914,249,3,38.25
915,43,1,52.89
915,78,2,54.83
915,241,3,92.63
916,197,2,68.33
916,46,1,20.18
916,48,2,128.06
916,241,3,83.26
917,78,3,66.47
917,139,2,76.24
917,74,3,78.81
917,176,2,52.19
918,74,3,81.78
918,86,2,107.73
919,243,1,56.37
919,24,4,36.38
920,198,2,87.81
920,70,3,85.17
920,138,3,94.95
920,165,2,74.09
921,26,3,85.94
921,104,1,105.55
921,30,1,27.13
922,24,3,42.84
922,67,3,102.85
922,115,3,40.13
922,117,3,87.72
922,79,3,19.55
923,118,2,22.85
923,52,2,20.8
923,67,1,78.03
923,75,1,94.6
923,217,4,29.08
924,236,1,50.82
924,154,2,44.81
924,47,1,26.02
924,110,2,64.94
924,240,4,82.27
925,81,2,22.76
926,238,2,58.77
926,84,1,73.09
927,49,4,41.39
927,75,4,89.5
927,72,4,57.79
927,223,4,106.07
928,35,3,122.5
928,151,4,60.44
928,155,3,40.51
928,148,1,54.22
929,123,1,77.42
929,59,2,80.51
929,148,3,38.17
930,75,3,86.41
930,232,3,4.71
930,74,4,104.64
930,44,4,28.0
930,167,3,16.99
931,33,1,35.45
931,243,1,42.72
931,133,4,3.28
931,190,1,89.43
931,29,3,96.96
932,231,3,82.73
932,21,3,59.84
932,119,3,29.44
932,4,1,83.42
933,134,1,27.43
933,101,2,21.53
934,218,1,39.31
934,138,4,111.16
934,30,1,25.97
934,199,3,59.57
935,214,4,84.51
935,27,1,42.65
936,54,1,35.14
936,57,3,83.07
936,211,1,21.33
936,203,4,88.59
936,96,1,2.73
937,192,1,32.63
938,33,2,48.54
938,219,3,94.28
938,147,2,122.22
938,122,1,6.34
938,79,3,31.2
939,16,3,43.48
939,226,4,44.21
939,35,1,123.57
940,36,2,100.61
940,235,4,104.22
940,113,2,38.81
940,21,1,53.52
941,24,3,42.25
941,94,2,50.24
941,163,3,88.74
941,245,4,68.73
942,26,4,75.08
943,215,2,102.98
943,131,2,85.74
944,105,2,71.93
944,2,1,10.39
944,88,3,91.52
944,235,4,73.26
945,163,3,73.92
945,229,3,23.13
945,53,3,27.69
946,140,1,13.7
946,1,4,7.31
946,35,4,75.73
946,126,1,88.54
946,55,3,21.52
947,152,2,118.7
947,82,4,97.9
948,161,2,49.08
948,248,3,8.06
948,178,4,107.55
948,236,3,58.49
948,1,3,5.82
949,35,4,83.89
949,217,2,27.54
949,126,4,124.13
949,32,1,20.47
950,152,1,93.98
950,129,2,53.39
951,188,2,52.71
951,60,4,28.08
952,4,3,56.89
952,160,4,16.69
952,234,2,89.82
952,29,4,73.22
952,242,3,37.96
953,221,2,34.59
953,223,1,114.64
954,195,1,54.9
954,72,4,50.81
954,17,3,74.05
955,216,1,33.67
955,142,4,24.22
956,140,1,16.98
956,244,4,14.55
956,120,4,119.16
957,21,3,56.18
957,127,2,86.09
957,216,3,56.37
958,213,3,80.44
958,160,4,9.63
958,14,4,50.4
958,10,4,34.05
958,50,4,67.97
959,153,3,97.29
960,51,1,19.26
960,105,4,81.34
960,246,3,23.88
961,248,2,6.77
961,4,1,56.74
961,7,1,77.84
961,205,2,67.11
961,119,1,18.89
962,227,4,28.14
962,20,1,62.27
962,168,3,34.11
962,100,3,18.12
963,207,1,102.46
963,247,3,51.55
963,18,1,19.28
963,122,2,7.3
963,214,3,75.01
964,4,2,88.82
964,37,3,37.16
964,88,2,139.07
964,47,1,30.2
965,158,2,89.36
965,6,3,46.44
965,54,2,41.19
965,173,4,48.12
966,249,2,29.63
967,29,2,71.57
967,98,1,3.33
967,10,1,38.96
968,188,4,47.43
968,156,4,106.29
968,206,4,38.36
969,135,1,97.09
969,69,2,85.11
969,80,1,112.73
969,117,1,95.4
969,67,4,82.17
970,13,4,77.08
971,214,3,112.32
971,51,3,28.58
972,130,2,72.8
973,48,1,79.62
973,38,2,86.36
973,183,4,56.53
973,220,2,17.45
974,1,1,5.36
974,16,4,44.7
975,157,1,34.12
976,104,1,76.3
977,211,2,20.53
977,61,2,60.42
978,187,1,93.9
978,118,3,28.2
978,190,1,95.19
978,184,4,45.68
978,159,3,13.57
979,132,4,61.8
979,71,1,124.58
979,176,2,65.67
979,57,1,91.46
979,64,1,2.31
980,129,3,40.39
980,37,1,25.74
980,195,3,90.83
981,106,3,3.58
981,8,3,36.07
981,115,3,42.1
982,15,2,90.26
983,39,4,36.26
983,236,3,65.28
983,36,2,115.94
983,168,4,29.85
983,57,3,72.01
984,59,2,62.85
984,203,2,88.15
984,234,2,78.78
984,92,4,21.77
985,244,1,19.23
985,36,4,114.66
985,142,2,25.18
985,180,3,11.72
985,85,1,50.97
986,45,4,60.09
986,57,1,55.1
986,15,2,107.29
986,68,4,16.34
986,110,1,75.03
987,18,1,16.23
987,90,3,69.62
987,23,3,25.1
987,33,4,42.62
988,249,3,38.02
989,99,1,19.7
989,212,1,76.17
989,248,1,5.78
990,61,4,34.98
990,90,4,55.52
990,143,2,86.42
991,101,1,19.92
991,116,4,77.73
992,71,4,135.65
992,20,4,108.61
993,213,1,94.48
993,21,3,32.92
993,170,4,71.25
993,41,1,26.32
994,250,2,40.82
994,38,3,127.47
994,33,3,31.94
995,39,1,30.66
996,42,2,56.78
996,92,4,34.43
996,66,3,10.36
997,127,1,101.19
997,199,4,47.84
997,51,4,23.19
997,140,2,14.45
997,141,3,13.0
998,151,1,93.19
998,206,4,42.56
998,108,1,13.64
999,209,3,13.94
999,225,3,73.64
1000,14,4,42.24
1000,80,2,86.51
1000,157,1,56.34
1000,191,4,63.82
1001,27,4,47.93
1001,153,1,60.84
1002,209,4,18.29
1002,30,4,35.25
1002,62,4,36.57
1002,28,1,125.99
1003,193,1,24.55
1003,14,3,74.8
1003,185,4,94.37
1003,130,3,118.15
1003,67,1,102.26
1004,136,1,62.63
1004,43,2,59.4
1004,181,4,47.57
1005,195,1,97.58
1005,15,1,100.91
1005,184,1,54.4
1005,59,4,86.52
1005,120,2,70.05
1006,163,1,73.92
1006,99,4,23.53
1006,65,2,24.13
1006,124,4,28.1
1006,126,1,130.27
1007,94,1,47.19
1007,201,3,116.02
1007,91,3,56.63
1007,120,2,74.85
1007,222,4,97.34
1008,155,3,68.74
1008,172,3,13.87
1008,196,4,57.87
1008,98,4,4.19
1009,179,2,56.58
1009,192,1,49.2
1009,241,4,108.09
1010,56,2,65.41
1011,180,1,13.96
1011,192,2,44.93
1012,3,3,15.45
1013,220,2,10.61
1013,59,1,61.4
1013,12,3,96.58
1014,60,3,24.11
1014,171,1,21.72
1015,234,3,102.13
1015,128,2,107.63
1015,108,4,18.47
1016,83,1,73.35
1016,191,1,111.58
1016,196,4,74.05
1017,128,3,84.72
1017,130,1,111.81
1017,26,4,68.03
1017,88,4,75.33
1017,93,3,64.41
1018,120,1,87.99
1018,37,1,31.22
1018,10,1,59.29
1018,92,4,23.84
1019,124,1,22.25
1019,171,4,25.85
1020,76,3,12.36
1020,211,3,20.76
1020,19,2,96.36
1020,216,2,48.45
1021,229,2,25.38
1021,116,3,90.47
1022,175,1,124.62
1022,53,2,49.75
1022,37,2,36.58
1022,123,4,74.77
1023,111,1,67.94
1023,185,1,93.18
1023,130,4,101.46
1023,214,2,68.66
1023,122,3,7.13
1024,176,2,50.25
1025,153,4,106.27
1025,219,1,91.96
1025,116,3,65.05
1026,128,3,85.0
1026,182,1,47.1
1026,87,1,90.96
1026,89,3,27.92
1027,117,2,72.88
1027,187,2,80.35
1028,214,4,104.19
1029,28,3,79.53
1029,109,3,72.81
1029,43,3,69.48
1029,15,4,110.94
1030,3,2,9.85
1030,54,2,37.58
1030,150,1,68.68
1030,220,3,11.36
1030,207,4,90.09
1031,116,4,85.54
1032,115,1,42.63
1032,228,1,25.38
1033,214,3,79.55
1033,118,2,39.44
1033,47,4,22.54
1033,65,3,40.01
1034,9,3,18.61
1034,190,2,92.29
1034,102,3,78.32
1034,194,2,86.73
1034,238,2,45.46
1035,41,1,26.54
1036,210,4,42.56
1036,110,4,61.43
1036,16,3,63.95
1036,33,4,54.6
1036,213,3,78.98
1037,96,4,2.04
1037,6,1,49.85
1037,116,4,90.33
1037,186,4,29.73
1037,1,1,6.1
1038,153,2,66.37
1038,12,1,103.91
1039,139,1,75.52
1039,147,2,134.05
1039,234,3,112.5
1040,63,1,24.42
1040,92,3,39.28
1041,87,3,128.96
1041,73,1,32.09
1042,73,2,45.01
1042,178,2,74.3
1042,201,2,91.27
1042,54,2,30.35
1042,160,2,13.63
1043,192,1,32.75
1043,190,3,86.27
1043,138,1,72.24
1043,166,1,76.22
1043,60,3,33.59
1044,244,1,14.45
1044,15,4,99.23
1045,72,1,42.07
1045,41,3,24.02
1045,17,2,124.09
1046,102,1,117.25
1046,115,1,33.86
1047,122,4,5.11
1047,82,1,116.88
1047,39,2,38.52
1048,7,2,78.08
1048,2,3,9.95
1049,91,2,86.07
1050,185,2,58.71
1050,198,1,71.43
1051,119,2,21.38
1051,164,3,50.24
1051,36,2,116.5
1051,67,2,107.0
1051,120,3,98.74
1052,78,4,71.95
1053,247,2,71.4
1053,54,4,29.54
1054,184,4,39.7
1054,139,3,77.85
1054,171,3,33.53
1054,75,2,112.14
1055,35,1,113.26
1055,104,3,102.06
1055,202,2,3.53
1055,45,2,78.42
1056,202,4,2.54
1057,194,1,76.99
1058,115,4,27.54
1058,45,3,106.47
1058,142,1,15.83
1059,74,2,105.34
1060,11,1,78.19
1060,35,3,118.74
1060,105,1,106.69
1060,103,3,46.4
1061,5,2,99.36
1062,196,2,63.85
1062,52,3,25.39
1062,138,1,67.91
1063,239,2,75.41
1064,237,4,43.38
1065,73,3,26.81
1065,56,3,59.29
1065,182,2,36.21
1065,135,4,71.51
1066,53,2,45.91
1067,248,4,5.52
1068,30,2,29.49
1068,235,4,98.02
1068,192,4,43.46
1069,203,3,54.8
1069,65,1,40.79
1070,131,4,61.46
1071,45,2,61.04
1071,77,2,69.19
1072,20,2,73.14
1072,197,3,85.44
1072,128,3,128.48
1073,195,3,89.29
1073,3,3,14.16
1073,43,4,69.66
1073,92,2,29.66
1073,224,1,25.39
1074,17,1,104.99
1074,168,2,38.6
1074,4,3,76.13
1075,186,1,29.55
1075,72,1,47.72
1075,61,2,46.76
1075,83,1,80.84
1076,57,3,61.81
1076,117,4,65.46
1076,130,4,70.69
1077,230,4,70.47
1077,107,4,28.51
1077,218,4,38.73
1078,192,1,33.36
1078,156,4,113.83
1078,147,2,112.32
1078,9,1,15.17
1078,241,3,77.53
1079,250,4,53.64
1079,61,4,33.49
1079,94,1,56.32
1080,131,4,96.16
1080,63,2,24.02
1080,55,4,19.01
1080,7,1,73.08
1080,102,2,83.19
1081,158,1,110.13
1082,129,3,57.57
1082,195,1,70.78
1083,179,4,99.76
1083,132,1,93.74
1084,147,1,120.26
1084,36,1,76.39
1084,213,4,101.38
1085,8,2,50.7
1085,105,1,77.51
1085,101,2,20.77
1085,53,1,38.27
1086,215,2,104.24
1086,158,2,89.24
1086,21,3,61.33
1086,173,2,59.81
1086,146,2,70.69
1087,157,4,52.39
1087,68,2,15.56
1087,44,2,45.85
1088,176,1,38.62
1088,164,3,48.05
1088,154,4,36.26
1089,210,2,25.67
1089,138,3,120.53
1089,113,2,55.12
1090,208,2,7.31
1090,14,1,60.11
1091,99,4,33.68
1092,227,1,27.23
1092,166,3,98.02
1092,136,2,112.22
1093,30,4,21.76
1094,53,1,39.21
1095,39,4,35.26
1095,136,3,108.36
1095,43,3,66.41
1095,154,1,41.24
1096,248,4,6.84
1096,87,1,79.59
1096,244,1,17.75
1096,145,1,56.08
1096,48,4,123.41
1097,9,2,23.64
1097,136,4,64.56
1097,35,2,129.05
1097,216,4,37.64
1097,5,3,79.86
1098,165,3,121.85
1098,65,4,42.52
1099,208,2,5.42
1099,170,3,44.99
1099,239,1,81.46
1100,142,3,22.27
1100,233,4,13.53
1101,1,3,6.45
1101,34,3,5.49
1101,236,3,35.86
1101,194,3,62.21
1102,209,3,17.61
1102,113,2,52.83
1102,203,3,83.36
1102,95,2,36.48
1102,200,4,133.46
1103,246,2,32.39
1103,33,4,41.73
1104,73,3,40.77
1104,150,4,119.33
1104,19,2,80.08
1104,34,1,9.17
1105,247,2,42.5
1105,106,4,3.64
1106,229,4,26.23
1106,89,2,37.89
1107,189,4,94.84
1107,123,4,81.23
1107,222,3,95.08
1107,249,4,23.99
1107,103,1,40.79
1108,230,2,68.41
1108,156,2,95.64
1108,209,2,20.57
1109,2,1,9.77
1110,216,1,60.02
1110,158,3,108.36
1111,19,2,105.09
1111,56,4,63.49
1111,77,4,61.4
1111,31,4,6.39
1111,5,4,80.83
1112,15,2,88.03
1112,133,2,2.02
1113,160,3,13.36
1114,236,3,47.3
1114,250,2,57.32
1114,210,1,36.8
1114,9,3,18.41
1114,167,1,13.65
1115,147,3,130.73
1115,86,1,84.13
1115,123,3,75.48
1115,40,1,34.94
1116,81,1,29.8
1116,218,4,30.3
1116,104,2,79.75
1116,25,3,68.11
1116,4,4,52.14
1117,178,1,97.42
1117,86,4,77.12
1118,208,3,5.33
1118,76,4,10.68
1119,192,2,50.24
1119,246,3,44.33
1119,137,1,50.42
1119,107,4,23.23
1120,236,3,37.38
1121,89,2,46.57
1121,21,1,50.55
1121,69,1,91.8
1121,91,3,70.55
1121,99,3,23.65
1122,67,4,104.67
1122,70,2,79.96
1122,184,1,58.56
1122,205,1,93.28
1123,63,3,30.44
1123,229,3,18.61
1123,213,3,113.4
1123,206,2,53.44
1123,4,2,56.23
1124,197,1,74.74
1124,42,3,102.97
1124,241,4,96.62
1124,190,3,80.44
1125,83,3,70.58
1125,41,4,19.04
1125,156,4,101.65
1125,179,2,93.97
1126,155,3,48.01
1126,120,1,91.54
1127,185,1,83.25
1127,248,1,8.22
1127,155,1,59.95
1127,143,1,69.39
1127,124,3,33.32
1128,208,4,4.64
1128,100,3,16.08
1129,205,2,68.52
1129,103,1,36.65
1130,38,3,88.14
1130,5,4,103.08
1131,76,1,15.16
1131,123,2,95.94
1131,186,2,17.94
1132,147,3,101.81
1132,87,4,129.49
1132,187,4,77.61
1132,63,4,27.43
1132,148,3,54.64
1133,36,4,65.71
1134,209,1,12.99
1134,143,4,68.37
1134,233,1,10.04
1134,115,1,31.95
1135,95,1,36.8
1136,69,1,61.26
1136,215,2,110.59
1136,3,1,16.04
1136,160,1,15.36
1137,6,3,47.21
1137,156,2,104.94
1138,94,2,88.08
1138,60,1,20.77
1138,220,4,10.1
1138,29,4,86.16
1138,148,4,61.7
1139,82,3,108.04
1140,132,1,84.28
1140,24,1,49.62
1141,196,4,65.03
1141,85,2,62.48
1141,102,3,80.99
1142,98,4,2.82
1142,4,4,85.66
1142,61,3,48.7
1142,249,1,33.5
1143,5,1,84.85
1143,34,3,5.01
1143,51,3,35.86
1143,91,1,51.05
1144,81,4,21.48
1145,46,3,16.53
1145,66,2,9.2
1146,248,3,5.18
1146,68,3,24.81
1146,188,4,59.03
1146,191,3,101.33
1147,164,3,49.92
1147,148,4,50.9
1147,137,4,40.17
1147,102,1,107.47
1147,112,2,94.38
1148,245,1,96.33
1148,2,2,14.76
1148,96,4,2.85
1148,176,1,52.44
1148,120,2,111.83
1149,93,2,66.59
1149,111,2,80.85
1149,126,4,85.22
1149,62,2,41.89
1149,56,4,62.03
1150,209,4,14.59
1150,102,2,88.12
1151,58,3,57.92
1151,185,1,60.51
1152,17,4,106.32
1153,55,3,19.3
1153,247,1,65.48
1154,85,1,52.5
1154,210,3,41.89
1154,83,2,118.9
1154,221,1,34.95
1155,160,2,9.83
1155,18,1,16.8
1155,52,4,24.76
1155,142,2,17.48
1155,246,2,27.18
1156,116,1,65.17
1156,120,1,117.55
1156,56,4,90.86
1156,53,4,27.33
1157,61,4,56.35
1158,35,1,112.54
1158,162,1,94.79
1158,74,3,113.73
1159,122,2,5.78
1159,201,4,80.91
1159,195,1,92.61
1159,94,4,82.14
1160,207,3,114.39
1160,131,4,109.4
1161,69,2,66.48
1161,81,2,38.93
1161,153,4,95.68
1161,125,3,120.93
1162,110,3,78.78
1162,9,1,26.98
1162,151,2,55.1
1162,190,4,87.32
1162,159,4,12.73
1163,229,2,18.36
1163,98,1,4.14
1163,26,1,77.23
1164,180,1,10.38
1165,210,3,47.76
1165,152,3,74.25
1166,179,2,95.99
1166,126,2,84.72
1166,17,4,71.43
1166,217,3,28.69
1166,132,1,75.42
1167,103,3,45.21
1167,79,3,26.13
1167,120,4,98.47
1168,62,4,40.08
1168,249,4,41.27
1168,1,1,9.35
1168,220,1,14.84
1168,159,2,13.84
1169,83,4,106.17
1169,92,4,40.17
1169,231,3,71.42
1169,82,4,83.02
1170,66,4,7.47
1170,121,1,55.68
1171,207,3,117.65
1171,136,3,65.37
1171,220,4,12.87
1171,34,3,5.37
1172,151,1,55.14
1172,157,2,40.32
1172,121,4,97.71
1172,239,4,53.76
1172,76,2,14.95
1173,105,1,102.48
1173,50,3,83.96
1174,16,3,60.85
1174,45,2,60.46
1174,12,3,95.69
1174,205,2,72.97
1175,211,4,19.49
1176,40,1,25.2
1176,143,4,72.32
1176,69,1,77.32
1177,193,1,24.42
1177,177,4,2.5
1177,126,2,108.85
1177,77,1,99.47
1178,1,3,6.59
1178,44,1,42.04
1178,184,1,42.0
1178,158,2,84.11
1179,40,1,32.08
1179,11,4,101.52
1179,59,4,57.57
1180,169,3,56.28
1181,1,2,9.35
1181,129,3,61.17
1182,28,2,85.1
1182,147,2,84.74
1182,108,4,10.63
1183,43,4,49.81
1183,118,2,24.11
1183,108,4,12.17
1184,55,1,17.8
1184,169,1,75.89
1184,248,2,5.5
1184,165,2,115.3
1184,235,3,120.17
1185,215,2,87.39
1185,6,4,59.99
1185,239,2,84.78
1185,108,1,14.62
1185,238,1,77.42
1186,15,4,93.55
1186,10,3,60.72
1186,182,4,32.15
1186,209,3,18.91
1186,204,4,105.07
1187,81,1,39.08
1187,52,1,25.48
1187,152,2,91.35
1188,143,3,62.09
1189,130,4,90.56
1189,68,1,27.13
1190,61,4,52.87
1190,152,2,70.83
1191,225,4,121.83
1191,207,1,106.18
1191,140,2,19.3
1191,26,1,94.64
1191,40,4,21.26
1192,13,4,77.77
1193,100,2,12.98
1193,142,4,23.5
1194,108,4,13.46
1195,87,4,75.35
1195,91,4,67.6
1196,88,3,104.02
1196,162,1,79.27
1196,11,1,93.4
1197,95,2,36.05
1197,131,1,77.65
1197,138,3,114.25
1198,166,3,96.45
1198,204,2,93.71
1199,210,1,43.16
1199,240,4,126.0
1199,199,4,61.05
1199,137,1,55.58
1200,92,3,26.62
1200,110,4,68.86
1200,132,3,56.98
1201,17,4,81.42
1202,130,1,87.18
1202,170,4,50.21
1202,54,2,34.6
1202,223,2,110.74
1203,199,2,59.16
1203,191,1,79.42
1203,54,3,41.16
1203,182,3,48.67
1203,10,2,40.7
1204,138,4,109.0
1204,64,1,3.34
1204,150,2,80.54
1205,89,3,36.91
1206,30,3,20.98
1206,109,2,120.32
1206,17,1,99.87
1206,114,1,72.74
1206,1,1,8.41
1207,215,4,97.37
1207,71,1,123.35
1207,171,3,35.04
1208,7,2,72.55
1208,189,3,92.43
1208,33,2,57.63
1209,249,1,36.28
1209,239,4,87.37
1209,192,2,32.48
1210,154,4,49.01
1211,192,2,36.84
1211,101,1,15.24
1211,235,2,76.85
1212,186,4,25.23
1212,113,4,42.44
1213,19,3,124.6
1213,84,1,83.72
1213,39,1,36.7
1213,163,2,60.7
1213,78,3,52.37
1214,36,4,107.6
1214,223,1,103.59
1214,208,2,6.16
1215,201,4,130.85
1215,193,3,21.22
1215,92,2,34.03
1215,189,4,93.53
1215,232,4,5.35
1216,56,3,49.11
1217,213,3,102.17
1217,240,3,125.79
1218,59,2,85.71
1218,147,1,90.43
1218,1,3,6.61
1218,77,1,73.56
1218,121,4,67.42
1219,179,4,77.57
1219,201,4,110.77
1219,151,3,58.27
1220,74,4,108.88
1220,63,4,25.59
1220,113,2,30.68
1221,186,4,31.55
1222,24,3,36.16
1222,241,4,88.46
1222,17,2,107.22
1223,12,4,89.65
1224,215,1,81.26
1224,14,4,73.89
1224,105,2,69.3
1224,165,1,85.27
1225,14,2,49.63
1226,233,3,14.19
1226,179,2,60.36
1226,5,1,69.07
1227,27,3,34.02
1228,221,4,26.38
1229,219,3,73.79
1229,35,3,81.79
1230,36,1,109.68
1230,168,1,44.86
1230,8,3,42.67
1230,25,2,77.68
1231,47,1,34.05
1231,133,2,2.4
1231,97,3,93.33
1232,78,4,63.11
1232,48,3,107.61
1233,110,1,75.29
1233,50,3,59.07
1233,69,4,96.17
1233,45,4,92.64
1234,46,2,20.53
1234,160,1,11.54
1234,121,2,101.87
1235,69,4,103.28
1236,16,1,45.3
1236,159,3,12.02
1236,235,4,121.89
1236,107,3,19.29
1236,77,4,93.89
1237,87,4,83.15
1237,54,3,37.6
1238,127,3,74.43
1238,237,4,26.44
1238,152,4,114.97
1238,39,4,43.89
1239,106,4,3.27
1239,141,1,12.28
1239,85,1,54.92
1240,164,1,38.77
1240,61,3,58.23
1240,158,1,70.44
1240,156,2,100.82
1240,193,1,16.42
1241,16,1,67.93
1241,121,3,79.34
1241,177,4,2.76
1241,43,1,59.32
1242,34,1,9.29
1243,102,3,126.11
1243,48,2,93.6
1243,83,3,85.8
1243,165,4,75.5
1244,221,3,19.17
1244,207,4,126.78
1244,151,3,71.35
1244,162,1,114.17
1244,231,1,57.11
1245,118,1,30.47
1245,23,2,29.83
1245,159,2,15.52
1245,105,1,62.03
1245,116,4,51.85
1246,146,3,82.89
1246,155,1,65.7
1247,56,4,86.56
1247,122,2,7.8
1247,235,3,102.03
1248,205,1,109.88
1248,177,4,2.29
1248,68,2,15.66
1248,23,3,45.6
1248,187,1,75.79
1249,170,1,66.88
1249,169,2,96.62
1249,22,1,85.16
1249,198,4,99.96
1249,7,1,66.66
1250,11,2,77.93
1250,64,3,2.28
1250,75,3,115.57
1250,37,1,26.15
1250,32,2,12.68
1251,125,1,81.01
1252,26,1,102.37
1252,219,1,84.68
1252,180,2,15.29
1252,227,1,38.22
1253,172,1,12.85
1253,223,1,77.19
1253,2,4,13.75
1253,42,3,72.21
1254,55,3,19.25
1254,249,3,42.5
1254,112,2,81.15
1254,122,2,6.27
1254,218,1,26.55
1255,32,2,14.59
1255,201,2,79.67
1255,148,3,59.94
1255,74,1,112.6
1256,153,2,76.92
1256,170,4,56.5
1256,111,3,64.79
1256,248,3,5.02
1257,73,1,49.39
1257,125,4,104.73
1257,185,3,79.49
1258,146,1,66.38
1258,244,3,17.86
1258,154,3,47.81
1258,57,4,58.74
1258,15,3,124.35
1259,117,2,84.93
1260,98,4,2.63
1260,224,1,21.72
1260,3,3,9.26
1261,221,4,32.56
1261,47,1,35.5
1261,67,1,122.51
1261,11,4,86.7
1262,125,2,101.76
1263,185,2,60.67
1263,29,2,98.36
1263,32,2,13.77
1263,90,2,46.93
1263,223,3,98.62
1264,152,3,69.51
1264,153,3,80.24
1264,77,1,66.23
1264,9,1,24.74
1264,1,2,6.96
1265,238,2,75.28
1265,38,1,126.12
1265,43,4,49.7
1265,197,3,115.22
1266,62,1,62.6
1266,8,1,52.17
1266,33,1,47.86
1266,238,3,49.78
1266,139,1,76.8
1267,74,4,118.23
1267,121,3,88.94
1267,143,2,69.81
1268,58,3,52.79
1268,6,1,58.29
1268,99,2,25.61
1268,57,1,79.58
1268,194,1,62.2
1269,153,3,85.47
1269,148,3,61.1
1269,4,3,74.64
1269,82,3,105.13
1270,214,4,91.83
1271,229,4,17.03
1271,40,1,35.27
1271,134,4,33.26
1272,96,1,1.72
1272,114,3,60.03
1272,229,4,18.24
1273,231,2,77.53
1273,142,3,17.23
1273,15,4,113.53
1273,36,2,97.78
1273,92,4,27.25
1274,137,3,49.96
1275,132,1,69.75
1275,2,4,12.75
1275,197,3,67.52
1276,154,3,33.09
1276,28,3,123.52
1276,84,1,90.48
1276,137,4,46.77
1277,116,2,56.81
1277,16,2,57.14
1277,62,3,56.92
1278,83,2,96.64
1279,155,4,45.17
1279,112,1,73.35
1280,36,1,84.59
1280,213,2,109.05
1280,34,3,7.97
1280,7,2,88.81
1280,78,4,77.03
1281,210,1,48.52
1281,91,1,85.14
1282,2,1,10.68
1282,48,1,75.69
1282,39,2,37.26
1283,125,1,108.64
1283,22,2,123.57
1283,155,3,53.93
1283,16,4,41.27
1283,1,3,7.1
1284,91,3,48.16
1284,249,4,36.37
1284,154,2,31.0
1285,22,4,119.59
1285,247,4,60.09
1286,113,2,41.25
1286,188,1,60.14
1286,74,3,80.38
1287,249,3,25.0
1287,108,2,16.6
1287,183,4,36.78
1287,110,1,77.53
1288,123,4,83.68
1288,141,1,10.18
1288,15,2,77.08
1289,7,4,76.87
1289,99,2,23.47
1289,162,2,67.95
1289,212,4,64.92
1290,97,3,113.77
1290,210,3,35.39
1291,156,2,62.73
1291,80,1,110.67
1292,145,2,55.58
1292,233,1,9.17
1292,179,3,73.31
1292,39,4,31.6
1292,224,2,22.53
1293,52,3,21.88
1293,206,3,62.65
1293,175,2,72.23
1293,128,1,127.31
1293,106,1,4.66
1294,111,2,89.1
1294,114,3,56.12
1295,242,2,31.92
1295,89,3,39.8
1295,57,3,91.5
1296,136,3,94.58
1296,113,2,33.72
1296,131,3,99.69
1297,81,4,31.35
1297,2,4,10.03
1298,222,4,87.94
1299,190,1,79.76
1299,82,2,79.19
1300,78,4,89.08
1301,75,4,90.6
1301,229,1,21.23
1302,96,3,2.63
1302,30,1,29.48
1303,75,4,96.1
1304,178,3,81.5
1304,15,4,105.01
1305,172,4,12.02
1305,36,1,65.35
1306,229,3,24.58
1307,53,4,43.2
1307,193,4,16.32
1307,55,2,24.71
1307,109,4,96.14
1307,218,1,42.13
1308,156,4,111.13
1308,235,2,69.95
1308,74,3,125.59
1309,38,3,124.24
1309,67,1,118.91
1310,20,1,111.22
1311,184,1,47.46
1311,177,1,1.89
1311,230,1,79.41
1311,182,1,32.31
1311,165,1,79.4
1312,88,3,87.06
1312,20,1,76.25
1312,176,2,50.35
1312,55,4,17.16
1312,214,1,69.79
1313,73,4,39.98
1313,115,1,25.43
1313,29,1,74.51
1313,125,4,117.68
1314,166,1,75.8
1314,181,1,42.94
1314,53,4,37.04
1314,124,4,20.48
1314,180,4,15.65
1315,52,1,20.64
1315,170,1,62.42
1315,51,1,24.93
1315,41,2,20.33
1315,106,3,3.54
1316,140,2,14.72
1316,95,2,62.76
1317,42,2,60.75
1317,73,4,34.75
1317,41,1,16.04
1317,100,3,16.1
1317,103,3,61.65
1318,2,3,9.16
1318,39,4,27.26
1319,66,1,9.46
1319,82,1,73.72
1320,2,4,13.52
1320,206,1,51.26
1321,164,4,47.81
1322,121,1,59.03
1322,117,3,70.58
1322,236,2,56.55
1322,192,4,46.95
1323,3,4,15.41
1324,37,3,31.79
1324,50,1,63.55
1324,76,4,15.05
1325,240,4,76.63
1325,31,3,6.63
1325,174,4,12.16
1325,149,4,36.66
1326,186,2,19.71
1326,175,3,70.62
1326,97,3,81.31
1326,135,3,123.45
1326,219,4,116.11
1327,33,1,46.66
1327,215,3,87.94
1328,108,1,13.52
1328,13,1,54.37
1329,182,4,30.84
1329,213,1,66.87
1329,233,3,11.67
1329,39,2,37.83
1330,236,3,50.65
1330,219,2,94.84
1330,53,1,41.34
1330,57,1,62.17
1330,82,4,91.83
1331,237,3,39.94
1331,106,2,4.65
1331,163,1,89.47
1331,100,1,20.09
1331,219,4,116.8
1332,37,3,39.24
1332,80,2,113.37
1332,101,4,21.92
1332,138,3,63.04
1332,86,1,106.99
1333,203,1,71.21
1333,5,3,79.81
1333,82,2,93.21
1333,23,1,33.99
1334,231,2,66.11
1334,108,2,18.06
1334,217,1,49.55
1335,151,1,81.28
1335,61,3,58.02
1335,17,1,78.65
1335,142,2,19.13
1335,114,3,56.16
1336,160,2,9.23
1337,109,4,89.78
1337,23,1,36.53
1337,63,1,26.58
1337,198,2,90.74
1338,78,3,84.55
1338,200,1,125.38
1338,118,2,23.6
1338,229,1,17.36
1338,179,3,85.02
1339,111,4,77.6
1339,128,3,140.94
1339,239,1,80.1
1339,52,1,24.21
1339,155,2,62.36
1340,104,4,104.07
1341,169,2,72.99
1341,136,2,85.76
1342,226,2,52.87
1342,199,4,45.08
1342,201,2,83.97
1342,164,4,39.28
1343,115,4,25.31
1343,165,4,121.33
1344,174,1,13.13
1344,229,2,29.29
1344,183,1,38.97
1344,138,3,98.9
1344,248,4,6.17
1345,76,2,15.54
1345,7,3,91.48
1345,141,1,11.5
1345,215,1,132.52
1346,85,2,61.53
1346,124,2,28.62
1346,142,3,26.27
1346,150,3,109.67
1347,216,3,47.36
1348,184,2,39.32
1349,90,2,59.21
1349,164,2,43.27
1349,119,1,17.71
1349,13,2,66.32
1350,127,3,78.66
1351,42,2,76.89
1351,59,2,80.01
1352,4,4,76.71
1353,36,4,82.12
1353,67,4,121.13
1353,180,3,17.02
1353,207,3,105.12
1354,95,4,40.62
1354,231,4,73.37
1354,105,4,97.64
1354,174,3,14.67
1354,199,3,72.58
1355,98,4,3.41
1355,168,2,42.62
1355,110,3,66.05
1356,162,4,71.49
1356,41,4,26.65
1356,219,3,87.11
1356,107,1,30.15
1357,237,3,30.1
1358,77,4,104.94
1358,63,3,42.3
1358,224,1,26.78
1359,153,2,84.4
1360,14,4,49.7
1361,115,4,43.04
1361,59,3,56.9
1361,235,3,110.43
1361,190,1,62.31
1362,90,2,60.81
1362,29,1,83.22
1362,91,3,49.07
1362,10,2,63.4
1362,174,1,11.84
1363,153,2,99.64
1363,68,4,23.78
1363,198,3,65.69
1363,176,1,38.58
1364,223,3,80.49
1364,43,4,68.76
1364,103,2,50.1
1365,135,3,96.17
1366,90,1,46.1
1366,75,4,120.75
1366,88,1,113.88
1367,89,3,41.68
1367,213,2,97.2
1367,92,1,39.63
1368,107,4,19.92
1369,213,4,98.87
1369,122,2,7.06
1369,96,3,2.9
1370,131,4,82.15
1371,147,4,89.61
1371,60,2,36.73
1371,22,3,140.16
1371,155,4,65.11
1372,185,2,99.13
1372,158,2,118.62
1372,211,4,17.69
1373,212,1,74.87
1373,199,3,69.37
1374,38,3,113.78
1375,142,2,16.05
1375,45,3,65.98
1376,156,1,67.75
1376,157,3,43.17
1377,134,2,40.66
1378,227,1,40.57
1379,174,1,11.91
1380,155,3,67.39
1380,33,4,36.42
1380,100,2,15.8
1380,232,4,3.39
1381,40,2,28.84
1381,41,1,26.05
1381,26,4,71.14
1381,152,4,89.73
1381,141,4,9.83
1382,125,3,89.84
1382,1,1,7.09
1382,114,2,55.77
1382,165,3,82.08
1383,191,4,91.94
1383,207,1,131.19
1383,134,3,40.45
1383,63,1,27.22
1384,70,1,80.07
1385,161,2,51.69
1385,18,4,15.17
1385,138,1,65.47
1386,13,3,55.18
1387,80,2,88.62
1387,41,2,20.14
1387,39,2,27.16
1387,1,2,8.6
1387,26,1,107.32
1388,57,2,73.68
1388,107,1,26.86
1388,216,4,61.01
1388,3,4,13.04
1389,110,1,46.01
1389,124,2,19.93
1389,48,1,118.46
1389,12,4,104.39
1390,94,3,51.03
1390,224,2,28.69
1390,204,3,73.57
1390,8,1,51.83
1390,168,1,41.55
1391,156,4,80.99
1391,121,4,93.33
1391,37,2,31.07
1391,158,4,69.06
1392,129,4,43.34
1392,107,3,23.03
1392,193,2,26.9
1392,37,4,40.56
1392,217,4,40.53
1393,26,4,100.01
1393,51,1,22.0
1393,140,2,13.23
1393,217,3,43.59
1394,46,2,15.47
1394,127,1,72.45
1394,109,4,91.13
1394,53,1,43.4
1395,131,4,115.36
1395,59,4,54.28
1395,29,4,80.94
1396,145,4,62.53
1396,100,2,14.5
1396,152,2,64.25
1396,131,3,90.42
1396,232,4,4.88
1397,196,3,86.97
1398,124,1,25.09
1398,240,2,87.65
1399,149,1,40.12
1399,25,2,72.03
1400,6,1,50.77
1400,23,4,39.74
1401,168,3,40.57
1401,65,4,36.62
1401,214,1,76.23
1401,148,2,36.42
1401,123,1,57.28
1402,133,1,3.76
1402,189,1,80.2
1402,25,4,76.95
1403,52,4,27.3
1403,213,3,105.09
1403,25,4,112.91
1403,44,4,26.5
1404,130,2,97.49
1404,19,1,96.93
1404,23,2,40.78
1404,147,1,124.92
1404,215,1,104.84
1405,30,2,36.03
1405,100,2,14.94
1406,85,1,51.84
1406,69,1,74.19
1406,149,2,41.55
1406,10,3,45.19
1406,194,3,75.58
1407,175,1,79.39
1407,154,3,49.23
1408,199,3,42.72
1408,247,3,44.77
1408,229,2,21.79
1409,230,1,110.24
1409,46,2,25.52
1409,232,4,5.24
1409,240,1,114.32
1410,212,2,97.12
1411,100,1,16.73
1411,56,1,89.34
1411,199,4,60.33
1412,110,4,50.67
1412,179,3,96.26
1412,170,1,57.0
1412,79,2,29.18
1412,93,4,53.98
1413,17,4,79.81
1413,18,4,14.34
1413,225,4,112.07
1413,53,1,38.37
1413,56,2,80.85
1414,166,3,58.78
1414,44,2,42.25
1415,112,3,95.37
1415,81,1,37.25
1416,76,3,9.66
1416,195,1,59.74
1417,79,1,19.65
1417,113,4,47.0
1417,106,3,3.68
1417,90,3,37.49
1417,180,3,9.73
1418,181,1,41.58
1418,17,2,86.55
1418,230,3,120.15
1418,50,1,70.62
1418,120,2,84.77
1419,82,3,100.34
1419,99,2,30.3
1420,111,4,76.74
1420,150,2,96.22
1420,170,2,45.57
1420,240,4,75.67
1421,201,1,127.03
1421,194,2,88.88
1421,50,3,53.73
1421,156,2,78.15
1421,174,4,12.79
1422,52,3,23.26
1422,207,2,135.52
1423,98,1,3.78
1423,112,3,91.06
1423,232,2,3.78
1423,157,2,46.02
1423,66,2,9.0
1424,211,3,14.48
1424,214,3,92.16
1424,6,4,63.92
1425,224,2,26.16
1425,246,1,41.18
1425,109,4,90.45
1425,73,1,32.88
1425,84,1,116.21
1426,205,4,69.91
1426,151,3,92.87
1426,88,4,119.49
1426,71,4,104.39
1426,35,3,95.74
1427,224,4,31.02
1428,21,1,61.26
1429,27,3,44.07
1429,87,3,74.44
1429,101,3,14.52
1429,123,4,97.15
1430,145,2,40.1
1430,228,2,25.73
1430,186,3,26.1
1431,83,1,103.85
1431,195,4,71.8
1431,233,2,11.13
1432,231,4,52.18
1432,46,2,28.26
1432,204,4,76.31
1433,138,4,87.64
1433,83,2,110.44
1434,133,3,3.0
1434,166,4,96.88
1435,5,1,64.74
1435,185,1,95.79
1436,248,2,4.33
1437,233,4,10.96
1437,223,4,116.84
1438,14,2,71.0
1438,243,2,37.48
1439,200,2,84.47
1439,154,1,41.56
1439,97,2,84.18
1439,192,3,41.21
1439,190,4,55.14
1440,78,4,70.54
1440,72,4,36.04
1440,222,4,93.84
1440,92,4,26.25
1441,131,4,105.55
1442,167,3,17.12
1442,62,3,39.57
1442,241,3,105.57
1443,247,2,60.51
1444,68,2,15.45
1445,153,2,72.2
1445,114,1,68.48
1445,90,4,63.46
1446,165,1,96.88
1447,186,2,28.17
1447,130,3,86.47
1447,39,3,37.51
1448,242,4,41.94
1448,106,1,4.77
1449,189,3,88.23
1449,21,3,57.11
1449,18,1,10.86
1449,16,4,64.27
1449,63,1,25.42
1450,202,4,2.35
1450,238,3,58.31
1450,71,4,138.36
1450,103,4,48.87
1451,103,4,49.98
1451,172,2,16.76
1451,167,1,16.24
1451,220,2,13.01
1452,165,2,104.5
1452,159,2,10.03
1452,18,2,15.47
1452,71,2,108.98
1452,184,3,56.62
1453,137,1,38.0
1453,109,3,69.98
1453,45,1,87.59
1453,235,4,70.47
1453,40,4,27.1
1454,87,3,131.11
1454,43,1,46.04
1454,67,3,81.6
1454,117,1,116.0
1454,77,2,100.88
1455,22,4,103.26
1455,138,4,90.6
1455,235,1,81.27
1456,3,3,12.37
1456,37,2,27.32
1457,54,3,35.34
1457,244,1,18.52
1457,160,3,11.62
1458,235,2,129.58
1459,215,4,102.27
1459,228,2,16.29
1459,250,2,59.16
1459,222,1,79.48
1459,29,3,97.18
1460,188,1,73.5
1461,67,2,83.37
1461,33,2,33.32
1462,196,1,100.76
1462,217,1,31.32
1463,76,1,10.75
1463,24,4,32.3
1464,93,1,70.1
1464,51,3,23.01
1464,218,2,27.05
1465,23,1,38.93
1465,172,4,13.52
1465,183,3,55.81
1465,26,3,76.7
1465,229,4,28.26
1466,31,2,6.22
1466,201,1,81.15
1466,143,3,60.88
1467,235,4,129.62
1467,188,4,73.12
1467,206,4,56.16
1467,27,1,32.32
1467,6,2,41.29
1468,107,2,19.18
1468,212,1,92.26
1469,214,4,110.96
1469,159,1,14.87
1469,146,3,72.19
1469,200,1,117.31
1470,127,2,102.45
1470,34,4,5.11
1470,195,2,59.77
1471,144,4,115.87
1471,87,3,129.57
1471,158,4,120.1
1472,48,1,89.96
1472,231,1,80.75
1472,184,2,58.32
1473,74,1,78.98
1474,217,4,33.56
1474,77,4,89.62
1474,227,3,25.83
1475,249,4,32.28
1475,187,3,82.19
1475,150,1,115.43
1475,130,3,103.62
1475,85,3,56.33
1476,131,4,79.67
1476,238,2,43.47
1476,114,4,85.15
1476,187,1,95.71
1476,226,2,67.4
1477,205,2,88.41
1478,171,1,33.87
1478,193,1,19.14
1478,115,1,27.94
1479,187,2,129.7
1479,63,3,30.21
1479,144,1,85.64
1480,33,3,55.16
1480,144,4,99.28
1480,62,1,61.58
1480,151,3,81.35
1481,66,4,10.43
1481,222,4,91.2
1481,131,3,81.47
1481,195,2,80.66
1481,133,2,2.63
1482,135,2,109.59
1482,232,1,5.1
1483,54,3,31.03
1483,11,3,102.48
1483,112,4,75.38
1484,243,2,43.8
1484,103,3,55.68
1484,72,3,54.85
1484,83,4,85.21
1484,206,1,41.65
1485,176,3,54.29
1485,202,2,4.07
1485,182,4,38.31
1486,181,3,60.81
1487,195,1,90.11
1487,31,4,5.58
1487,215,3,86.63
1488,200,3,126.33
1488,165,4,89.26
1488,112,4,63.52
1489,189,2,60.58
1489,130,1,89.65
1489,210,2,45.36
1490,45,3,66.64
1490,237,3,41.76
1491,106,3,3.73
1491,142,1,27.45
1491,13,1,63.29
1491,146,2,58.51
1492,192,4,40.14
1492,62,4,38.47
1492,96,3,2.08
1492,204,3,94.73
1493,11,4,112.58
1493,158,4,101.94
1493,228,2,19.8
1493,112,1,82.29
1494,28,2,114.87
1495,206,3,57.67
1495,129,2,67.52
1496,173,4,49.57
1497,99,4,22.23
1497,47,3,26.84
1498,115,1,41.4
1499,156,1,87.32
1500,77,3,85.15
1500,25,2,84.52
1500,204,1,95.53
1501,133,3,3.16
1501,200,4,86.99
1502,150,4,64.21
1502,230,3,80.4
1502,10,3,53.77
1503,138,1,82.34
1503,121,4,92.26
1503,169,2,99.41
1503,127,1,119.88
1504,77,1,72.15
1504,222,3,79.77
1505,32,3,18.88
1506,247,3,68.95
1506,68,4,17.0
1506,62,3,65.54
1506,170,4,70.8
1506,19,3,97.54
1507,80,3,107.2
1507,25,3,92.14
1507,101,3,15.45
1507,137,2,46.02
1508,202,3,3.89
1508,248,3,8.02
1508,215,1,115.02
1508,89,4,25.59
1508,125,3,107.51
1509,190,3,71.8
1509,189,3,58.33
1510,66,4,9.63
1511,143,3,76.76
1512,128,3,99.6
1512,241,4,61.31
1513,26,3,92.84
1513,5,1,101.96
1513,20,1,103.33
1513,118,4,37.34
1514,148,4,54.56
1514,9,2,28.05
1514,126,3,91.85
1515,149,2,43.11
1515,208,4,5.99
1515,200,2,92.17
1516,226,3,61.19
1516,173,4,36.43
1516,204,1,97.1
1517,60,3,34.85
1517,206,2,53.69
1518,234,4,94.79
1518,220,2,13.57
1518,80,2,76.51
1518,43,4,55.2
1519,51,1,30.75
1520,216,2,43.37
1520,94,1,68.57
1520,144,3,80.67
1520,209,4,13.2
1521,222,1,55.79
1521,196,2,91.97
1521,134,2,44.17
1521,100,2,11.51
1521,110,2,58.41
1522,126,2,126.55
1522,203,3,64.07
1522,165,3,89.89
1522,140,3,17.41
1522,146,3,66.76
1523,72,1,34.22
1523,74,1,118.07
1523,237,3,26.52
1524,176,3,39.64
1525,56,4,72.13
1525,114,1,79.21
1525,215,3,128.78
1525,244,1,15.83
1525,185,2,61.95
1526,83,1,119.06
1526,69,1,70.95
1527,51,1,28.01
1528,188,1,73.45
1529,199,4,44.1
1529,120,3,62.72
1530,163,4,57.98
1531,135,1,105.94
1531,217,1,39.46
1531,133,2,2.04
1531,102,2,96.56
1531,144,3,110.74
1532,28,1,95.11
1532,151,3,80.87
1532,157,2,53.08
1533,9,4,23.92
1533,248,2,5.51
1533,145,3,59.04
1533,185,1,88.62
1533,182,4,49.8
1534,144,2,94.38
1534,147,2,112.5
1534,26,4,111.3
1535,237,2,39.01
1535,64,4,2.99
1535,18,3,19.0
1536,147,1,110.53
1536,189,4,76.72
1536,238,3,59.96
1536,194,2,92.75
1537,212,1,58.54
1537,77,3,77.33
1537,50,3,85.79
1537,175,4,89.53
1537,215,3,96.76
1538,189,3,59.85
1538,21,1,36.97
1539,95,4,50.02
1539,132,1,103.47
1539,244,3,22.27
1540,220,4,15.96
1541,233,3,8.22
1541,15,3,133.13
1541,229,4,16.87
1541,147,1,138.39
1542,152,4,97.0
1542,83,1,110.47
1542,54,4,37.93
1542,62,4,49.87
1542,115,4,41.98
1543,242,4,35.71
1543,245,2,100.0
1543,168,4,44.91
1544,203,4,61.43
1544,108,4,18.86
1544,192,3,56.18
1544,213,3,65.87
1544,185,1,68.69
1545,186,1,25.04
1545,206,3,46.58
1545,56,3,87.1
1545,216,2,46.13
1546,210,3,44.55
1546,149,4,47.22
1546,184,1,34.82
1547,93,3,51.74
1547,75,4,72.37
1547,173,4,39.84
1547,191,4,99.11
1548,195,2,80.03
1549,190,4,68.75
1549,107,2,31.1
1549,3,4,8.92
1550,9,4,27.21
1550,160,4,12.39
1550,197,3,87.7
1550,221,2,28.92
1551,151,4,51.83
1551,48,1,72.45
1551,226,4,63.1
1551,191,3,67.76
1552,105,2,71.53
1553,14,2,50.42
1553,202,2,2.71
1554,214,4,89.84
1555,168,3,37.06
1555,34,4,6.34
1555,49,2,44.06
1556,184,4,56.8
1556,214,3,72.87
1556,13,3,63.88
1556,9,4,25.78
1557,162,1,73.69
1557,193,3,21.14
1557,196,3,104.11
1557,205,1,75.92
1557,134,4,35.11
1558,123,4,78.34
1559,11,2,72.77
1559,59,2,82.82
1560,144,4,127.79
1560,103,2,49.75
1560,247,4,63.98
1561,65,2,40.5
1562,122,4,5.33
1563,139,1,70.38
1563,143,1,60.16
1564,176,1,39.72
1564,21,2,54.3
1564,39,1,25.18
1565,18,4,15.9
1565,102,1,74.84
1565,71,3,102.74
1566,200,1,92.33
1567,44,2,43.52
1567,212,4,61.28
1567,14,3,53.39
1568,130,2,120.25
1568,244,2,17.45
1568,127,1,94.63
1569,40,1,26.33
1569,59,3,66.56
1569,35,1,105.9
1569,103,4,33.45
1569,125,3,70.91
1570,172,2,13.42
1570,34,2,5.1
1570,8,2,43.08
1570,159,3,11.16
1571,216,2,54.07
1571,1,3,7.73
1571,213,1,78.31
1571,69,3,111.68
1572,166,2,102.56
1572,114,4,69.31
1572,22,4,95.63
1572,73,1,50.88
1572,154,3,47.24
1573,106,1,3.93
1573,41,2,24.75
1573,99,2,22.89
1573,34,4,8.16
1573,89,2,41.77
1574,77,3,64.69
1574,49,3,50.89
1574,163,4,73.17
1575,87,4,125.98
1576,214,2,92.41
1577,166,3,77.54
1577,5,4,119.6
1577,165,1,105.64
1577,76,3,8.52
1577,33,1,42.17
1578,74,2,93.52
1578,226,2,41.45
1579,106,2,2.79
1579,201,1,119.24
1580,38,1,136.37
1580,120,1,105.88
1580,62,2,61.57
1581,108,1,18.7
1581,147,1,108.59
1581,249,2,43.77
1582,115,2,26.87
1582,206,2,60.71
1582,79,3,27.78
1583,91,2,86.2
1584,190,4,85.14
1584,78,2,67.86
1585,5,1,88.72
1585,148,4,45.58
1585,10,3,43.0
1585,181,4,47.0
1585,249,2,42.1
1586,183,3,40.26
1587,189,4,80.73
1588,79,2,28.88
1588,245,4,86.77
1589,222,2,75.95
1589,47,2,25.69
1589,203,2,57.74
1589,177,1,2.87
1589,89,2,25.03
1590,13,2,70.19
1590,47,1,34.93
1591,138,4,71.99
1591,96,2,1.94
1591,49,1,36.89
1591,183,1,47.39
1591,210,2,31.48
1592,182,3,39.71
1592,23,4,26.07
1592,94,3,73.72
1592,243,1,38.03
1593,79,2,23.78
1593,19,3,127.33
1593,21,2,42.06
1593,152,1,119.57
1594,211,3,23.05
1594,188,3,63.7
1595,239,1,82.96
1595,196,4,62.58
1595,250,4,56.71
1596,111,2,94.06
1596,205,4,71.73
1596,60,4,22.06
1596,45,4,66.07
1597,61,1,46.2
1597,81,1,26.35
1597,34,3,5.58
1597,3,3,13.09
1598,153,1,72.62
1598,115,2,38.42
1598,118,4,22.59
1598,225,1,115.4
1599,188,2,59.61
1599,25,4,113.68
1599,218,1,38.36
1599,13,2,52.3
1600,143,1,63.72
1600,134,4,42.08
1601,239,1,101.3
1601,108,1,16.62
1601,153,4,74.08
1602,123,1,74.92
1602,46,2,25.63
1602,135,2,116.11
1602,9,1,24.31
1603,54,1,31.83
1603,91,2,80.19
1603,108,1,19.46
1603,73,2,27.78
1604,195,3,57.14
1604,154,3,33.83
1604,150,3,98.41
1604,161,2,58.37
1604,146,1,61.41
1605,98,4,3.64
1605,135,1,118.8
1605,132,3,94.81
1605,186,1,18.0
1606,204,3,84.16
1606,94,1,68.14
1606,211,4,15.01
1606,103,2,33.73
1606,54,1,25.04
1607,62,4,57.82
1607,198,4,96.94
1608,177,2,2.79
1608,143,1,62.16
1608,124,4,30.04
1608,28,1,123.92
1609,245,3,72.97
1609,210,1,49.12
1609,75,3,98.11
1610,236,4,47.28
1610,141,4,10.84
1610,216,4,35.89
1610,54,4,24.27
1610,146,2,50.15
1611,8,1,43.89
1612,159,1,14.52
1612,240,3,76.51
1612,58,4,46.68
1613,128,4,84.86
1613,178,3,72.12
1613,50,3,76.08
1613,92,1,21.51
1613,26,2,72.88
1614,191,1,71.19
1614,120,1,100.53
1614,116,1,83.05
1614,219,1,131.92
1615,104,1,133.12
1615,111,2,75.8
1615,12,4,84.24
1615,182,3,52.29
1616,98,3,2.91
1616,205,4,91.39
1616,50,3,61.51
1616,107,2,17.05
1616,22,2,129.8
1617,140,1,13.5
1617,215,4,87.33
1617,101,1,17.31
1617,49,1,34.33
1617,186,1,29.59
1618,174,1,16.99
1618,98,1,4.01
1618,162,2,96.39
1618,151,4,48.99
1619,224,1,35.6
1620,245,2,102.36
1620,169,4,72.99
1620,174,2,11.65
1620,154,1,30.85
1621,242,1,28.33
1622,114,1,68.12
1623,147,3,126.86
1624,118,2,24.23
1624,135,3,112.39
1624,55,4,16.58
1624,18,4,11.29
1624,6,2,51.14
1625,186,2,29.9
1625,69,4,75.47
1625,7,4,48.75
1625,57,2,60.5
1626,74,4,128.49
1626,23,1,24.94
1626,48,4,70.02
1626,209,2,15.09
1626,162,4,78.89
1627,237,1,40.09
1627,243,1,32.66
1627,102,4,113.39
1627,62,3,48.24
1628,100,3,10.97
1629,119,4,27.24
1629,154,3,37.66
1629,77,1,78.27
1629,225,2,93.99
1630,205,1,82.41
1630,120,2,100.22
1630,2,3,11.79
1630,193,3,24.75
1631,239,1,74.48
1632,72,1,35.96
1633,86,4,92.45
1633,218,2,31.15
1633,152,3,103.19
1634,59,1,65.72
1634,146,1,86.86
1635,80,2,80.39
1636,246,4,37.08
1637,247,3,71.62
1637,146,2,62.0
1638,211,3,23.82
1638,90,2,65.82
1638,217,2,48.53
1638,135,4,99.66
1638,97,1,88.42
1639,230,4,115.94
1640,94,1,67.03
1640,144,2,121.58
1640,165,4,99.01
1641,101,2,25.22
1642,210,4,25.99
1642,152,3,103.14
1643,154,2,31.56
1643,184,2,45.55
1644,248,1,5.64
1644,39,2,31.8
1644,93,1,37.61
1644,83,1,112.13
1644,33,1,49.12
1645,19,2,108.06
1645,217,3,51.07
1645,150,1,71.22
1645,118,1,39.49
1646,136,3,98.94
1646,219,4,125.96
1647,33,2,32.5
1647,51,3,30.77
1647,173,1,50.85
1647,239,4,99.14
1648,18,1,17.32
1648,156,2,111.24
1648,36,1,84.79
1648,33,1,45.17
1649,164,2,49.43
1650,177,4,2.46
1651,152,4,80.22
1651,17,2,77.02
1651,106,1,4.41
1651,217,2,43.38
1651,119,3,17.95
1652,45,4,106.86
1653,146,2,63.82
1653,83,4,110.8
1653,217,3,34.5
1653,221,3,32.24
1653,43,2,68.19
1654,224,1,21.56
1655,7,1,86.18
1655,83,3,107.26
1655,144,1,118.15
1655,128,4,121.83
1655,123,2,89.32
1656,148,2,33.66
1656,26,3,111.3
1656,177,2,2.25
1657,102,2,83.66
1657,186,3,17.83
1657,6,1,41.79
1657,56,3,64.54
1658,249,2,36.86
1658,235,3,129.94
1658,204,3,116.58
1658,147,1,111.47
1659,19,1,102.66
1660,109,4,118.21
1660,38,1,79.92
1660,247,3,78.77
1660,91,3,80.33
1660,101,2,16.12
1661,245,2,86.28
1661,64,2,2.82
1661,9,2,22.07
1661,191,2,114.7
1662,135,4,79.98
1662,52,4,27.31
1662,22,3,112.29
1662,44,2,28.29
1662,163,4,55.62
1663,76,1,11.85
1663,36,2,89.28
1663,140,4,18.75
1663,121,2,83.88
1663,65,3,24.68
1664,5,3,115.16
1665,197,2,73.01
1665,66,1,6.03
1665,182,4,30.89
1665,33,4,34.21
1665,110,2,58.41
1666,172,2,18.34
1666,70,3,60.8
1667,197,1,110.03
1667,147,1,132.19
1667,37,4,26.39
1667,218,4,45.5
1668,187,2,82.32
1668,174,1,11.35
1668,79,3,32.56
1668,3,1,15.69
1669,8,3,36.25
1670,126,4,90.9
1671,34,1,6.32
1671,76,1,13.54
1671,25,4,100.89
1671,31,4,4.38
1671,92,2,23.83
1672,179,2,84.05
1672,42,1,72.58
1673,61,3,54.63
1673,90,3,54.23
1673,236,4,40.06
1674,198,1,60.48
1675,214,2,80.92
1675,47,2,21.14
1675,119,4,19.94
1675,115,1,44.39
1676,2,1,13.65
1676,181,4,34.12
1676,195,3,91.89
1676,152,2,74.57
1676,121,2,71.11
1677,153,1,73.66
1677,226,3,56.41
1677,47,4,25.46
1678,28,2,119.64
1679,120,2,88.03
1679,106,3,3.46
1679,249,1,25.64
1680,248,4,7.95
1680,136,1,106.39
1680,147,1,132.66
1681,153,2,70.86
1681,199,4,63.3
1681,97,1,79.84
1681,16,2,36.61
1681,2,4,9.7
1682,148,2,47.41
1682,227,3,40.8
1682,221,1,34.9
1682,217,2,32.26
1683,132,4,81.98
1683,94,1,69.96
1684,14,1,67.04
1684,183,4,42.21
1685,201,4,117.0
1685,71,3,134.66
1685,81,3,25.68
1686,191,2,82.45
1686,110,3,56.85
1687,177,4,1.62
1688,54,1,31.74
1688,236,4,46.08
1688,157,3,48.11
1688,133,2,3.63
1688,85,4,52.56
1689,211,1,18.25
1689,56,2,51.56
1689,79,4,28.36
1690,25,2,83.17
1690,226,1,59.09
1690,236,1,50.15
1690,176,2,47.47
1691,83,2,89.65
1691,73,3,29.74
1691,4,3,78.63
1691,61,1,54.27
1691,232,2,3.24
1692,118,3,36.22
1692,61,3,56.68
1693,177,2,1.93
1693,14,4,60.94
1693,49,3,39.49
1693,36,3,111.71
1693,248,2,7.15
1694,234,2,61.85
1695,68,3,22.99
1695,240,4,120.93
1695,239,1,90.24
1696,123,1,92.32
1696,174,3,9.45
1697,233,2,12.35
1697,139,1,65.57
1698,64,3,2.4
1698,172,3,17.73
1698,2,3,11.83
1699,110,4,65.25
1699,2,3,14.26
1699,128,2,90.0
1700,148,1,41.2
1700,186,4,17.26
1701,185,2,100.63
1701,170,4,68.31
1701,210,1,29.96
1701,214,2,67.21
1702,103,1,47.24
1703,245,3,91.47
1704,65,1,33.05
1704,80,4,108.21
1705,167,2,14.89
1705,50,1,80.9
1705,176,2,53.59
1705,61,4,55.92
1705,194,2,56.99
1706,45,4,61.09
1706,236,1,63.04
1707,192,1,37.85
1707,72,3,45.13
1707,47,4,33.92
1707,117,2,66.09
1708,213,1,113.19
1708,178,2,87.58
1708,192,1,53.67
1708,191,3,84.15
1708,7,4,64.93
1709,126,4,124.94
1709,105,1,90.24
1709,4,3,67.87
1710,116,4,77.35
1710,141,4,12.95
1711,70,4,88.15
1711,107,1,32.21
1711,82,1,72.41
1711,123,4,97.62
1711,120,2,93.99
1712,35,4,110.0
1712,132,1,91.97
1712,204,4,84.68
1712,38,4,74.78
1712,229,3,19.83
1713,86,4,109.37
1714,20,4,82.04
1714,177,4,2.98
1715,135,2,112.27
1715,49,3,31.9
1715,230,3,76.65
1715,32,3,19.2
1715,226,3,39.99
1716,158,3,97.39
1717,121,1,86.95
1718,123,4,83.04
1719,58,3,60.6
1719,109,4,93.37
1720,84,1,72.48
1721,209,1,15.79
1722,39,3,37.74
1723,181,2,33.09
1723,175,1,132.95
1724,203,4,76.18
1724,155,3,61.39
1724,122,4,5.38
1724,69,4,102.4
1724,166,3,95.48
1725,196,2,59.76
1725,190,1,69.94
1725,67,1,85.6
1725,172,2,14.27
1725,167,1,18.03
1726,197,4,106.18
1726,59,4,76.69
1726,223,4,92.81
1726,114,1,89.28
1726,203,4,80.19
1727,207,4,92.25
1728,133,3,3.02
1728,131,1,88.99
1728,21,2,61.04
1728,71,3,109.45
1729,66,4,7.11
1729,68,3,20.34
1729,85,2,52.1
1729,7,4,81.52
1730,234,3,103.89
1731,230,3,97.38
1731,131,2,64.6
1731,157,3,59.88
1731,142,4,16.2
1732,167,1,17.46
1732,71,1,135.71
1733,158,4,103.7
1733,248,2,4.36
1733,243,3,38.68
1734,236,1,57.34
1734,203,2,88.9
1734,141,3,12.75
1734,222,3,80.48
1735,76,2,12.99
1736,175,2,74.75
1736,122,4,4.45
1736,204,2,99.91
1737,160,2,12.27
1737,214,4,92.75
1738,135,3,82.97
1738,119,3,28.82
1738,241,3,112.0
1738,121,2,66.69
1738,85,1,74.38
1739,177,3,2.97
1740,179,2,64.35
1741,216,3,55.06
1741,72,4,48.36
1742,93,4,56.42
1743,248,4,4.44
1744,222,3,97.52
1745,116,3,57.66
1745,163,1,59.24
1746,18,2,12.77
1746,138,4,113.35
1746,106,3,3.69
1746,163,1,85.97
1747,126,2,107.84
1748,20,3,80.29
1748,82,3,94.28
1748,179,4,63.42
1748,226,4,48.3
1749,175,1,129.65
1749,134,4,35.64
1749,46,1,28.43
1749,87,3,131.56
1749,36,3,83.62
1750,178,3,89.18
1750,216,1,41.57
1751,209,4,11.75
1751,158,2,76.85
1752,134,4,47.28
1752,112,4,78.27
1752,76,2,11.77
1752,33,3,35.65
1753,185,2,61.14
1754,113,1,40.25
1754,249,2,41.71
1754,21,3,51.53
1755,229,2,31.55
1755,109,2,117.97
1755,45,4,85.85
1756,136,4,73.67
1756,92,2,36.72
1756,181,2,54.16
1757,237,2,42.43
1757,234,1,101.84
1757,6,2,46.95
1757,80,3,75.24
1758,149,4,48.71
1758,204,4,109.38
1759,138,4,99.78
1759,219,3,97.57
1759,245,4,68.39
1759,18,4,17.96
1759,93,3,50.43
1760,192,4,49.48
1760,172,2,11.9
1760,111,2,77.82
1761,85,4,41.4
1761,91,4,87.44
1761,137,2,50.01
1761,120,3,116.69
1761,236,3,64.98
1762,163,3,58.93
1763,148,1,54.35
1763,131,2,100.42
1764,37,3,30.48
1764,140,1,14.28
1764,58,1,37.48
1764,64,1,3.34
1765,84,4,68.15
1765,104,4,108.46
1766,94,3,66.38
1766,156,3,81.51
1766,111,4,64.95
1766,169,3,82.86
1767,230,4,70.63
1767,167,1,13.6
1767,62,3,51.7
1768,242,3,24.67
1768,42,3,63.28
1768,177,1,2.94
1769,101,3,14.76
1770,126,3,92.24
1770,76,1,14.7
1770,182,1,52.8
1771,119,2,20.29
1771,52,1,16.84
1771,7,3,79.13
1772,225,2,105.17
1772,74,4,82.75
1772,3,1,12.85
1773,93,2,49.52
1774,73,4,41.42
1775,232,3,3.83
1775,40,1,22.8
1776,68,3,21.72
1776,206,2,41.12
1777,140,4,13.45
1777,107,2,18.62
1777,23,1,28.28
1777,48,2,108.23
1778,24,3,46.15
1779,244,1,19.57
1779,155,4,49.37
1779,13,3,57.86
1779,143,1,81.49
1779,140,1,17.88
1780,50,4,90.79
1780,83,2,70.79
1781,250,1,58.25
1781,237,1,24.84
1781,183,2,56.67
1782,204,3,119.7
1782,196,1,62.68
1782,123,2,89.4
1782,75,1,108.27
1782,10,2,42.12
1783,20,4,104.0
1783,66,3,6.28
1783,229,4,23.81
1783,133,2,2.61
1784,194,4,52.89
1784,192,2,47.21
1784,54,1,24.18
1784,31,1,5.18
1785,157,1,47.3
1785,98,4,2.63
1785,221,3,29.34
1785,198,3,76.74
1785,53,4,36.37
1786,16,3,53.87
1786,8,1,49.18
1786,127,4,122.17
1786,28,1,86.99
1787,56,2,87.06
1787,77,4,71.74
1788,178,2,77.25
1788,135,3,102.48
1788,142,1,25.91
1788,50,4,56.37
1788,160,3,16.24
1789,81,2,32.14
1789,223,1,125.4
1789,29,4,112.13
1790,110,2,67.75
1790,127,4,80.2
1791,137,1,38.13
1791,5,2,87.49
1792,231,4,82.17
1792,205,3,63.77
1792,71,2,108.61
1792,133,1,2.2
1793,228,4,19.62
1793,44,1,26.91
1793,148,3,48.84
1794,65,3,32.67
1794,205,1,96.52
1794,21,2,53.48
1795,27,3,43.13
1796,156,3,80.85
1796,43,3,52.94
1796,103,3,61.06
1796,192,2,49.35
1796,6,2,48.56
1797,207,3,130.54
1797,7,3,76.83
1797,51,3,24.02
1798,8,1,31.05
1798,3,4,13.37
1798,60,2,22.64
1798,2,2,14.5
1799,176,1,55.96
1799,33,4,51.26
1799,177,2,2.14
1800,242,3,38.98
1801,200,1,95.59
1802,106,3,4.76
1802,206,1,41.95
1803,224,4,35.26
1803,191,1,61.74
1804,183,3,62.58
1804,170,1,48.1
1804,148,2,51.3
1805,110,2,79.67
1805,148,4,58.89
1805,85,3,71.66
1805,76,2,12.14
1806,107,1,26.86
1807,170,3,57.78
1807,201,2,92.49
1807,73,1,46.51
1807,179,2,78.76
1807,193,2,22.2
1808,14,1,59.3
1809,73,4,49.83
1809,163,2,51.39
1809,168,3,47.67
1809,87,3,112.75
1809,115,1,38.55
1810,199,2,61.84
1810,39,4,27.05
1810,202,4,3.64
1811,32,2,16.39
1811,169,3,71.48
1811,54,4,41.76
1811,13,4,54.98
1811,236,1,45.38
1812,246,3,24.8
1812,10,1,48.78
1812,173,1,38.69
1812,228,4,15.09
1813,248,1,8.3
1814,93,3,67.38
1814,205,4,69.94
1814,78,3,93.7
1814,45,2,71.86
1815,118,1,34.96
1815,2,3,9.43
1815,15,3,134.56
1815,121,2,57.35
1816,104,1,116.95
1816,124,4,25.58
1817,141,3,12.66
1817,56,4,62.86
1818,213,1,69.84
1819,115,1,40.96
1820,193,4,27.04
1820,188,2,44.22
1820,107,4,29.22
1820,236,1,52.65
1820,183,2,43.35
1821,126,4,128.01
1821,185,2,84.2
1821,78,3,52.21
1821,139,4,85.17
1822,110,4,59.99
1822,121,3,57.51
1823,70,1,92.11
1823,128,1,87.39
1823,123,3,88.58
1823,148,2,35.04
1823,90,4,70.59
1824,217,4,43.5
1824,191,3,80.2
1825,234,3,102.51
1825,184,1,53.04
1825,195,2,68.27
1825,9,4,22.12
1825,119,2,25.37
1826,182,4,51.98
1826,143,1,48.97
1826,52,3,25.45
1827,50,4,67.34
1827,35,2,128.97
1828,41,2,21.58
1828,198,2,81.62
1828,243,2,35.59
1828,134,2,27.88
1829,2,3,8.72
1830,3,2,15.25
1830,69,2,98.75
1830,51,2,28.45
1830,49,3,38.83
1831,161,2,59.47
1831,237,3,41.61
1831,4,1,69.54
1831,69,4,92.53
1831,119,4,23.8
1832,79,2,19.29
1832,78,4,79.84
1832,187,2,98.69
1833,183,4,40.97
1833,38,4,108.05
1834,135,2,104.66
1834,143,1,55.76
1835,221,3,19.37
1835,56,2,53.26
1835,174,3,15.61
1835,55,4,25.02
1835,21,3,55.76
1836,112,4,82.72
1836,225,1,93.86
1836,234,4,72.11
1836,189,3,83.44
1837,110,3,75.06
1837,64,1,3.25
1837,37,1,26.59
1837,144,3,80.9
1837,150,2,112.87
1838,145,2,61.93
1838,195,4,66.35
1838,103,4,40.2
1839,2,3,9.99
1839,52,3,19.83
1839,143,4,79.53
1840,126,1,72.3
1840,56,2,82.19
1840,9,4,28.0
1840,14,4,68.07
1840,39,2,38.12
1841,44,2,30.55
1841,243,4,37.88
1842,205,1,89.71
1843,111,1,83.47
1843,102,2,135.14
1843,185,2,74.19
1843,249,3,43.89
1843,187,4,118.43
1844,92,3,23.23
1844,158,4,111.54
1844,93,1,57.97
1844,162,4,64.96
1844,241,4,75.25
1845,90,2,61.72
1845,193,4,22.39
1845,126,3,87.99
1846,226,3,41.62
1846,15,1,116.41
1846,191,4,85.32
1846,198,1,84.5
1846,202,4,3.3
1847,129,3,47.07
1847,61,4,47.69
1847,114,2,77.56
1847,71,4,85.67
1847,63,3,24.79
1848,213,2,74.02
1848,173,2,44.55
1848,100,2,14.31
1848,72,4,48.1
1848,101,2,26.0
1849,130,1,66.02
1849,116,1,56.29
1850,1,1,6.3
1850,232,4,3.72
1850,77,3,77.88
1850,151,1,78.14
1851,208,3,4.42
1852,142,1,23.2
1852,202,1,2.29
1852,105,3,62.96
1853,107,1,18.38
1853,183,2,51.09
1853,184,3,53.53
1853,170,1,43.35
1853,103,3,57.25
1854,18,2,18.09
1855,234,3,90.59
1856,146,4,78.06
1856,198,3,57.86
1856,149,3,35.02
1856,30,1,33.54
1856,49,2,50.19
1857,20,1,96.83
1857,124,2,28.75
1857,2,2,12.73
1857,138,3,63.89
1858,57,2,61.97
1858,54,3,25.62
1858,209,2,11.26
1858,36,3,63.88
1858,20,1,113.73
1859,127,3,92.07
1859,93,4,46.12
1859,134,1,34.6
1859,143,1,49.25
1860,235,4,105.71
1860,16,3,67.94
1861,29,4,68.11
1861,31,1,6.01
1862,224,2,23.81
1862,174,2,11.95
1863,16,2,43.78
1863,110,3,78.87
1864,180,1,16.09
1864,155,4,61.15
1864,217,4,48.39
1864,209,1,20.48
1864,27,3,32.72
1865,216,2,55.2
1866,197,4,108.64
1866,4,1,79.06
1866,65,4,42.67
1866,66,3,6.17
1866,192,2,36.71
1867,8,1,44.16
1867,210,3,45.16
1867,104,1,103.17
1868,111,3,75.45
1868,153,1,82.06
1868,143,2,72.27
1868,57,3,52.85
1869,159,4,18.35
1869,92,2,27.66
1869,117,2,101.3
1870,155,3,45.58
1870,22,1,101.69
1870,225,3,99.66
1870,154,4,28.56
1871,150,2,119.23
1871,233,4,8.62
1871,4,4,90.86
1872,103,3,51.49
1872,112,2,65.08
1872,3,4,15.17
1872,197,4,88.53
1872,49,1,31.68
1873,211,2,13.32
1873,176,3,61.44
1873,76,4,15.85
1873,12,2,61.25
1874,88,3,130.44
1874,39,4,41.31
1875,215,1,101.73
1875,159,1,13.33
1875,80,1,77.92
1875,154,2,25.84
1875,100,3,19.75
1876,185,3,72.12
1876,31,4,4.07
1877,186,1,16.81
1877,184,1,57.43
1878,186,3,30.69
1878,28,1,87.42
1879,178,2,102.65
1879,233,4,13.91
1879,205,4,90.33
1880,25,1,89.74
1880,238,2,49.24
1881,21,1,56.5
1881,129,4,40.4
1881,28,3,79.86
1881,168,4,34.78
1881,4,4,71.39
1882,116,3,84.82
1882,249,4,28.38
1882,73,3,38.84
1882,199,2,45.92
1883,192,3,34.81
1883,48,1,73.24
1883,33,4,57.6
1884,64,3,2.34
1885,41,4,21.69
1885,2,4,14.21
1885,68,1,22.55
1885,113,4,37.35
1886,15,4,93.36
1886,161,1,68.98
1887,27,2,43.41
1887,96,1,2.57
1888,66,3,7.17
1889,92,4,39.78
1889,37,3,36.2
1889,152,3,80.06
1890,218,3,31.02
1890,123,2,94.44
1890,25,4,74.18
1890,208,4,7.54
1890,32,4,12.17
1891,58,4,48.35
1891,76,3,14.78
1891,78,4,78.07
1892,132,2,61.64
1892,104,2,109.02
1892,14,3,50.49
1892,243,4,57.72
1893,150,2,75.58
1893,223,2,79.39
1893,12,2,102.18
1894,53,2,46.18
1894,176,4,44.95
1894,31,4,6.68
1894,80,4,73.35
1895,221,1,19.04
1895,196,4,76.57
1895,91,2,55.21
1895,103,2,36.91
1896,213,4,106.86
1896,238,2,58.7
1896,55,3,22.57
1896,220,2,13.52
1896,129,2,55.03
1897,146,1,90.58
1897,43,4,63.09
1897,170,4,38.68
1897,195,3,78.26
1898,53,3,40.81
1898,88,1,81.71
1898,134,3,48.5
1899,47,4,33.2
1899,31,4,6.07
1899,8,1,41.09
1900,203,3,74.08
1900,97,1,76.77
1901,207,3,83.33
1901,161,2,61.8
1901,182,2,56.52
1901,96,2,2.72
1901,147,4,86.43
1902,103,4,47.8
1902,119,3,24.21
1902,110,3,77.72
1902,134,4,27.17
1903,57,1,92.84
1903,199,3,45.34
1903,209,4,19.36
1904,218,1,26.45
1904,104,1,80.35
1904,30,1,27.1
1904,94,1,59.75
1905,195,3,99.86
1905,20,1,65.75
1906,199,3,68.49
1906,210,1,32.98
1906,233,1,10.13
1906,211,4,15.18
1907,98,4,3.0
1907,119,1,24.44
1907,171,4,22.17
1907,60,2,33.78
1907,100,4,12.56
1908,205,2,106.69
1908,100,3,16.91
1908,146,4,54.27
1908,145,3,44.99
1908,113,4,45.94
1909,175,3,89.32
1910,187,4,69.48
1910,215,4,105.39
1911,108,3,16.74
1911,194,4,61.18
1911,17,3,99.08
1911,9,4,26.92
1911,238,3,71.75
1912,14,2,61.04
1912,44,4,38.85
1912,98,3,3.98
1912,52,3,24.06
1913,210,3,48.55
1913,150,1,83.39
1913,163,2,62.06
1914,65,3,28.43
1914,7,4,56.17
1915,157,3,44.43
1915,102,1,86.73
1915,81,3,25.73
1915,225,1,117.14
1915,59,4,67.61
1916,237,2,28.81
1916,104,1,91.74
1916,149,4,34.21
1917,122,2,5.9
1918,56,3,86.8
1918,46,3,16.93
1918,208,2,5.84
1918,181,2,57.82
1919,229,4,24.02
1919,75,4,79.19
1920,232,2,5.27
1920,125,4,84.72
1921,73,1,27.08
1921,210,4,35.91
1921,209,4,18.86
1921,18,1,16.48
1921,14,3,46.53
1922,122,2,6.13
1922,145,2,60.55
1922,163,1,68.99
1922,121,3,65.42
1923,136,3,62.64
1923,152,3,103.49
1923,54,2,30.67
1923,219,2,121.25
1924,194,1,81.9
1924,121,1,99.14
1924,16,2,44.38
1924,124,4,34.29
1925,94,3,87.68
1925,154,1,42.17
1925,166,2,99.35
1926,200,1,109.77
1926,3,4,14.93
1926,126,3,79.09
1926,149,1,46.9
1926,17,3,70.37
1927,175,3,102.38
1927,166,2,94.19
1927,78,2,61.1
1927,113,3,41.75
1927,136,4,113.82
1928,223,3,124.35
1929,3,2,14.52
1929,49,4,49.42
1929,31,3,4.92
1929,222,1,71.9
1929,116,3,79.58
1930,142,3,28.01
1931,119,3,22.27
1932,32,3,13.6
1933,98,2,4.73
1933,51,3,34.01
1933,57,4,65.29
1933,6,1,68.38
1934,206,3,43.05
1935,7,2,87.32
1935,31,3,4.81
1936,52,2,23.59
1936,21,4,60.36
1937,201,1,109.25
1938,56,4,83.1
1938,235,4,106.22
1938,133,2,3.02
1938,92,2,26.76
1939,96,1,2.39
1940,112,3,92.98
1940,239,3,95.21
1941,94,4,79.72
1941,166,1,70.85
1941,120,3,96.64
1942,187,3,122.97
1942,219,3,120.02
1942,213,4,80.72
1942,159,3,10.14
1943,227,3,41.74
1944,105,1,68.93
1944,183,3,35.5
1944,75,4,98.45
1945,95,3,48.27
1945,221,1,33.97
1946,77,4,86.34
1946,115,4,29.32
1946,197,2,82.15
1947,218,2,37.05
1947,74,4,106.69
1948,229,3,25.26
1948,94,3,70.95
1948,154,4,36.55
1949,174,3,15.87
1949,145,4,37.4
1950,239,2,90.76
1951,97,3,79.44
1952,102,1,132.9
1952,93,3,69.96
1952,51,2,23.94
1952,207,4,132.48
1953,87,3,98.62
1953,143,3,84.18
1953,62,3,64.93
1954,53,4,43.78
1954,96,4,2.21
1955,206,1,35.3
1955,191,4,103.37
1955,149,1,33.98
1956,83,4,100.1
1956,197,2,83.33
1956,41,4,27.45
1956,24,2,53.8
1956,161,4,43.74
1957,23,1,33.26
1958,95,2,38.13
1959,182,2,50.5
1959,49,4,34.76
1959,176,1,40.94
1959,174,1,14.83
1959,188,2,57.61
1960,144,2,102.72
1961,198,2,94.52
1961,116,3,85.42
1961,111,2,83.08
1961,104,2,95.26
1962,112,2,87.03
1962,75,4,81.56
1962,124,1,22.95
1962,72,2,53.01
1963,62,3,51.84
1963,114,4,74.65
1963,153,3,70.87
1963,201,2,92.37
1964,99,2,34.16
1964,209,3,13.32
1964,157,3,44.35
1965,158,1,120.23
1965,72,4,53.75
1966,69,4,82.44
1966,197,1,115.35
1966,245,1,90.59
1966,151,2,86.33
1967,69,4,68.32
1967,99,1,21.68
1968,14,1,49.96
1968,100,4,15.63
1968,173,3,57.7
1969,202,4,3.59
1969,85,3,65.4
1969,84,4,107.6
1970,14,3,55.13
1971,164,3,33.59
1971,66,4,10.98
1971,241,2,84.75
1972,91,3,55.9
1972,50,1,61.03
1972,226,1,70.67
1972,65,4,32.75
1973,84,1,102.01
1973,22,3,120.95
1974,61,2,41.97
1975,49,2,46.96
1975,234,4,109.31
1975,48,4,114.0
1976,200,3,77.82
1977,158,4,66.99
1977,249,3,27.02
1977,20,1,90.49
1977,189,3,81.59
1977,211,3,19.31
1978,217,1,44.49
1978,34,3,7.66
1978,122,4,4.52
1979,211,1,19.85
1979,50,4,80.49
1979,12,3,63.17
1979,80,1,82.76
1979,242,1,34.07
1980,117,2,109.85
1980,74,1,85.82
1980,87,4,90.82
1980,206,2,35.73
1980,240,2,74.99
1981,46,4,21.51
1982,103,4,62.84
1982,23,3,36.5
1983,87,4,138.82
1983,39,1,37.94
1983,108,4,16.32
1984,29,3,119.44
1984,2,4,11.61
1984,228,1,18.93
1985,249,2,25.54
1986,52,3,24.9
1986,208,2,6.5
1986,47,2,33.39
1986,249,2,24.09
1986,62,3,43.9
1987,85,4,61.9
1987,122,2,4.7
1987,210,1,42.28
1987,15,2,74.6
1988,192,3,49.29
1988,136,1,69.4
1988,201,1,91.94
1988,86,1,84.93
1989,26,2,69.64
1989,13,4,86.53
1989,156,2,74.2
1990,182,3,36.03
1990,198,1,56.15
1990,95,3,36.5
1990,180,3,10.79
1991,3,3,11.81
1991,213,1,104.33
1991,248,3,7.13
1991,192,2,44.23
1992,115,3,31.68
1993,10,1,48.97
1993,91,2,90.84
1993,155,2,39.72
1994,22,2,91.82
1994,199,1,56.41
1994,97,2,136.59
1994,156,4,77.78
1994,197,4,62.86
1995,238,2,77.36
1995,223,3,104.94
1995,91,3,68.7
1996,101,1,19.41
1996,47,3,27.34
1996,223,2,97.29
1997,239,4,91.3
1997,213,1,66.14
1998,156,2,86.19
1999,1,4,5.51
1999,209,2,20.75
1999,143,4,75.77
1999,18,2,15.04
1999,168,3,49.01
2000,201,4,80.67
2000,13,4,74.07
2000,22,1,82.04
2000,72,3,43.29
2001,116,3,64.13
2001,52,1,27.43
2001,163,2,56.33
2001,82,3,114.99
2002,240,3,116.53
2002,190,2,67.47
2002,170,1,54.7
2002,118,1,30.73
2002,205,3,105.8
2003,31,4,6.7
2003,142,3,21.46
2003,34,3,7.13
2003,188,2,51.62
2003,29,3,104.51
2004,155,1,44.95
2004,149,2,45.77
2004,152,1,100.13
2004,121,1,87.19
2005,208,1,6.47
2005,126,2,85.1
2005,29,2,105.92
2005,148,2,52.32
2006,83,4,96.94
2007,216,4,52.18
2007,85,1,45.36
2007,46,3,26.5
2008,48,2,94.53
2009,147,2,127.42
2009,250,2,48.57
2010,232,2,4.57
2010,239,3,86.33
2010,3,4,11.29
2011,186,1,23.76
2011,124,2,19.82
2011,200,2,112.42
2011,217,2,34.51
2012,18,3,14.74
2013,41,1,25.3
2013,13,2,68.21
2013,159,3,14.15
2013,70,3,98.4
2014,26,4,112.5
2014,105,3,73.47
2014,138,4,96.02
2014,97,3,86.26
2014,228,3,16.93
2015,220,4,12.04
2015,125,2,90.0
2016,28,1,101.73
2017,246,2,31.14
2017,40,3,25.21
2018,184,2,40.42
2018,128,3,101.16
2018,10,1,60.65
2019,214,3,74.5
2019,241,2,59.46
2019,86,2,123.39
2020,182,2,46.62
2020,179,1,75.85
2020,44,1,40.91
2020,37,2,35.37
2020,170,2,47.11
2021,121,1,73.51
2021,176,2,64.8
2021,13,1,52.92
2022,35,1,113.3
2022,20,1,111.99
2022,67,2,82.14
2023,132,3,78.07
2023,11,1,93.63
2023,232,3,3.74
2023,156,2,73.87
2024,36,3,117.05
2025,166,3,90.29
2025,157,2,51.72
2025,26,3,68.95
2025,171,3,30.9
2026,167,3,11.09
2027,29,1,78.21
2027,73,3,43.51
2027,2,4,14.11
2028,106,2,2.68
2028,83,1,114.83
2029,39,1,36.75
2030,159,4,13.71
2030,129,3,53.24
2030,132,2,79.46
2030,246,1,28.52
2031,234,4,77.01
2032,49,1,43.04
2032,204,1,124.7
2032,39,1,27.52
2033,104,2,135.7
2033,213,2,75.36
2033,225,3,127.3
2034,102,4,102.42
2034,45,1,92.89
2034,242,2,22.22
2035,41,4,21.24
2035,62,1,61.37
2035,138,4,85.15
2036,167,4,15.35
2036,163,4,81.8
2037,125,1,96.27
2037,221,3,22.09
2037,35,3,119.66
2037,20,1,62.02
2038,183,2,43.69
2038,221,4,33.02
2038,127,2,89.53
2038,248,2,6.04
2038,235,3,124.18
2039,152,4,122.91
2039,46,4,26.17
2040,57,1,85.81
2040,143,2,80.23
2041,249,2,40.69
2041,172,4,15.28
2042,71,2,119.6
2043,155,1,64.43
2043,95,2,53.29
2043,149,2,34.59
2043,61,3,53.64
2043,19,1,93.93
2044,2,3,11.73
2044,186,4,19.75
2044,143,3,65.78
2045,61,1,56.77
2046,142,3,18.35
2046,72,2,35.75
2046,190,3,78.3
2047,182,3,47.82
2047,9,3,19.08
2048,29,1,66.78
2048,236,4,50.34
2048,192,3,32.23
2049,188,3,64.35
2049,155,3,40.94
2049,3,2,12.24
2050,222,4,92.8
2050,180,1,17.01
2050,125,2,123.52
2050,216,2,38.28
2051,17,2,89.87
2051,228,3,22.04
2051,203,3,84.96
2051,224,1,21.49
2052,63,2,25.06
2052,194,3,80.46
2052,220,2,11.84
2052,128,1,135.41
2053,14,4,70.41
2053,210,3,44.05
2054,25,4,82.08
2054,131,3,100.08
2054,206,1,63.35
2054,5,2,67.43
2054,63,2,30.13
2055,35,3,127.7
2056,165,2,107.89
2056,203,3,71.57
2056,162,4,106.95
2056,50,1,57.39
2057,171,2,33.33
2057,127,3,87.08
2057,66,1,6.2
2058,216,1,32.28
2058,102,3,78.44
2058,1,1,6.41
2059,13,4,85.84
2059,185,2,87.61
2060,109,4,73.81
2060,194,1,74.89
2060,221,1,31.38
2061,232,4,4.31
2061,218,4,47.33
2061,211,1,15.11
2061,117,4,89.24
2061,126,1,79.72
2062,58,2,37.6
2062,158,4,77.75
2062,117,3,83.29
2062,165,3,82.16
2062,163,4,91.87
2063,72,1,45.35
2063,30,4,35.58
2064,207,2,132.53
2064,82,1,109.22
2064,131,3,73.6
2064,85,4,67.05
2065,49,4,30.53
2065,197,3,75.48
2065,61,4,39.31
2065,150,3,112.34
2065,47,4,19.8
2066,118,3,25.88
2066,144,3,91.96
2067,73,1,37.56
2067,240,4,98.92
2067,195,2,83.12
2068,200,1,128.82
2068,36,1,105.08
2068,174,3,13.39
2068,171,1,38.16
2069,138,3,68.37
2069,178,1,118.42
2069,4,3,72.85
2069,229,4,24.27
2070,246,2,39.69
2070,111,3,86.92
2071,121,1,101.01
2071,22,4,106.88
2071,30,1,25.13
2071,207,2,93.92
2072,202,1,3.14
2072,194,2,66.28
2073,158,3,100.03
2073,224,1,34.18
2073,124,1,23.0
2073,169,2,78.07
2073,229,1,29.21
2074,104,2,94.21
2074,216,1,40.22
2074,147,1,80.48
2075,63,1,41.17
2075,35,3,110.14
2075,64,3,1.95
2076,230,4,66.16
2077,70,2,68.21
2077,51,4,33.24
2077,187,4,88.03
2077,216,3,38.09
2078,53,1,46.77
2078,32,3,13.05
2079,164,2,28.77
2080,167,1,12.87
2080,150,2,73.38
2080,53,3,33.13
2080,14,4,72.43
2081,209,3,17.52
2081,52,3,24.58
2081,144,1,76.99
2082,147,2,101.26
2082,184,1,47.25
2082,157,3,43.86
2082,80,4,101.06
2082,70,3,76.79
2083,95,3,62.16
2083,16,2,63.12
2083,137,2,36.34
2083,28,3,107.37
2083,70,3,75.65
2084,131,1,79.03
2084,133,4,2.53
2085,207,3,132.85
2085,55,3,15.47
2085,93,4,54.29
2085,67,4,79.87
2086,63,1,24.59
2086,9,1,20.35
2086,79,2,24.09
2086,110,4,50.27
2086,73,4,35.46
2087,202,3,4.03
2087,227,3,39.82
2088,6,3,36.79
2089,188,4,39.95
2089,51,4,20.15
2089,155,2,43.66
2090,102,2,94.82
2090,244,1,21.08
2091,34,1,7.81
2091,96,2,2.7
2092,131,3,112.44
2092,240,4,105.39
2092,136,3,70.12
2092,67,2,90.26
2092,243,4,46.92
2093,238,3,67.33
2093,205,3,103.83
2093,79,1,20.55
2094,175,2,97.72
2094,187,1,102.86
2094,221,2,33.81
2095,101,2,19.5
2095,221,1,27.03
2096,187,3,111.44
2096,237,1,26.41
2096,100,4,13.05
2097,182,2,45.56
2097,223,2,71.2
2098,204,2,96.34
2098,243,4,44.1
2099,179,2,91.71
2099,68,4,17.83
2099,56,2,81.25
2100,48,1,71.55
2100,21,2,43.81
2100,212,4,81.97
2100,246,2,24.69
2100,89,2,44.81
2101,171,3,23.98
2101,202,4,2.34
2101,98,3,3.7
2101,249,1,44.89
2101,203,3,54.86
2102,117,3,65.49
2102,57,2,87.46
2102,8,4,40.44
2102,171,2,21.94
2102,208,2,6.64
2103,88,4,119.68
2103,14,3,65.55
2103,229,1,24.92
2103,197,4,91.97
2103,41,1,15.12
2104,168,2,49.37
2104,161,1,62.69
2104,123,3,68.61
2104,22,2,115.83
2104,224,3,30.76
2105,233,4,14.4
2105,200,1,99.03
2105,229,4,29.0
2105,160,1,10.43
2105,133,2,1.99
2106,222,3,96.15
2106,1,4,6.91
2106,227,2,46.72
2106,155,3,42.97
2107,109,4,85.58
2107,127,3,127.35
2107,167,1,14.89
2107,90,1,47.61
2107,133,1,2.5
2108,75,2,92.96
2108,174,3,10.08
2108,101,1,17.16
2108,33,2,31.54
2108,115,2,37.52
2109,233,1,11.15
2109,103,4,41.21
2109,38,2,135.35
2110,115,4,35.46
2110,66,4,9.05
2110,248,3,6.45
2110,9,4,18.75
2111,118,3,41.41
2111,165,4,100.02
2111,39,4,35.0
2111,110,3,54.03
2112,148,1,46.33
2112,55,3,17.61
2112,225,2,126.81
2113,113,1,42.29
2113,1,2,7.16
2113,75,1,110.51
2114,111,2,83.88
2114,231,2,79.02
2115,31,4,7.67
2115,37,1,25.04
2115,94,2,46.77
2115,100,3,15.3
2116,95,2,37.18
2117,6,1,64.97
2117,2,3,14.22
2117,149,2,36.77
2117,139,1,80.62
2118,19,2,125.1
2118,211,4,16.51
2118,234,2,66.71
2119,69,4,108.96
2119,158,4,112.81
2119,228,1,22.81
2119,174,1,12.81
2119,155,1,56.37
2120,224,1,38.6
2120,114,3,88.77
2121,51,4,20.54
2121,100,4,13.12
2121,144,4,96.89
2122,190,3,62.93
2123,75,4,81.6
2123,195,3,60.37
2124,28,4,80.53
2124,186,2,27.61
2124,188,2,41.32
2125,223,2,76.56
2125,150,1,63.96
2125,214,1,70.58
2125,206,2,55.26
2125,135,1,83.62
2126,108,4,11.01
2126,117,3,68.87
2126,237,4,39.29
2127,141,1,16.2
2127,151,4,79.42
2127,215,3,96.31
2127,60,4,28.84
2128,99,4,33.99
2128,103,1,50.43
2128,221,2,19.12
2128,65,3,41.45
2129,238,4,54.32
2129,48,3,105.31
2129,19,4,105.92
2130,93,2,43.09
2130,77,4,58.62
2130,190,3,83.44
2130,71,4,136.1
2131,166,4,93.18
2131,135,3,68.15
2132,52,2,24.91
2132,150,1,78.05
2132,10,1,39.68
2132,63,2,45.19
2133,236,1,59.97
2134,129,3,52.56
2134,137,3,41.34
2134,83,3,86.46
2135,50,4,89.56
2135,106,3,3.78
2135,156,2,79.47
2136,117,2,81.39
2136,183,4,65.1
2136,237,4,46.61
2136,23,2,39.85
2136,169,2,92.44
2137,112,2,67.81
2137,171,4,36.63
2137,65,1,36.1
2137,18,1,17.34
2137,119,4,17.79
2138,181,2,43.75
2138,243,3,34.23
2138,44,3,42.82
2138,152,4,121.03
2139,227,1,27.88
2139,13,4,88.32
2139,24,1,48.56
2139,209,3,19.37
2139,225,2,121.16
2140,32,3,18.81
2140,199,1,61.63
2141,107,2,17.38
2141,177,4,2.06
2141,47,4,23.57
2142,10,3,39.52
2142,134,2,34.47
2142,40,3,25.8
2143,165,4,81.85
2144,16,3,54.09
2144,37,2,37.11
2145,195,2,87.6
2146,164,4,28.68
2146,241,3,74.01
2146,226,3,68.86
2146,145,2,36.42
2146,156,1,88.0
2147,180,2,15.07
2147,177,4,2.26
2147,62,2,50.91
2148,113,2,41.25
2149,238,1,47.43
2149,28,4,95.43
2149,74,1,89.39
2149,120,2,95.97
2149,241,2,92.41
2150,89,1,45.71
2151,163,1,69.42
2151,64,4,2.81
2152,208,2,5.09
2152,115,1,41.41
2152,122,1,4.99
2153,89,3,31.71
2153,154,1,48.04
2153,63,2,25.36
2153,146,1,68.76
2154,220,3,15.06
2154,168,1,26.52
2154,185,3,95.0
2154,173,2,47.63
2155,211,4,19.4
2155,42,3,63.48
2156,43,4,53.62
2156,236,2,44.66
2157,232,3,4.85
2157,226,1,39.08
2157,236,2,40.51
2157,115,3,28.17
2157,140,1,11.47
2158,88,4,118.02
2158,132,4,103.47
2159,31,3,7.57
2159,123,1,63.55
2159,43,3,68.26
2159,142,2,17.57
2160,220,1,12.7
2160,222,4,86.46
2160,136,3,68.18
2160,73,3,38.66
2161,102,3,117.29
2161,146,3,91.18
2161,173,4,45.49
2161,99,4,18.15
2162,40,4,35.44
2162,47,3,31.17
2162,146,1,49.95
2163,87,3,131.91
2163,91,2,68.08
2163,123,2,63.0
2164,37,3,26.24
2164,240,2,109.36
2164,110,4,46.97
2165,144,2,92.13
2165,37,2,28.21
2165,32,2,18.48
2165,5,2,98.94
2165,159,3,10.3
2166,67,3,76.6
2166,7,1,89.76
2166,118,4,33.05
2166,207,2,116.05
2166,111,3,83.64
2167,130,4,91.77
2167,40,4,28.46
2167,80,3,96.95
2167,78,2,69.16
2168,133,2,3.55
2168,105,3,103.7
2169,86,4,75.42
2169,202,4,3.8
2170,54,2,28.98
2170,207,2,104.66
2171,183,3,49.55
2171,43,2,67.45
2171,122,2,5.12
2171,247,3,75.95
2171,15,4,100.21
2172,154,4,27.7
2172,187,1,131.59
2172,191,4,70.31
2173,248,3,7.86
2173,44,2,39.34
2173,70,3,55.4
2173,249,4,37.29
2173,65,3,32.19
2174,250,2,57.02
2174,139,2,73.69
2174,59,1,62.16
2174,179,2,65.16
2174,168,4,40.66
2175,155,1,41.87
2175,249,2,27.22
2175,201,1,76.89
2175,64,2,1.95
2176,62,1,46.85
2176,149,2,28.55
2177,174,3,15.7
2177,18,2,10.87
2178,153,1,100.13
2178,235,2,107.63
2178,110,1,82.25
2178,124,2,20.22
2178,48,4,99.78
2179,2,1,12.61
2180,223,2,120.76
2180,88,2,138.02
2180,216,3,47.48
2180,246,3,44.43
2181,81,3,33.99
2182,250,4,32.0
2182,161,4,47.82
2182,15,2,132.87
2182,230,3,65.95
2183,239,1,61.64
2183,187,2,79.86
2183,52,4,23.14
2183,73,1,27.17
2183,161,2,49.27
2184,48,4,79.11
2184,183,2,55.55
2184,116,1,85.57
2185,145,2,50.18
2185,89,2,28.38
2185,186,4,24.31
2185,75,1,69.54
2186,237,4,41.26
2186,120,1,72.91
2186,204,1,89.46
2186,213,4,107.38
2187,44,2,25.11
2188,54,1,28.07
2188,165,1,84.61
2188,220,2,10.41
2189,8,3,28.68
2189,115,3,34.29
2189,83,2,97.98
2190,130,4,68.71
2190,65,1,35.23
2190,112,2,99.9
2190,116,4,64.24
2191,83,1,70.2
2191,84,2,94.03
2192,239,2,79.65
2192,186,1,18.52
2193,24,2,31.61
2194,218,1,27.39
2194,99,1,23.94
2195,17,4,107.64
2196,13,3,94.18
2196,172,4,15.44
2196,101,4,25.44
2196,70,1,59.19
2197,7,1,90.61
2197,79,1,27.14
2197,163,1,54.07
2197,77,3,96.08
2197,140,3,18.11
2198,150,3,70.63
2199,146,2,85.57
2200,223,1,76.96
2200,243,2,48.99
2200,120,1,77.06
2200,195,3,98.15
2201,118,2,36.91
2201,169,1,83.14
2201,35,3,106.84
2201,83,2,97.04
2202,93,4,43.37
2202,182,4,57.53
2203,42,3,57.44
2204,51,3,32.54
2204,183,3,51.66
2204,156,3,69.17
2204,205,4,71.86
2205,204,2,106.45
2205,174,4,14.8
2205,89,4,28.34
2205,34,2,7.02
2206,241,4,93.69
2207,70,1,56.97
2207,200,2,75.46
2208,55,4,15.48
2208,103,2,39.2
2208,44,4,24.92
2208,205,3,72.82
2209,240,1,76.44
2209,38,3,90.78
2209,22,3,94.97
2210,196,1,89.85
2210,209,3,12.63
2211,42,1,62.23
2212,231,4,61.92
2212,65,4,26.98
2213,159,1,13.31
2213,136,1,64.8
2213,226,3,64.82
2213,127,3,91.03
2213,96,1,2.77
2214,235,2,71.5
2214,176,4,61.15
2215,20,1,68.73
2215,7,4,92.38
2216,241,1,113.17
2216,44,1,44.7
2216,79,4,17.94
2216,53,4,44.68
2217,161,3,65.99
2217,106,2,4.62
2217,63,1,34.77
2217,192,4,45.47
2217,115,1,31.79
2218,113,1,32.05
2218,22,2,96.71
2218,90,2,62.11
2219,195,4,60.11
2219,14,4,72.62
2219,48,2,109.48
2220,68,3,17.1
2221,159,4,14.65
2221,155,3,44.46
2221,209,1,17.29
2221,163,3,53.39
2222,58,2,59.72
2222,216,4,33.91
2222,126,3,109.23
2222,44,2,35.75
2223,169,4,63.43
2223,121,4,87.45
2223,179,2,80.8
2224,121,2,72.18
2224,169,4,53.8
2224,211,3,20.92
2224,154,1,26.6
2224,165,2,98.88
2225,210,1,48.62
2225,217,3,51.2
2225,59,4,76.71
2226,159,4,16.59
2226,162,4,71.26
2226,247,3,68.26
2226,99,4,18.22
2227,15,1,105.82
2228,80,1,88.13
2228,215,2,128.3
2228,168,3,40.58
2228,74,1,99.55
2229,41,2,21.66
2229,206,4,58.49
2229,71,3,77.43
2230,118,4,39.9
2230,230,3,95.28
2230,58,3,60.45
2231,241,3,82.16
2231,210,1,27.57
2231,191,4,105.96
2232,160,4,11.49
2232,71,2,89.2
2233,244,2,13.48
2233,240,2,112.31
2233,145,3,42.11
2233,158,4,64.48
2233,14,3,71.48
2234,145,3,40.62
2234,190,3,54.22
2234,82,2,103.83
2234,121,4,71.46
2235,19,4,120.25
2235,80,1,74.18
2235,34,3,5.52
2235,186,4,28.87
2236,128,2,109.73
2236,135,4,120.83
2236,127,2,109.19
2236,49,1,35.91
2236,115,1,33.84
2237,16,3,46.14
2237,130,1,97.7
2238,174,2,9.94
2238,5,4,116.65
2239,9,2,27.85
2240,117,3,106.52
2240,62,4,47.29
2240,219,3,94.22
2240,107,3,26.38
2241,29,3,77.35
2241,158,1,70.82
2241,85,1,45.51
2241,207,2,110.4
2241,221,3,22.56
2242,50,2,56.46
2242,177,1,1.87
2243,119,1,18.0
2244,4,1,62.53
2244,99,1,30.25
2244,113,3,37.52
2244,73,4,37.24
2245,189,2,81.28
2245,66,4,7.33
2246,84,3,77.17
2246,212,1,66.77
2246,123,3,76.27
2246,236,2,48.94
2246,44,1,27.78
2247,155,3,68.15
2247,229,3,31.51
2247,22,4,121.51
2247,152,3,100.91
2247,172,1,17.15
2248,169,3,90.46
2248,76,2,10.3
2248,77,1,56.26
2248,111,1,93.51
2249,97,3,103.7
2249,127,1,117.22
2249,138,4,106.98
2249,94,3,79.31
2249,85,1,73.47
2250,174,2,15.62
2250,193,3,29.28
2250,59,2,83.65
2250,109,1,69.37
2250,126,3,114.95
2251,62,4,36.49
2251,70,2,56.46
2251,180,1,10.7
2251,218,3,25.96
2252,99,3,23.71
2253,184,2,57.03
2253,129,4,51.48
2254,109,4,97.49
2255,29,4,105.87
2255,178,1,113.02
2255,84,4,101.27
2255,94,3,88.56
2256,100,4,17.09
2256,65,3,35.43
2257,222,1,61.99
2258,233,1,11.32
2258,96,3,2.18
2258,239,4,56.22
2259,232,3,4.54
2259,146,4,75.98
2259,116,3,70.0
2259,217,4,45.39
2260,89,2,35.78
2261,47,3,34.36
2261,196,1,78.88
2262,151,1,53.66
2262,235,4,81.27
2262,184,1,53.64
2262,197,1,93.46
2263,215,3,115.92
2264,45,1,81.17
2264,50,3,66.58
2265,101,3,15.64
2265,159,3,17.36
2265,188,1,66.66
2266,121,1,63.78
2266,53,2,34.2
2267,53,2,43.39
2267,192,2,50.58
2267,204,4,73.57
2267,84,2,67.64
2268,220,3,14.23
2268,212,4,110.17
2268,173,1,53.05
2268,181,2,59.27
2269,129,1,50.72
2269,196,1,99.15
2270,59,3,65.73
2270,101,1,21.67
2270,167,2,13.34
2270,185,3,82.51
2271,157,3,64.93
2271,13,1,89.23
2271,184,4,42.22
2271,45,3,93.06
2272,182,3,34.14
2272,65,4,43.66
2273,162,2,62.64
2273,88,4,108.2
2273,13,1,71.73
2273,209,1,12.09
2273,207,4,94.15
2274,19,2,104.51
2274,129,2,65.18
2274,92,1,27.89
2274,41,3,23.28
2274,205,4,85.21
2275,105,3,79.5
2276,246,4,25.56
2276,35,3,108.11
2277,145,3,51.77
2277,79,3,20.82
2278,222,2,95.18
2278,102,4,93.68
2278,20,3,61.8
2278,185,1,88.71
2279,191,2,113.84
2279,114,3,99.8
2279,132,2,75.38
2279,49,1,52.56
2280,8,3,46.28
2280,107,4,17.36
2280,99,4,26.76
2280,28,4,78.14
2281,141,1,16.63
2281,241,2,59.91
2282,110,1,53.31
2282,57,4,59.44
2282,114,3,77.56
2282,42,4,74.5
2283,162,3,86.56
2283,179,3,92.62
2283,1,2,8.13
2283,89,4,35.41
2283,104,3,92.63
2284,65,3,29.05
2284,186,4,30.46
2284,153,4,95.56
2284,2,2,12.81
2285,137,2,40.18
2285,32,1,13.35
2285,15,2,100.62
2285,218,4,28.68
2286,145,3,49.76
2287,32,4,20.25
2287,213,1,61.74
2287,81,1,37.71
2287,156,1,116.19
2288,66,2,9.42
2288,101,4,17.09
2288,113,4,49.58
2289,27,3,59.51
2289,54,4,32.48
2289,28,2,78.63
2290,164,2,37.3
2290,65,1,25.48
2290,168,1,31.2
2290,203,3,73.01
2290,182,1,46.85
2291,81,4,32.16
2291,145,1,56.38
2292,174,4,9.51
2292,108,4,18.24
2292,120,3,114.17
2292,100,1,19.62
2293,141,3,11.28
2293,56,2,49.96
2293,137,1,45.28
2293,119,4,19.39
2294,181,4,39.29
2294,3,2,15.18
2294,47,4,21.86
2294,99,3,27.17
2295,20,4,89.4
2296,216,2,60.93
2296,116,2,80.32
2296,127,2,71.67
2296,19,2,106.02
2297,129,2,43.27
2297,160,1,10.52
2297,193,1,21.55
2298,69,4,97.61
2298,195,2,70.34
2299,73,4,49.73
2299,148,3,36.07
2299,216,3,41.22
2299,107,4,22.34
2300,174,2,17.52
2300,208,3,4.8
2300,243,4,48.69
2301,243,1,53.28
2301,27,3,53.35
2301,196,4,103.52
2302,74,1,108.78
2302,189,1,92.25
2302,108,1,19.57
2302,127,2,99.49
2303,83,4,84.33
2303,180,4,9.31
2303,16,3,61.36
2303,46,3,20.82
2304,77,3,61.71
2304,160,3,12.5
2305,185,2,73.65
2305,121,1,93.39
2305,219,2,124.11
2306,29,4,111.6
2306,171,4,30.67
2306,135,4,124.28
2306,192,3,42.33
2307,89,4,41.6
2307,167,2,13.34
2307,72,1,47.41
2307,121,2,97.99
2307,144,2,80.5
2308,239,2,59.73
2308,247,1,75.64
2309,65,3,29.14
2309,223,3,86.41
2309,188,2,49.66
2309,25,2,69.49
2309,234,1,62.64
2310,130,4,94.42
2310,39,3,37.8
2311,244,4,22.51
2311,98,4,4.12
2311,93,1,44.05
2311,114,3,55.92
2311,26,4,68.67
2312,246,3,32.61
2312,161,1,69.03
2312,54,2,26.6
2313,154,4,36.67
2313,203,2,64.01
2313,167,1,13.19
2313,164,2,28.47
2313,75,3,86.27
2314,132,1,67.79
2314,197,2,100.81
2315,201,4,90.4
2315,227,1,39.33
2315,171,4,34.85
2316,59,1,48.15
2317,111,2,73.3
2317,46,3,27.37
2317,193,3,17.05
2317,249,1,35.37
2318,91,1,70.66
2318,20,4,65.34
2318,196,4,95.05
2318,215,4,121.22
2318,27,1,37.16
2319,114,3,82.88
2320,28,2,127.07
2320,233,3,8.21
2320,211,1,17.41
2320,185,4,80.73
2320,98,3,3.33
2321,90,3,42.45
2321,15,2,124.07
2321,224,2,26.61
2321,46,3,27.51
2322,176,4,59.32
2323,89,1,43.6
2324,60,2,34.05
2324,239,4,90.14
2324,57,3,69.94
2325,44,2,30.72
2326,130,1,87.27
2326,246,2,24.25
2327,141,2,12.31
2327,1,4,6.08
2327,31,1,7.15
2327,249,1,34.14
2328,17,2,71.21
2328,60,2,26.54
2328,228,2,19.69
2328,154,4,44.86
2328,76,2,12.81
2329,124,4,24.6
2329,165,2,98.34
2330,5,4,100.88
2330,49,1,35.93
2330,58,4,58.05
2330,7,2,75.0
2330,134,1,37.57
2331,240,4,112.05
2331,172,3,15.61
2331,131,3,66.91
2332,16,1,52.55
2333,146,1,71.05
2333,28,4,129.51
2334,101,3,24.98
2334,136,4,79.95
2334,174,4,15.58
2335,97,2,85.69
2335,243,4,50.78
2335,2,3,13.75
2335,114,4,65.85
2336,50,4,70.99
2337,203,3,47.22
2337,137,2,47.28
2338,156,4,116.65
2338,199,3,43.67
2338,182,4,42.37
2338,85,3,75.46
2339,121,3,60.43
2339,134,1,31.31
2339,18,2,14.67
2339,118,3,25.29
2340,245,3,68.78
2340,160,3,9.93
2341,49,4,51.41
2341,47,3,32.39
2341,154,1,27.84
2342,117,4,74.11
2342,85,4,72.09
2342,70,1,64.49
2343,80,3,90.78
2343,94,4,56.54
2343,211,4,13.68
2343,203,1,75.7
2343,100,3,10.97
2344,25,1,81.81
2344,237,1,40.55
2344,14,4,79.48
2344,133,3,2.74
2344,222,3,93.85
2345,170,1,60.97
2345,204,4,128.5
2345,130,1,89.12
2345,117,4,72.92
2345,206,4,42.16
2346,143,4,86.11
2346,235,1,127.68
2346,183,4,45.1
2346,108,4,16.94
2347,216,3,58.71
2347,31,2,4.97
2347,43,1,61.8
2347,218,4,26.27
2347,126,3,77.83
2348,50,2,50.84
2348,120,3,74.92
2348,183,4,41.13
2349,6,4,60.86
2349,127,3,83.94
2349,211,1,15.73
2349,32,3,11.89
2350,106,2,4.56
2350,12,1,59.38
2350,39,4,30.14
2351,106,3,4.5
2351,135,3,75.39
2351,190,2,85.8
2351,42,3,107.07
2351,46,4,23.65
2352,123,4,82.19
2352,177,3,3.01
2352,50,4,80.55
2352,208,3,6.24
2352,106,4,4.71
2353,49,2,37.68
2353,250,1,54.9
2353,151,4,69.29
2354,197,1,88.1
2355,90,1,38.81
2355,97,1,84.5
2356,91,1,67.4
2356,38,2,132.15
2356,123,4,56.91
2356,199,4,46.55
2357,46,2,23.56
2357,179,1,85.34
2357,118,2,32.5
2358,239,2,94.25
2358,222,4,53.23
2359,164,3,41.22
2359,60,4,24.85
2359,148,4,37.02
2359,18,4,10.63
2360,41,4,23.74
2360,168,4,43.29
2360,12,1,73.44
2360,175,3,71.69
2360,53,2,36.27
2361,58,2,62.63
2361,24,1,52.29
2361,222,4,69.81
2361,35,4,92.57
2362,72,1,50.87
2362,41,4,28.71
2363,242,4,40.51
2363,248,4,6.51
2364,9,2,16.61
2364,245,4,96.52
2364,86,4,117.11
2364,116,4,60.06
2364,58,3,63.94
2365,113,1,56.04
2366,94,2,73.25
2367,228,1,15.19
2367,205,2,76.98
2367,69,4,97.24
2367,75,3,96.44
2368,9,4,23.96
2369,124,4,30.41
2370,65,2,32.99
2370,151,2,60.67
2370,86,3,114.1
2370,56,3,72.89
2370,18,1,16.36
2371,107,4,21.12
2371,196,4,60.85
2371,23,2,46.28
2372,33,3,55.72
2372,217,4,27.98
2373,177,4,1.68
2373,28,3,72.25
2373,43,3,48.14
2373,150,3,95.29
2373,185,1,93.78
2374,64,1,2.32
2374,3,1,10.95
2374,187,1,103.97
2374,4,3,49.03
2374,134,2,32.11
2375,178,1,82.8
2376,208,2,8.01
2376,206,2,65.94
2376,152,1,88.3
2376,10,4,51.28
2377,42,3,102.48
2378,39,3,35.6
2379,160,3,13.57
2379,131,3,93.62
2379,211,2,17.09
2380,186,3,28.17
2381,195,4,70.95
2382,148,1,42.43
2382,160,4,11.19
2382,89,1,33.59
2383,225,2,116.89
2383,83,2,66.53
2383,49,2,54.37
2383,204,4,92.76
2383,228,1,25.07
2384,94,3,67.55
2384,209,3,16.26
2384,215,1,105.13
2384,239,1,86.44
2384,200,2,106.48
2385,163,3,87.82
2385,209,4,15.97
2385,237,3,37.36
2386,157,2,39.58
2386,99,4,31.31
2386,96,4,2.24
2386,98,2,2.9
2387,121,2,97.39
2387,88,1,110.32
2388,42,2,101.88
2389,108,2,15.7
2390,74,3,109.91
2390,69,3,65.98
2390,117,3,102.57
2390,58,1,37.23
2390,199,2,45.6
2391,215,4,128.44
2391,170,1,68.26
2391,192,4,46.6
2391,110,3,64.56
2392,76,1,12.74
2393,45,4,84.18
2393,101,4,23.37
2393,5,3,101.1
2393,203,2,84.49
2393,22,3,84.6
2394,33,4,43.79
2394,93,2,53.04
2394,227,3,33.16
2395,135,1,122.88
2395,225,3,101.61
2395,89,4,47.1
2395,48,2,114.05
2395,24,2,44.48
2396,224,1,34.25
2396,77,3,78.01
2396,46,2,20.7
2396,208,3,6.0
2396,201,4,75.51
2397,135,2,73.98
2397,88,1,84.28
2398,183,4,53.52
2398,171,3,27.57
2398,181,4,51.18
2398,166,1,79.97
2399,192,2,52.81
2399,236,3,54.17
2399,21,3,55.79
2399,224,3,38.33
2400,86,3,123.38
2400,192,1,31.7
2400,113,3,41.7
2400,45,4,85.19
2400,59,4,51.36
2401,75,4,103.33
2401,197,1,101.21
2401,246,2,40.56
2402,6,1,39.21
2403,153,3,61.14
2403,15,4,94.02
2403,102,3,78.25
2403,47,1,29.87
2404,170,1,37.62
2405,231,2,70.72
2405,47,3,35.5
2405,70,4,71.5
2405,41,2,23.72
2406,30,4,23.69
2406,117,3,66.19
2406,32,2,21.3
2407,119,4,23.18
2407,96,2,1.97
2407,173,2,47.44
2407,115,3,34.95
2408,113,4,53.87
2408,154,1,40.51
2408,24,2,53.72
2408,66,1,11.2
2408,1,4,5.69
2409,228,4,24.02
2409,182,3,43.94
2409,106,1,3.79
2409,155,2,48.94
2410,201,1,86.22
2410,189,3,97.32
2411,84,4,96.96
2411,137,3,51.49
2411,115,4,44.39
2412,168,3,46.16
2412,153,4,70.63
2413,23,2,39.83
2413,67,2,71.18
2413,157,4,39.52
2413,179,4,68.33
2414,150,3,66.82
2415,16,4,43.1
2416,100,3,11.32
2417,28,3,118.36
2417,24,2,53.89
2417,53,4,44.98
2417,190,2,79.32
2417,168,3,49.06
2418,82,4,91.17
2418,149,1,34.99
2418,192,3,43.29
2418,140,1,15.83
2418,101,2,22.21
2419,75,2,120.59
2419,181,4,32.4
2419,141,2,13.6
2420,101,2,19.44
2420,131,3,83.73
2421,217,4,38.99
2421,138,2,105.81
2421,74,1,101.09
2421,20,2,100.1
2421,93,3,39.53
2422,87,2,85.06
2422,143,3,61.75
2422,154,2,41.95
2423,50,2,82.1
2423,2,2,12.03
2423,201,2,124.49
2423,171,3,37.49
2424,96,2,2.12
2425,135,4,82.2
2425,171,3,32.44
2425,80,3,61.22
2425,218,2,46.84
2426,141,3,14.84
2427,123,3,87.89
2427,81,3,30.68
2427,104,1,96.71
2427,190,1,56.08
2427,80,4,85.95
2428,151,2,68.71
2429,202,3,2.69
2429,163,2,60.19
2429,76,4,11.89
2429,100,4,20.41
2430,40,4,39.0
2430,204,2,100.1
2431,75,4,77.93
2431,53,3,27.87
2431,141,2,9.84
2431,227,3,25.07
2432,7,4,55.91
2432,160,1,11.01
2432,123,4,73.57
2432,222,4,69.51
2433,143,4,87.99
2433,24,2,40.56
2433,113,3,34.81
2433,193,4,25.48
2433,77,3,81.12
2434,232,3,4.25
2434,168,2,29.18
2434,224,3,37.98
2435,63,2,30.88
2435,217,3,38.88
2435,145,4,42.37
2435,82,4,101.74
2436,95,1,56.65
2436,99,1,33.25
2436,232,4,3.92
2436,209,4,16.75
2437,11,1,81.74
2437,164,1,36.3
2437,200,3,116.91
2437,8,4,34.67
2437,236,3,52.01
2438,147,2,92.09
2439,27,2,39.04
2439,35,1,115.44
2439,49,4,37.2
2439,157,2,45.65
2440,239,1,80.71
2440,233,2,11.27
2440,211,1,19.47
2441,163,2,84.99
2441,121,4,101.23
2441,130,4,117.22
2442,117,2,112.41
2442,57,4,67.98
2442,149,4,42.93
2442,165,4,92.92
2443,176,3,43.92
2444,154,2,47.95
2444,103,1,54.22
2445,177,2,2.16
2445,244,2,18.05
2446,86,3,105.88
2447,114,4,61.04
2447,82,3,96.63
2447,53,4,43.07
2447,150,3,63.54
2448,94,2,78.33
2449,56,1,83.69
2449,223,1,90.9
2449,159,2,17.84
2449,243,4,47.33
2449,95,4,38.38
2450,63,2,34.01
2450,142,3,17.63
2450,116,2,52.03
2450,201,2,92.31
2450,8,2,41.07
2451,177,3,2.34
2451,50,1,66.17
2451,145,3,54.97
2451,10,2,63.97
2452,51,4,26.56
2452,138,4,65.54
2453,145,2,56.57
2453,92,3,27.15
2453,115,1,30.34
2454,76,1,9.84
2455,17,3,118.11
2455,7,4,55.35
2455,161,3,61.21
2455,139,3,83.25
2455,234,4,94.46
2456,5,3,68.48
2457,104,4,75.66
2458,162,4,64.55
2458,98,3,2.61
2458,249,3,33.34
2459,86,1,122.64
2459,142,2,16.36
2459,78,4,50.56
2460,80,2,77.51
2460,156,3,103.34
2460,203,1,86.82
2460,79,2,30.58
2461,125,2,87.22
2461,36,3,105.2
2461,223,1,99.47
2462,224,2,25.01
2462,165,4,86.97
2462,171,2,32.35
2463,152,1,80.18
2463,233,4,11.21
2464,97,4,85.14
2464,29,4,114.71
2464,190,1,92.6
2464,113,4,55.13
2464,14,1,50.7
2465,28,3,72.95
2465,174,4,11.34
2465,47,3,36.42
2465,141,4,17.05
2465,25,3,90.46
2466,33,4,41.71
2467,202,3,4.08
2467,194,3,74.85
2468,166,1,77.31
2468,130,2,105.13
2468,158,1,109.38
2468,201,4,78.03
2468,116,4,48.79
2469,68,3,21.37
2470,197,2,85.54
2470,27,3,60.16
2470,95,2,51.03
2471,66,1,10.54
2471,23,4,37.58
2471,169,3,82.05
2472,208,2,5.99
2472,141,4,16.52
2473,1,3,8.48
2473,181,1,41.32
2473,206,3,61.05
2473,125,3,68.35
2474,73,3,35.19
2474,40,4,22.8
2475,137,1,55.28
2475,66,3,7.85
2476,223,3,117.71
2476,248,4,5.67
2477,131,3,96.31
2478,19,2,91.35
2478,39,2,37.55
2478,101,2,19.66
2478,49,1,47.58
2479,40,4,23.56
2479,225,4,126.15
2480,86,1,100.45
2480,234,3,101.78
2480,130,4,104.41
2480,204,4,115.88
2480,131,2,114.54
2481,52,4,20.81
2482,182,1,56.19
2482,209,3,13.13
2482,155,4,70.54
2483,102,1,130.28
2484,88,2,94.65
2485,168,3,45.76
2486,72,2,38.22
2486,139,2,73.39
2486,210,1,46.17
2486,3,2,12.27
2487,199,2,59.1
2487,227,1,33.1
2487,172,2,12.58
2488,173,4,59.89
2489,184,3,33.43
2489,98,4,2.66
2490,221,2,21.5
2490,244,3,14.01
2490,127,2,122.31
2491,33,3,31.37
2491,17,3,121.89
2491,16,4,67.27
2491,136,1,83.63
2492,123,4,77.4
2492,165,4,118.02
2492,91,1,91.4
2492,48,2,95.51
2492,223,1,117.08
2493,114,2,75.99
2494,22,2,114.61
2494,237,2,38.59
2494,72,2,31.84
2494,194,1,67.87
2495,2,3,11.21
2495,162,3,108.65
2495,46,4,24.33
2495,167,2,10.22
2496,241,2,68.72
2496,45,4,95.1
2496,40,2,39.86
2497,172,3,14.72
2497,219,3,90.48
2497,174,1,13.48
2497,64,4,3.08
2497,141,3,13.81
2498,45,2,80.44
2498,189,2,82.59
2498,70,3,68.47
2498,193,3,25.52
2498,110,3,79.52
2499,10,4,56.84
2499,4,1,75.74
2499,224,1,33.76
2500,204,2,116.72
2501,29,3,105.63
2501,207,4,89.83
2502,24,2,57.06
2503,43,4,41.22
2503,45,2,62.99
2503,208,4,7.16
2503,249,2,40.33
2504,75,1,116.5
2505,31,3,5.18
2505,155,3,40.28
2505,204,1,106.51
2505,150,3,64.8
2506,106,2,4.22
2506,198,2,97.35
2506,113,2,39.12
2507,29,1,74.23
2507,62,2,61.14
2507,167,4,13.92
2508,6,2,68.0
2508,44,3,43.87
2508,76,4,11.9
2508,149,1,43.1
2509,87,4,133.59
2509,50,4,78.84
2509,39,3,26.93
2509,33,1,39.28
2510,153,2,61.8
2510,207,1,93.32
2510,183,1,37.63
2510,30,3,23.82
2510,103,3,36.78
2511,228,4,19.1
2511,79,1,32.65
2511,248,2,6.09
2512,175,4,95.34
2513,91,2,59.29
2513,122,1,6.63
2513,190,1,94.74
2513,209,4,19.64
2513,2,1,10.99
2514,30,1,33.54
2515,171,1,28.37
2516,92,3,21.67
2516,245,1,85.85
2516,215,3,91.04
2516,109,2,113.26
2517,219,1,79.41
2517,75,3,75.64
2518,225,3,109.96
2518,122,4,4.7
2518,82,2,71.5
2519,33,1,42.27
2519,191,3,83.28
2519,19,2,105.22
2520,72,4,42.27
2520,236,2,36.58
2521,195,2,56.92
2521,237,4,41.6
2522,200,3,110.9
2523,122,1,7.71
2523,238,3,64.69
2524,243,4,45.58
2525,214,4,61.98
2525,176,2,66.66
2525,192,3,32.21
2525,83,3,103.15
2525,116,3,74.92
2526,180,4,10.92
2526,58,4,37.36
2526,96,4,2.34
2527,171,4,34.67
2528,55,1,19.59
2528,122,4,6.28
2528,5,4,79.16
2528,22,1,125.57
2528,234,3,69.13
2529,124,2,27.12
2529,236,3,48.72
2529,147,2,99.74
2530,74,4,127.01
2530,20,1,65.94
2531,46,1,22.72
2531,190,1,69.44
2531,125,2,73.72
2531,132,1,63.41
2532,225,2,117.5
2532,142,2,17.43
2533,36,2,90.93
2533,89,3,45.92
2533,1,4,5.87
2533,212,2,95.28
2534,128,4,87.03
2534,168,2,34.1
2535,233,1,12.49
2535,201,3,119.54
2536,230,3,69.35
2536,124,4,19.67
2537,146,3,59.86
2537,35,1,120.94
2537,170,3,49.96
2538,58,2,52.49
2538,102,4,109.52
2538,76,4,9.61
2538,172,1,14.09
2538,201,1,80.25
2539,169,1,64.7
2540,243,1,35.37
2540,196,3,78.0
2540,174,3,17.28
2541,47,2,36.03
2541,59,4,78.53
2542,78,1,60.83
2542,54,1,42.44
2542,150,3,95.75
2542,213,4,111.98
2542,214,2,85.15
2543,109,2,74.42
2544,96,1,2.52
2545,140,2,16.51
2545,144,2,97.38
2545,202,3,4.19
2545,198,4,101.74
2545,206,2,51.53
2546,148,2,42.52
2546,69,3,78.12
2546,102,1,100.0
2547,236,3,55.17
2547,92,2,38.26
2548,8,2,42.23
2548,171,3,21.07
2548,143,2,77.42
2548,208,3,6.17
2548,46,2,29.14
2549,96,4,2.73
2550,115,1,31.69
2551,55,1,14.48
2551,196,1,94.39
2551,232,1,5.76
2551,60,3,26.02
2552,186,2,20.64
2552,30,1,25.12
2553,199,2,56.32
2554,149,1,33.81
2554,36,3,90.83
2554,226,1,53.45
2554,14,1,57.22
2554,230,3,88.83
2555,239,2,70.48
2555,123,3,54.9
2555,63,4,44.0
2556,99,4,28.24
2556,207,1,80.84
2557,141,1,15.84
2557,209,3,17.77
2557,170,3,37.95
2557,249,1,36.13
2558,84,1,117.55
2558,244,4,15.87
2558,181,2,33.12
2558,115,3,29.08
2559,108,3,10.43
2559,124,2,19.38
2559,205,4,93.25
2560,19,2,129.19
2561,14,1,74.7
2561,100,3,20.2
2561,162,3,76.63
2561,123,3,52.27
2561,5,1,64.27
2562,66,4,8.07
2562,218,2,32.64
2562,92,4,28.34
2562,65,3,31.96
2563,102,3,100.25
2563,109,1,70.94
2563,35,2,100.29
2564,130,1,76.03
2565,16,1,48.69
2565,143,3,71.99
2565,173,3,42.69
2566,199,4,48.12
2567,220,4,17.56
2567,197,1,96.58
2567,249,2,40.68
2567,185,2,88.39
2568,42,3,71.7
2569,98,3,3.44
2569,152,2,78.89
2569,108,3,11.14
2570,222,1,92.22
2571,197,2,105.33
2571,127,4,114.76
2571,239,3,100.62
2572,79,3,23.99
2572,6,3,65.69
2572,228,2,24.64
2572,2,2,12.28
2572,148,3,50.28
2573,193,4,22.14
2573,63,3,42.02
2573,123,4,96.26
2573,102,4,105.99
2574,219,4,79.39
2575,112,4,85.42
2575,207,4,122.32
2575,118,1,34.06
2575,111,2,90.13
2576,169,4,74.26
2576,167,4,17.18
2576,157,1,50.63
2576,54,3,30.89
2576,29,4,84.34
2577,188,4,55.55
2577,202,3,3.93
2577,55,4,19.09
2577,204,4,126.22
2578,217,1,30.36
2578,120,3,119.91
2578,242,1,36.13
2578,237,3,32.92
2579,178,4,110.27
2579,160,2,11.83
2579,225,2,99.36
2579,138,3,116.91
2579,83,3,86.54
2580,54,3,42.19
2580,62,1,57.98
2580,212,3,59.73
2580,87,3,139.63
2581,34,2,7.02
2581,136,3,99.29
2581,161,4,44.68
2581,181,3,57.0
2582,61,4,60.16
2583,175,2,110.65
2583,225,3,80.84
2583,79,3,18.48
2583,68,4,23.54
2584,223,3,77.63
2584,200,4,76.37
2584,120,3,95.06
2584,175,1,107.13
2585,219,4,124.03
2586,100,1,14.21
2587,37,1,22.35
2587,54,1,26.31
2587,14,3,74.0
2587,123,1,58.77
2587,172,4,12.95
2588,195,3,82.12
2588,200,1,104.92
2589,233,1,12.27
2589,157,2,51.92
2589,31,3,5.56
2590,139,2,74.09
2591,90,1,64.93
2591,25,2,97.79
2591,22,1,143.12
2591,168,4,50.34
2591,38,4,116.37
2592,212,2,96.99
2592,49,3,51.43
2592,143,3,84.13
2593,185,3,56.41
2593,123,2,52.47
2593,62,2,63.33
2593,79,4,30.61
2594,41,3,20.01
2594,92,2,29.79
2594,12,2,71.23
2594,243,3,49.27
2595,184,2,53.08
2595,119,3,28.49
2595,196,1,98.72
2595,182,4,43.04
2595,125,4,98.23
2596,14,3,42.77
2597,246,3,25.38
2597,204,3,99.1
2597,98,1,4.15
2597,81,1,23.11
2597,47,3,20.01
2598,146,1,55.69
2599,109,4,97.98
2599,94,1,59.03
2600,150,2,84.61
2601,185,3,79.03
2602,209,2,15.59
2603,71,4,99.55
2603,146,1,86.11
2603,49,2,28.59
2603,24,1,49.27
2604,124,1,32.91
2604,208,1,4.63
2604,163,3,75.3
2604,169,4,60.66
2604,12,2,104.7
2605,107,1,20.06
2606,110,3,80.49
2606,238,3,50.04
2606,104,1,132.07
2606,14,4,45.31
2606,44,1,46.33
2607,192,1,48.44
2607,63,3,36.77
2607,237,4,25.9
2608,205,3,101.36
2608,228,4,26.07
2609,234,3,80.52
2609,129,3,50.9
2609,216,1,56.52
2610,194,3,83.15
2610,15,4,122.92
2610,100,4,14.1
2611,28,1,93.92
2611,204,3,129.24
2611,30,1,38.79
2611,77,4,88.54
2612,103,4,59.24
2612,126,3,129.48
2613,232,2,4.72
2613,72,3,52.99
2613,192,4,42.66
2614,218,3,45.0
2614,12,2,79.6
2614,17,4,128.94
2615,243,3,32.14
2615,114,1,67.39
2615,12,1,79.96
2615,76,4,13.58
2615,37,1,30.78
2616,57,4,56.29
2616,110,2,69.75
2616,93,4,50.82
2617,222,4,88.77
2618,90,1,37.4
2618,194,4,95.01
2618,247,3,49.0
2618,29,3,123.67
2619,236,4,48.12
2619,124,2,30.29
2619,205,2,101.45
2619,12,2,85.6
2620,204,4,128.45
2620,39,3,36.81
2620,29,2,77.0
2620,93,4,68.7
2620,41,3,26.03
2621,89,3,42.87
2622,221,2,24.95
2622,139,4,85.13
2622,8,1,42.62
2622,24,4,32.51
2622,46,1,27.69
2623,203,1,83.77
2624,16,3,57.09
2624,58,1,46.81
2624,231,4,68.66
2624,96,4,2.71
2625,104,4,138.2
2625,225,2,92.76
2625,207,1,81.06
2625,248,3,5.29
2625,89,4,36.2
2626,84,3,88.97
2626,224,1,27.36
2627,210,4,47.11
2627,53,2,42.22
2627,211,3,22.92
2627,246,1,44.24
2628,132,2,99.36
2628,74,2,127.93
2628,246,1,29.15
2629,1,4,9.58
2629,182,4,38.35
2629,137,2,44.14
2629,156,1,77.62
2630,192,2,30.89
2630,142,4,14.81
2630,211,4,20.17
2631,68,1,24.69
2631,95,1,42.59
2631,30,1,37.83
2631,49,1,51.81
2632,54,1,33.38
2632,232,2,4.34
2632,139,1,66.39
2632,131,2,88.21
2633,48,3,112.94
2633,4,3,51.56
2634,65,1,25.23
2634,120,4,94.4
2635,32,1,21.44
2635,54,3,24.07
2635,222,1,68.62
2636,127,3,107.5
2637,149,2,32.07
2637,155,2,55.44
2637,235,2,117.84
2637,215,4,108.95
2638,215,2,116.39
2638,157,2,60.63
2638,52,1,19.31
2638,11,1,84.25
2639,78,1,58.79
2639,213,2,92.88
2640,138,2,114.59
2640,209,4,16.61
2640,18,2,14.14
2641,22,3,136.81
2641,169,3,86.83
2642,95,1,55.71
2643,180,1,13.25
2643,60,4,35.9
2643,203,2,57.39
2643,168,1,29.55
2644,62,2,57.43
2644,209,2,11.87
2645,7,2,70.74
2645,157,3,34.19
2645,186,3,20.48
2646,120,4,100.13
2646,11,4,65.47
2646,208,2,6.06
2647,52,3,17.06
2647,106,4,3.14
2647,129,1,63.01
2647,8,2,33.91
2648,205,4,85.39
2648,149,4,35.66
2648,139,4,55.36
2648,44,1,36.74
2648,76,4,14.98
2649,130,1,118.87
2649,167,4,9.76
2650,17,1,87.27
2650,225,2,91.73
2650,233,3,10.37
2650,41,1,20.98
2650,125,1,110.61
2651,202,2,2.45
2651,117,1,93.06
2651,155,3,58.5
2651,114,1,83.14
2651,3,3,15.24
2652,147,3,133.95
2652,12,2,66.77
2652,242,4,40.24
2652,210,3,38.34
2652,205,4,107.78
2653,18,1,14.06
2653,172,4,17.13
2654,163,1,73.73
2654,176,1,62.09
2654,78,2,69.79
2654,57,2,91.13
2655,108,4,10.56
2655,189,1,74.97
2656,61,4,38.49
2657,216,4,51.56
2658,71,2,132.29
2658,248,4,8.21
2658,185,2,75.98
2658,65,1,30.79
2658,64,4,2.46
2659,236,4,51.07
2660,114,4,100.35
2660,115,2,25.98
2660,76,4,12.42
2661,232,3,3.41
2661,88,3,112.35
2661,170,4,51.45
2662,119,2,17.88
2663,171,3,21.92
2663,7,2,68.18
2663,26,2,89.64
2663,81,2,39.08
2664,135,3,91.75
2664,100,4,12.61
2664,36,4,112.12
2664,40,1,22.3
2664,92,3,29.34
2665,52,1,23.67
2665,126,2,98.19
2665,167,4,11.72
2666,39,4,32.3
2667,20,1,92.61
2667,73,1,26.72
2667,155,1,53.91
2667,201,3,126.95
2668,10,1,48.38
2668,14,3,75.14
2669,206,1,63.15
2669,211,3,14.68
2670,176,1,51.05
2670,239,2,60.62
2670,212,4,111.52
2670,51,3,33.5
2671,16,4,61.51
2671,161,1,76.01
2671,137,4,33.45
2671,174,3,9.21
2672,70,4,94.44
2672,46,3,18.95
2672,38,3,124.19
2672,118,4,28.98
2673,250,4,57.6
2673,50,3,51.63
2673,73,4,26.93
2674,184,4,41.7
2674,215,4,132.82
2675,173,3,63.32
2676,207,1,98.78
2677,161,2,65.83
2677,248,4,6.15
2678,152,3,84.42
2678,180,4,13.18
2679,242,4,36.58
2679,117,4,71.16
2679,34,2,7.86
2679,68,3,16.57
2680,6,1,55.73
2681,149,2,28.37
2681,146,3,55.53
2682,90,1,70.34
2682,246,2,29.31
2682,155,1,38.7
2682,121,3,76.08
2682,249,1,31.62
2683,229,1,26.86
2683,97,2,90.13
2683,90,3,46.64
2684,107,2,17.93
2685,62,4,52.53
2685,83,3,116.51
2685,239,1,89.1
2686,19,1,123.28
2686,164,2,38.2
2687,68,2,25.82
2687,197,4,64.21
2687,127,1,91.11
2688,164,4,52.12
2689,46,2,17.31
2689,239,3,75.0
2689,66,1,11.22
2689,183,4,53.98
2690,160,2,12.4
2690,203,4,68.41
2690,191,3,69.99
2690,218,2,40.31
2690,165,4,112.35
2691,77,2,104.18
2691,93,3,52.91
2691,71,2,111.11
2691,69,4,105.77
2691,28,1,75.89
2692,81,4,36.51
2692,43,4,73.83
2692,124,3,29.52
2692,238,2,47.93
2692,73,2,28.29
2693,165,4,82.76
2693,77,4,99.05
2694,37,1,38.11
2695,79,3,32.2
2695,170,4,39.51
2695,157,1,45.0
2695,198,2,104.55
2696,50,1,62.76
2696,25,2,117.01
2696,158,4,122.88
2696,180,2,10.28
2697,182,4,38.66
2697,223,4,117.84
2698,82,3,73.66
2698,50,3,81.74
2698,23,2,37.16
2698,20,2,109.0
2699,188,3,68.84
2699,25,3,79.31
2700,169,4,61.6
2700,70,3,83.12
2700,81,3,20.58
2700,249,2,40.46
2701,219,4,105.99
2701,237,1,39.22
2701,59,1,59.03
2701,171,1,36.48
2702,23,4,35.19
2702,168,1,38.02
2703,107,1,26.41
2703,110,4,75.23
2703,244,4,22.13
2704,70,1,51.5
2704,1,2,7.18
2705,119,4,21.21
2705,95,4,59.59
2705,108,2,15.93
2706,87,1,104.11
2707,201,2,79.56
2707,77,4,86.79
2707,229,4,29.75
2707,224,4,37.82
2707,110,3,54.18
2708,43,1,73.59
2708,140,1,17.47
2708,153,4,64.43
2709,29,4,71.92
2709,91,1,67.14
2709,223,1,93.95
2709,15,1,87.15
2710,31,4,5.65
2710,118,4,35.82
2710,169,1,82.02
2711,100,3,16.86
2711,173,1,62.72
2711,13,2,78.65
2711,141,2,9.05
2711,119,4,23.81
2712,131,2,85.65
2712,233,4,14.69
2712,130,4,98.23
2712,40,4,40.49
2712,66,4,11.37
2713,146,4,52.5
2714,30,2,36.97
2715,17,3,91.65
2716,233,2,14.41
2716,137,4,39.56
2717,203,3,76.0
2717,84,2,107.68
2717,15,2,116.51
2717,146,3,90.87
2718,22,1,99.89
2718,204,1,113.15
2718,58,4,63.1
2718,31,1,4.11
2718,226,4,57.46
2719,16,1,47.37
2719,198,2,87.75
2719,89,2,35.77
2720,112,1,53.14
2720,203,4,88.41
2721,19,3,127.61
2721,229,4,30.66
2721,247,4,75.79
2721,214,4,64.29
2721,75,4,108.02
2722,105,4,59.19
2723,142,1,18.04
2723,40,4,30.54
2723,72,3,51.16
2724,22,1,126.17
2724,94,4,50.52
2725,198,3,87.47
2725,39,4,32.44
2726,222,2,60.18
2726,130,3,70.26
2726,239,1,56.97
2727,214,4,96.98
2727,35,4,70.8
2727,38,3,111.73
2727,114,2,73.63
2727,236,2,41.98
2728,66,2,6.46
2728,138,1,69.67
2728,202,3,3.51
2729,173,3,62.95
2730,95,2,37.64
2730,207,2,103.51
2730,250,1,46.39
2731,82,3,72.84
2731,230,2,71.39
2731,43,2,48.32
2731,209,2,11.79
2732,242,1,31.95
2732,112,2,70.05
2732,43,1,54.43
2733,12,2,88.72
2733,229,3,17.44
2733,79,2,26.19
2733,201,2,95.95
2733,133,3,2.9
2734,6,2,56.85
2734,197,3,110.28
2734,110,4,75.05
2734,225,4,69.69
2735,108,2,19.25
2735,37,1,41.53
2736,51,4,32.21
2736,218,2,45.39
2736,35,1,118.83
2737,218,4,30.66
2737,179,4,56.59
2737,140,4,21.04
2737,131,4,60.8
2738,139,1,85.15
2738,240,2,111.66
2739,116,3,83.87
2739,177,4,2.72
2739,192,4,36.62
2740,241,2,59.94
2740,44,2,41.68
2741,151,4,54.17
2741,145,1,47.65
2742,146,2,77.14
2742,152,3,84.11
2742,205,1,109.67
2742,167,2,14.27
2743,250,4,32.12
2743,150,2,91.28
2744,193,1,19.6
2745,86,2,84.51
2745,167,1,15.77
2745,245,4,88.12
2745,194,1,58.31
2745,107,3,19.43
2746,174,4,15.65
2747,118,1,27.84
2748,131,3,114.87
2748,8,3,35.48
2748,130,3,78.37
2748,167,4,10.86
2749,127,2,116.49
2749,219,1,118.27
2749,107,1,27.41
2749,55,1,23.04
2750,198,4,85.37
2751,46,1,23.37
2751,31,1,4.26
2751,143,4,58.24
2752,27,2,60.04
2752,32,3,18.62
2753,34,2,5.37
2754,79,2,29.19
2755,24,2,30.54
2755,224,2,20.63
2755,21,3,35.95
2755,137,3,34.51
2755,82,4,73.89
2756,3,3,10.14
2757,194,1,62.37
2757,83,2,74.51
2758,245,1,99.47
2758,9,3,15.08
2758,46,3,20.98
2758,8,4,30.78
2759,41,3,20.18
2759,10,1,47.12
2759,162,2,97.51
2759,191,3,73.67
2760,182,3,58.0
2760,48,1,88.76
2760,108,3,13.93
2760,34,1,7.07
2761,26,2,60.86
2761,53,4,37.5
2761,57,1,88.53
2762,164,2,36.77
2763,13,3,72.86
2763,57,2,59.34
2763,204,1,105.52
2763,99,1,29.53
2763,58,1,62.71
2764,125,3,95.13
2764,93,2,59.65
2764,12,3,77.15
2764,24,1,56.4
2765,131,3,81.94
2765,184,3,50.43
2765,173,1,38.1
2766,1,4,10.02
2766,25,1,99.99
2767,216,1,56.94
2768,236,2,46.91
2769,103,4,53.04
2769,25,2,104.35
2769,227,3,47.57
2770,213,2,60.06
2770,195,1,64.53
2770,164,4,30.12
2770,128,1,130.68
2770,201,4,123.54
2771,23,2,41.35
2771,65,4,25.72
2771,75,4,118.46
2772,149,1,50.31
2772,95,1,34.39
2772,91,1,91.37
2773,109,3,74.1
2773,234,4,97.69
2773,235,3,81.23
2774,241,1,73.69
2774,41,4,24.36
2774,67,4,67.24
2774,83,2,90.22
2774,15,4,92.17
2775,93,3,48.47
2775,44,2,38.91
2776,108,3,13.18
2776,48,1,100.15
2776,140,3,17.91
2776,8,1,38.84
2777,142,4,17.14
2777,30,2,24.75
2778,42,3,78.22
2778,206,1,38.67
2778,150,1,108.51
2778,109,4,83.17
2778,167,3,16.07
2779,98,1,3.89
2779,44,3,25.49
2779,85,1,64.39
2780,92,1,38.78
2780,120,2,92.2
2781,196,3,69.29
2781,214,2,76.59
2781,28,3,78.47
2782,214,1,105.87
2782,145,1,57.94
2782,31,2,5.97
2783,50,4,69.76
2783,4,1,80.93
2783,249,2,41.45
2784,189,4,91.0
2785,149,1,44.82
2786,118,3,41.85
2786,9,3,19.82
2786,155,3,39.51
2786,91,4,74.18
2786,125,1,123.91
2787,54,2,24.66
2787,142,3,24.63
2787,165,3,87.65
2787,79,4,27.64
2788,189,2,66.02
2788,105,4,67.94
2789,174,1,14.03
2789,221,1,24.67
2790,17,3,79.76
2790,176,4,47.77
2790,60,2,22.61
2791,22,1,138.98
2791,165,1,97.58
2791,163,4,85.63
2791,192,2,47.71
2791,111,2,88.83
2792,119,1,16.89
2792,64,1,2.65
2793,221,1,33.02
2793,173,2,48.28
2793,124,1,20.4
2794,7,2,60.0
2794,114,4,96.22
2795,239,4,95.35
2795,90,4,68.12
2795,204,2,72.52
2796,46,1,15.66
2796,104,3,90.08
2796,60,2,20.69
2796,122,3,6.24
2796,164,3,40.28
2797,133,1,3.57
2798,193,2,20.13
2799,111,4,58.79
2799,17,4,69.95
2800,214,2,96.55
2800,52,1,16.86
2800,21,2,55.27
2800,68,2,22.38
2801,1,2,6.62
2801,199,1,62.36
2802,48,4,104.15
2802,186,1,19.84
2802,123,2,96.29
2802,51,4,30.48
2802,144,2,109.55
2803,230,2,83.99
2803,54,2,22.98
2803,169,2,57.34
2804,63,3,25.11
2804,129,4,60.28
2805,80,2,81.97
2805,154,3,38.17
2805,4,1,48.48
2805,121,1,65.25
2806,136,2,86.42
2806,131,2,93.78
2807,199,2,73.5
2808,147,3,89.92
2808,90,4,57.41
2808,64,2,2.19
2808,152,2,66.59
2809,26,3,82.81
2809,221,2,23.01
2809,174,1,16.12
2809,22,4,109.09
2810,10,1,59.97
2810,22,1,92.37
2810,71,4,82.05
2810,181,2,33.22
2811,115,2,28.08
2811,79,4,26.6
2811,129,4,58.43
2811,85,4,74.7
2811,104,2,129.55
2812,157,3,54.06
2812,225,2,94.14
2813,75,3,101.31
2813,20,4,83.54
2813,179,2,84.76
2813,106,4,4.48
2814,70,4,74.25
2814,91,4,87.36
2814,57,3,74.83
2814,88,3,139.76
2814,124,2,25.62
2815,113,3,43.87
2815,75,2,74.72
2816,84,3,118.06
2816,2,4,11.24
2816,47,1,22.46
2817,143,1,77.17
2817,140,2,15.47
2817,234,4,71.29
2817,19,2,109.85
2817,102,1,85.79
2818,24,4,46.67
2818,161,1,62.3
2818,41,4,19.55
2819,158,4,118.83
2820,174,2,10.28
2820,21,3,33.44
2821,17,4,91.13
2822,97,1,135.12
2822,55,4,21.43
2822,163,1,85.26
2822,39,4,24.69
2822,143,3,88.57
2823,30,4,20.85
2823,14,1,70.97
2823,147,4,129.27
2824,21,4,44.6
2824,113,2,37.19
2825,76,2,10.24
2826,217,3,36.78
2826,203,1,63.64
2826,93,2,46.59
2827,223,2,120.25
2827,135,3,102.98
2828,140,1,16.24
2829,75,1,74.89
2830,27,4,35.35
2830,36,2,110.6
2830,206,1,61.72
2831,154,3,32.6
2832,85,1,74.44
2832,213,4,69.66
2832,113,4,39.72
2833,98,2,4.8
2834,179,3,57.52
2834,19,1,89.9
2834,166,2,73.96
2834,175,4,100.53
2835,169,2,88.13
2835,178,2,78.87
2835,165,4,91.53
2835,52,4,15.4
2835,191,4,87.27
2836,8,3,37.42
2836,215,1,132.79
2837,231,2,65.91
2837,77,4,75.07
2837,53,3,50.06
2838,197,4,108.72
2838,140,4,17.14
2838,134,1,37.67
2839,245,3,62.66
2840,74,3,84.43
2840,157,3,39.84
2840,14,1,59.6
2840,176,3,44.65
2840,73,3,44.31
2841,86,2,98.58
2841,65,3,42.63
2841,118,4,28.56
2841,212,1,105.1
2841,167,2,15.09
2842,44,2,31.19
2842,144,1,112.11
2842,241,1,89.82
2842,226,3,55.43
2842,8,4,40.7
2843,168,2,50.37
2843,173,4,66.11
2843,160,4,15.62
2843,56,4,80.18
2843,215,3,122.92
2844,200,4,81.18
2844,124,4,31.03
2844,18,4,10.78
2844,133,2,3.4
2845,62,1,65.4
2846,133,3,2.69
2846,108,3,18.03
2846,78,3,75.34
2846,7,4,49.94
2846,157,3,41.05
2847,167,1,15.47
2847,87,4,86.11
2847,74,1,121.24
2847,27,2,57.1
2847,34,2,8.92
2848,42,4,72.43
2848,211,3,19.92
2848,5,4,94.11
2848,91,4,74.51
2848,64,1,3.31
2849,35,1,126.28
2849,207,1,133.9
2849,77,4,71.21
2850,107,2,24.26
2850,250,2,55.14
2850,217,2,32.95
2850,24,3,41.86
2850,167,3,17.7
2851,101,4,24.4
2851,247,2,76.3
2851,97,3,74.79
2851,22,4,94.16
2852,163,4,89.97
2853,55,4,17.77
2853,66,3,7.51
2854,72,2,43.55
2854,189,3,92.98
2854,106,1,4.8
2854,117,2,103.08
2854,173,1,63.67
2855,212,4,65.04
2855,47,4,34.22
2855,88,1,107.87
2856,204,2,115.03
2856,86,3,112.14
2856,217,4,43.73
2856,19,1,104.2
2857,227,1,42.23
2857,248,3,7.38
2857,36,4,101.87
2857,172,1,11.37
2857,67,4,101.55
2858,198,2,88.93
2858,152,2,83.42
2858,117,1,75.86
2859,248,3,5.41
2859,196,2,85.42
2860,200,2,76.45
2860,234,3,111.24
2861,226,3,60.55
2862,163,2,92.61
2862,188,2,69.51
2862,196,2,58.14
2863,181,4,56.33
2863,89,3,38.32
2863,241,3,80.26
2864,153,3,67.48
2864,63,1,36.06
2865,196,4,84.57
2865,114,2,91.31
2865,141,1,14.46
2866,63,1,38.31
2866,155,1,58.57
2866,115,4,41.02
2866,133,3,2.69
2866,51,1,33.71
2867,174,4,9.23
2867,192,2,53.96
2867,97,4,77.83
2868,116,1,76.04
2868,211,1,18.21
2868,85,2,42.02
2868,14,4,72.78
2868,204,1,124.33
2869,212,3,84.06
2869,67,4,76.12
2869,236,2,35.84
2869,137,3,48.65
2870,163,4,53.2
2870,26,1,65.85
2871,233,1,12.91
2871,47,3,36.42
2871,157,4,36.6
2871,175,4,96.16
2872,126,2,94.0
2873,140,2,12.1
2874,163,2,57.66
2875,215,4,91.33
2876,141,4,9.1
2877,36,3,83.16
2877,55,3,25.29
2877,34,4,5.41
2877,218,4,26.8
2878,126,4,105.92
2878,233,2,8.21
2879,42,3,80.12
2879,207,1,120.51
2879,156,1,87.32
2879,7,3,82.89
2880,162,4,92.17
2880,95,2,57.26
2880,117,2,85.43
2880,194,4,93.02
2880,94,3,73.69
2881,210,2,43.12
2882,81,1,30.59
2882,42,3,72.14
2882,56,2,57.73
2882,198,2,57.28
2883,1,1,6.02
2884,52,4,24.98
2884,208,1,7.96
2884,182,2,45.47
2885,210,2,26.87
2885,163,3,72.62
2886,176,1,52.5
2886,64,1,3.07
2887,183,1,39.95
2887,110,3,65.86
2887,226,3,47.56
2887,178,2,66.6
2887,21,3,52.83
2888,114,4,78.2
2888,28,1,105.55
2889,250,2,34.17
2889,60,2,36.9
2889,234,4,70.94
2889,95,4,36.35
2890,106,4,5.09
2890,135,3,72.16
2890,166,4,98.22
2890,111,3,89.25
2890,71,3,104.25
2891,88,3,105.34
2891,45,4,87.94
2892,175,3,75.25
2892,213,4,61.36
2893,26,3,96.14
2894,174,4,15.94
2895,187,2,78.15
2895,171,1,31.97
2895,162,4,109.64
2895,189,2,75.14
2896,181,2,38.93
2896,89,3,26.66
2896,176,2,64.73
2896,162,1,83.49
2896,220,1,12.58
2897,7,1,64.29
2897,249,1,37.67
2898,53,1,43.61
2898,105,4,79.63
2898,64,2,2.26
2898,83,2,82.82
2898,112,3,56.64
2899,126,4,90.03
2899,191,3,68.17
2899,75,2,71.8
2899,62,2,58.65
2899,6,4,36.79
2900,144,1,104.51
2900,182,3,38.04
2901,58,2,47.46
2901,27,1,35.64
2902,69,3,105.15
2902,2,4,14.63
2903,218,2,32.82
2903,197,4,90.38
2904,123,3,55.45
2905,162,3,77.63
2905,142,4,15.0
2906,67,1,93.68
2906,175,4,89.59
2906,86,4,96.66
2906,182,1,36.94
2907,127,2,80.26
2908,236,3,38.55
2908,66,1,8.08
2909,80,4,82.53
2909,28,3,89.36
2910,168,4,47.44
2910,28,1,109.68
2910,9,2,28.0
2910,26,3,87.6
2910,75,3,96.37
2911,19,4,116.94
2911,35,3,91.28
2911,227,3,29.33
2911,114,1,93.64
2912,146,1,91.13
2912,233,1,12.35
2912,242,1,38.08
2912,65,2,26.83
2913,159,3,10.3
2913,196,2,81.11
2913,100,3,13.95
2913,84,4,106.21
2913,143,4,87.53
2914,82,1,122.19
2914,108,1,13.81
2914,46,1,24.98
2914,106,1,4.78
2915,1,2,7.49
2915,86,2,98.37
2916,14,2,42.47
2916,233,1,8.14
2917,241,2,106.91
2917,43,4,52.92
2918,90,1,70.61
2919,117,2,98.15
2919,188,2,67.81
2920,138,2,80.61
2920,197,2,100.95
2920,219,4,84.48
2921,158,1,67.57
2921,83,2,111.38
2921,90,2,69.4
2922,229,2,20.86
2922,132,2,88.91
2923,90,3,70.08
2924,151,1,60.88
2924,105,1,107.62
2925,161,1,49.63
2925,169,1,66.43
2925,41,3,27.93
2926,122,2,6.11
2927,70,1,78.73
2927,151,2,67.56
2927,66,4,7.86
2927,11,1,119.78
2928,143,1,61.49
2929,222,3,72.77
2929,54,2,35.75
2929,247,2,54.86
2930,69,1,60.73
2930,109,3,108.01
2930,210,1,28.64
2930,154,2,34.62
2930,187,2,86.58
2931,201,1,72.12
2931,124,3,20.53
2931,174,1,12.53
2932,160,3,15.39
2933,137,3,43.8
2933,123,2,97.57
2933,125,1,127.31
2934,155,1,39.95
2934,8,4,35.19
2934,242,4,28.24
2934,159,1,14.64
2934,25,3,117.14
2935,81,4,36.95
2936,143,2,86.02
2936,199,4,52.47
2936,168,4,35.18
2936,193,3,21.09
2937,225,4,116.47
2937,139,3,93.63
2937,93,4,55.41
2937,7,4,62.44
2938,14,2,55.37
2939,62,4,55.18
2939,74,3,76.65
2940,2,3,10.35
2940,74,3,109.87
2940,210,4,30.62
2940,31,2,5.79
2941,27,2,47.47
2941,152,4,114.51
2941,101,3,21.73
2941,166,3,70.31
2941,31,3,4.62
2942,227,2,31.48
2942,239,4,94.2
2943,183,4,48.72
2944,140,1,19.81
2944,160,3,13.73
2944,249,4,25.89
2945,121,2,100.5
2945,65,3,39.86
2945,155,4,63.42
2946,107,1,27.67
2946,21,4,56.53
2946,101,4,17.39
2946,162,3,88.38
2946,189,1,85.84
2947,42,4,98.96
2947,186,1,26.56
2947,18,1,18.13
2948,6,4,45.89
2948,95,2,60.32
2948,82,3,118.59
2948,179,3,78.14
2949,223,4,101.45
2949,216,2,32.95
2949,25,2,91.16
2949,164,2,30.87
2949,44,2,31.96
2950,84,2,79.26
2950,150,3,103.37
2950,184,1,59.81
2951,20,4,116.53
2951,235,4,85.44
2951,27,2,41.56
2951,197,3,94.95
2952,40,2,23.06
2953,12,4,56.88
2954,54,4,22.32
2954,72,4,58.84
2954,175,2,85.31
2955,164,4,29.02
2955,46,2,20.17
2955,152,1,85.3
2955,207,1,90.11
2956,172,3,10.56
2956,98,3,3.84
2957,211,2,16.45
2957,185,4,61.35
2958,206,2,35.79
2958,209,4,19.76
2958,230,1,120.34
2959,234,2,70.63
2959,155,1,56.64
2959,35,1,114.03
2959,122,4,6.3
2959,94,2,55.94
2960,152,2,96.88
2960,143,2,72.45
2960,17,4,86.36
2961,126,2,125.41
2961,183,2,63.58
2961,246,1,33.09
2962,3,4,15.24
2962,78,3,50.71
2962,65,4,40.54
2963,89,1,39.19
2963,201,3,107.15
2963,83,4,117.15
2963,133,4,3.52
2964,62,4,42.82
2964,5,1,97.0
2964,16,1,64.04
2965,98,2,3.38
2965,195,1,88.76
2966,141,1,9.99
2966,102,2,85.37
2967,163,3,63.1
2967,74,2,84.48
2968,199,1,39.46
2968,180,1,10.45
2969,68,2,19.77
2969,170,4,57.16
2970,83,4,124.93
2970,250,2,48.84
2970,98,3,3.54
2970,30,4,35.98
2970,163,3,52.08
2971,56,3,49.16
2971,97,2,71.33
2971,18,4,10.5
2972,243,3,42.22
2972,49,2,39.43
2972,233,4,12.98
2972,32,2,16.55
2973,147,4,86.57
2973,121,2,86.91
2973,182,2,57.22
2973,116,2,49.97
2973,222,4,59.47
2974,219,1,84.26
2974,58,3,42.1
2974,51,2,22.91
2974,134,1,34.51
2974,185,4,87.46
2975,225,1,131.36
2976,48,2,84.91
2976,152,3,86.94
2977,232,3,3.1
2977,224,4,37.04
2978,237,3,37.09
2978,51,2,22.73
2978,220,4,14.26
2979,6,3,47.25
2979,88,4,98.67
2979,63,3,24.82
2979,196,2,74.88
2979,9,4,16.8
2980,2,1,11.67
2980,144,3,101.11
2980,108,3,14.08
2980,224,4,25.47
2981,64,4,3.22
2981,190,1,77.05
2981,94,4,71.04
2981,245,2,80.06
2981,166,1,91.24
2982,229,1,28.33
2982,161,1,77.09
2982,27,3,42.2
2983,109,4,92.92
2983,169,1,91.37
2984,103,2,46.21
2984,78,3,57.28
2984,124,3,32.93
2984,10,3,57.21
2984,64,2,1.83
2985,163,3,89.1
2985,18,2,14.58
2985,76,3,9.61
2985,57,3,57.92
2986,137,1,48.36
2986,64,3,2.18
2986,167,1,16.31
2986,234,2,68.83
2987,73,1,37.19
2987,113,4,37.11
2987,141,2,13.05
2987,119,2,16.44
2988,188,1,64.32
2989,135,3,89.84
2989,198,3,104.55
2989,3,1,9.27
2990,7,3,60.04
2991,177,3,2.9
2991,19,2,136.72
2992,75,1,71.21
2992,15,1,103.02
2992,228,3,22.17
2992,68,2,16.18
2993,187,4,104.17
2993,134,1,34.56
2993,132,1,95.22
2994,134,1,33.28
2994,59,1,69.36
2994,89,1,30.6
2995,17,2,101.51
2995,88,1,81.18
2996,45,1,72.67
2996,222,3,80.84
2996,186,3,18.43
2996,121,4,58.26
2997,48,2,76.66
2997,243,1,44.28
2997,82,4,116.84
2997,90,2,42.2
2998,166,2,69.06
2998,79,1,26.67
2998,83,4,108.26
2998,209,1,18.21
2998,186,4,27.08
2999,10,2,57.91
2999,26,1,110.73
2999,173,3,59.81
2999,4,1,84.37
3000,203,2,75.63
3001,188,3,60.42
3001,20,3,75.7
3001,86,2,83.42
3002,166,2,80.61
3002,45,4,92.65
3002,123,4,92.18
3003,145,2,55.45
3003,164,4,31.88
3004,121,2,85.54
3004,128,4,105.46
3004,159,1,10.11
3004,133,1,2.88
3005,163,1,82.14
3005,92,2,25.19
3006,144,2,111.85
3007,165,4,111.79
3007,42,2,86.22
3007,5,3,106.31
3007,22,2,101.04
3008,244,1,24.26
3008,151,1,73.55
3008,109,1,106.73
3008,199,1,65.51
3009,56,4,59.3
3009,194,2,62.03
3009,106,3,2.77
3009,6,4,59.24
3010,91,1,76.72
3010,6,3,63.52
3010,135,1,107.28
3011,48,1,91.25
3011,93,3,67.99
3011,13,3,65.01
3011,178,1,97.08
3011,182,3,52.39
3012,13,2,78.24
3012,96,1,2.25
3012,4,1,74.15
3012,179,1,87.96
3013,134,2,28.63
3013,68,1,21.4
3013,157,3,51.64
3013,4,1,91.61
3014,249,1,29.82
3015,86,4,86.82
3016,64,2,3.34
3016,211,1,15.05
3016,144,4,87.64
3016,101,4,19.08
3016,10,3,61.02
3017,242,3,27.04
3017,20,4,76.81
3017,228,2,19.81
3018,12,2,82.43
3018,196,1,101.59
3018,212,1,58.48
3018,184,2,55.07
3018,7,1,71.06
3019,3,1,12.86
3019,153,3,82.16
3019,176,3,38.65
3019,158,4,88.05
3020,80,1,74.71
3020,69,3,102.21
3020,230,4,104.38
3021,120,4,70.19
3021,177,1,1.6
3022,5,3,113.2
3022,191,4,80.78
3022,218,3,39.47
3022,47,1,32.44
3023,232,2,5.35
3023,65,4,44.22
3023,224,3,23.71
3023,160,1,13.15
3024,106,3,3.41
3024,22,2,125.17
3024,201,2,116.05
3024,164,4,51.38
3025,132,3,78.18
3026,193,2,25.61
3026,56,2,81.03
3026,27,1,32.19
3026,136,3,113.98
3027,41,3,20.67
3027,217,1,34.9
3027,52,2,15.82
3028,239,1,71.35
3028,156,4,110.96
3028,105,4,82.71
3028,12,2,93.55
3028,23,2,41.63
3029,56,1,77.31
3029,143,3,77.11
3029,210,3,26.04
3029,85,2,73.02
3029,65,4,27.41
3030,155,1,74.15
3030,194,3,80.5
3030,6,4,68.98
3030,134,2,39.67
3031,182,3,49.24
3031,229,2,17.14
3031,58,1,51.75
3031,222,1,80.92
3031,20,3,100.38
3032,92,1,31.59
3033,46,2,24.04
3034,144,4,117.0
3034,134,3,28.88
3034,28,3,70.97
3034,78,3,59.64
3035,167,1,13.6
3036,49,3,41.07
3036,249,4,39.29
3036,192,2,39.93
3037,69,2,114.89
3038,213,4,99.71
3039,165,3,93.21
3040,78,4,73.54
3040,140,4,17.93
3040,88,4,106.35
3040,20,1,103.58
3041,172,4,13.01
3041,66,1,6.3
3041,197,2,79.75
3041,23,2,45.52
3042,134,4,36.69
3042,64,4,2.33
3042,161,1,47.56
3042,207,3,134.64
3043,116,1,81.03
3043,70,2,71.24
3044,146,4,71.37
3044,58,4,42.17
3045,4,3,74.28
3045,60,2,30.92
3045,200,3,109.27
3046,47,1,35.13
3046,176,3,49.09
3047,92,2,33.46
3047,130,1,69.83
3047,225,4,92.72
3047,182,2,54.08
3048,232,4,3.17
3048,186,3,28.54
3048,38,2,91.2
3049,159,2,15.05
3049,177,3,1.97
3049,170,2,65.32
3049,120,1,71.55
3049,231,3,85.86
3050,135,1,98.8
3050,99,4,24.55
3050,180,3,16.56
3050,186,2,24.21
3050,228,3,19.1
3051,117,1,82.15
3051,50,4,53.54
3051,123,4,59.5
3051,201,4,85.79
3051,242,4,39.12
3052,6,2,65.98
3052,179,1,71.41
3052,164,4,50.43
3053,159,4,14.41
3053,186,4,19.36
3053,140,1,16.12
3053,134,2,32.8
3054,104,4,104.95
3054,167,4,10.57
3054,250,4,34.37
3054,228,3,20.09
3055,117,2,73.57
3055,138,3,120.55
3055,95,1,62.57
3056,58,4,44.18
3057,214,1,111.47
3057,224,3,36.43
3057,210,2,45.84
3057,194,1,78.14
3058,248,4,6.14
3058,1,4,10.01
3058,116,2,83.08
3058,211,1,15.01
3058,7,4,88.9
3059,103,3,38.17
3059,228,3,25.96
3060,209,1,11.17
3060,188,2,50.33
3061,18,3,18.03
3061,75,4,91.17
3061,149,2,29.1
3061,151,4,48.78
3061,172,4,15.13
3062,206,3,44.04
3062,237,4,42.79
3062,56,2,84.41
3063,61,3,61.89
3063,108,3,17.18
3063,162,1,61.32
3063,219,4,132.43
3064,145,1,45.46
3064,36,1,77.09
3065,194,1,80.84
3065,20,2,75.79
3066,170,1,57.46
3066,124,2,27.13
3066,139,2,88.62
3066,231,1,55.17
3066,44,1,29.0
3067,194,1,56.63
3067,211,1,21.63
3067,249,3,37.29
3067,153,3,82.21
3067,226,4,39.84
3068,10,1,33.86
3068,80,3,96.64
3069,31,3,4.79
3069,210,2,35.44
3070,189,1,63.68
3071,34,4,7.56
3071,148,1,51.38
3071,21,1,50.47
3071,195,1,63.47
3071,175,3,73.8
3072,147,2,126.45
3072,78,1,90.56
3072,139,1,89.3
3073,88,2,141.5
3074,156,3,97.26
3074,77,2,87.73
3075,106,2,3.48
3075,9,1,19.97
3075,243,2,52.6
3075,30,3,39.13
3075,96,2,2.96
3076,5,4,66.0
3076,222,4,64.7
3076,205,3,75.85
3076,77,1,89.14
3076,153,2,65.16
3077,194,3,56.39
3077,203,2,63.0
3077,173,1,55.12
3077,245,2,82.91
3078,128,3,84.75
3078,113,3,47.51
3078,176,4,52.07
3078,7,1,60.26
3079,9,2,19.52
3080,156,1,72.36
3080,184,1,37.94
3081,248,4,6.58
3081,142,3,21.59
3081,203,2,76.94
3082,20,1,101.36
3082,206,3,56.2
3082,49,1,52.57
3082,66,1,7.71
3082,250,1,47.82
3083,1,1,9.97
3084,186,2,27.2
3085,73,3,48.17
3085,174,4,10.44
3085,84,3,93.38
3085,43,3,48.96
3085,82,2,103.09
3086,157,2,54.71
3087,128,4,81.64
3088,65,1,36.08
3088,193,3,29.64
3089,32,4,22.73
3089,100,3,15.87
3090,57,1,54.86
3090,179,4,80.15
3091,48,2,93.58
3091,57,3,53.81
3092,45,1,99.39
3092,206,3,55.29
3093,200,3,70.05
3093,165,3,72.97
3093,4,1,67.69
3093,88,2,101.11
3093,187,3,129.82
3094,126,1,133.79
3094,48,3,105.93
3094,120,3,105.24
3094,74,1,91.49
3094,245,3,61.04
3095,43,3,48.16
3095,160,3,9.97
3095,109,1,95.24
3096,123,1,83.73
3096,238,1,74.07
3096,165,1,101.12
3096,172,4,19.39
3096,44,4,31.2
3097,9,3,26.63
3097,80,1,113.32
3098,36,1,73.92
3098,185,2,67.63
3098,96,1,1.92
3098,59,1,50.43
3099,48,2,98.45
3099,22,4,109.36
3099,73,1,50.13
3100,229,4,17.16
3100,123,2,72.45
3101,157,4,55.79
3101,150,3,86.52
3101,189,4,91.56
3101,248,3,4.63
3102,202,4,3.11
3102,75,4,104.94
3102,159,2,12.0
3102,160,4,12.93
3103,222,3,81.72
3103,73,2,27.67
3103,128,1,83.99
3103,81,4,35.8
3103,13,1,84.56
3104,61,2,38.79
3104,167,1,16.85
3105,190,4,65.39
3105,221,3,34.88
3105,160,4,13.55
3105,226,1,53.82
3106,85,1,54.05
3106,230,4,70.3
3106,18,1,18.63
3106,203,4,52.09
3106,29,3,121.38
3107,34,2,8.14
3107,54,3,29.22
3107,104,3,123.6
3108,119,4,20.97
3108,166,1,79.94
3108,142,1,19.41
3109,136,3,64.12
3109,67,2,108.5
3109,162,3,102.12
3109,79,3,20.5
3110,104,4,140.48
3110,100,3,13.83
3111,20,4,101.02
3111,105,2,71.97
3111,18,4,14.44
3111,135,4,92.66
3111,44,3,32.55
3112,165,1,100.94
3112,163,1,64.0
3113,203,3,74.17
3113,86,3,86.17
3114,186,4,25.96
3115,162,3,112.81
3115,164,1,53.62
3115,96,1,2.31
3116,247,2,46.27
3116,90,2,56.89
3117,67,3,86.6
3117,14,2,54.71
3118,91,4,61.67
3118,111,2,83.99
3118,83,3,78.1
3118,40,3,24.13
3118,237,2,42.28
3119,75,1,90.38
3119,232,4,3.94
3119,147,1,137.77
3119,104,1,124.49
3120,116,2,63.42
3120,244,1,19.52
3120,60,2,37.67
3120,113,3,39.79
3121,109,3,68.43
3122,235,3,85.6
3122,139,3,54.82
3122,134,4,31.35
3123,205,1,101.25
3124,104,1,139.85
3124,192,4,33.22
3124,9,2,16.35
3124,77,3,60.77
3125,152,4,65.69
3125,203,4,62.31
3125,46,1,28.97
3125,228,2,16.98
3126,231,3,58.71
3127,144,3,108.42
3127,120,3,115.11
3128,43,4,40.44
3128,139,4,84.05
3128,187,4,111.69
3129,15,2,74.67
3129,31,3,4.65
3129,27,2,59.47
3129,17,2,90.55
3129,207,2,82.07
3130,204,1,93.52
3130,135,2,104.26
3130,206,3,43.16
3131,217,2,37.4
3131,29,4,108.67
3131,238,3,52.86
3132,169,4,55.74
3132,151,1,88.48
3133,157,1,43.77
3133,213,4,63.49
3133,191,2,114.9
3133,195,4,83.97
3134,194,3,61.08
3135,118,3,22.32
3135,237,3,33.94
3135,225,2,83.43
3135,9,4,26.3
3136,3,3,15.14
3136,76,1,13.0
3136,138,1,115.62
3136,195,3,88.33
3137,155,1,67.58
3137,19,3,78.71
3137,195,3,81.13
3137,30,2,33.72
3138,242,2,24.66
3138,36,2,113.85
3138,196,2,85.38
3139,248,4,5.94
3139,238,4,46.76
3139,100,3,19.31
3139,23,3,44.05
3140,150,3,65.89
3140,144,2,115.75
3140,56,2,70.27
3140,61,2,44.23
3141,107,1,25.22
3141,134,1,36.77
3141,104,3,103.38
3141,98,2,2.7
3142,4,4,77.6
3142,158,1,81.08
3142,52,1,22.52
3143,206,1,41.17
3143,23,4,31.43
3143,68,2,22.08
3143,37,2,33.6
3144,160,3,10.11
3144,72,4,52.29
3144,224,2,31.51
3144,147,2,136.82
3144,84,2,75.54
3145,22,1,118.2
3145,201,4,132.61
3145,158,1,99.37
3145,213,1,92.33
3145,89,1,30.53
3146,38,3,128.64
3146,69,2,87.65
3146,200,3,78.29
3146,78,4,60.11
3147,27,3,60.98
3147,205,2,66.34
3148,49,4,35.04
3148,199,1,41.98
3148,224,4,26.45
3148,48,1,95.72
3148,146,4,57.46
3149,52,4,19.98
3149,149,1,50.11
3150,104,4,79.23
3150,102,1,104.74
3150,191,2,111.96
3150,79,2,28.46
3150,233,4,8.8
3151,68,3,27.12
3151,250,4,59.01
3151,103,4,50.98
3151,85,3,77.31
3151,238,1,77.02
3152,241,4,113.73
3152,193,4,24.6
3152,149,4,28.26
3152,20,2,68.6
3152,242,4,27.58
3153,176,3,42.54
3153,27,1,53.41
3153,217,2,49.06
3154,40,4,30.22
3154,111,3,81.67
3154,51,3,21.68
3154,31,2,4.38
3155,208,4,5.0
3156,66,2,6.53
3156,114,3,57.94
3157,84,2,77.2
3157,4,1,49.4
3157,130,3,78.24
3157,189,3,61.98
3157,53,2,34.43
3158,179,4,98.59
3159,195,3,73.61
3159,90,1,61.23
3160,242,1,31.83
3160,231,4,73.45
3160,43,2,64.14
3160,83,2,67.1
3160,78,2,75.46
3161,238,3,53.68
3161,132,1,90.27
3162,249,3,44.27
3162,22,2,82.15
3162,110,3,58.41
3162,191,4,79.83
3162,46,2,18.55
3163,120,4,67.28
3163,178,1,88.04
3163,75,1,82.25
3163,218,2,31.01
3164,33,4,50.06
3165,247,1,48.81
3165,62,4,60.59
3165,206,3,61.41
3166,110,3,48.74
3166,115,4,27.13
3166,37,2,23.24
3166,219,1,113.66
3166,14,4,63.44
3167,126,1,129.55
3167,247,1,65.59
3167,67,2,102.83
3168,84,3,90.9
3168,205,1,81.86
3168,1,3,8.7
3169,33,3,38.32
3169,217,4,37.4
3169,97,1,109.49
3169,123,1,64.34
3170,51,1,22.92
3170,105,3,90.22
3170,174,2,13.49
3170,188,2,45.12
3171,125,3,80.84
3171,132,3,83.17
3171,56,3,76.84
3171,229,1,30.27
3172,132,2,62.98
3172,239,3,63.97
3172,101,4,16.01
3173,119,1,30.02
3174,153,3,107.61
3174,194,3,95.62
3174,86,1,91.08
3175,156,4,74.84
3175,68,1,23.59
3176,178,1,89.05
3176,161,2,69.63
3176,71,3,137.61
3177,41,3,18.62
3177,234,1,91.74
3177,19,4,126.46
3178,127,3,69.39
3178,67,3,74.26
3178,9,4,23.81
3179,111,2,51.72
3179,98,4,4.44
3179,240,4,106.25
3179,209,4,14.03
3180,197,1,96.33
3180,210,3,26.17
3180,248,2,7.61
3181,70,1,85.16
3182,39,3,25.31
3182,36,2,96.54
3182,14,1,49.02
3182,151,3,50.71
3182,37,1,28.05
3183,15,2,88.5
3183,182,2,50.12
3183,89,1,30.3
3183,95,4,43.32
3183,83,3,83.93
3184,60,2,34.06
3184,51,3,34.62
3184,54,4,29.3
3184,211,1,14.99
3185,36,1,85.44
3185,76,1,11.6
3185,23,3,39.95
3185,54,3,38.76
3185,11,1,74.66
3186,248,4,7.04
3187,240,1,131.05
3187,193,4,17.62
3188,172,2,15.46
3188,5,2,67.39
3188,227,4,35.43
3188,112,1,84.5
3189,236,2,62.71
3189,139,4,90.2
3190,62,4,45.1
3190,201,1,131.51
3190,92,2,28.3
3191,152,4,73.66
3191,145,1,54.35
3192,15,1,104.12
3192,58,3,56.97
3193,165,3,108.34
3193,7,2,71.89
3193,168,4,41.39
3193,49,3,34.57
3193,160,1,9.02
3194,48,2,129.09
3194,114,3,79.36
3194,99,1,32.11
3194,249,3,36.31
3194,82,4,94.72
3195,93,2,38.3
3195,141,1,14.47
3195,89,1,46.8
3195,186,3,27.15
3195,85,3,69.03
3196,115,3,24.69
3197,4,2,55.87
3197,250,4,44.99
3197,49,1,31.91
3197,174,3,15.53
3198,46,3,16.97
3198,2,1,9.34
3199,39,4,27.12
3200,40,4,25.3
3201,110,2,53.66
3201,198,1,97.05
3201,238,2,53.77
3201,239,4,71.79
3201,168,4,46.74
3202,42,2,71.48
3202,26,3,89.89
3202,219,3,134.47
3202,54,3,30.43
3203,217,3,48.75
3203,154,1,43.37
3203,9,4,20.05
3204,195,2,68.94
3204,143,4,86.21
3204,233,3,11.55
3204,182,3,58.59
3205,174,1,11.92
3205,128,4,132.95
3205,125,1,92.98
3206,26,3,91.21
3207,106,1,3.42
3207,129,2,49.35
3207,117,4,117.58
3208,177,1,2.58
3208,102,4,85.64
3208,105,2,82.84
3209,85,2,41.35
3209,1,2,6.15
3209,220,2,10.69
3209,205,2,88.68
3210,225,4,92.27
3210,216,3,60.01
3210,35,1,122.39
3210,230,3,92.46
3211,172,3,12.73
3211,25,2,107.7
3211,34,3,5.89
3212,147,1,102.62
3212,156,3,74.12
3212,161,3,78.26
3213,167,2,18.48
3213,174,1,9.76
3213,83,1,94.91
3213,21,3,55.0
3214,229,2,20.04
3214,156,1,93.46
3214,109,1,122.24
3215,155,1,60.62
3215,193,4,29.22
3215,100,3,11.37
3216,54,3,34.58
3216,68,3,17.48
3216,234,1,99.24
3216,173,2,35.5
3216,75,3,111.21
3217,83,4,97.95
3217,70,2,66.81
3217,146,1,81.74
3217,10,3,37.38
3218,195,4,91.96
3218,120,4,100.42
3218,1,1,10.06
3218,215,4,77.95
3219,209,3,18.7
3219,26,2,79.97
3219,44,3,45.98
3220,125,1,111.59
3220,119,2,28.86
3221,145,3,52.32
3221,173,4,63.47
3221,172,2,14.79
3221,229,1,17.1
3222,7,3,64.92
3222,237,4,37.79
3223,67,4,76.73
3223,226,4,49.4
3223,50,3,74.33
3223,144,1,84.56
3223,89,4,44.73
3224,23,1,27.58
3224,162,2,72.47
3224,201,4,112.12
3224,170,2,44.77
3224,177,1,1.96
3225,4,1,54.74
3225,172,4,17.36
3225,120,4,76.39
3225,225,4,116.3
3226,45,1,103.75
3226,189,2,66.92
3227,221,1,29.51
3227,82,1,88.49
3228,206,3,65.08
3229,131,2,67.75
3229,76,1,12.33
3230,62,4,50.99
3231,215,3,120.65
3232,128,2,89.38
3233,42,3,99.96
3233,195,4,81.78
3233,13,3,96.97
3233,21,4,37.72
3233,161,1,57.35
3234,132,2,104.15
3235,111,3,79.83
3235,73,2,36.07
3235,185,2,59.5
3235,163,2,90.01
3236,66,4,8.93
3236,237,3,25.2
3236,156,2,107.91
3237,239,3,88.75
3237,152,4,72.38
3237,66,3,8.52
3237,92,2,34.41
3237,70,1,65.12
3238,215,3,110.6
3238,93,3,65.32
3238,106,3,2.91
3238,60,3,25.36
3239,18,2,13.08
3239,205,4,74.52
3239,75,3,114.19
3239,190,2,92.95
3239,82,3,78.06
3240,61,1,39.19
3241,88,2,107.27
3241,67,4,118.16
3241,135,2,111.51
3241,57,4,82.76
3242,43,3,74.3
3243,194,3,74.21
3243,26,2,71.78
3243,48,4,126.91
3244,211,1,23.51
3244,123,1,92.95
3245,232,2,5.64
3245,126,2,77.63
3245,241,1,88.25
3245,117,2,118.16
3245,54,4,29.77
3246,243,3,52.76
3246,23,3,44.92
3247,145,1,50.14
3247,181,1,55.74
3247,177,3,1.84
3247,149,1,38.98
3247,133,2,2.48
3248,191,2,106.26
3248,168,2,30.99
3248,229,4,27.81
3248,82,4,71.54
3248,87,1,92.95
3249,71,2,131.8
3249,199,1,69.93
3250,50,2,48.28
3250,57,4,83.99
3250,35,2,86.36
3250,76,4,12.36
3251,22,2,99.97
3251,234,4,111.26
3252,146,2,71.01
3253,46,4,23.58
3253,10,1,44.69
3253,113,2,31.58
3254,28,3,124.07
3254,110,1,83.65
3254,104,1,78.33
3255,113,2,35.28
3255,100,4,12.13
3255,16,4,48.69
3255,30,1,39.47
3256,90,4,71.23
3256,121,2,79.94
3256,221,4,35.94
3256,80,1,100.08
3256,62,3,61.0
3257,221,2,20.85
3257,13,1,75.44
3258,249,1,25.76
3258,35,1,113.53
3258,85,2,75.76
3258,212,1,61.14
3259,10,4,54.54
3259,99,2,29.1
3259,201,2,128.88
3260,87,3,108.29
3260,245,2,98.39
3260,210,4,39.82
3260,194,3,69.26
3261,192,3,33.62
3261,237,2,34.56
3261,219,3,100.02
3262,100,4,16.58
3262,19,3,123.98
3262,127,3,126.74
3262,78,2,62.92
3263,67,3,100.81
3263,249,1,31.92
3263,38,2,105.35
3263,94,4,48.28
3264,18,4,10.56
3264,28,3,93.75
3265,238,1,69.62
3265,24,3,37.57
3266,55,4,20.72
3266,216,1,52.59
3266,164,4,49.67
3267,184,2,44.14
3267,192,3,36.43
3267,95,4,44.17
3267,229,4,25.68
3267,91,4,59.54
3268,188,3,45.94
3269,66,3,6.3
3269,150,4,93.47
3269,127,4,124.72
3269,227,4,46.08
3269,173,3,42.44
3270,220,3,13.05
3270,104,1,132.87
3270,247,2,68.37
3270,113,2,50.94
3270,134,4,36.8
3271,44,1,24.65
3271,56,1,81.63
3271,113,3,52.69
3272,217,3,32.08
3272,125,2,70.74
3272,90,2,50.09
3272,116,2,76.88
3272,15,1,76.8
3273,160,4,10.11
3274,55,4,19.28
3275,40,3,21.9
3275,182,1,43.42
3276,26,4,91.49
3276,136,4,88.22
3276,68,2,21.76
3276,106,1,5.05
3277,126,4,132.03
3277,80,1,61.73
3278,121,4,55.82
3278,75,2,71.34
3278,14,4,56.83
3278,1,1,7.92
3279,11,1,68.8
3279,2,2,13.04
3279,128,2,123.62
3279,16,2,59.88
3280,217,1,30.04
3281,51,1,19.18
3281,203,4,86.63
3281,69,4,95.02
3281,186,4,29.68
3281,151,1,86.28
3282,203,4,56.93
3283,29,3,111.61
3283,146,3,72.66
3283,98,4,2.86
3284,6,3,44.37
3284,223,3,118.59
3284,201,4,92.7
3284,40,1,40.02
3285,235,3,108.51
3285,84,1,87.23
3286,1,3,5.96
3286,226,3,59.39
3286,44,2,33.53
3287,162,4,86.96
3287,83,1,115.73
3287,74,2,77.74
3287,129,2,36.03
3288,4,1,82.9
3288,61,4,45.94
3289,46,4,23.35
3289,131,4,111.01
3290,9,4,20.78
3290,179,4,88.71
3291,243,4,56.82
3291,203,3,83.53
3292,32,3,21.3
3292,107,3,26.7
3292,77,3,91.65
3292,211,4,16.57
3293,29,2,93.16
3293,89,2,38.97
3293,51,2,28.24
3293,66,4,10.18
3294,246,3,25.98
3294,83,3,111.21
3294,66,3,11.34
3294,194,3,67.94
3295,185,1,61.43
3296,194,3,68.71
3296,218,2,38.75
3296,229,2,32.0
3297,186,3,22.67
3297,63,2,44.89
3297,56,4,85.78
3298,171,2,35.48
3298,2,1,8.51
3299,20,4,115.25
3299,231,1,90.1
3299,94,1,51.5
3299,173,1,46.42
3299,117,1,99.13
3300,70,3,77.26
3300,42,4,73.28
3300,141,1,11.98
3300,19,4,128.94
3300,29,3,66.59
3301,17,1,71.7
3301,10,3,42.81
3301,168,1,27.29
3302,174,4,12.04
3303,161,2,57.24
3303,49,2,52.83
3303,142,4,25.5
3303,3,4,14.09
3304,118,3,26.75
3305,218,4,42.69
3305,247,3,47.26
3305,48,2,70.9
3306,73,2,38.93
3307,182,3,56.15
3307,186,1,22.18
3307,35,3,108.12
3308,126,2,123.5
3308,225,4,118.92
3308,87,2,119.07
3309,242,3,28.9
3309,151,3,49.88
3309,140,3,12.56
3309,46,1,15.6
3309,48,3,109.31
3310,115,3,31.49
3310,135,1,109.86
3310,83,4,107.31
3310,205,4,79.17
3311,61,3,56.46
3311,146,1,51.03
3312,153,2,101.83
3312,86,3,89.59
3313,28,3,79.57
3313,45,3,87.53
3314,189,1,60.66
3315,94,2,64.18
3315,143,3,81.82
3316,80,4,107.77
3316,57,4,52.47
3316,142,1,17.72
3317,234,1,110.13
3318,55,3,15.69
3318,157,2,60.79
3318,109,4,70.9
3318,202,2,2.2
3319,143,4,66.86
3319,76,1,10.89
3319,40,4,33.9
3319,171,2,20.87
3320,158,2,123.51
3320,152,3,121.01
3320,27,4,46.97
3320,176,3,44.36
3321,197,1,66.2
3322,44,4,40.87
3323,184,2,53.56
3324,190,3,91.63
3324,32,2,18.35
3324,141,1,12.4
3325,215,4,120.37
3326,166,3,79.54
3327,166,4,90.84
3327,75,4,117.45
3327,201,1,114.64
3327,87,3,135.98
3328,63,3,28.34
3328,52,2,23.67
3328,194,2,53.54
3328,45,4,98.56
3329,224,3,20.61
3329,15,4,100.97
3329,117,1,116.36
3329,48,3,70.17
3330,108,4,13.88
3331,128,1,118.41
3331,70,3,54.48
3331,222,3,52.25
3332,132,3,85.6
3332,217,4,28.26
3332,54,1,40.35
3333,125,1,105.27
3333,28,2,99.93
3333,100,1,15.77
3333,162,2,90.33
3333,56,1,91.99
3334,86,1,93.51
3334,1,3,7.49
3334,25,1,70.5
3334,218,1,48.45
3335,106,3,4.13
3335,34,1,6.39
3336,233,4,13.88
3337,20,1,108.24
3337,53,4,48.71
3338,183,4,56.21
3338,249,4,41.19
3339,109,1,118.12
3339,169,2,68.66
3339,95,4,51.83
3339,17,3,74.7
3340,25,2,88.93
3340,197,1,110.25
3340,85,2,50.98
3340,65,2,40.05
3341,80,4,77.17
3341,152,3,102.14
3341,107,3,23.45
3341,217,3,34.58
3342,56,2,53.77
3342,158,2,117.43
3342,143,3,68.08
3342,169,4,99.78
3343,88,1,88.22
3344,83,4,106.49
3344,178,2,94.79
3344,108,3,13.13
3344,159,4,10.72
3345,165,2,78.92
3345,206,1,35.16
3346,242,3,30.55
3346,115,2,43.95
3346,108,1,18.68
3346,215,4,113.57
3346,98,2,4.69
3347,117,1,64.44
3347,66,3,7.08
3347,80,4,108.65
3347,217,1,39.93
3348,10,2,44.06
3348,160,2,12.7
3348,189,1,105.89
3349,55,1,21.37
3350,180,3,12.77
3350,93,4,61.98
3350,25,4,95.6
3350,216,3,42.19
3351,120,4,67.49
3351,180,3,16.03
3351,149,1,38.02
3352,14,2,73.04
3352,239,3,57.63
3352,97,2,133.53
3352,151,4,78.75
3352,182,4,41.63
3353,38,2,85.55
3353,5,4,118.33
3353,6,3,37.99
3354,25,2,66.76
3354,70,4,98.67
3354,194,3,91.75
3355,73,1,32.64
3355,154,4,46.01
3355,96,1,3.06
3355,122,3,7.15
3355,112,2,88.34
3356,134,4,38.21
3356,245,4,59.95
3357,30,2,27.12
3357,244,3,17.52
3358,89,2,45.73
3359,143,3,56.78
3359,211,1,14.65
3359,214,1,60.81
3360,223,2,86.5
3361,47,4,32.72
3361,227,2,26.65
3361,63,3,41.23
3362,32,4,21.37
3362,206,4,39.48
3362,132,1,94.65
3362,147,4,114.25
3363,209,1,15.77
3364,182,3,55.73
3365,176,1,42.23
3365,146,3,80.89
3365,108,3,15.92
3365,61,1,51.11
3366,101,3,17.94
3366,44,1,46.22
3366,124,3,34.35
3366,24,4,51.28
3367,179,4,56.92
3367,193,4,17.8
3367,115,1,35.88
3368,98,1,4.15
3368,185,4,85.25
3368,191,1,67.97
3368,123,4,79.62
3369,130,2,65.72
3369,218,1,30.84
3369,75,4,92.9
3369,243,1,42.13
3370,189,4,86.01
3370,153,3,88.0
3370,23,4,40.76
3371,37,4,32.03
3371,43,1,62.66
3371,97,2,102.18
3371,142,3,27.65
3371,220,4,14.46
3372,228,2,16.86
3372,84,4,84.55
3372,55,1,24.38
3372,2,1,9.29
3373,5,2,73.03
3373,67,4,83.02
3373,20,2,99.64
3374,95,4,39.92
3374,248,3,7.39
3374,190,2,81.9
3375,1,1,7.61
3375,52,1,15.15
3375,143,2,57.21
3375,39,4,29.29
3376,215,2,115.31
3376,100,2,18.25
3376,157,2,41.7
3376,123,2,86.66
3376,155,4,67.75
3377,134,2,33.59
3377,149,1,50.37
3377,203,2,71.12
3377,136,4,115.92
3378,64,1,2.6
3378,86,2,94.38
3379,155,3,71.47
3379,134,4,26.2
3379,7,2,90.14
3379,97,3,82.89
3379,242,3,23.18
3380,105,4,66.21
3380,170,1,68.6
3381,207,4,136.16
3381,199,2,64.04
3381,138,4,67.24
3381,219,1,135.87
3382,129,2,42.58
3382,244,3,15.31
3382,202,4,2.77
3382,147,4,84.03
3383,62,3,66.87
3383,39,4,34.14
3384,29,4,70.09
3384,158,2,98.82
3384,138,1,86.04
3384,211,3,23.84
3384,105,2,70.34
3385,196,3,58.63
3385,38,4,82.37
3385,207,3,128.29
3385,102,3,105.57
3386,234,2,102.98
3386,131,3,96.17
3386,110,3,73.65
3386,112,3,55.23
3386,231,3,76.69
3387,185,3,67.26
3387,156,3,115.35
3387,125,3,82.86
3388,125,4,113.37
3389,42,4,71.71
3389,37,4,36.66
3390,3,2,12.24
3391,216,4,54.36
3391,108,4,16.94
3391,207,2,129.15
3391,224,1,36.83
3392,97,1,132.37
3392,167,1,11.04
3392,153,1,82.62
3392,174,1,9.66
3392,3,4,13.13
3393,238,2,73.09
3393,146,3,61.23
3393,57,3,92.11
3394,78,3,62.25
3395,148,4,45.45
3395,96,2,1.91
3395,168,1,32.22
3395,22,1,96.6
3395,233,3,11.86
3396,154,1,45.46
3396,95,2,45.33
3396,182,1,48.9
3396,17,1,118.23
3397,166,2,102.95
3397,29,4,99.9
3397,17,2,119.79
3397,117,2,66.5
3397,212,3,65.41
3398,228,2,13.69
3398,145,2,50.9
3398,102,1,94.82
3398,35,1,98.56
3398,130,1,85.08
3399,168,1,32.81
3399,105,3,95.31
3400,240,3,87.15
3400,142,1,22.6
3400,18,2,15.19
3400,141,4,11.79
3400,250,3,45.07
3401,65,3,34.59
3401,131,1,79.04
3401,118,4,25.21
3402,150,3,78.93
3403,36,2,113.45
3404,111,3,50.77
3404,215,3,112.63
3404,15,3,115.39
3404,217,4,37.65
3405,147,1,135.94
3405,180,3,12.87
3405,248,2,6.16
3405,64,1,2.95
3406,188,1,59.35
3406,238,1,45.87
3406,239,4,97.09
3406,100,3,15.68
3406,207,3,84.68
3407,13,2,61.43
3407,34,4,5.75
3407,112,1,89.66
3407,166,2,54.47
3407,107,2,18.34
3408,236,3,46.78
3408,197,2,102.89
3408,204,2,100.92
3408,4,3,76.45
3408,54,3,30.82
3409,9,1,15.45
3409,192,3,53.83
3409,169,3,97.94
3409,246,2,34.88
3409,86,3,93.73
3410,57,3,69.89
3410,176,1,53.01
3410,140,1,20.78
3411,205,3,105.83
3412,245,3,70.37
3413,65,1,24.02
3413,29,4,120.35
3413,117,4,111.02
3414,75,3,102.63
3414,220,2,16.66
3414,201,4,86.34
3415,228,2,21.89
3415,91,3,60.5
3415,159,2,12.14
3415,154,1,45.35
3415,12,2,66.36
3416,166,3,73.26
3416,28,2,104.53
3416,135,2,90.58
3416,101,3,20.27
3416,25,1,103.5
3417,162,2,63.89
3418,243,4,55.46
3419,77,4,103.99
3419,79,2,24.99
3420,20,4,92.1
3420,157,2,44.85
3420,179,3,84.32
3420,249,3,38.16
3421,78,3,69.87
3421,4,1,86.77
3421,136,2,95.78
3421,115,2,35.87
3422,113,1,39.66
3422,125,2,114.57
3422,151,3,55.39
3423,81,2,25.91
3423,20,3,112.51
3423,150,4,76.88
3424,217,4,28.2
3424,198,4,68.98
3424,23,1,31.79
3424,172,3,12.13
3425,25,3,87.02
3426,98,3,4.93
3427,230,1,104.75
3427,249,1,28.13
3427,133,1,3.1
3427,70,1,52.19
3428,165,3,116.31
3428,27,1,40.93
3428,169,3,57.84
3428,246,3,30.23
3429,141,4,10.33
3429,10,4,46.88
3429,245,1,100.11
3429,224,1,30.11
3430,212,2,104.32
3430,139,2,93.33
3430,80,1,104.34
3430,136,1,87.07
3431,1,1,7.11
3431,61,1,40.33
3431,6,1,58.31
3432,60,2,28.87
3432,55,4,16.18
3432,14,2,73.34
3432,8,4,33.44
3433,220,2,11.02
3433,83,4,118.53
3433,16,3,55.96
3433,68,3,21.6
3433,213,3,71.04
3434,67,1,122.33
3434,151,3,87.29
3434,53,4,48.41
3435,208,4,5.41
3435,158,4,67.94
3435,151,4,85.62
3436,41,1,24.85
3436,120,1,77.45
3436,66,2,6.59
3436,226,4,47.09
3437,112,4,67.01
3437,94,1,88.26
3438,110,1,62.16
3438,11,2,72.68
3439,49,3,38.01
3439,138,2,71.89
3439,166,1,86.0
3439,153,3,101.87
3439,82,3,74.39
3440,94,3,89.2
3440,81,2,30.55
3440,27,4,46.17
3440,42,4,73.75
3441,21,2,36.29
3442,127,3,79.14
3442,92,3,27.09
3442,202,2,3.87
3442,54,3,28.19
3442,165,3,107.6
3443,159,2,15.17
3443,109,2,87.85
3444,241,2,110.12
3444,88,3,85.83
3445,203,1,87.68
3445,98,4,4.83
3445,108,2,19.58
3446,200,1,70.68
3446,83,1,104.98
3446,107,1,17.43
3446,229,2,29.46
3447,150,3,69.32
3447,87,1,133.34
3448,40,3,38.83
3448,143,1,57.5
3449,106,2,2.94
3449,191,3,78.75
3450,83,4,94.43
3450,32,4,17.25
3450,214,1,100.69
3451,54,2,30.94
3452,49,3,39.25
3452,87,1,88.66
3452,91,4,84.41
3452,204,2,73.93
3453,46,1,20.5
3453,52,3,18.82
3454,162,1,107.91
3454,98,2,3.36
3455,157,1,52.78
3455,195,3,52.79
3455,158,4,93.79
3455,137,4,46.96
3455,111,2,79.83
3456,75,4,79.57
3456,144,1,80.15
3456,249,1,36.79
3456,210,1,26.48
3456,234,3,64.84
3457,134,2,46.56
3457,195,4,62.31
3457,102,2,84.48
3458,155,4,67.4
3458,103,3,58.11
3458,105,3,67.64
3458,247,1,56.99
3458,112,1,54.97
3459,65,4,38.97
3459,216,3,53.93
3459,119,1,16.17
3459,53,3,37.39
3459,202,1,3.54
3460,119,4,16.51
3460,85,3,60.66
3461,77,2,59.76
3461,53,3,45.49
3461,66,2,10.03
3461,231,2,64.5
3461,42,4,58.23
3462,28,1,111.21
3462,142,1,18.87
3462,12,3,95.61
3462,175,3,69.72
3462,70,1,77.88
3463,123,2,98.42
3463,162,4,109.53
3463,70,4,63.5
3464,82,3,104.63
3464,178,2,79.68
3465,33,1,43.14
3465,65,3,26.22
3465,7,2,90.12
3466,116,4,69.03
3466,204,2,69.68
3467,79,4,24.08
3467,201,3,130.2
3468,42,1,87.17
3469,92,1,37.81
3469,222,3,81.14
3470,31,1,4.51
3470,113,3,53.41
3471,100,2,15.39
3471,14,4,77.73
3471,79,4,20.66
3471,230,3,74.35
3471,166,1,78.6
3472,59,1,53.96
3472,7,2,63.64
3473,235,2,126.61
3473,231,2,52.09
3473,18,1,13.45
3474,41,4,17.86
3474,37,3,28.03
3474,106,2,2.71
3475,64,1,2.37
3476,111,4,63.38
3476,128,2,96.59
3476,23,3,32.26
3476,54,2,32.83
3477,213,3,99.2
3477,80,4,101.01
3478,91,3,72.35
3478,250,2,41.79
3478,113,1,47.31
3478,117,4,62.52
3479,23,1,32.23
3479,37,1,25.06
3479,51,3,36.3
3480,228,4,16.06
3480,86,4,103.69
3480,4,2,77.24
3480,28,1,85.61
3481,161,4,78.73
3481,102,2,101.62
3481,52,2,23.99
3481,211,2,23.14
3481,238,4,76.17
3482,100,4,15.81
3482,125,4,106.45
3483,99,4,29.64
3483,153,1,103.18
3484,125,2,119.03
3484,158,4,64.49
3485,99,3,28.22
3485,19,3,79.08
3485,76,4,11.21
3485,220,1,18.42
3485,155,1,66.94
3486,102,4,104.96
3486,8,2,50.74
3487,19,1,108.31
3487,79,4,23.96
3487,200,3,108.94
3487,22,2,85.67
3488,130,4,100.08
3488,86,2,68.78
3488,204,2,86.47
3488,227,4,41.73
3488,12,1,60.81
3489,232,3,4.76
3489,60,3,32.69
3490,244,4,14.57
3490,10,2,35.09
3491,57,3,52.37
3491,58,1,68.11
3492,139,4,76.28
3492,211,4,18.97
3493,63,1,37.28
3493,101,3,15.84
3494,176,4,45.89
3494,67,3,76.59
3494,204,4,78.25
3495,163,1,76.3
3495,77,4,61.85
3495,208,2,7.55
3495,145,1,35.7
3495,158,1,109.42
3496,150,3,115.3
3496,31,1,6.8
3497,229,1,26.47
3497,50,1,92.32
3498,73,2,37.34
3498,62,2,53.52
3498,217,1,30.54
3499,204,4,73.92
3500,213,3,113.24
3500,15,1,135.42
3500,134,4,30.94
3501,231,3,70.67
3502,238,3,63.2
3502,41,1,25.11
3502,45,2,78.3
3502,107,2,24.97
3503,19,3,118.07
3503,205,4,102.75
3503,31,3,6.99
3503,106,1,4.68
3503,73,2,43.29
3504,167,3,15.75
3504,26,1,89.3
3504,241,1,109.23
3504,87,1,80.86
3504,134,4,26.56
3505,249,1,25.85
3505,102,3,134.2
3505,131,1,107.52
3505,42,2,73.21
3505,152,2,111.95
3506,116,4,71.54
3506,25,2,91.88
3507,198,1,84.09
3507,176,2,62.15
3507,203,2,60.3
3507,118,4,37.29
3507,246,3,44.08
3508,161,1,49.53
3509,179,3,92.61
3510,189,3,97.48
3510,60,3,26.84
3510,6,4,53.62
3511,149,1,45.47
3511,239,1,81.71
3511,215,4,106.58
3512,67,1,101.65
3513,55,1,18.67
3514,180,4,13.44
3514,239,3,94.57
3514,28,3,120.34
3514,100,2,18.64
3515,80,1,87.34
3515,197,4,93.66
3515,134,2,30.79
3515,236,3,42.61
3515,214,3,62.11
3516,128,2,79.82
3516,194,2,88.74
3516,119,4,28.38
3517,20,3,93.59
3517,105,3,106.13
3517,2,4,12.93
3517,244,2,22.93
3517,170,1,68.47
3518,109,4,80.62
3518,211,4,14.14
3518,135,3,113.83
3518,236,2,61.28
3519,124,3,30.39
3519,11,1,110.91
3519,200,2,122.81
3520,26,3,80.8
3520,175,4,98.88
3520,110,3,64.05
3521,5,1,103.92
3521,27,2,54.21
3521,134,4,36.99
3521,177,2,2.74
3522,36,4,65.96
3522,89,1,40.68
3522,118,2,25.91
3523,107,2,28.46
3523,17,3,80.56
3523,130,2,75.45
3523,111,4,74.03
3523,173,2,39.17
3524,57,2,49.74
3524,231,1,61.57
3525,89,1,26.99
3525,142,3,15.18
3525,80,3,83.01
3525,214,1,67.12
3526,12,4,95.11
3526,157,1,42.5
3526,84,2,91.14
3526,15,1,124.31
3526,37,1,32.34
3527,194,4,79.53
3527,139,4,52.69
3527,49,2,38.58
3527,98,4,4.17
3527,35,4,122.31
3528,184,3,58.9
3528,237,2,40.17
3528,175,1,92.48
3528,147,3,121.12
3529,25,3,83.86
3529,177,2,2.73
3529,36,4,63.54
3530,11,2,78.37
3530,83,1,97.72
3530,111,4,69.55
3531,29,4,68.96
3531,236,3,61.14
3531,148,1,42.29
3531,52,2,14.64
3531,135,2,82.84
3532,140,1,20.51
3532,170,3,38.14
3533,176,3,62.05
3533,187,2,82.91
3533,51,2,27.54
3533,204,2,83.13
3534,82,3,87.4
3534,199,3,67.7
3534,76,2,15.95
3535,83,4,71.25
3535,76,4,14.69
3535,246,2,24.46
3535,154,4,39.01
3535,100,1,16.44
3536,217,3,36.87
3536,205,4,62.15
3536,211,1,19.5
3536,238,3,45.12
3536,229,1,20.13
3537,35,1,76.24
3537,18,1,13.35
3537,15,3,97.37
3537,186,1,29.08
3538,218,4,41.72
3538,216,1,59.68
3538,214,3,98.59
3538,197,2,89.3
3539,116,3,70.66
3540,83,2,92.69
3541,248,4,5.06
3542,50,4,87.56
3542,213,4,109.67
3542,199,4,56.53
3542,37,3,40.8
3542,59,4,81.88
3543,130,4,104.98
3543,73,1,48.25
3543,40,4,28.1
3544,141,3,11.9
3544,96,2,2.01
3544,101,4,20.65
3544,211,3,17.06
3545,24,2,34.92
3545,103,4,63.06
3545,89,2,31.97
3546,62,3,44.29
3546,67,4,104.43
3546,161,4,54.05
3546,18,4,17.37
3547,50,1,71.3
3548,243,4,49.04
3548,108,4,14.5
3548,248,3,7.23
3548,15,2,135.9
3548,224,3,32.91
3549,104,1,102.57
3549,45,3,100.56
3549,37,3,23.79
3550,34,1,6.21
3551,161,4,66.62
3551,158,4,103.6
3552,112,1,89.69
3552,215,1,104.48
3552,105,3,86.07
3553,48,3,73.89
3553,100,2,13.37
3554,93,2,68.97
3554,184,1,42.75
3554,125,2,76.89
3554,144,2,79.24
3554,116,4,78.3
3555,37,1,36.99
3556,66,3,7.94
3556,114,4,65.04
3556,250,2,36.05
3556,176,2,42.36
3556,81,1,24.01
3557,208,2,5.65
3557,186,1,24.77
3557,68,4,23.5
3557,160,4,10.5
3557,133,4,3.57
3558,28,4,72.87
3558,231,2,60.62
3558,166,3,73.63
3558,49,3,37.5
3559,239,3,75.7
3559,209,2,20.55
3559,8,4,32.48
3559,147,4,93.02
3560,142,3,19.84
3560,128,2,79.76
3560,46,3,26.8
3560,69,1,92.97
3560,195,2,74.2
3561,133,2,2.03
3561,24,1,39.25
3561,176,1,66.78
3561,21,3,34.81
3561,37,4,32.2
3562,172,4,10.22
3562,85,4,58.81
3562,43,3,42.04
3562,59,1,77.08
3563,195,3,63.7
3563,224,4,28.86
3563,119,3,28.78
3564,20,1,106.63
3564,199,2,43.95
3565,115,4,44.15
3565,184,4,38.57
3566,159,4,18.15
3567,140,2,11.97
3567,39,2,38.07
3567,36,1,69.99
3567,70,3,96.04
3568,44,1,30.15
3568,177,2,2.91
3568,53,3,38.09
3568,6,4,50.9
3568,123,1,73.88
3569,77,4,71.15
3569,189,4,61.03
3569,212,2,103.36
3570,54,2,28.39
3570,30,4,36.06
3570,173,3,54.31
3570,11,4,114.33
3571,132,1,97.1
3571,55,1,15.61
3571,182,3,46.2
3572,175,4,91.99
3572,48,2,100.09
3573,29,1,75.61
3573,191,4,106.45
3574,250,3,48.28
3574,107,4,17.47
3574,240,3,106.8
3574,189,1,95.79
3575,57,2,64.97
3575,191,2,71.44
3575,170,3,64.8
3576,121,1,55.08
3576,2,2,8.98
3576,176,1,46.54
3576,12,2,95.85
3576,246,1,34.82
3577,136,1,77.8
3578,222,1,65.16
3579,185,4,63.22
3579,26,1,102.36
3579,197,4,79.57
3579,32,4,17.48
3579,232,3,4.28
3580,32,1,14.47
3580,109,3,69.13
3581,33,4,52.41
3581,190,1,94.74
3582,156,3,85.92
3582,209,3,14.64
3582,66,4,8.04
3582,200,4,119.07
3583,72,2,51.52
3584,215,1,85.82
3585,5,4,77.5
3586,177,2,2.51
3586,58,2,65.23
3586,124,2,30.85
3586,110,3,58.71
3586,200,1,91.49
3587,138,1,65.33
3587,108,1,10.68
3587,209,3,16.8
3587,112,1,77.53
3588,160,2,16.6
3588,56,1,61.86
3589,247,1,79.2
3589,236,3,54.64
3589,230,1,100.39
3589,58,4,48.56
3590,29,2,109.35
3590,131,2,112.44
3591,100,3,10.93
3591,138,2,99.4
3591,239,1,64.85
3592,241,2,111.16
3592,80,3,113.5
3592,46,4,16.12
3592,158,4,115.5
3592,58,4,44.53
3593,93,3,47.49
3593,50,4,51.78
3593,103,4,50.9
3593,12,1,89.45
3594,120,1,87.58
3594,81,1,26.12
3594,108,4,16.2
3594,218,4,25.91
3595,48,1,113.74
3595,141,4,11.46
3595,148,4,42.46
3595,34,3,7.41
3595,222,2,52.65
3596,51,2,27.9
3596,29,4,124.54
3596,246,1,34.27
3596,68,4,16.81
3597,65,3,37.38
3597,231,4,91.09
3598,229,3,28.76
3598,195,2,54.8
3598,147,2,127.36
3598,171,3,29.84
3598,40,4,28.28
3599,130,3,116.67
3600,229,2,23.61
3601,74,4,104.64
3601,13,2,56.93
3602,23,4,40.04
3602,231,1,49.24
3602,250,3,32.95
3602,126,1,134.51
3603,117,1,89.76
3603,194,1,75.5
3603,67,1,65.86
3604,59,2,48.06
3605,5,1,105.91
3605,66,2,10.54
3605,235,2,75.3
3605,3,1,12.88
3605,21,4,55.42
3606,182,3,41.21
3606,108,3,14.39
3606,244,1,17.16
3606,74,2,81.04
3607,125,1,86.41
3607,227,4,41.86
3607,12,1,88.21
3608,216,4,42.13
3608,191,1,92.59
3609,35,4,92.4
3610,217,4,48.62
3610,146,1,80.32
3610,224,4,33.09
3610,41,4,20.05
3610,187,3,128.15
3611,154,4,35.88
3611,233,2,12.6
3611,119,1,16.47
3612,135,2,113.45
3612,35,2,119.35
3612,50,2,73.16
3612,168,3,37.79
3613,112,4,91.25
3613,128,4,77.72
3614,67,1,109.13
3614,216,3,36.49
3614,104,4,143.1
3615,164,3,41.31
3616,135,2,101.79
3616,228,3,17.77
3616,4,4,66.02
3616,43,2,41.24
3616,183,2,50.53
3617,214,1,81.76
3618,58,3,57.02
3618,198,4,71.99
3618,79,4,17.77
3619,32,2,15.06
3619,29,3,114.95
3619,181,4,39.21
3619,113,2,40.67
3620,162,4,112.55
3620,179,2,65.07
3621,15,2,81.97
3621,22,1,100.41
3621,228,4,18.9
3621,183,1,36.66
3622,2,3,13.29
3623,122,1,7.62
3624,63,1,45.03
3625,49,3,38.47
3626,231,1,61.49
3626,181,3,42.89
3626,66,3,6.43
3626,234,2,112.57
3627,204,1,90.46
3627,194,4,70.95
3627,78,1,80.95
3627,191,4,72.05
3628,5,3,78.77
3628,14,3,49.02
3628,115,3,41.75
3629,60,4,20.22
3629,102,4,113.86
3629,67,4,115.1
3630,68,3,26.23
3630,17,2,84.92
3631,17,3,125.07
3631,176,1,56.51
3631,211,2,23.74
3631,81,1,36.15
3631,56,3,50.77
3632,164,3,30.59
3632,188,2,43.53
3632,104,4,80.61
3633,222,2,71.96
3634,183,1,53.01
3634,7,2,77.51
3634,188,3,40.13
3634,157,1,65.11
3635,169,4,59.22
3635,63,2,26.44
3636,29,2,107.73
3637,1,1,7.35
3637,227,2,42.23
3638,44,4,36.9
3638,69,4,85.77
3638,94,1,75.78
3638,30,4,20.88
3638,107,1,18.29
3639,145,2,44.97
3639,32,1,21.75
3639,64,2,2.37
3640,91,1,82.15
3640,179,1,79.9
3640,213,1,74.09
3641,141,2,9.53
3641,43,2,49.73
3641,137,4,46.33
3641,171,1,27.36
3642,134,3,40.58
3642,111,4,89.4
3643,65,4,27.54
3643,41,2,20.57
3644,240,4,130.04
3644,134,3,36.67
3645,114,4,68.24
3646,151,1,66.03
3646,77,3,63.93
3646,171,3,23.99
3646,188,2,60.75
3647,72,3,34.48
3647,187,3,89.51
3648,237,4,27.67
3648,208,1,7.16
3648,68,4,15.52
3649,241,3,69.93
3649,45,4,82.81
3649,48,1,85.38
3649,7,3,73.08
3650,248,2,8.01
3650,34,2,4.91
3650,110,4,67.83
3650,30,1,37.12
3650,90,1,54.63
3651,129,1,54.43
3651,132,2,73.98
3651,230,1,63.1
3651,47,3,33.52
3651,44,2,38.34
3652,187,2,100.37
3653,3,1,14.55
3653,43,2,45.37
3653,81,2,36.35
3653,23,4,37.91
3653,6,2,47.01
3654,60,2,35.23
3655,122,2,5.99
3655,165,1,92.19
3655,9,3,15.69
3655,4,4,72.41
3656,229,2,31.57
3656,144,1,103.55
3656,204,1,128.07
3656,150,1,108.47
3656,95,2,52.44
3657,247,4,79.5
3658,200,4,76.61
3659,185,3,84.1
3659,126,1,120.77
3659,64,2,2.31
3659,121,4,77.86
3659,33,2,37.97
3660,161,3,80.43
3660,126,2,124.35
3660,20,3,98.58
3660,86,3,113.86
3661,14,1,70.79
3661,12,1,68.84
3661,120,2,75.18
3661,23,2,45.47
3662,3,1,11.28
3662,246,4,32.23
3662,87,1,141.78
3663,97,1,75.53
3664,195,3,80.87
3664,129,1,55.86
3664,159,4,12.99
3664,207,3,80.05
3664,87,2,90.38
3665,58,4,66.24
3665,23,1,47.49
3665,56,1,80.55
3666,2,4,9.47
3667,41,3,25.86
3667,99,3,19.26
3668,125,3,72.22
3668,129,4,55.02
3668,168,3,33.35
3668,170,2,51.41
3668,85,1,73.44
3669,53,3,27.85
3669,8,1,44.62
3669,250,1,32.66
3669,73,1,36.74
3669,158,3,88.18
3670,49,2,30.65
3670,240,4,107.46
3671,182,4,40.35
3671,13,3,76.74
3672,72,1,41.83
3672,6,1,37.89
3672,133,1,2.76
3672,30,4,27.77
3673,139,4,63.92
3674,51,3,34.32
3674,153,4,76.74
3674,49,3,35.11
3674,22,2,92.4
3674,135,4,124.09
3675,188,4,73.51
3675,32,2,13.78
3675,2,1,11.96
3675,121,1,83.83
3675,161,2,43.23
3676,64,2,2.33
3676,247,1,45.36
3677,226,3,66.25
3678,80,4,84.96
3678,33,1,32.15
3678,68,2,26.34
3679,128,3,91.67
3679,24,3,44.86
3679,48,4,104.99
3680,147,1,138.88
3680,219,1,136.07
3680,231,3,50.2
3681,109,3,74.67
3681,44,1,33.57
3681,167,2,14.57
3681,191,4,106.59
3681,237,2,42.55
3682,125,3,108.52
3682,92,2,21.7
3682,180,2,9.74
3682,39,3,33.77
3683,201,1,137.75
3683,143,3,62.06
3683,17,1,117.48
3684,11,4,105.58
3684,173,1,63.09
3684,205,2,111.85
3685,220,2,12.91
3685,233,4,7.71
3686,88,2,82.71
3686,86,4,71.41
3686,130,3,105.35
3686,18,3,18.86
3687,33,2,48.46
3687,55,1,13.89
3687,52,3,25.73
3687,166,2,56.24
3687,199,4,55.79
3688,57,1,64.73
3688,60,3,32.6
3688,29,2,84.65
3689,199,3,58.37
3690,39,4,28.87
3690,211,4,21.29
3690,181,4,43.47
3691,25,1,92.07
3691,112,1,76.67
3692,249,1,43.32
3692,208,3,4.64
3692,211,1,18.9
3693,121,1,82.1
3694,230,4,71.58
3694,112,2,71.83
3694,189,1,62.77
3694,100,1,18.19
3695,178,4,82.9
3695,69,3,115.3
3695,32,2,14.13
3695,162,1,62.25
3696,60,4,21.54
3696,248,4,5.56
3697,235,4,107.91
3697,22,2,137.96
3697,208,1,4.52
3698,215,2,119.76
3699,13,1,84.35
3699,163,1,72.25
3700,223,3,93.63
3700,30,1,36.37
3700,8,2,45.68
3700,245,1,72.46
3700,175,3,122.6
3701,6,2,54.14
3702,35,2,118.62
3702,118,2,37.1
3703,79,1,25.74
3703,69,4,94.05
3704,81,3,38.58
3704,80,2,89.64
3704,55,1,16.39
3704,147,2,124.85
3705,67,3,99.48
3705,117,1,117.1
3706,140,2,12.5
3706,175,2,110.75
3706,243,3,49.37
3706,31,3,5.04
3707,200,3,88.86
3707,159,3,10.74
3707,203,3,54.67
3707,224,3,28.78
3708,123,1,62.5
3709,34,4,5.41
3709,113,2,34.99
3709,104,3,96.88
3709,202,3,3.7
3709,73,2,48.47
3710,211,4,21.78
3711,247,2,75.09
3711,174,2,11.36
3711,118,4,25.37
3711,144,4,90.98
3711,7,2,73.76
3712,239,1,77.78
3712,41,2,27.39
3712,133,3,1.99
3712,240,2,109.59
3712,176,3,52.12
3713,131,1,75.09
3713,31,2,5.71
3713,89,3,33.53
3713,25,4,73.97
3714,225,2,119.99
3714,184,1,59.63
3714,46,3,19.29
3714,80,3,81.75
3715,88,1,94.22
3715,53,4,45.01
3715,167,2,14.5
3715,9,3,19.49
3716,36,3,93.23
3716,19,2,76.41
3717,147,1,140.69
3717,134,2,40.82
3717,159,2,11.39
3717,183,1,39.91
3717,60,3,35.89
3718,223,2,103.78
3718,136,4,101.28
3718,52,4,18.17
3718,179,1,84.32
3719,149,2,35.74
3719,169,3,81.87
3719,105,1,63.92
3720,31,2,5.26
3721,100,2,15.37
3721,110,4,64.76
3721,149,3,49.29
3722,69,2,70.89
3723,244,4,14.9
3723,245,3,75.76
3723,194,2,59.38
3724,82,4,112.55
3724,1,3,9.15
3724,40,1,27.98
3725,39,3,40.25
3725,144,2,130.23
3726,188,1,41.87
3726,183,4,54.81
3726,105,3,105.53
3726,225,2,101.86
3726,100,3,20.22
3727,192,1,54.94
3727,109,1,92.1
3728,128,3,122.29
3728,234,1,62.31
3729,206,4,52.37
3729,202,2,3.42
3729,2,4,11.07
3730,131,1,112.47
3730,95,1,55.31
3730,150,3,73.04
3731,79,1,30.24
3732,221,4,27.49
3732,194,3,91.9
3732,233,1,9.99
3732,201,4,112.11
3732,133,2,2.2
3733,9,3,24.33
3733,161,3,69.55
3733,17,4,110.86
3733,102,2,71.95
3733,142,3,20.94
3734,48,3,77.74
3734,197,4,88.93
3734,245,4,70.74
3734,228,4,17.81
3734,129,4,44.63
3735,53,4,33.9
3735,176,4,37.18
3735,114,1,57.62
3735,26,4,103.16
3736,31,3,5.82
3736,111,2,63.76
3736,134,2,31.89
3736,127,2,78.81
3737,43,2,64.3
3738,22,1,125.83
3739,67,3,105.71
3739,180,4,9.68
3739,144,3,125.48
3739,24,2,51.28
3740,206,2,42.65
3740,178,4,106.63
3740,138,1,106.25
3741,115,2,32.31
3741,69,3,69.78
3741,188,3,44.72
3742,99,1,28.32
3742,160,3,12.06
3743,124,2,28.31
3744,166,4,100.99
3744,113,2,34.89
3744,250,3,53.69
3744,7,3,64.25
3744,131,4,112.9
3745,177,2,2.96
3746,143,3,46.42
3746,78,2,70.04
3747,249,3,26.1
3747,233,3,13.42
3747,184,4,49.16
3747,71,3,94.52
3747,159,3,10.75
3748,215,4,73.22
3749,3,1,8.51
3749,246,2,35.94
3750,36,3,73.0
3750,161,2,48.15
3750,69,2,67.4
3750,109,1,90.07
3750,81,1,24.32
3751,184,2,38.32
3751,230,4,71.18
3752,218,1,31.67
3752,15,3,108.59
3752,133,2,3.75
3752,55,2,15.88
3753,109,4,73.14
3753,194,4,55.5
3753,220,1,16.56
3754,62,2,49.51
3755,89,3,30.41
3755,170,2,42.9
3755,92,1,35.51
3756,127,2,124.79
3756,206,3,53.73
3756,68,4,17.93
3756,198,2,81.33
3756,66,3,9.52
3757,38,1,123.45
3757,188,1,52.55
3758,125,4,98.41
3758,63,3,44.2
3758,245,3,86.46
3758,112,4,95.52
3759,60,2,29.03
3759,86,4,111.61
3760,235,1,89.0
3760,246,3,37.75
3760,75,4,85.82
3760,201,1,134.71
3760,173,2,49.87
3761,119,4,18.16
3762,41,2,25.6
3762,68,3,21.08
3762,169,4,87.98
3763,17,1,95.67
3764,123,1,54.06
3764,64,4,2.53
3764,95,3,59.1
3765,145,1,55.52
3765,11,4,99.37
3765,202,1,2.68
3765,182,2,58.08
3765,126,2,85.64
3766,31,4,6.99
3766,230,1,107.96
3766,137,3,53.21
3767,199,2,57.17
3768,212,2,81.97
3769,204,3,103.18
3770,139,4,59.41
3770,128,2,117.98
3770,180,2,16.04
3770,94,4,69.06
3770,145,2,61.92
3771,54,1,30.87
3771,224,1,25.31
3771,148,4,58.52
3771,25,4,118.4
3772,149,3,40.17
3772,18,4,10.49
3772,234,4,98.27
3772,147,4,130.53
3773,140,3,11.86
3774,83,4,78.85
3774,86,1,125.22
3775,78,2,56.86
3775,45,4,109.0
3775,219,2,103.15
3775,58,3,41.48
3775,5,3,112.68
3776,180,3,10.7
3777,119,4,17.83
3777,113,4,41.85
3777,194,3,71.01
3777,94,3,54.65
3778,74,1,106.57
3778,230,2,77.89
3778,195,4,89.7
3778,193,4,17.37
3779,24,2,40.58
3779,196,1,73.85
3779,128,1,136.53
3779,123,1,56.09
3779,193,1,16.33
3780,215,2,120.22
3781,125,2,79.8
3781,174,1,15.41
3781,191,1,95.83
3781,13,2,79.58
3781,54,2,25.57
3782,169,3,90.53
3782,178,4,118.11
3782,90,4,54.97
3783,210,4,47.37
3783,174,1,13.06
3783,187,1,95.16
3783,176,4,52.95
3784,223,4,76.43
3784,2,4,10.76
3785,211,2,16.26
3786,145,2,49.28
3786,8,1,33.25
3786,154,1,47.89
3786,18,4,12.15
3787,9,2,28.27
3788,156,2,72.38
3789,59,2,79.04
3789,125,2,123.51
3789,173,3,35.87
3790,15,3,88.83
3790,12,1,86.08
3791,40,3,30.48
3792,132,1,80.84
3792,53,3,27.87
3792,7,2,87.73
3792,50,4,63.62
3793,243,3,50.99
3793,206,1,56.88
3793,67,4,94.27
3793,136,1,92.77
3793,29,3,69.32
3794,160,3,10.85
3794,192,3,31.8
3794,110,3,46.68
3795,163,2,81.15
3795,207,1,134.43
3795,234,1,62.41
3796,159,3,14.35
3796,122,3,4.33
3796,43,2,51.39
3796,36,2,112.17
3796,222,1,83.01
3797,174,3,17.07
3797,200,1,85.4
3797,146,1,70.2
3798,121,2,83.37
3798,248,4,6.98
3798,113,2,44.47
3798,39,4,30.29
3799,110,4,70.81
3799,47,3,19.89
3799,104,1,106.26
3799,194,4,85.87
3800,137,4,32.77
3800,4,3,61.81
3800,56,1,79.6
3801,93,3,63.06
3801,98,3,3.9
3801,86,1,124.56
3801,5,3,96.8
3801,171,2,29.89
3802,215,2,136.29
3802,152,1,68.91
3803,107,2,31.15
3803,160,1,11.67
3804,59,1,66.01
3804,87,2,79.94
3804,172,2,14.09
3805,84,1,113.31
3805,102,3,100.47
3805,52,4,15.72
3806,183,3,50.77
3806,156,3,72.52
3806,155,4,59.63
3806,125,4,130.47
3806,93,1,52.0
3807,20,4,76.88
3807,27,3,52.45
3807,148,2,57.32
3808,76,3,15.41
3808,82,4,65.4
3808,119,1,23.52
3809,80,3,106.45
3809,139,3,83.1
3810,22,1,124.76
3810,250,3,44.1
3810,246,2,33.34
3811,42,1,83.66
3811,100,3,12.01
3811,103,2,34.05
3811,228,3,16.79
3812,11,4,99.76
3812,103,2,59.6
3812,250,2,45.82
3812,176,3,57.34
3813,59,1,56.64
3813,168,2,42.25
3814,176,2,58.98
3814,43,4,54.76
3814,129,3,42.27
3814,206,4,53.64
3814,240,1,71.93
3815,53,2,44.96
3816,131,4,104.58
3817,229,4,27.54
3817,18,4,13.35
3817,101,2,24.34
3817,250,3,58.91
3817,37,2,29.08
3818,30,2,29.43
3818,93,2,70.92
3818,245,1,106.02
3818,52,4,25.76
3818,95,4,60.36
3819,55,1,14.6
3819,136,1,104.46
3820,194,3,70.48
3820,235,2,87.08
3820,233,4,9.58
3820,76,1,12.24
3821,246,2,25.7
3821,53,3,47.56
3822,27,4,40.2
3822,215,1,127.31
3823,98,3,3.9
3824,144,4,111.99
3824,48,2,129.42
3824,236,2,48.67
3824,244,4,13.15
3824,49,3,46.6
3825,168,1,29.86
3825,171,1,24.83
3825,5,3,71.02
3826,22,4,99.9
3827,221,1,23.51
3827,75,2,108.69
3827,249,1,23.82
3827,66,1,9.47
3827,93,2,54.7
3828,6,2,38.2
3828,218,1,44.66
3828,74,1,70.24
3828,242,4,32.98
3829,135,3,99.53
3830,182,4,53.46
3830,111,2,56.97
3830,241,1,111.25
3831,23,4,36.21
3831,5,2,99.68
3831,89,4,41.64
3831,247,1,60.1
3832,37,2,41.03
3832,184,3,34.1
3832,62,3,55.63
3832,86,1,83.8
3833,179,4,71.07
3833,2,4,13.92
3834,118,3,26.49
3834,216,2,36.51
3835,224,2,28.63
3835,201,2,130.97
3835,54,2,39.83
3835,78,1,61.36
3836,64,1,3.09
3837,16,4,39.89
3837,55,1,23.2
3838,56,3,83.42
3838,10,1,59.01
3839,179,4,94.46
3839,6,4,52.67
3839,15,4,97.36
3839,187,3,79.08
3840,91,4,85.25
3840,120,3,80.52
3840,86,2,100.49
3840,94,4,67.71
3840,178,1,68.13
3841,212,3,65.7
3841,113,2,49.85
3841,80,2,64.3
3841,157,4,35.83
3842,250,3,49.44
3843,188,2,61.9
3844,46,3,16.18
3845,97,2,136.57
3845,38,4,95.66
3846,162,4,113.58
3846,77,4,65.7
3847,117,4,119.52
3847,226,3,68.72
3848,174,4,11.05
3848,164,1,44.57
3848,226,4,62.89
3849,164,2,38.58
3849,222,4,71.04
3849,33,1,43.32
3850,243,3,52.84
3850,198,1,81.44
3850,91,3,83.71
3851,224,3,30.47
3851,98,1,2.73
3851,227,1,41.67
3851,27,4,56.22
3851,23,4,45.49
3852,92,4,24.75
3853,164,1,38.47
3853,225,4,94.76
3853,18,1,13.32
3854,202,1,3.42
3854,33,3,50.33
3854,189,1,88.08
3854,241,1,97.06
3854,199,2,45.12
3855,88,4,98.95
3855,244,2,14.19
3856,221,1,24.64
3856,77,3,102.84
3857,189,1,91.46
3858,203,1,69.72
3859,138,2,83.13
3859,127,3,86.79
3859,137,3,41.06
3859,241,2,65.25
3859,218,1,30.91
3860,149,1,32.56
3860,128,1,137.78
3860,50,3,78.76
3860,66,4,10.89
3860,211,4,15.53
3861,178,3,74.25
3861,34,1,5.74
3861,162,3,107.82
3861,151,2,82.47
3862,200,4,118.51
3862,6,3,60.14
3863,78,4,82.3
3863,14,4,68.63
3863,46,2,16.83
3863,34,1,6.79
3863,42,4,100.86
3864,193,3,19.73
3864,187,3,91.52
3865,77,1,97.58
3865,165,2,64.38
3865,37,2,36.52
3865,17,3,80.3
3866,66,3,11.43
3866,43,2,68.54
3866,85,4,76.81
3866,114,3,63.29
3866,225,3,104.08
3867,134,2,29.38
3867,159,3,17.81
3867,248,2,5.66
3867,131,2,113.51
3868,164,2,41.41
3868,149,4,48.27
3868,2,2,14.3
3868,50,1,63.14
3869,42,1,99.58
3869,47,2,37.35
3870,55,3,14.88
3870,170,1,44.05
3871,236,2,45.93
3871,197,1,106.05
3871,216,2,34.77
3872,107,2,23.13
3872,145,3,49.52
3872,72,3,48.71
3872,164,4,42.04
3873,76,3,10.38
3873,206,2,53.2
3873,81,4,29.82
3874,139,1,71.84
3874,54,4,24.5
3875,48,1,107.21
3875,203,1,61.68
3875,132,1,75.14
3876,2,3,12.44
3876,194,1,55.01
3876,92,3,38.85
3876,174,4,12.34
3877,238,4,66.32
3877,109,3,125.08
3878,26,2,73.48
3878,52,3,19.81
3878,132,2,67.04
3879,40,1,32.67
3879,181,3,46.52
3879,244,1,16.8
3879,227,4,35.12
3879,55,3,21.44
3880,175,3,86.12
3880,56,3,66.22
3880,59,4,69.97
3880,199,2,57.16
3880,236,2,46.33
3881,58,3,57.51
3881,237,2,38.46
3881,122,2,4.47
3881,245,1,92.69
3881,55,4,18.72
3882,214,2,66.2
3882,135,4,69.88
3882,235,1,129.87
3882,116,4,73.98
3883,193,1,23.41
3883,155,4,63.04
3883,128,1,97.55
3883,242,4,27.44
3884,150,3,104.81
3885,217,1,49.76
3886,37,4,28.18
3886,229,3,22.33
3887,145,4,34.68
3887,165,1,66.4
3887,199,2,51.3
3887,233,3,9.29
3887,56,1,74.09
3888,238,1,73.99
3888,46,2,23.17
3888,66,3,7.39
3888,103,4,60.79
3888,10,4,57.67
3889,3,4,11.78
3890,212,1,110.49
3890,176,3,43.96
3890,115,1,41.38
3891,41,3,26.35
3891,57,4,67.37
3891,219,1,106.63
3891,93,4,47.08
3891,146,3,53.01
3892,90,2,63.14
3893,58,2,49.25
3893,86,2,88.46
3894,122,1,7.57
3894,15,4,83.24
3894,182,3,44.59
3894,83,3,120.07
3894,121,4,100.24
3895,69,4,92.64
3896,223,1,76.55
3896,229,4,24.58
3896,162,4,84.59
3896,91,4,71.33
3896,104,3,90.58
3897,205,2,60.7
3897,56,4,91.02
3897,157,2,37.95
3898,29,4,117.97
3898,162,3,113.66
3898,96,2,2.87
3898,185,2,75.97
3899,19,1,101.13
3899,141,4,15.31
3899,111,2,51.24
3899,83,4,85.4
3900,177,2,2.14
3900,99,1,21.38
3901,221,3,35.87
3901,15,2,78.92
3902,141,3,14.16
3902,209,4,16.45
3902,48,2,100.56
3902,232,1,5.53
3902,8,1,33.2
3903,208,4,6.71
3903,239,3,82.02
3903,191,1,70.87
3903,56,2,75.58
3903,190,2,80.01
3904,191,3,78.84
3905,13,4,83.34
3905,237,1,45.52
3905,186,1,31.81
3906,149,2,40.19
3906,109,2,112.77
3906,192,2,31.7
3906,80,1,96.94
3907,235,4,115.48
3907,112,2,97.41
3908,73,4,43.01
3909,23,3,37.08
3909,232,1,4.78
3909,172,1,13.87
3909,185,3,86.46
3910,17,4,114.2
3910,191,3,100.83
3911,11,1,120.69
3911,17,1,125.14
3912,168,4,33.72
3912,230,4,92.89
3913,69,2,77.78
3913,32,3,14.59
3913,2,3,9.47
3914,24,3,44.96
3914,207,4,122.0
3914,127,1,77.69
3915,21,1,43.65
3915,15,1,112.27
3916,114,2,98.31
3916,197,2,115.95
3916,148,1,34.03
3916,181,2,61.18
3916,208,3,4.81
3917,28,4,118.2
3917,15,4,128.43
3918,204,4,121.01
3918,201,4,77.59
3918,120,4,115.9
3918,202,4,3.62
3919,78,2,84.51
3920,243,1,49.64
3921,89,2,29.37
3921,236,4,45.47
3922,230,2,114.49
3922,31,1,7.65
3922,82,3,99.89
3923,7,3,77.34
3923,96,3,2.57
3923,216,1,45.87
3923,12,1,104.44
3923,130,2,114.52
3924,213,4,77.64
3924,113,2,39.7
3924,144,2,79.64
3924,140,3,14.02
3924,211,2,15.26
3925,175,1,73.4
3925,237,4,41.51
3926,51,1,26.76
3926,85,4,51.83
3927,241,2,68.42
3927,220,4,17.33
3927,224,3,21.95
3927,209,1,13.94
3927,136,3,108.72
3928,147,3,118.22
3928,39,4,39.12
3928,216,4,50.32
3928,79,2,20.92
3928,212,2,61.34
3929,141,1,11.85
3929,200,3,84.69
3929,21,1,58.01
3930,170,3,58.72
3930,9,3,25.7
3930,188,4,71.45
3930,192,2,35.11
3930,153,2,99.11
3931,87,3,133.85
3931,104,1,133.52
3931,199,2,39.27
3932,194,2,73.03
3932,127,3,72.06
3932,245,2,105.84
3933,175,1,85.91
3933,95,1,51.93
3934,151,2,61.0
3934,232,1,4.24
3934,130,4,113.36
3934,238,4,64.34
3935,199,4,67.76
3935,29,3,115.17
3936,93,2,66.57
3936,57,4,88.47
3936,167,3,11.46
3937,97,2,88.07
3937,26,1,108.2
3937,204,1,70.55
3937,48,3,105.35
3937,240,4,123.49
3938,10,2,38.18
3938,164,4,52.65
3938,12,3,57.39
3939,181,2,59.18
3939,133,3,2.11
3939,185,1,88.74
3939,67,2,112.74
3940,36,3,65.65
3940,224,2,37.62
3940,137,3,55.63
3940,182,4,43.77
3940,131,2,87.29
3941,2,3,13.59
3941,89,3,41.34
3942,189,2,57.95
3942,190,2,62.71
3943,144,4,101.97
3943,235,3,86.77
3943,131,2,97.74
3943,213,2,65.6
3943,37,3,34.65
3944,13,1,87.29
3945,165,3,64.24
3946,44,2,29.82
3946,19,3,119.7
3946,219,3,86.71
3946,107,1,21.99
3947,6,2,65.63
3947,203,2,69.86
3947,132,1,103.08
3948,227,1,36.1
3948,84,2,122.79
3948,176,1,44.89
3948,132,2,73.58
3948,138,3,71.13
3949,195,4,60.7
3949,234,2,112.51
3950,193,4,16.88
3950,33,3,37.13
3951,91,2,59.65
3951,88,1,85.32
3951,141,2,9.89
3951,83,1,95.38
3952,65,2,37.37
3953,232,3,4.81
3953,149,4,51.17
3953,12,1,94.4
3954,185,3,101.7
3955,121,2,95.28
3955,16,3,47.15
3956,231,3,54.1
3957,15,2,82.06
3957,192,2,46.05
3957,116,4,65.16
3957,235,2,101.96
3957,65,3,38.3
3958,197,3,79.17
3958,115,4,29.4
3959,39,2,44.59
3959,96,4,2.82
3959,5,2,87.74
3959,125,2,91.57
3959,110,2,65.58
3960,128,1,118.43
3961,66,2,10.19
3962,13,2,69.29
3963,155,4,56.07
3963,52,3,26.83
3963,102,1,97.4
3964,152,1,100.49
3964,117,2,77.84
3964,207,4,90.82
3964,72,2,41.49
3964,200,3,125.13
3965,35,1,126.61
3965,213,2,110.4
3965,106,4,2.81
3965,117,2,87.31
3966,48,2,76.58
3966,203,4,75.09
3967,77,3,79.24
3968,250,4,53.01
3968,246,4,35.83
3969,118,2,38.21
3969,103,3,40.72
3970,10,2,40.11
3970,120,2,99.39
3971,194,3,92.69
3971,53,2,41.88
3971,171,1,22.0
3971,161,4,63.92
3972,135,1,122.46
3972,123,3,92.42
3972,113,4,35.01
3972,57,3,84.71
3972,85,4,59.74
3973,174,2,14.15
3973,67,4,111.02
3973,117,1,84.82
3973,194,4,92.72
3973,171,1,30.02
3974,60,4,33.25
3974,166,4,76.64
3974,207,4,87.57
3974,226,4,50.33
3975,5,4,84.57
3976,30,2,35.61
3976,182,1,33.34
3976,51,4,24.66
3977,153,4,63.11
3977,4,2,64.92
3977,128,1,102.42
3977,124,3,19.23
3978,7,2,78.96
3978,38,3,129.43
3978,44,4,26.06
3978,232,4,3.9
3978,247,4,69.13
3979,91,1,61.25
3979,250,2,47.56
3979,128,2,87.61
3979,209,2,12.81
3980,48,4,125.41
3981,143,3,53.48
3981,94,2,82.47
3981,115,3,43.99
3981,114,4,54.27
3981,250,3,40.43
3982,218,3,44.7
3982,224,4,28.7
3982,100,3,19.7
3983,180,4,12.24
3984,235,4,104.27
3985,14,2,48.27
3986,79,2,19.95
3986,198,3,72.46
3986,34,2,5.02
3986,56,3,53.57
3987,38,1,84.34
3988,21,2,49.48
3989,178,4,108.19
3989,81,3,28.29
3989,25,2,89.43
3990,238,4,46.41
3990,158,2,106.61
3990,208,1,5.37
3990,124,2,33.14
3990,95,4,35.95
3991,148,1,45.83
3991,160,1,13.31
3991,75,2,76.65
3991,116,4,50.29
3991,11,3,80.56
3992,169,3,73.7
3992,109,1,119.05
3993,138,2,97.53
3993,238,2,64.83
3993,7,4,84.17
3994,191,3,72.75
3994,128,3,139.72
3994,86,4,104.11
3994,20,1,73.75
3994,185,4,89.95
3995,222,1,63.58
3996,187,3,109.65
3996,176,1,60.26
3996,166,3,92.21
3996,241,2,103.69
3997,140,2,20.55
3997,97,3,108.17
3997,45,1,92.12
3998,113,4,41.92
3998,166,4,65.02
3998,73,3,28.63
3999,117,2,112.23
4000,118,4,38.58
4000,147,4,140.25
4000,245,4,70.52
4000,40,2,27.49
4000,65,2,38.41
4001,32,2,17.2
4001,220,3,10.21
4001,115,4,40.95
4002,99,1,33.0
4002,50,1,83.7
4003,34,2,5.54
4003,158,2,76.69
4003,130,4,67.56
4003,52,3,24.75
4003,12,1,68.03
4004,77,4,64.19
4004,50,3,62.94
4004,9,2,22.93
4004,106,1,4.17
4004,36,2,91.94
4005,185,1,85.66
4005,62,2,50.37
4005,31,4,4.74
4005,98,3,3.84
4005,232,4,5.25
4006,240,4,108.55
4007,10,3,40.24
4008,121,3,83.1
4008,184,1,37.84
4008,142,1,16.14
4008,176,2,54.54
4009,218,3,40.46
4009,55,3,18.76
4010,12,3,73.59
4010,207,3,112.15
4010,129,1,48.12
4011,122,3,6.52
4011,132,3,95.05
4011,136,1,83.68
4011,139,2,84.71
4011,246,1,35.45
4012,27,1,37.3
4012,250,1,54.87
4013,245,3,68.23
4013,230,2,118.97
4013,129,2,42.24
4013,226,4,64.41
4013,24,4,42.21
4014,91,3,52.52
4014,60,2,36.98
4015,236,2,56.85
4015,64,3,3.05
4016,71,2,121.05
4016,46,1,16.72
4016,36,3,78.58
4016,25,3,82.8
4017,194,1,52.52
4017,105,1,76.82
4017,179,1,94.6
4018,174,4,11.16
4018,149,3,49.89
4018,217,3,42.78
4018,191,4,61.45
4019,63,2,43.91
4020,27,2,34.02
4021,231,3,57.94
4021,168,1,33.08
4022,65,2,25.04
4023,110,4,57.21
4023,118,2,29.88
4023,113,2,49.86
4023,89,2,25.37
4024,49,1,46.39
4024,22,4,139.93
4024,227,1,26.41
4025,226,2,53.43
4025,247,2,76.53
4025,15,2,90.23
4025,201,4,102.31
4026,72,1,45.62
4026,41,2,18.42
4026,86,3,103.57
4026,198,4,98.98
4027,174,2,11.31
4027,211,2,15.55
4027,126,2,110.91
4027,55,1,16.28
4028,133,4,3.2
4029,209,3,11.11
4029,234,3,99.53
4029,39,4,36.72
4029,115,2,31.72
4029,65,4,39.03
4030,40,3,32.02
4031,22,4,93.39
4031,154,4,26.77
4032,74,2,111.53
4033,223,4,72.27
4034,113,2,37.52
4035,199,1,69.02
4035,184,4,53.75
4035,56,2,69.84
4036,201,4,132.0
4036,58,2,46.38
4036,127,2,123.92
4036,121,2,76.72
4036,187,3,119.0
4037,198,1,62.88
4037,236,2,48.08
4037,248,1,4.96
4037,201,4,101.43
4038,19,1,97.92
4038,150,1,73.43
4038,80,4,78.33
4038,178,1,105.11
4038,219,3,131.26
4039,37,4,32.08
4039,83,3,96.36
4040,242,4,29.05
4041,190,2,52.18
4041,108,3,11.39
4041,229,2,24.56
4041,82,4,93.55
4041,18,3,14.45
4042,97,2,114.84
4042,36,2,83.07
4042,236,4,66.04
4042,5,4,85.15
4042,227,2,40.29
4043,242,2,40.99
4043,100,3,13.68
4043,177,2,2.1
4044,208,3,7.53
4044,107,3,18.96
4044,57,1,64.7
4044,182,1,32.2
4044,142,3,25.22
4045,96,1,2.45
4046,22,2,86.02
4046,87,3,131.04
4046,135,1,76.28
4046,161,1,58.37
4046,131,4,82.71
4047,135,1,81.67
4047,225,4,125.9
4048,212,4,87.92
4049,206,1,44.33
4049,23,2,29.92
4049,190,4,69.2
4049,200,3,87.81
4050,14,3,66.96
4050,60,4,37.09
4051,112,1,57.35
4051,188,3,71.4
4051,248,4,6.56
4051,222,1,94.02
4052,95,4,48.36
4053,174,4,16.42
4053,244,3,21.58
4054,39,4,36.31
4055,230,3,85.74
4055,158,3,111.55
4055,110,2,49.43
4055,160,3,15.93
4055,203,4,60.61
4056,206,4,52.11
4056,142,3,25.94
4057,28,3,99.26
4057,212,3,111.88
4057,78,4,58.49
4058,241,1,78.04
4058,153,4,61.03
4058,121,1,59.24
4058,165,2,113.57
4058,34,4,8.81
4059,183,3,59.47
4059,162,4,70.96
4059,199,4,53.01
4059,159,4,16.25
4060,220,1,15.74
4060,128,4,98.48
4060,28,2,86.47
4061,232,3,3.31
4061,164,4,36.21
4061,159,2,17.56
4061,113,3,51.41
4061,198,1,77.25
4062,111,4,77.69
4062,158,4,119.16
4063,55,2,17.89
4063,45,2,111.57
4064,45,1,99.63
4064,78,1,51.55
4064,50,4,72.74
4064,108,4,11.84
4064,149,4,29.72
4065,186,1,17.83
4065,183,2,65.0
4065,120,3,102.05
4066,125,1,90.15
4067,141,2,9.31
4067,85,3,52.49
4068,221,2,21.62
4068,205,2,105.07
4068,86,1,66.59
4068,159,4,18.53
4068,47,3,32.69
4069,77,3,61.56
4070,54,3,41.65
4071,18,4,10.38
4071,237,4,34.04
4072,31,2,4.47
4072,205,4,84.5
4072,126,2,86.7
4072,157,3,46.2
4072,100,3,15.79
4073,192,1,40.31
4074,213,2,82.6
4075,246,1,34.85
4075,221,1,30.93
4076,7,4,85.7
4076,224,3,29.17
4076,147,2,133.65
4077,2,2,9.56
4077,194,4,66.0
4077,173,4,53.18
4077,193,3,29.6
4078,211,4,13.62
4078,95,4,38.51
4078,97,2,82.48
4078,110,2,69.24
4079,124,2,20.85
4079,208,1,5.78
4079,99,1,34.0
4079,22,4,85.13
4079,11,4,102.32
4080,58,1,56.29
4080,217,3,35.5
4080,135,1,90.01
4080,138,4,111.35
4080,55,1,20.59
4081,23,3,38.22
4082,196,4,102.69
4083,71,2,109.96
4083,28,3,115.96
4084,241,3,103.2
4085,150,3,77.92
4085,46,3,15.85
4085,177,4,2.2
4086,35,4,118.68
4086,14,3,73.78
4087,44,1,30.76
4087,90,2,64.78
4087,206,1,56.74
4087,226,2,46.7
4087,87,4,124.84
4088,164,4,52.3
4088,10,1,49.98
4088,142,1,17.3
4088,106,2,5.02
4088,30,3,29.16
4089,228,3,19.41
4090,149,4,27.38
4090,48,2,119.03
4090,81,4,36.31
4091,182,1,55.82
4091,111,1,82.59
4091,191,2,112.05
4092,186,1,22.65
4092,19,4,83.09
4092,99,4,18.82
4092,126,2,119.18
4093,137,2,31.19
4094,23,1,43.97
4094,78,2,73.92
4094,182,3,54.32
4094,58,3,62.9
4094,164,2,53.58
4095,14,2,45.16
4095,124,4,20.98
4096,116,1,60.33
4096,239,2,77.65
4096,119,4,23.28
4096,19,1,119.84
4096,54,1,22.56
4097,41,4,25.36
4097,184,4,47.13
4097,118,3,25.13
4098,235,3,122.05
4098,135,1,79.75
4099,208,3,5.24
4099,179,2,84.55
4099,32,2,14.7
4100,245,1,56.81
4100,93,2,59.13
4100,203,1,66.2
4100,85,1,73.42
4100,235,4,85.65
4101,111,1,74.89
4101,74,4,110.75
4101,173,3,43.03
4101,211,4,23.86
4101,102,3,86.67
4102,138,2,78.82
4102,58,1,63.12
4102,95,1,33.24
4102,49,1,49.14
4103,66,2,6.46
4103,200,1,121.2
4103,73,3,43.13
4103,108,1,14.03
4104,232,1,4.65
4104,72,4,39.34
4104,88,2,90.31
4105,4,3,55.6
4105,30,3,23.8
4105,123,4,92.34
4105,168,4,29.33
4105,70,2,54.4
4106,198,4,74.17
4107,186,2,21.78
4107,70,3,94.79
4108,191,3,71.86
4108,153,2,66.22
4108,96,4,2.43
4108,233,3,10.22
4109,169,4,92.65
4109,238,4,58.74
4110,128,3,83.83
4110,220,1,16.3
4110,31,4,5.18
4110,129,3,65.82
4110,132,3,93.32
4111,242,4,30.77
4111,69,4,77.38
4112,1,3,6.0
4112,107,2,19.33
4112,101,2,18.51
4113,166,4,62.8
4114,178,1,110.16
4115,171,4,32.27
4115,52,4,24.04
4116,227,2,46.44
4117,152,1,110.17
4117,86,3,110.36
4117,243,1,44.7
4117,139,3,51.2
4118,207,3,111.26
4118,31,3,4.25
4119,91,2,84.37
4119,105,2,78.56
4119,220,1,18.24
4120,128,2,142.37
4121,18,3,10.82
4121,64,2,2.53
4121,8,1,37.87
4121,209,1,13.48
4121,180,4,14.35
4122,10,3,47.89
4122,152,4,87.89
4123,67,4,112.39
4123,203,3,61.06
4124,248,4,5.15
4124,222,2,96.06
4125,98,4,4.5
4126,31,2,6.35
4127,28,1,78.16
4128,27,3,34.67
4128,138,4,83.02
4128,127,4,108.71
4128,188,4,39.98
4128,169,1,83.84
4129,181,2,43.17
4129,95,2,58.91
4129,21,3,54.65
4129,66,4,10.02
4130,118,4,29.97
4130,196,1,88.78
4130,237,3,42.28
4131,166,2,73.04
4132,77,1,82.14
4133,245,4,73.69
4133,131,1,91.02
4133,155,4,58.66
4134,232,4,5.64
4134,97,3,95.49
4134,191,1,69.85
4135,35,1,122.11
4135,46,1,24.41
4135,157,3,34.81
4136,44,2,40.8
4136,6,4,40.51
4136,26,2,61.56
4137,133,2,2.5
4138,119,4,18.99
4138,117,1,101.01
4138,187,2,130.31
4139,58,2,49.21
4139,81,1,29.9
4139,127,4,83.86
4139,26,4,87.29
4140,83,3,117.19
4140,137,3,39.99
4141,249,3,29.14
4142,61,3,49.2
4142,1,4,8.82
4142,139,4,87.55
4143,192,1,44.66
4143,207,4,110.72
4143,227,2,42.75
4144,26,3,111.4
4145,52,3,18.74
4145,147,3,73.83
4145,87,3,135.87
4145,134,2,48.21
4146,122,1,6.47
4146,106,3,4.98
4146,186,4,25.14
4147,61,4,43.34
4147,71,3,118.48
4147,79,1,19.75
4147,8,3,33.28
4147,47,3,20.02
4148,10,1,37.49
4148,40,3,27.85
4148,225,1,108.02
4149,233,2,7.85
4149,79,4,24.42
4150,97,3,103.66
4150,222,2,91.92
4150,14,1,52.18
4150,96,3,2.54
4151,21,2,34.68
4151,154,2,41.84
4152,56,4,70.25
4153,201,1,128.56
4153,245,4,84.93
4153,144,4,127.44
4153,154,4,46.0
4154,211,1,17.61
4154,51,1,29.58
4155,36,1,67.66
4155,202,3,2.31
4155,76,3,10.0
4155,156,2,77.32
4156,132,3,68.43
4156,225,3,119.85
4157,24,3,51.06
4158,10,2,39.33
4159,35,4,71.15
4159,98,1,3.74
4159,169,3,68.8
4159,138,3,83.92
4159,246,1,30.63
4160,240,2,94.45
4160,223,4,77.57
4160,24,3,36.1
4160,78,4,71.26
4161,11,4,114.77
4161,14,1,49.93
4161,162,3,95.67
4161,228,4,16.84
4161,46,3,28.89
4162,191,4,88.21
4162,55,1,13.34
4162,24,2,42.02
4163,128,3,87.23
4163,51,3,28.69
4164,237,1,28.4
4165,119,4,29.96
4165,97,2,95.8
4165,203,3,89.25
4165,8,4,42.93
4166,80,4,112.51
4166,129,2,68.0
4166,74,4,84.0
4166,45,2,63.02
4166,24,3,31.39
4167,52,4,20.69
4168,195,1,82.57
4168,151,4,87.82
4168,172,2,14.37
4169,1,2,9.51
4169,152,2,75.61
4169,120,1,97.31
4170,216,3,53.94
4170,44,4,25.52
4170,234,4,94.33
4171,226,3,50.24
4171,54,4,27.55
4171,207,4,128.82
4171,169,1,65.19
4172,222,1,68.25
4173,51,4,25.83
4173,109,2,79.98
4174,85,3,61.67
4174,182,3,40.76
4174,43,1,46.8
4174,45,4,80.57
4174,83,1,68.5
4175,121,4,62.31
4175,14,1,53.4
4175,218,3,29.92
4176,182,3,58.49
4176,88,3,132.86
4176,175,1,133.53
4177,87,4,101.29
4177,179,4,77.8
4177,68,3,25.4
4177,216,1,44.28
4178,201,4,88.37
4178,143,1,79.09
4179,78,4,91.02
4180,85,1,61.26
4180,52,3,15.42
4180,243,3,52.54
4181,220,3,16.2
4181,3,1,13.54
4181,8,3,48.86
4182,179,1,93.66
4183,85,1,48.72
4183,190,1,77.05
4183,148,4,33.85
4183,179,4,77.25
4184,239,4,56.22
4184,175,3,97.35
4184,31,1,6.51
4184,109,4,92.0
4184,217,3,29.95
4185,239,3,75.74
4185,213,3,103.75
4185,95,1,59.21
4185,38,3,136.61
4185,168,3,49.12
4186,143,1,49.77
4186,88,4,141.1
4186,23,4,29.4
4186,28,1,105.22
4186,140,3,12.21
4187,96,4,2.44
4187,118,3,22.59
4187,169,2,57.6
4187,26,2,100.74
4188,168,3,37.65
4188,200,2,121.63
4188,172,3,14.48
4188,98,1,2.83
4188,151,3,64.28
4189,45,2,86.9
4190,12,1,103.81
4190,52,4,19.53
4191,189,4,64.97
4191,234,2,68.12
4192,31,1,6.69
4192,220,3,11.49
4193,111,4,70.51
4194,128,4,96.24
4194,55,2,19.03
4194,247,3,56.57
4194,5,1,118.85
4194,62,2,35.23
4195,32,1,14.9
4195,219,4,103.37
4195,114,3,59.63
4195,237,1,45.17
4195,228,1,18.97
4196,10,3,57.07
4197,240,2,106.76
4197,138,4,63.04
4197,143,4,66.63
4197,182,1,39.48
4197,44,2,44.09
4198,237,2,38.63
4199,104,3,130.86
4199,121,1,81.9
4200,204,2,75.27
4201,49,4,31.15
4201,8,2,51.81
4201,235,3,115.45
4202,34,4,7.22
4202,237,1,38.04
4202,127,4,85.49
4202,164,3,38.79
4202,92,4,26.52
4203,43,1,50.18
4203,210,3,48.25
4203,86,1,121.6
4204,140,1,20.84
4204,230,4,88.07
4204,206,1,63.18
4204,77,3,72.11
4204,235,1,72.86
4205,214,1,64.58
4206,6,4,56.2
4207,70,2,53.68
4207,121,2,56.52
4207,47,3,20.88
4207,188,1,70.85
4207,5,2,79.9
4208,2,4,13.8
4208,171,4,25.25
4208,89,4,41.44
4209,206,2,36.51
4209,126,4,73.71
4210,54,4,28.05
4211,20,2,76.64
4211,171,2,35.69
4211,112,1,64.32
4211,175,1,75.94
4211,123,1,74.18
4212,211,1,18.32
4212,80,2,87.65
4212,153,2,100.91
4212,34,3,5.67
4213,15,3,116.83
4213,107,2,18.81
4213,171,2,25.79
4213,231,4,84.88
4214,72,3,54.61
4215,202,3,3.07
4215,214,4,108.89
4215,230,2,97.79
4216,99,2,21.91
4217,159,3,18.23
4217,70,4,68.3
4217,153,3,76.4
4217,120,4,91.13
4218,57,3,81.17
4219,233,2,9.84
4219,4,2,55.49
4219,55,4,25.39
4220,185,2,59.68
4220,74,4,74.07
4220,177,1,1.99
4221,215,1,93.92
4222,109,1,112.2
4222,94,4,71.46
4223,106,4,4.08
4223,91,1,49.66
4223,53,4,50.91
4223,159,2,17.04
4224,10,3,35.5
4224,248,2,8.3
4224,231,3,89.59
4225,10,3,39.1
4225,33,2,49.72
4225,186,1,26.94
4226,203,2,81.27
4226,26,1,78.88
4227,147,3,78.11
4227,199,4,42.91
4227,45,4,77.1
4228,28,4,118.49
4229,39,3,27.74
4229,178,2,86.16
4230,40,3,22.55
4230,211,1,22.72
4230,19,1,127.89
4230,168,3,48.24
4230,108,4,15.6
4231,123,2,57.84
4231,4,2,72.54
4232,84,4,123.86
4232,161,2,45.77
4232,150,1,71.94
4233,182,4,50.21
4233,171,2,35.24
4233,98,1,4.85
4234,71,4,74.96
4234,245,3,78.04
4234,221,1,31.12
4234,67,1,85.24
4234,4,3,74.8
4235,52,4,18.26
4235,109,1,121.76
4235,233,2,10.32
4235,16,2,68.52
4235,8,2,53.68
4236,8,3,38.79
4236,173,2,45.77
4236,1,3,6.54
4236,115,2,34.39
4236,170,4,40.61
4237,157,1,49.01
4237,1,2,5.48
4237,237,1,35.47
4237,87,2,113.17
4238,100,4,15.14
4238,110,1,82.88
4239,64,4,2.34
4239,53,4,27.2
4239,140,1,12.87
4239,148,3,39.18
4240,146,2,90.53
4240,67,2,95.29
4241,227,4,25.19
4241,107,1,19.54
4241,95,4,41.41
4242,21,2,50.94
4242,53,2,33.21
4242,62,3,65.12
4242,87,2,135.41
4242,128,1,101.86
4243,152,2,103.36
4243,205,4,59.91
4244,59,1,70.73
4244,159,3,14.33
4245,206,1,61.53
4245,93,1,59.67
4245,108,4,15.13
4246,212,1,102.29
4246,153,2,88.26
4246,225,4,87.03
4246,80,3,87.76
4246,238,2,57.95
4247,160,3,9.72
4248,121,1,79.63
4248,42,3,100.27
4248,149,1,44.81
4248,25,1,111.68
4249,23,4,27.36
4249,176,2,46.35
4250,235,4,129.69
4250,188,1,47.76
4250,44,3,37.82
4251,42,1,88.61
4252,246,2,31.61
4252,109,1,117.57
4252,193,2,27.51
4253,50,4,81.91
4253,222,2,68.8
4254,2,2,14.66
4254,238,3,59.96
4255,170,4,59.47
4255,85,3,54.21
4255,22,3,76.95
4255,160,3,12.94
4255,204,4,79.42
4256,171,3,34.27
4256,160,3,10.1
4256,132,2,86.48
4256,206,4,49.6
4256,133,1,2.29
4257,234,3,67.31
4257,81,1,26.51
4257,216,4,59.34
4258,103,3,53.91
4258,115,2,33.3
4258,62,4,59.2
4258,64,2,2.13
4258,167,1,15.23
4259,248,4,7.49
4259,92,2,24.04
4259,225,3,109.35
4260,177,4,1.97
4260,109,4,78.34
4260,163,3,86.73
4261,63,4,38.0
4261,245,1,62.93
4261,220,4,17.11
4261,133,4,2.56
4262,137,4,40.22
4263,100,2,15.34
4263,188,4,40.46
4263,32,2,21.44
4263,115,1,23.46
4264,116,1,67.89
4264,8,3,46.29
4264,216,4,39.5
4264,61,1,57.76
4264,96,1,2.49
4265,13,4,81.2
4265,206,1,54.58
4265,248,3,5.24
4266,161,3,66.86
4266,86,2,122.56
4266,47,2,20.62
4267,229,2,25.99
4268,83,1,86.27
4268,163,2,56.22
4268,176,2,43.45
4268,215,1,126.77
4268,208,4,4.36
4269,99,1,24.28
4269,207,1,100.68
4269,120,3,103.85
4269,4,1,79.94
4270,59,1,80.3
4270,46,1,24.84
4270,142,3,15.16
4270,187,1,86.59
4270,71,2,96.93
4271,111,3,56.56
4271,28,3,111.07
4271,90,1,39.5
4272,36,4,102.98
4273,84,2,95.86
4273,243,2,54.14
4274,184,4,59.94
4275,113,2,52.95
4275,14,3,61.11
4275,246,4,30.3
4276,223,3,107.84
4276,66,1,8.5
4276,210,3,33.38
4277,189,2,100.06
4278,30,4,36.44
4278,225,1,109.63
4278,201,2,108.56
4278,80,1,105.23
4279,18,1,16.6
4279,9,2,21.54
4279,131,1,66.61
4279,19,1,89.91
4279,201,1,105.42
4280,199,2,51.43
4280,216,4,35.86
4281,2,3,10.28
4282,164,3,37.26
4282,240,3,121.33
4282,34,2,7.95
4282,19,1,126.95
4282,105,1,84.32
4283,165,1,81.53
4283,108,4,18.86
4283,77,2,62.8
4283,191,3,79.11
4284,145,3,50.4
4284,60,1,33.06
4284,91,4,56.93
4285,185,4,76.07
4285,11,1,68.63
4285,61,2,56.96
4285,115,3,38.36
4285,246,2,39.97
4286,81,1,32.24
4286,30,3,21.47
4286,178,1,91.85
4286,89,4,44.29
4286,171,4,22.47
4287,27,2,34.63
4288,83,3,118.62
4289,65,2,31.15
4290,123,3,94.49
4290,184,4,42.83
4290,64,4,3.08
4290,34,2,7.35
4291,141,3,12.63
4291,8,2,31.66
4292,134,2,36.69
4292,162,3,68.93
4292,197,1,98.15
4292,177,3,1.82
4293,162,4,114.38
4294,156,1,96.8
4294,201,2,84.27
4294,224,1,37.27
4294,62,3,39.18
4294,38,4,113.59
4295,65,1,29.32
4295,223,4,79.46
4295,90,1,66.53
4295,192,3,47.83
4296,109,4,112.46
4297,57,2,69.29
4298,30,1,28.84
4298,34,4,4.98
4299,152,2,106.78
4299,237,1,38.78
4299,2,1,11.27
4299,193,1,22.44
4300,85,4,72.65
4300,61,2,37.03
4300,5,4,108.72
4300,247,4,78.1
4301,179,1,56.57
4301,246,3,38.51
4301,202,1,3.27
4301,112,3,88.52
4301,250,1,52.44
4302,202,1,2.49
4302,217,1,44.89
4302,150,3,71.36
4302,44,1,34.96
4303,111,4,55.83
4303,130,1,126.06
4303,62,4,43.34
4303,220,3,18.12
4303,179,4,56.04
4304,181,1,38.87
4304,105,1,72.38
4304,54,2,40.39
4304,65,2,44.2
4304,142,4,22.24
4305,2,1,14.35
4305,88,4,121.25
4306,97,1,73.6
4306,24,1,45.62
4306,8,1,49.49
4306,215,1,106.79
4307,84,1,85.24
4307,50,1,77.77
4307,110,1,68.32
4307,99,3,32.37
4308,99,1,20.86
4308,166,1,68.28
4309,34,3,5.17
4310,62,4,41.78
4310,203,1,76.55
4310,207,1,125.17
4310,55,2,23.23
4310,140,4,17.13
4311,95,3,52.36
4311,112,1,78.5
4311,244,3,17.12
4311,190,1,73.43
4312,127,3,104.52
4312,99,1,21.13
4313,188,2,63.65
4313,82,2,112.49
4313,93,3,47.34
4314,67,1,118.0
4315,136,1,74.62
4315,199,2,72.15
4315,111,2,49.94
4316,172,2,14.75
4317,14,1,78.66
4317,131,3,100.68
4317,47,2,33.03
4317,191,2,65.14
4317,244,1,13.68
4318,56,4,75.36
4318,170,2,68.15
4318,188,2,40.06
4318,13,1,59.28
4318,130,1,103.82
4319,40,1,31.73
4319,144,3,84.15
4319,145,3,62.4
4319,105,4,65.9
4319,169,2,96.11
4320,135,4,96.43
4320,199,4,53.53
4320,116,4,71.88
4320,125,2,85.66
4320,169,4,65.77
4321,185,3,55.15
4321,163,2,80.8
4321,98,4,2.64
4321,70,2,78.75
4321,132,4,102.21
4322,142,1,18.66
4322,150,4,94.54
4322,10,2,59.23
4323,230,3,107.11
4323,160,4,12.21
4323,101,1,16.97
4324,247,2,58.39
4324,71,2,119.68
4324,84,2,122.64
4325,15,1,133.89
4325,130,3,124.99
4325,172,4,13.96
4325,19,1,133.65
4326,171,3,28.66
4326,69,1,87.62
4326,240,4,77.15
4326,150,3,113.58
4326,16,2,41.96
4327,107,3,30.04
4327,3,2,9.77
4327,97,3,72.81
4327,236,3,43.7
4327,90,4,37.85
4328,137,4,51.22
4328,169,1,79.03
4328,180,4,11.21
4329,111,2,85.66
4329,167,1,15.31
4330,166,1,65.09
4330,202,3,4.16
4331,208,2,5.41
4331,244,1,19.43
4331,65,4,24.41
4331,56,3,64.2
4332,222,1,98.18
4332,228,4,22.67
4332,59,4,74.93
4333,61,1,55.32
4333,191,4,110.94
4333,66,1,6.63
4334,54,1,23.22
4334,236,3,49.44
4335,248,3,7.66
4335,9,2,15.27
4336,45,3,61.31
4336,121,1,66.95
4336,43,4,68.52
4336,103,4,55.34
4336,59,1,68.64
4337,245,1,96.46
4337,231,1,75.5
4337,203,2,79.02
4338,70,3,71.91
4338,54,3,31.43
4339,195,2,92.41
4339,51,3,24.93
4339,82,1,82.36
4339,72,4,36.38
4339,121,3,99.07
4340,139,2,57.69
4340,7,4,71.51
4340,114,2,88.32
4340,19,3,94.48
4340,33,2,53.7
4341,116,1,58.96
4341,170,1,46.22
4341,180,3,16.39
4341,241,4,63.86
4342,145,1,46.12
4342,193,2,29.07
4342,226,4,52.59
4343,73,2,28.22
4344,179,4,86.42
4344,134,1,41.41
4344,133,4,3.26
4344,86,4,106.87
4344,118,2,38.83
4345,100,1,19.36
4345,164,4,43.06
4346,243,1,44.36
4346,154,2,47.99
4346,162,2,88.2
4346,47,1,21.6
4346,209,2,14.86
4347,21,3,56.08
4347,157,2,56.4
4348,238,2,67.94
4348,83,2,73.81
4348,106,3,2.72
4349,222,1,87.28
4349,134,3,39.04
4349,213,3,85.73
4349,170,2,37.82
4349,74,2,101.52
4350,170,1,71.04
4350,116,2,84.12
4351,202,1,2.7
4352,142,4,22.77
4352,222,4,66.61
4352,76,2,12.56
4352,212,3,70.85
4352,9,4,19.36
4353,22,3,129.63
4353,212,1,76.01
4354,167,1,11.77
4354,10,2,48.05
4354,60,1,20.95
4354,44,3,24.43
4355,144,3,89.9
4355,245,1,79.06
4356,35,3,83.98
4356,169,1,63.75
4356,33,4,54.06
4356,206,1,50.52
4356,227,3,39.9
4357,105,1,98.72
4357,66,4,7.47
4358,131,2,70.45
4359,191,3,64.32
4359,188,1,42.91
4360,56,2,90.76
4361,48,3,71.25
4361,127,2,74.22
4361,60,3,34.14
4362,154,3,30.93
4363,129,2,62.03
4363,165,1,110.17
4363,77,2,86.76
4363,170,1,62.16
4364,120,1,90.53
4364,242,2,22.45
4364,156,1,95.16
4364,202,1,2.42
4364,138,3,109.28
4365,21,3,35.75
4366,105,3,91.16
4367,141,4,10.46
4367,49,3,32.21
4367,162,2,93.12
4367,46,2,20.77
4367,181,2,33.64
4368,159,4,14.09
4368,184,1,57.74
4368,25,2,91.92
4368,226,3,64.63
4369,116,2,75.35
4369,34,2,6.28
4369,83,4,113.45
4369,205,4,94.41
4369,52,1,19.58
4370,216,2,59.59
4370,112,1,86.25
4370,212,2,102.26
4370,30,2,31.08
4370,148,3,41.99
4371,110,4,77.61
4372,26,3,102.7
4373,133,1,2.7
4373,30,3,27.06
4373,160,2,14.56
4374,78,1,87.93
4374,157,2,52.21
4374,199,2,53.26
4374,119,1,20.49
4375,58,3,63.47
4375,50,1,75.18
4375,140,2,15.26
4376,31,2,7.37
4376,13,1,73.92
4377,135,1,86.74
4377,3,3,11.78
4377,49,3,30.48
4377,67,4,109.31
4377,66,2,10.22
4378,193,3,28.74
4378,182,2,51.83
4378,172,1,15.69
4379,23,1,43.91
4379,47,4,35.72
4379,194,3,95.8
4379,135,3,120.94
4379,54,2,26.04
4380,86,3,74.83
4380,171,4,33.64
4380,129,1,63.31
4380,228,3,23.9
4380,118,3,22.57
4381,182,4,36.14
4381,73,2,38.93
4381,18,1,10.25
4381,226,3,61.75
4382,31,3,5.42
4383,95,3,44.69
4383,213,4,107.0
4383,230,1,65.67
4383,215,3,126.04
4384,21,3,44.32
4385,215,4,109.29
4385,194,1,64.23
4385,85,4,76.52
4386,177,2,2.62
4386,130,4,114.8
4387,169,4,59.0
4388,231,3,49.55
4388,119,2,19.46
4388,103,3,43.64
4389,109,4,93.76
4390,72,4,57.66
4390,229,2,21.61
4391,233,2,12.75
4391,81,2,39.27
4391,22,3,105.35
4391,89,3,26.15
4391,107,2,20.28
4392,243,4,41.1
4392,138,1,84.16
4392,242,3,37.13
4392,109,3,68.12
4393,236,1,54.46
4393,80,4,65.33
4393,157,3,45.97
4394,172,4,13.01
4394,246,1,27.59
4394,95,4,59.41
4394,220,2,15.62
4394,116,3,52.84
4395,235,2,73.93
4396,112,2,100.08
4396,108,1,13.93
4396,118,1,41.04
4397,106,4,3.67
4397,96,3,2.28
4398,161,1,77.31
4398,31,2,5.47
4398,107,2,29.48
4398,66,3,10.69
4399,187,3,113.05
4399,115,1,33.29
4399,45,3,87.92
4400,163,3,91.37
4400,19,4,104.85
4400,7,1,91.67
4400,149,2,31.76
4400,153,1,82.26
4401,101,4,13.68
4401,196,2,99.94
4401,107,1,25.07
4402,174,4,15.04
4402,99,3,34.35
4402,15,3,100.24
4402,102,1,75.36
4402,146,2,50.16
4403,99,1,33.34
4403,55,1,23.11
4403,143,3,50.5
4403,178,4,67.43
4403,168,4,41.89
4404,73,2,40.58
4404,135,4,71.39
4404,90,1,47.17
4405,81,4,37.31
4406,201,1,83.0
4406,185,2,78.56
4406,218,1,45.18
4407,146,3,84.03
4407,177,3,2.57
4407,59,3,78.61
4407,87,1,97.85
4408,192,1,50.02
4408,154,3,44.37
4408,83,4,103.52
4408,34,2,8.62
4408,102,3,119.24
4409,92,1,24.15
4410,150,4,77.2
4410,112,2,99.79
4410,59,3,62.2
4410,226,2,50.63
4410,23,3,35.06
4411,70,1,98.55
4411,53,4,30.4
4412,219,2,88.53
4413,199,2,39.52
4414,164,4,28.12
4414,137,2,45.86
4415,65,4,29.89
4415,95,3,59.53
4416,180,4,9.22
4416,15,4,103.45
4416,123,3,62.9
4416,8,3,54.51
4416,4,2,60.66
4417,241,3,107.21
4418,174,1,16.34
4418,246,2,27.79
4418,21,2,38.15
4418,5,2,115.47
4419,59,4,70.53
4419,11,1,74.45
4419,139,1,58.46
4419,23,3,46.99
4420,191,3,106.43
4420,3,1,13.26
4420,71,4,110.97
4420,35,2,103.66
4420,75,1,111.19
4421,136,2,116.26
4421,116,3,63.98
4421,60,4,27.69
4422,7,4,57.92
4423,75,3,77.19
4423,217,3,27.43
4423,111,2,66.37
4423,218,4,26.39
4424,63,4,37.15
4424,95,2,35.84
4424,163,3,60.16
4424,132,1,73.57
4424,139,3,80.09
4425,131,4,106.04
4425,60,1,33.96
4425,2,4,10.32
4425,225,2,131.43
4425,31,2,6.45
4426,201,3,83.8
4426,3,1,12.96
4426,245,2,87.53
4426,8,4,48.36
4427,228,2,23.39
4427,238,1,74.96
4427,77,3,65.67
4427,162,4,72.34
4427,51,4,32.96
4428,66,4,9.54
4429,65,2,35.8
4429,90,3,54.83
4429,202,3,3.37
4430,84,1,106.88
4430,147,2,79.97
4430,45,1,77.56
4431,187,3,123.01
4431,66,4,7.73
4431,206,4,36.33
4431,98,1,4.14
4431,17,4,115.43
4432,226,4,68.06
4432,34,3,6.79
4433,139,2,64.24
4433,189,4,79.48
4433,107,4,30.78
4433,87,4,131.88
4434,164,2,35.21
4435,124,3,33.89
4435,157,1,51.06
4435,148,3,35.2
4436,242,1,32.36
4436,37,2,31.71
4436,203,1,63.18
4436,213,4,60.12
4437,115,2,43.41
4437,182,2,34.21
4437,63,2,38.67
4438,27,4,35.73
4439,241,1,65.78
4439,17,4,95.38
4439,129,1,48.02
4439,95,1,53.7
4440,37,4,32.24
4440,167,4,17.49
4440,189,1,62.29
4440,232,1,4.56
4441,10,4,53.54
4441,215,1,115.98
4441,34,2,6.38
4442,96,3,1.69
4442,166,3,92.67
4443,157,3,62.91
4443,195,2,76.37
4443,93,4,69.19
4444,105,3,108.58
4444,144,2,117.14
4444,133,2,3.18
4444,20,1,116.04
4444,80,2,99.95
4445,247,3,74.57
4445,102,1,110.55
4446,197,2,62.63
4447,28,3,99.91
4447,147,4,128.53
4447,245,3,92.84
4447,33,2,46.22
4447,24,4,32.05
4448,115,1,31.59
4448,8,3,39.84
4448,10,3,38.39
4448,31,1,6.33
4448,148,2,59.78
4449,119,2,28.16
4449,107,2,28.02
4450,226,4,63.9
4450,165,1,117.41
4450,239,4,100.24
4450,164,4,29.26
4451,124,3,22.54
4451,199,2,74.14
4451,249,4,35.85
4452,216,3,57.0
4453,216,4,55.47
4453,211,1,16.75
4453,140,1,16.39
4453,21,4,36.63
4454,166,4,58.03
4454,119,4,30.33
4454,18,2,17.22
4454,148,1,62.26
4454,94,1,57.63
4455,12,3,103.47
4455,112,3,90.66
4455,168,1,46.12
4456,241,3,82.36
4456,225,2,105.57
4456,17,1,76.67
4456,238,4,64.42
4457,36,3,88.24
4457,231,1,92.68
4457,61,4,52.99
4457,29,3,118.22
4458,42,1,106.58
4458,230,2,79.6
4458,60,1,24.46
4458,100,4,15.09
4458,35,1,76.53
4459,21,1,38.51
4460,94,1,54.78
4460,152,3,118.67
4461,115,2,29.87
4461,135,1,102.97
4461,236,4,51.48
4462,39,2,37.26
4462,51,2,29.95
4462,196,4,73.54
4462,34,1,8.38
4463,74,1,118.06
4463,207,3,118.04
4463,73,4,34.45
4464,108,1,18.06
4464,214,1,102.37
4465,72,1,31.45
4466,132,3,93.62
4466,145,4,62.17
4466,108,1,12.96
4466,127,3,114.93
4467,128,3,89.87
4467,221,2,26.91
4468,116,3,60.75
4468,38,4,121.56
4469,81,2,28.3
4469,240,2,128.96
4469,19,1,75.18
4469,75,1,109.04
4469,167,3,16.05
4470,234,3,72.82
4470,5,4,64.76
4470,131,4,97.21
4470,237,1,26.32
4471,143,2,84.92
4471,208,4,6.63
4471,34,3,6.68
4471,110,1,58.77
4472,140,1,14.01
4473,10,3,57.97
4473,205,3,89.99
4473,190,1,70.16
4474,119,4,17.0
4474,3,3,8.71
4475,161,1,60.3
4475,94,3,46.82
4475,63,3,33.79
4475,113,4,39.08
4475,39,2,25.03
4476,108,3,12.38
4477,137,4,58.22
4477,61,1,50.23
4477,99,3,31.94
4477,217,4,40.72
4477,203,2,80.29
4478,173,2,55.35
4478,139,2,51.45
4478,140,4,14.48
4478,118,3,38.98
4478,211,4,22.16
4479,26,2,104.82
4479,191,1,101.87
4479,205,2,108.63
4480,167,2,13.37
4480,110,1,69.59
4480,125,3,112.86
4480,45,1,68.64
4481,185,1,62.48
4481,193,3,27.13
4482,28,2,80.31
4482,161,4,54.62
4482,228,1,22.36
4483,89,2,34.18
4483,120,4,93.16
4484,39,3,26.39
4484,216,1,33.12
4485,235,4,81.81
4485,5,1,118.04
4486,68,2,25.53
4486,161,4,55.98
4487,206,2,63.04
4487,164,1,46.77
4487,70,1,53.08
4487,86,1,69.5
4488,206,1,60.8
4488,96,3,1.63
4488,161,3,46.52
4488,32,2,19.78
4488,22,3,78.9
4489,200,1,132.85
4489,196,2,77.49
4489,239,1,62.44
4489,85,1,62.18
4490,25,4,118.43
4490,73,1,41.23
4490,155,1,48.44
4490,245,1,72.03
4490,62,3,47.42
4491,193,1,24.31
4491,105,2,97.89
4491,17,3,101.49
4492,120,2,117.87
4492,86,2,83.62
4493,47,2,36.67
4493,196,3,81.73
4493,59,1,79.35
4494,188,4,71.28
4494,108,3,18.36
4494,50,3,71.46
4495,96,4,3.05
4495,90,4,66.09
4495,116,3,67.69
4495,122,4,7.62
4495,22,4,79.71
4496,64,1,2.56
4497,220,1,12.59
4497,129,4,53.0
4498,236,4,53.74
4499,84,4,85.15
4499,81,1,25.33
4499,16,3,44.31
4499,192,3,36.91
4500,153,3,61.66
4500,229,1,27.84
4501,166,3,98.98
4501,78,2,70.56
4501,244,4,24.45
4501,21,4,35.13
4501,82,3,95.44
4502,53,1,29.49
4503,121,2,81.06
4503,169,2,55.88
4503,156,1,113.73
4503,202,4,4.13
4503,119,2,27.88
4504,156,1,109.97
4505,105,4,56.77
4505,181,1,44.43
4505,99,1,33.39
4506,134,2,36.28
4506,197,3,62.73
4506,193,1,19.86
4506,153,1,86.98
4506,117,2,120.01
4507,49,4,43.31
4507,242,4,37.43
4508,208,2,7.22
4508,216,1,51.76
4509,110,3,75.76
4509,73,3,27.68
4509,115,2,25.24
4509,6,4,68.11
4509,67,3,107.07
4510,14,4,45.91
4510,56,1,49.48
4510,211,3,19.01
4511,212,1,65.99
4511,15,2,120.29
4512,13,4,82.38
4512,124,3,30.71
4513,111,2,66.16
4513,227,1,34.86
4513,154,4,31.42
4513,202,3,4.1
4513,115,4,40.79
4514,31,3,4.41
4514,162,1,107.75
4515,59,3,81.06
4516,178,4,87.81
4516,198,1,80.93
4517,135,2,114.85
4518,20,3,99.46
4518,34,4,6.44
4518,244,3,19.52
4518,91,1,83.54
4519,69,2,75.7
4519,244,3,16.38
4519,15,3,76.56
4519,201,3,117.25
4520,131,4,85.49
4521,81,1,36.33
4521,126,1,106.62
4522,247,4,54.81
4522,188,3,46.66
4522,53,1,29.22
4522,142,2,27.57
4523,68,4,20.81
4523,147,2,94.32
4524,12,1,93.97
4524,25,4,72.23
4524,57,3,58.25
4524,27,1,58.56
4525,86,4,72.52
4525,35,1,92.36
4525,47,3,27.05
4525,222,4,68.55
4526,48,1,109.84
4526,163,2,87.14
4526,183,3,53.24
4527,127,1,111.92
4527,250,3,49.42
4527,19,4,99.59
4527,41,3,16.15
4528,246,1,38.11
4528,237,1,30.19
4529,44,2,37.04
4530,127,1,116.14
4531,49,4,41.99
4531,105,3,99.21
4532,110,4,56.62
4532,122,4,4.87
4533,233,3,11.71
4533,85,4,60.36
4533,244,4,14.62
4533,220,4,15.85
4533,94,1,57.72
4534,125,1,92.29
4535,166,2,83.1
4535,243,2,56.67
4536,175,3,129.74
4536,169,3,101.38
4536,244,4,23.94
4536,96,2,1.67
4536,248,4,5.25
4537,98,2,3.21
4538,101,3,16.03
4538,178,2,96.65
4538,124,4,30.52
4538,248,3,6.74
4539,150,3,92.9
4540,18,1,17.96
4541,109,1,111.44
4542,19,2,103.89
4542,8,1,53.1
4542,195,4,60.26
4542,177,3,1.63
4542,102,2,80.17
4543,74,3,130.16
4543,157,1,57.65
4543,130,4,86.7
4543,250,2,55.61
4544,93,2,48.55
4544,7,1,61.48
4544,75,2,119.6
4545,62,4,54.39
4545,50,2,77.41
4545,246,2,41.21
4546,129,1,59.44
4546,173,1,56.06
4547,65,4,26.78
4547,58,3,43.27
4547,193,2,25.7
4547,37,4,22.76
4548,152,3,117.43
4548,72,3,54.51
4549,239,2,84.19
4549,123,2,66.58
4549,39,2,26.83
4550,169,3,71.34
4550,115,4,37.5
4551,172,4,12.19
4551,233,1,12.88
4551,19,1,118.32
4552,72,2,48.24
4552,29,2,86.6
4553,59,2,70.28
4553,39,3,36.72
4553,8,1,50.14
4553,195,2,81.52
4553,159,4,14.07
4554,88,3,93.41
4554,70,3,58.12
4554,198,4,103.47
4555,203,2,89.18
4555,60,3,29.6
4556,164,2,40.76
4556,162,3,64.72
4556,218,2,48.76
4556,211,1,13.83
4557,65,4,32.78
4557,89,3,43.57
4557,241,1,78.61
4557,98,1,4.52
4558,167,2,17.74
4559,87,2,97.39
4559,5,3,70.09
4559,32,1,19.58
4560,113,2,29.92
4560,50,2,53.97
4561,45,1,110.85
4561,218,4,38.39
4561,33,4,42.23
4561,162,1,100.81
4561,111,1,77.87
4562,206,4,44.23
4562,59,4,69.1
4562,237,1,37.62
4562,153,3,86.59
4563,79,2,22.94
4563,149,2,30.35
4563,167,4,12.94
4563,54,2,34.93
4563,135,4,102.89
4564,15,1,128.71
4564,179,1,93.03
4565,177,1,2.77
4565,244,4,17.24
4565,101,1,25.8
4565,234,3,64.95
4565,215,4,91.21
4566,50,4,82.5
4566,160,4,13.38
4567,1,3,7.48
4568,212,3,104.39
4569,159,1,18.11
4569,118,1,41.76
4569,63,2,35.71
4570,160,1,11.35
4570,181,3,36.89
4571,196,1,57.92
4572,183,2,36.84
4572,137,1,31.92
4573,218,4,44.74
4574,241,2,97.45
4574,173,4,56.62
4574,164,4,49.56
4575,13,3,66.05
4576,99,2,20.65
4576,84,1,82.75
4577,4,4,84.37
4577,124,2,22.44
4577,242,2,41.78
4578,233,3,11.35
4578,80,1,86.45
4578,210,3,43.24
4579,102,1,99.78
4580,238,4,48.19
4581,67,1,91.25
4581,136,1,67.12
4581,62,2,60.54
4581,104,1,75.12
4581,54,3,39.15
4582,239,3,78.74
4582,60,2,23.78
4583,233,2,10.66
4583,195,1,52.99
4583,34,3,7.75
4584,201,4,99.64
4584,87,4,81.84
4584,194,2,68.62
4584,113,1,42.38
4585,158,2,105.8
4585,138,1,77.29
4586,111,2,87.03
4586,243,4,48.98
4586,133,4,2.49
4586,3,3,9.26
4587,30,4,38.29
4587,38,3,125.71
4587,72,4,41.9
4587,126,3,122.74
4588,47,2,28.2
4589,184,3,52.5
4589,140,3,15.77
4589,47,2,24.97
4590,13,1,59.43
4591,249,1,28.84
4591,187,2,112.17
4592,59,3,52.23
4592,245,4,89.29
4592,225,3,119.47
4593,147,1,127.86
4593,141,1,10.09
4593,50,1,56.63
4593,228,3,15.99
4594,185,1,85.24
4595,64,3,1.89
4595,129,3,47.58
4596,32,3,14.97
4596,14,1,58.79
4596,99,4,32.67
4596,52,4,17.93
4596,19,4,80.43
4597,90,3,67.0
4597,22,3,137.71
4597,34,2,7.06
4597,103,3,38.26
4598,116,4,81.81
4598,113,1,29.46
4598,242,3,27.5
4598,206,3,36.12
4598,193,2,27.84
4599,221,3,33.49
4599,168,2,50.0
4599,30,2,28.93
4599,48,4,78.76
4599,50,2,69.95
4600,162,4,61.41
4601,212,1,81.62
4601,138,4,88.08
4601,12,4,94.02
4601,62,1,43.77
4602,86,2,110.02
4602,152,3,97.89
4602,195,2,99.2
4603,22,2,129.19
4603,94,4,72.67
4603,159,2,13.83
4603,12,2,64.0
4604,159,3,16.62
4605,60,4,24.12
4606,234,4,90.96
4607,75,2,94.85
4607,83,3,105.07
4608,209,1,14.88
4608,96,3,2.21
4608,201,1,124.05
4609,84,1,89.09
4610,65,1,32.33
4610,147,1,82.77
4610,25,4,115.15
4610,113,4,30.11
4610,168,2,49.54
4611,18,4,14.67
4611,80,4,103.94
4611,122,1,7.89
4611,14,1,72.08
4612,159,4,12.79
4612,115,4,23.61
4612,236,3,56.43
4612,198,4,90.15
4613,80,4,66.72
4613,112,4,99.96
4614,109,2,96.33
4615,46,3,22.56
4615,236,4,53.14
4615,39,3,42.5
4616,231,1,77.81
4616,199,3,65.2
4616,139,2,90.12
4617,239,4,99.43
4617,202,2,3.44
4618,28,2,108.45
4618,249,3,35.12
4619,245,2,75.76
4619,101,2,14.7
4620,8,2,45.04
4620,120,2,68.82
4620,132,2,83.6
4620,18,3,11.65
4621,80,2,105.72
4622,178,1,78.07
4622,116,2,50.58
4622,162,2,60.6
4622,187,1,89.18
4622,224,2,30.99
4623,89,1,45.61
4623,216,2,47.66
4623,165,3,75.31
4624,68,4,20.91
4625,150,2,66.15
4626,226,4,58.92
4627,209,1,11.63
4627,70,4,59.63
4628,204,2,129.13
4628,9,1,26.27
4628,240,4,126.3
4628,226,1,52.69
4628,119,2,16.99
4629,165,3,88.39
4629,15,3,88.02
4629,170,1,39.3
4630,117,2,108.57
4631,238,1,66.86
4631,85,4,43.81
4631,67,1,96.97
4631,225,1,124.12
4631,54,2,35.64
4632,238,3,66.01
4632,62,3,54.68
4632,14,2,77.1
4632,240,3,96.15
4632,7,4,66.51
4633,119,1,17.27
4633,10,1,59.91
4633,191,2,64.22
4634,103,4,60.49
4634,83,3,124.2
4634,92,3,30.94
4634,172,1,11.93
4635,19,4,135.25
4635,119,2,25.39
4635,99,2,31.09
4636,102,2,93.75
4637,20,1,62.57
4637,170,1,43.6
4637,238,2,77.53
4638,25,1,75.69
4639,15,1,83.53
4640,156,4,74.29
4640,93,3,48.44
4640,234,3,99.77
4640,236,4,51.89
4641,229,1,16.94
4641,209,4,13.16
4642,133,1,2.56
4643,58,2,49.89
4643,55,3,21.71
4643,198,3,76.43
4643,110,3,84.94
4643,135,4,87.33
4644,106,4,5.0
4644,222,4,66.29
4645,70,1,59.78
4646,89,4,37.42
4646,52,3,20.31
4646,201,1,76.15
4646,156,3,92.71
4647,237,2,34.64
4647,148,2,44.18
4647,209,3,19.29
4648,71,2,87.77
4648,8,1,32.2
4649,249,3,45.18
4650,147,1,94.21
4650,77,2,88.62
4651,114,4,93.28
4652,52,1,15.83
4652,36,4,111.73
4652,76,4,8.69
4652,145,2,61.29
4652,95,1,35.1
4653,185,4,76.66
4653,118,2,34.46
4653,165,4,79.46
4654,38,4,129.59
4654,31,2,4.28
4654,240,2,100.7
4654,197,1,101.55
4655,75,2,81.21
4655,46,4,28.73
4655,137,2,49.97
4655,128,3,109.16
4656,94,2,59.99
4656,74,4,97.55
4657,31,2,7.37
4657,53,1,48.04
4658,48,2,108.45
4658,57,1,81.43
4658,225,4,68.7
4658,61,3,44.05
4658,170,4,71.25
4659,239,1,77.96
4659,222,4,56.45
4659,211,4,23.34
4659,12,1,84.94
4659,195,3,78.93
4660,19,3,119.4
4661,163,4,53.3
4661,188,2,45.03
4661,246,3,24.45
4661,53,4,47.25
4662,25,4,97.79
4662,165,1,110.24
4662,216,1,38.16
4662,183,4,41.95
4662,189,4,77.81
4663,245,4,83.49
4663,247,4,48.78
4663,111,4,71.73
4663,202,3,2.33
4663,249,2,32.61
4664,56,1,94.02
4664,239,2,74.95
4664,42,2,60.28
4664,234,3,66.61
4665,194,1,89.45
4665,40,4,25.08
4665,118,3,41.69
4665,57,2,74.43
4666,189,3,57.86
4666,24,3,44.77
4666,212,1,65.18
4666,115,4,25.75
4667,70,3,80.73
4668,135,2,112.17
4668,166,4,81.71
4668,220,1,18.4
4669,56,1,75.64
4669,184,2,43.92
4670,21,2,53.6
4671,186,2,24.82
4672,49,2,53.94
4672,156,4,101.99
4672,146,4,59.96
4673,112,4,89.11
4673,170,4,44.88
4674,169,3,64.7
4674,36,1,118.03
4674,125,4,72.68
4675,124,3,27.45
4675,136,1,97.52
4675,183,4,42.65
4676,103,1,55.38
4676,101,4,15.35
4676,234,3,78.18
4676,200,2,132.41
4677,20,3,105.44
4678,161,3,69.08
4678,87,2,118.37
4678,222,2,83.96
4678,152,2,89.42
4679,54,2,37.03
4679,40,1,40.04
4679,245,4,85.35
4680,97,2,133.74
4681,124,2,22.2
4681,218,1,36.78
4681,179,1,54.35
4681,14,3,56.67
4681,205,1,98.36
4682,99,2,22.67
4682,127,1,107.57
4682,157,4,55.97
4682,82,1,82.64
4682,173,3,66.77
4683,67,2,116.38
4683,79,2,19.29
4683,148,1,50.58
4683,97,3,82.22
4684,94,1,71.87
4684,75,1,105.28
4684,191,4,63.68
4684,83,2,107.61
4685,159,3,12.11
4685,41,3,27.63
4685,108,1,18.8
4685,97,1,127.02
4685,35,1,100.71
4686,105,1,92.59
4686,157,2,59.62
4686,39,4,35.01
4687,233,4,10.74
4687,45,1,95.51
4688,100,2,19.63
4688,145,1,41.64
4688,76,1,12.4
4688,169,4,59.88
4688,17,2,87.63
4689,120,2,115.77
4689,9,1,25.05
4690,209,2,18.01
4690,86,3,72.66
4690,59,4,62.97
4690,244,2,24.01
4690,55,1,18.46
4691,216,1,52.72
4692,18,1,16.79
4693,201,1,128.73
4693,97,3,95.55
4694,172,3,10.75
4694,228,1,17.5
4694,24,3,33.62
4694,166,4,74.32
4695,7,3,55.57
4695,182,1,40.03
4695,175,1,131.66
4695,65,3,41.05
4695,238,4,51.05
4696,28,3,86.21
4696,33,4,56.92
4696,43,4,54.53
4696,54,1,25.87
4696,20,3,81.46
4697,115,2,41.95
4697,85,3,72.77
4697,211,4,13.03
4697,208,1,5.6
4697,240,2,103.27
4698,160,1,14.59
4698,165,1,104.78
4699,145,3,56.35
4699,186,4,18.12
4700,232,1,3.56
4701,205,2,112.03
4702,13,4,72.22
4703,99,2,27.43
4703,36,3,89.66
4703,177,3,2.87
4704,159,1,15.33
4704,213,1,92.47
4704,179,1,80.48
4705,211,4,22.31
4705,33,4,51.84
4706,94,2,47.64
4707,71,4,138.46
4707,106,4,4.29
4708,188,3,41.58
4708,2,1,14.69
4708,109,1,66.37
4708,241,2,108.21
4709,87,4,76.9
4709,90,2,46.05
4709,30,3,35.84
4709,88,1,103.96
4709,217,1,43.51
4710,86,2,104.78
4711,73,4,31.65
4711,126,3,84.95
4711,96,2,2.35
4711,16,2,48.95
4712,249,1,41.35
4713,167,4,12.81
4714,213,1,78.4
4714,246,1,39.3
4715,131,2,85.69
4715,37,3,30.12
4715,99,2,33.07
4716,229,2,21.1
4716,175,1,75.44
4717,110,4,55.09
4717,241,4,102.57
4718,197,2,107.48
4719,11,3,84.08
4719,121,2,57.71
4719,49,2,44.88
4719,222,4,88.13
4720,26,1,95.87
4720,37,4,39.43
4720,58,4,61.48
4721,65,4,27.72
4721,40,3,22.45
4721,35,1,126.53
4721,94,1,53.17
4722,139,1,63.18
4722,237,3,25.87
4723,111,2,66.01
4723,65,2,41.92
4723,47,4,20.99
4724,172,1,12.89
4725,131,3,78.31
4725,215,1,121.89
4725,49,1,52.09
4725,34,4,6.84
4726,189,2,96.14
4727,20,3,99.75
4727,244,3,20.37
4728,16,3,44.86
4729,33,4,38.81
4729,42,2,67.3
4730,224,2,29.52
4730,9,2,19.22
4730,226,4,59.49
4731,39,3,27.7
4731,218,4,36.89
4732,17,3,82.88
4732,98,3,2.86
4732,74,3,125.19
4732,141,4,10.0
4733,90,3,70.93
4733,139,1,82.26
4733,129,1,42.66
4734,71,3,128.88
4734,191,3,72.71
4734,158,1,71.76
4735,189,1,104.82
4735,215,1,128.33
4736,243,4,36.17
4736,24,1,47.45
4736,195,2,90.29
4737,37,4,28.5
4738,73,4,28.41
4738,206,1,45.61
4738,219,3,73.77
4738,195,2,94.08
4739,105,1,72.95
4739,106,2,4.19
4739,85,4,46.1
4739,133,2,3.35
4740,90,4,68.94
4740,69,2,61.49
4740,146,3,73.39
4740,175,3,72.88
4740,80,2,67.58
4741,175,4,80.19
4741,15,2,96.76
4741,223,2,127.17
4741,124,1,28.82
4741,231,4,67.75
4742,3,1,8.5
4742,18,3,10.55
4742,35,3,125.49
4742,198,2,62.71
4743,158,3,94.36
4743,58,4,43.05
4743,226,1,71.27
4743,17,2,101.53
4743,127,4,129.89
4744,224,2,28.38
4744,124,4,34.54
4745,182,3,49.85
4746,124,2,21.91
4746,135,3,125.2
4746,38,4,135.76
4747,97,3,115.66
4747,37,4,28.23
4748,113,3,44.65
4748,239,3,58.85
4748,163,2,66.8
4748,76,1,12.66
4749,43,4,60.86
4749,6,3,45.67
4750,246,3,41.09
4750,34,2,7.59
4750,209,1,17.08
4751,231,1,83.12
4752,223,2,98.57
4752,105,4,59.5
4752,13,2,95.21
4752,170,2,42.17
4753,198,2,92.4
4753,54,2,32.75
4753,162,3,88.45
4753,104,4,106.7
4753,11,3,75.96
4754,136,2,102.88
4754,134,1,47.35
4754,61,4,54.4
4754,62,3,35.31
4754,101,1,22.14
4755,133,3,2.09
4755,4,2,52.06
4755,173,1,63.46
4755,172,3,11.68
4755,100,4,15.2
4756,187,4,88.06
4756,100,1,11.36
4756,190,4,76.7
4756,53,1,30.85
4756,138,4,112.05
4757,218,2,30.86
4757,223,1,94.71
4757,82,2,92.45
4758,134,3,35.25
4759,216,4,46.57
4759,231,1,50.5
4759,173,4,39.48
4759,61,3,51.69
4759,29,1,109.57
4760,92,4,27.29
4760,250,3,35.98
4760,23,1,39.34
4760,51,2,25.25
4760,14,2,66.85
4761,149,2,47.09
4761,175,2,96.19
4762,161,1,75.08
4762,128,4,127.85
4763,26,3,94.49
4763,38,4,113.93
4763,162,1,106.0
4763,235,2,80.33
4764,14,2,68.36
4764,139,3,67.29
4765,90,2,71.22
4766,216,4,47.96
4766,106,1,3.08
4766,19,2,87.32
4766,120,2,78.44
4767,172,1,17.13
4767,169,4,78.24
4768,107,3,23.6
4768,93,1,53.78
4768,167,2,10.26
4768,111,3,89.58
4769,17,2,72.97
4769,73,1,35.78
4770,192,4,55.2
4771,66,3,7.35
4771,194,1,69.48
4771,17,3,118.64
4771,178,3,77.48
4771,33,4,30.51
4772,208,2,6.69
4772,133,2,3.32
4772,211,2,20.83
4772,61,4,45.64
4772,206,1,53.23
4773,91,1,69.99
4773,178,1,74.27
4774,31,3,7.42
4774,96,3,3.07
4775,225,4,76.22
4776,134,1,27.92
4776,246,2,42.2
4776,7,1,78.12
4776,80,4,66.07
4776,198,1,77.9
4777,121,4,74.58
4777,69,1,71.46
4777,241,2,65.0
4777,108,2,17.2
4778,93,1,55.99
4778,114,4,67.63
4778,80,4,63.93
4779,134,4,31.41
4779,148,2,37.79
4779,177,3,2.7
4780,84,4,66.97
4781,51,2,26.65
4781,14,1,73.54
4781,154,2,31.59
4782,139,1,52.15
4782,29,4,79.53
4783,88,2,97.32
4784,158,2,70.54
4784,16,4,55.42
4785,95,1,46.72
4785,165,3,76.89
4785,222,1,94.83
4785,137,3,48.61
4785,65,2,29.17
4786,209,3,17.97
4786,153,3,104.82
4786,122,2,7.76
4786,16,4,37.7
4786,24,3,40.16
4787,185,3,88.11
4788,111,2,87.75
4788,70,2,52.96
4788,57,4,71.48
4788,81,4,33.57
4788,234,2,107.97
4789,95,2,52.0
4790,230,4,73.21
4790,99,4,28.59
4791,117,4,89.58
4791,239,3,53.6
4791,4,1,67.5
4792,173,3,57.21
4792,207,4,135.08
4792,94,4,64.03
4793,10,3,46.67
4794,13,3,51.47
4794,192,3,34.71
4795,220,3,15.13
4795,3,2,10.16
4795,122,2,5.24
4795,168,2,40.0
4796,140,1,12.01
4796,151,4,51.5
4797,177,1,2.37
4798,176,3,59.75
4798,181,2,40.31
4798,216,3,59.57
4798,238,4,66.73
4798,187,1,77.69
4799,68,4,26.04
4799,194,3,92.93
4799,16,1,55.36
4799,223,1,103.42
4799,95,4,39.52
4800,14,2,49.39
4800,158,2,82.48
4800,107,1,27.27
4801,188,2,45.84
4801,158,4,76.54
4801,140,2,14.34
4801,61,1,42.26
4801,63,2,36.8
4802,192,1,38.07
4802,129,3,37.67
4802,18,3,13.95
4802,73,3,36.42
4802,245,2,100.15
4803,62,1,44.07
4803,101,4,14.31
4803,76,2,12.57
4803,119,1,30.07
4804,75,4,76.15
4804,232,4,4.35
4804,162,2,87.65
4804,70,3,88.36
4804,114,1,58.55
4805,235,3,105.72
4806,202,3,3.12
4807,188,2,55.66
4808,233,3,11.14
4808,82,3,68.26
4809,19,2,125.29
4809,30,4,32.47
4810,226,4,37.65
4811,41,4,22.86
4811,197,3,81.04
4811,65,2,38.8
4811,23,1,39.14
4812,76,3,12.88
4812,128,2,77.0
4813,150,3,83.69
4813,231,3,52.16
4813,203,2,72.52
4813,217,1,47.84
4813,60,2,26.96
4814,158,2,83.21
4814,97,1,100.23
4815,48,4,83.84
4815,224,2,33.73
4815,36,4,72.84
4816,29,2,110.64
4816,98,2,3.38
4816,144,1,119.14
4816,17,1,69.65
4817,4,4,90.08
4817,49,2,37.99
4817,81,2,21.81
4818,122,4,4.5
4818,159,3,12.73
4818,203,1,61.23
4819,57,3,57.07
4819,22,4,123.72
4819,226,1,40.92
4820,104,3,127.18
4821,192,2,34.43
4821,104,1,95.56
4821,203,1,74.77
4821,89,2,27.94
4821,167,3,13.8
4822,129,1,42.06
4822,81,4,23.06
4822,13,3,51.46
4823,82,4,83.05
4823,230,1,113.81
4823,190,2,58.48
4823,177,3,1.98
4823,141,4,11.41
4824,7,4,68.06
4824,145,3,62.27
4825,228,2,13.76
4825,134,2,36.2
4825,196,4,89.03
4825,109,3,99.63
4826,68,1,16.8
4826,37,3,23.16
4826,103,4,47.85
4826,129,3,50.23
4827,227,1,33.06
4827,162,2,83.11
4827,207,3,120.52
4827,178,4,95.63
4828,6,1,59.23
4828,247,4,70.3
4828,222,3,72.62
4828,136,3,115.64
4828,167,3,12.3
4829,86,4,75.27
4829,227,2,25.49
4829,3,1,12.69
4829,51,1,28.22
4829,206,3,51.97
4830,208,4,5.16
4831,94,4,56.44
4832,37,2,32.15
4832,161,3,72.19
4832,90,4,47.73
4832,33,2,50.15
4832,211,3,23.68
4833,59,3,74.72
4833,93,3,39.83
4833,8,1,54.86
4833,112,4,82.82
4833,234,3,107.8
4834,48,2,128.31
4835,229,2,26.61
4835,169,2,78.65
4835,3,4,14.55
4835,59,2,87.34
4836,16,1,37.4
4836,109,3,72.52
4837,122,3,4.87
4837,176,2,42.78
4837,165,4,74.71
4837,119,4,22.78
4838,86,4,75.14
4838,183,2,51.06
4838,224,1,35.27
4838,219,3,117.55
4838,170,2,51.25
4839,189,1,97.39
4839,55,4,20.62
4840,226,3,48.06
4840,138,2,104.19
4840,27,3,50.49
4840,233,4,13.79
4840,122,1,5.11
4841,217,2,40.97
4841,99,3,33.42
4842,167,2,15.69
4842,13,1,81.68
4842,63,4,37.74
4842,243,1,52.9
4843,133,2,2.09
4843,153,1,60.59
4843,126,1,106.83
4843,38,3,91.21
4843,152,3,108.74
4844,226,2,67.77
4845,124,1,32.14
4845,75,4,99.44
4845,154,2,29.01
4846,102,2,72.82
4846,38,3,123.98
4847,43,2,43.66
4847,99,3,31.13
4847,235,3,79.34
4847,105,1,105.51
4848,238,3,75.96
4848,100,4,13.55
4848,55,2,16.37
4849,205,2,79.27
4849,66,2,8.21
4850,65,1,42.67
4851,157,2,53.94
4851,100,4,18.53
4851,3,2,12.66
4851,18,4,13.08
4851,153,4,77.73
4852,213,1,84.57
4852,32,1,16.32
4852,6,3,46.7
4852,119,1,18.42
4853,67,4,105.37
4854,102,4,133.93
4854,92,4,28.31
4854,125,1,111.44
4854,147,3,88.77
4855,214,2,71.68
4855,190,4,70.1
4855,98,2,3.63
4855,192,4,32.57
4856,128,3,78.05
4856,199,3,71.69
4856,105,1,77.18
4856,124,2,24.51
4857,110,2,70.6
4857,88,2,105.06
4857,249,1,37.48
4858,198,3,78.33
4859,61,1,37.01
4859,150,4,95.67
4859,87,2,120.69
4859,202,4,2.61
4859,187,1,86.01
4860,50,4,71.3
4861,5,1,67.8
4861,216,1,43.23
4862,174,4,17.09
4862,61,3,60.23
4863,137,4,52.59
4863,188,3,38.76
4863,73,1,28.39
4864,6,4,50.0
4864,171,4,28.87
4864,230,4,103.45
4865,75,2,90.27
4865,91,2,53.48
4865,52,4,25.21
4865,63,3,33.02
4866,118,2,26.89
4866,49,4,35.31
4866,166,3,99.08
4866,95,1,37.87
4867,45,4,99.59
4868,85,3,42.99
4868,42,1,104.98
4869,128,1,93.69
4869,223,3,112.06
4869,184,4,32.95
4869,15,1,138.74
4870,71,1,101.79
4870,26,4,63.29
4871,96,2,2.11
4872,105,4,66.61
4872,229,3,18.12
4872,10,4,38.02
4873,68,4,23.78
4873,113,3,42.64
4873,73,2,32.64
4874,107,3,19.87
4874,181,2,37.73
4874,139,4,54.79
4874,228,3,15.01
4875,103,2,47.39
4875,61,4,51.0
4875,26,3,81.75
4875,140,4,18.35
4875,167,4,17.54
4876,187,1,115.69
4876,215,3,120.65
4876,157,4,47.67
4876,93,2,41.43
4876,99,4,32.03
4877,210,1,28.57
4877,97,3,132.17
4877,192,1,42.99
4877,69,2,97.56
4877,222,4,95.39
4878,94,2,60.36
4879,6,2,48.45
4879,179,2,87.21
4879,137,4,37.74
4879,58,2,50.93
4879,89,1,34.46
4880,239,1,95.55
4881,249,1,37.02
4881,26,3,108.96
4881,25,1,111.08
4881,159,2,16.67
4882,103,3,54.24
4882,179,1,56.22
4883,198,2,57.16
4884,62,3,56.7
4884,245,1,88.37
4884,18,2,19.42
4884,126,2,114.57
4885,138,3,79.7
4885,102,2,87.55
4885,63,2,31.84
4886,224,4,35.39
4886,191,1,109.49
4886,109,4,82.71
4886,229,4,23.34
4886,249,2,34.68
4887,3,2,14.77
4888,19,1,101.27
4888,74,2,111.37
4889,141,3,11.71
4889,24,3,48.23
4890,41,3,22.91
4890,62,4,39.98
4890,198,1,105.51
4891,116,1,72.34
4891,210,2,28.09
4892,3,2,10.11
4892,180,3,13.47
4892,22,2,122.43
4892,85,4,53.71
4892,174,1,10.2
4893,157,3,52.81
4893,57,1,60.5
4893,163,1,84.37
4893,100,4,15.37
4893,77,1,87.6
4894,98,1,3.48
4895,216,4,46.17
4895,80,2,75.97
4895,121,1,101.1
4895,36,4,89.63
4896,141,1,16.98
4896,153,2,99.68
4896,177,3,2.51
4896,125,2,74.54
4897,28,2,125.94
4897,102,2,118.4
4898,35,1,87.83
4898,175,4,101.76
4898,163,4,59.74
4899,91,1,64.59
4899,226,1,64.46
4899,46,4,17.15
4899,160,1,16.07
4900,28,1,75.67
4900,1,3,5.29
4900,241,4,68.54
4901,232,2,5.34
4901,117,3,95.5
4901,90,3,65.84
4901,205,1,78.35
4902,48,4,131.94
4902,65,2,37.17
4902,204,1,107.8
4903,194,1,78.94
4903,80,3,82.5
4903,110,3,60.74
4903,84,1,115.22
4904,131,4,91.35
4904,151,3,53.41
4904,231,4,54.63
4904,67,2,106.02
4904,172,3,11.4
4905,42,2,106.94
4905,221,1,30.55
4905,55,2,17.53
4905,25,1,65.11
4905,80,2,101.73
4906,42,1,83.79
4906,172,2,18.42
4906,107,2,20.87
4907,226,3,59.37
4907,170,4,40.01
4907,130,1,80.78
4907,192,2,54.69
4908,184,4,50.51
4908,134,4,35.39
4908,173,4,54.63
4908,161,4,52.8
4908,23,2,28.5
4909,78,4,52.63
4909,250,4,48.24
4909,80,3,75.87
4910,113,1,37.22
4911,94,2,63.1
4912,226,2,42.32
4912,193,1,26.28
4912,56,4,85.42
4912,19,3,125.36
4912,235,1,126.02
4913,33,4,44.79
4913,111,3,52.67
4913,16,3,69.7
4913,120,1,99.47
4914,87,3,139.92
4915,124,2,29.17
4915,201,2,130.85
4916,207,4,83.02
4916,196,3,84.26
4916,73,2,46.0
4916,208,3,7.36
4917,193,2,19.02
4918,58,3,62.45
4918,66,2,10.24
4919,152,4,109.23
4919,65,4,35.29
4919,99,2,30.32
4919,191,2,78.22
4920,85,4,53.55
4920,121,1,62.4
4921,168,1,31.7
4921,109,4,115.41
4921,245,4,63.97
4921,39,3,41.1
4922,202,2,2.83
4922,128,3,119.67
4923,81,3,30.41
4923,18,2,16.41
4923,27,2,43.45
4923,160,2,13.83
4924,127,4,98.98
4924,30,1,31.7
4924,94,3,60.63
4925,10,4,47.73
4925,225,3,73.77
4925,158,3,70.54
4926,218,3,28.85
4926,229,2,29.82
4926,64,2,3.42
4927,84,4,77.96
4928,34,4,5.3
4928,169,4,83.17
4929,72,4,51.38
4929,89,1,36.29
4929,165,1,84.21
4929,42,3,100.04
4929,43,1,41.26
4930,206,1,54.11
4930,184,4,50.72
4931,236,3,36.05
4931,101,4,18.66
4932,192,2,54.32
4932,204,4,83.89
4933,96,3,1.67
4933,245,4,96.22
4934,247,4,75.52
4935,24,1,50.66
4935,35,4,85.76
4935,119,2,25.81
4935,125,3,80.01
4935,56,4,56.21
4936,70,1,84.28
4937,164,3,39.44
4937,95,3,51.37
4937,55,3,19.97
4937,28,4,91.09
4937,110,3,46.54
4938,97,2,80.73
4938,212,1,92.51
4938,140,4,11.91
4939,31,2,4.96
4939,145,4,47.95
4939,69,2,72.43
4939,15,4,124.37
4939,55,2,17.62
4940,173,4,50.66
4941,193,1,28.74
4941,60,1,31.05
4942,190,3,68.69
4942,220,2,14.35
4942,64,2,3.28
4942,228,2,15.86
4942,63,1,45.06
4943,9,3,28.52
4943,137,3,56.55
4944,111,1,80.03
4944,139,3,88.39
4945,23,3,43.43
4946,188,2,61.02
4947,27,3,53.17
4947,170,3,65.71
4948,174,3,15.12
4948,27,1,56.41
4948,31,1,4.68
4949,4,2,62.11
4949,146,2,52.37
4949,240,1,104.91
4949,106,3,4.48
4949,18,3,16.97
4950,14,4,76.18
4950,105,1,61.96
4950,82,3,96.58
4950,121,3,73.58
4950,38,2,118.83
4951,111,4,64.34
4951,1,1,8.93
4952,249,1,33.55
4952,200,4,81.22
4952,94,4,52.14
4952,176,2,53.6
4952,41,2,25.16
4953,70,4,60.43
4953,107,4,21.43
4953,20,1,97.78
4954,162,1,65.11
4954,2,3,11.01
4954,241,4,108.96
4955,97,2,89.27
4955,7,1,73.17
4955,114,3,85.74
4955,246,4,30.91
4955,23,2,44.91
4956,195,1,61.19
4956,117,1,108.87
4956,32,3,18.76
4957,184,2,42.76
4957,227,4,41.91
4957,82,1,106.89
4958,117,2,71.77
4958,87,1,105.64
4958,200,1,95.99
4958,223,4,96.9
4958,244,3,22.78
4959,103,2,54.33
4960,226,2,52.09
4960,234,1,113.47
4960,62,3,46.1
4960,238,4,54.32
4961,29,3,105.67
4961,169,3,94.75
4961,186,4,19.56
4961,130,2,96.5
4961,203,2,64.01
4962,143,4,66.04
4963,19,3,131.53
4963,133,1,2.42
4963,32,1,13.51
4964,230,2,97.97
4965,125,1,126.99
4965,39,4,33.97
4965,192,2,43.86
4966,111,4,94.51
4966,96,1,1.96
4966,54,2,32.13
4966,114,1,67.49
4966,210,2,40.17
4967,228,2,16.26
4967,57,4,83.84
4967,4,1,88.53
4968,20,2,110.02
4968,22,1,91.37
4968,246,2,29.58
4969,79,2,25.05
4970,199,3,39.56
4970,236,1,52.66
4970,186,2,24.35
4970,64,3,2.95
4971,232,2,5.34
4971,213,4,96.19
4971,116,1,50.79
4972,81,4,24.33
4972,124,4,20.6
4972,214,1,91.72
4972,158,3,71.44
4972,162,4,61.33
4973,136,1,87.75
4974,84,3,76.24
4974,42,1,77.91
4975,67,4,72.75
4975,81,3,32.5
4975,88,4,97.61
4975,77,2,94.61
4975,42,4,88.3
4976,73,2,50.9
4977,94,4,69.43
4977,174,3,9.27
4978,103,3,43.53
4979,61,3,43.39
4980,107,4,26.95
4981,164,2,52.92
4981,27,1,32.99
4982,232,4,5.69
4983,109,1,66.71
4983,150,4,101.6
4984,51,1,26.67
4984,172,1,14.06
4984,2,1,7.93
4984,177,4,1.84
4985,6,2,46.92
4986,3,3,15.65
4986,14,3,42.62
4987,4,2,74.51
4987,233,3,8.72
4987,15,2,96.15
4987,168,3,47.81
4987,84,2,106.6
4988,45,1,108.73
4988,166,3,64.01
4989,64,1,2.15
4989,178,1,76.98
4990,229,3,29.51
4991,4,1,53.69
4991,155,1,68.49
4992,125,3,89.42
4992,108,2,13.1
4992,212,2,97.43
4992,98,3,4.18
4992,124,4,27.29
4993,130,1,77.76
4994,181,1,41.37
4994,84,2,81.82
4994,7,3,52.95
4994,108,1,14.1
4995,175,2,96.0
4995,236,2,45.68
4995,116,2,47.74
4996,44,4,42.8
4997,34,4,5.0
4997,242,2,34.25
4997,225,1,69.49
4997,116,4,61.53
4997,35,1,67.63
4998,3,4,11.12
4998,148,4,59.24
4998,200,3,110.01
4999,169,1,63.31
4999,24,1,35.98
4999,195,2,89.86
4999,213,3,75.82
4999,114,2,58.25
5000,198,2,101.25
5001,188,3,51.68
5001,236,2,35.44
5001,43,2,60.78
5002,165,1,108.49
5002,47,3,22.42
5002,7,1,86.07
5002,44,2,31.45
5003,2,2,13.5
5003,112,1,64.87
5003,181,4,40.44
5003,42,2,81.28
5004,158,4,88.94
5004,108,1,10.67
5004,34,4,6.6
5005,169,4,76.72
5005,63,3,35.43
5005,156,1,74.61
5005,113,1,36.68
5006,158,3,79.14
5006,243,3,31.2
5006,80,2,91.57
5006,17,4,111.43
5007,185,4,58.86
5007,236,3,62.72
5008,179,3,72.07
5008,161,2,61.88
5008,137,2,49.49
5008,196,3,64.59
5008,199,2,66.12
5009,228,1,24.37
5009,218,3,33.97
5009,180,4,11.03
5009,93,4,65.8
5009,182,2,55.07
5010,158,1,107.47
5010,94,3,53.62
5011,35,1,92.94
5012,18,2,16.5
5012,59,4,81.68
5012,88,2,92.47
5012,161,3,59.19
5012,100,2,20.23
5013,169,2,69.51
5013,116,3,84.12
5013,33,4,34.14
5013,210,3,48.05
5014,120,3,95.91
5014,11,3,116.55
5015,15,3,135.41
5015,108,4,17.32
5015,181,1,44.6
5015,129,4,45.52
5016,163,4,91.3
5016,130,1,67.13
5017,131,2,103.48
5017,14,2,78.73
5017,229,4,25.5
5018,240,3,104.38
5018,217,3,36.64
5018,249,3,29.45
5018,26,1,69.09
5018,73,2,50.12
5019,64,2,3.08
5020,81,4,28.57
5020,211,2,15.04
5020,37,4,31.67
5020,177,4,2.62
5020,20,4,100.53
5021,143,3,60.58
5021,121,4,98.37
5021,211,1,21.5
5021,165,4,104.14
5022,5,2,91.41
5022,238,4,50.5
5022,111,4,56.4
5022,51,4,32.57
5023,29,2,89.16
5023,60,1,28.69
5023,107,4,18.89
5023,17,2,126.95
5023,87,2,139.46
5024,228,2,22.87
5024,83,3,70.49
5024,182,2,56.52
5024,158,2,81.0
5024,105,1,94.34
5025,70,2,55.32
5026,246,1,28.6
5026,199,3,46.72
5026,88,2,97.57
5027,231,3,52.05
5027,197,2,75.45
5027,151,1,64.82
5027,33,3,51.49
5027,10,2,55.92
5028,133,3,3.46
5028,64,2,2.52
5029,71,4,102.07
5030,127,1,82.64
5031,18,4,15.6
5031,118,2,37.61
5031,244,1,24.04
5032,74,4,68.95
5032,81,1,22.24
5033,145,3,61.91
5034,70,1,55.83
5034,51,4,21.24
5034,24,4,49.69
5034,90,3,67.81
5034,44,4,39.68
5035,139,4,77.81
5035,244,3,20.38
5035,103,3,56.46
5035,70,4,78.66
5035,172,1,17.3
5036,210,4,44.96
5036,194,2,78.2
5036,162,1,88.66
5036,169,4,100.08
5037,60,2,37.62
5037,90,2,45.55
5037,198,1,60.75
5037,74,2,111.15
5038,82,2,116.86
5038,80,1,74.62
5038,123,4,81.04
5039,58,4,55.8
5039,213,1,81.65
5040,103,4,41.11
5040,113,1,45.39
5040,14,1,69.25
5040,200,3,100.38
5041,99,2,24.4
5042,126,3,78.28
5042,72,3,38.68
5042,10,3,63.46
5043,139,2,84.14
5043,167,3,12.71
5043,47,4,23.77
5044,123,1,65.51
5044,159,2,14.92
5044,154,1,47.2
5044,132,1,76.04
5045,32,3,17.48
5045,66,4,6.58
5045,2,4,11.94
5045,172,4,18.92
5046,15,2,76.02
5047,176,4,52.84
5048,119,2,25.73
5048,160,3,16.17
5048,50,1,75.95
5049,10,2,62.17
5049,57,2,80.3
5049,230,2,94.84
5049,60,2,23.2
5050,35,3,105.36
5050,120,3,64.19
5050,178,1,118.24
5050,10,4,38.37
5051,128,4,111.47
5051,104,4,83.15
5051,125,1,100.26
5051,242,3,38.56
5052,235,1,93.11
5053,131,3,84.76
5053,145,2,46.19
5053,139,1,68.59
5053,97,1,108.53
5054,20,1,75.29
5054,208,1,4.6
5054,185,2,57.22
5054,226,1,37.51
5054,77,3,89.67
5055,83,2,84.95
5055,168,4,28.1
5055,229,1,32.22
5055,143,4,86.69
5055,76,3,10.15
5056,191,3,87.62
5056,250,1,59.83
5056,51,4,29.56
5056,48,2,109.85
5056,200,3,79.14
5057,14,2,54.77
5057,67,1,80.17
5057,195,1,55.5
5057,184,2,58.54
5058,187,3,121.1
5058,75,3,115.66
5058,61,3,47.34
5058,184,3,55.79
5058,48,3,110.13
5059,241,4,100.67
5059,40,3,23.89
5060,112,2,77.95
5061,11,4,75.97
5062,218,1,40.92
5062,230,3,79.48
5062,119,1,27.53
5063,204,2,123.95
5063,5,3,92.93
5064,153,2,88.23
5064,217,3,31.19
5065,35,4,77.16
5066,216,3,38.32
5066,198,3,104.79
5067,42,1,68.62
5067,243,4,47.67
5067,4,2,69.39
5067,121,4,63.88
5068,121,4,100.87
5068,235,4,86.25
5069,140,1,14.65
5069,127,1,101.91
5069,137,3,39.02
5070,117,4,73.96
5070,131,1,115.06
5070,40,1,24.61
5070,83,1,122.48
5070,222,4,87.64
5071,164,3,48.12
5071,60,1,34.52
5071,52,1,19.86
5072,240,2,82.38
5072,9,1,23.58
5072,160,4,11.69
5072,229,3,17.9
5073,103,1,50.48
5073,83,2,75.54
5073,67,2,116.88
5074,221,1,26.62
5074,8,4,43.46
5074,21,1,57.78
5075,47,1,21.02
5075,36,4,107.62
5075,83,3,101.79
5075,209,4,17.67
5076,238,2,56.01
5076,46,1,25.43
5076,51,3,27.6
5076,217,4,51.18
5076,145,1,46.77
5077,33,2,57.55
5077,121,1,60.93
5077,53,3,41.16
5078,138,4,118.03
5078,115,3,38.24
5078,203,3,61.88
5078,3,4,13.1
5078,29,4,70.17
5079,172,3,12.25
5079,73,3,44.0
5079,156,2,116.68
5079,122,4,6.58
5079,134,2,38.69
5080,91,3,88.63
5080,72,1,42.82
5080,81,1,31.35
5080,152,3,111.16
5081,16,1,64.51
5081,115,2,27.57
5081,41,2,26.07
5081,91,1,54.61
5082,83,2,112.24
5083,29,3,114.61
5083,53,4,49.41
5083,65,2,41.24
5083,147,2,83.15
5083,120,4,67.52
5084,135,4,76.56
5085,17,4,119.05
5085,63,3,27.44
5085,13,4,64.04
5086,75,4,73.81
5086,87,3,99.04
5087,103,1,51.1
5088,30,1,25.51
5088,170,3,66.75
5088,146,1,69.37
5089,156,3,64.69
5089,38,4,126.64
5090,224,4,25.18
5090,15,1,73.36
5090,217,1,40.69
5090,4,2,87.13
5091,221,1,36.15
5091,205,4,69.0
5091,82,2,100.89
5091,48,3,88.06
5092,79,1,30.73
5092,117,3,98.37
5092,136,4,89.07
5093,82,1,93.31
5093,238,3,46.13
5094,191,1,61.48
5094,55,3,17.19
5094,205,2,68.0
5094,106,2,4.53
5095,68,1,21.93
5096,50,4,51.25
5096,4,3,66.56
5096,225,1,106.67
5097,14,2,80.02
5097,168,2,40.26
5097,54,4,37.43
5097,56,3,80.45
5097,237,2,41.13
5098,93,4,54.19
5099,217,4,32.83
5099,110,1,77.71
5099,92,4,38.43
5099,137,1,36.17
5099,34,2,7.24
5100,2,3,13.08
5100,188,3,51.58
5100,91,3,85.13
5101,19,1,81.91
5101,180,1,13.86
5101,208,1,7.41
5101,141,1,12.73
5101,229,1,18.04
5102,117,3,85.77
5103,112,4,75.59
5103,32,3,22.71
5103,40,3,27.16
5103,21,3,57.52
5104,229,2,21.33
5104,86,1,78.47
5104,248,1,6.34
5104,224,1,34.72
5105,171,4,37.08
5105,71,3,86.24
5105,82,3,66.08
5106,22,4,138.29
5106,51,3,21.6
5106,28,3,73.0
5106,11,3,83.61
5106,68,3,19.61
5107,136,2,85.19
5107,209,1,12.36
5108,104,2,88.12
5108,198,1,102.51
5109,212,1,94.75
5109,175,2,123.28
5110,200,1,75.15
5110,39,4,38.34
5110,89,2,28.15
5111,243,2,35.18
5112,236,4,61.66
5112,228,1,16.95
5112,8,3,36.73
5113,144,4,81.18
5114,111,3,79.26
5114,75,4,95.78
5114,42,1,86.28
5114,209,4,11.49
5115,214,3,67.81
5115,154,1,45.22
5115,39,1,28.25
5115,116,1,64.22
5116,243,1,44.08
5117,59,1,61.26
5117,122,1,6.92
5117,77,4,91.41
5117,131,2,62.94
5118,161,1,58.55
5119,132,1,98.29
5119,242,4,31.71
5119,17,4,108.79
5120,17,4,129.67
5120,176,1,48.03
5120,104,3,134.78
5121,69,3,79.69
5121,171,3,33.49
5121,35,4,85.47
5122,81,4,26.67
5122,28,2,101.0
5122,45,4,81.62
5123,81,3,22.19
5123,215,4,126.66
5124,244,3,13.06
5124,28,4,83.18
5124,142,3,27.57
5124,106,3,3.68
5124,133,4,3.62
5125,130,2,91.97
5125,215,2,91.83
5125,192,3,34.27
5125,226,3,58.21
5126,85,2,53.28
5127,84,4,74.07
5127,137,2,33.61
5128,120,3,98.96
5128,67,3,92.66
5128,40,2,22.46
5128,106,4,4.96
5128,30,4,27.86
5129,108,1,11.41
5130,158,4,110.54
5130,178,1,72.91
5131,222,3,83.94
5131,133,4,2.39
5131,162,2,112.9
5132,150,4,106.54
5132,249,1,30.64
5132,19,3,99.79
5133,204,3,98.24
5134,203,3,64.03
5134,36,2,72.87
5134,83,3,93.73
5135,50,3,74.24
5135,130,3,67.04
5135,211,3,21.17
5136,40,2,30.79
5136,131,4,101.74
5136,7,1,61.86
5136,159,1,18.72
5137,154,4,31.22
5137,139,1,72.09
5137,26,3,83.8
5137,245,3,64.04
5138,167,1,10.65
5138,9,1,22.27
5139,35,1,107.74
5139,22,1,141.02
5139,188,3,58.79
5140,193,4,30.23
5141,233,4,11.01
5141,152,4,100.72
5141,12,1,92.76
5141,26,3,110.36
5142,163,4,83.0
5142,61,1,59.19
5142,98,2,3.54
5142,59,4,53.3
5142,155,4,63.98
5143,47,1,33.79
5143,20,2,83.03
5143,151,1,57.07
5144,107,2,29.37
5144,208,1,5.96
5144,15,3,132.65
5144,130,4,68.61
5145,163,4,85.47
5146,67,2,83.45
5146,215,3,135.79
5146,194,2,63.38
5147,105,1,63.1
5147,140,1,17.77
5147,16,4,50.49
5148,231,3,74.4
5148,171,2,32.63
5148,96,4,1.99
5148,177,2,1.91
5149,211,4,12.86
5149,236,4,45.34
5149,61,4,58.44
5150,241,1,80.17
5150,153,1,66.5
5151,61,4,44.2
5151,33,1,40.97
5152,202,1,3.13
5153,124,1,33.24
5153,79,2,20.65
5153,133,4,3.11
5154,2,2,7.96
5154,135,4,66.18
5154,85,2,62.96
5154,90,4,39.03
5154,70,4,77.38
5155,103,1,60.3
5156,9,3,16.01
5156,117,2,79.76
5157,29,2,75.02
5157,4,1,52.72
5157,63,2,38.24
5157,48,1,89.2
5157,16,3,61.74
5158,126,1,127.79
5158,65,3,23.4
5158,3,3,10.29
5158,180,1,15.98
5159,108,1,18.68
5159,230,4,103.25
5160,12,3,80.88
5161,250,2,38.3
5161,145,1,46.45
5161,30,1,28.71
5161,130,2,101.85
5162,199,1,49.21
5162,86,2,104.61
5162,79,2,21.31
5162,143,2,74.73
5163,78,4,63.48
5163,226,4,69.61
5164,22,1,90.62
5164,142,1,17.42
5164,90,3,61.54
5164,91,4,87.29
5165,163,4,94.9
5165,225,4,107.34
5165,75,2,99.64
5165,26,2,83.0
5165,118,2,33.71
5166,53,3,30.64
5167,31,3,7.45
5168,218,2,31.42
5168,240,2,103.26
5168,204,2,111.66
5168,246,3,35.53
5168,151,2,84.21
5169,12,3,61.92
5170,224,1,24.81
5171,190,3,52.17
5172,136,1,86.0
5173,151,2,51.83
5173,21,1,37.54
5173,28,4,78.83
5173,78,3,91.96
5173,166,1,80.39
5174,172,1,15.8
5174,21,3,60.65
5174,88,3,100.34
5175,87,2,131.51
5176,230,2,107.93
5176,189,2,76.73
5177,212,4,67.24
5177,247,3,74.48
5177,43,1,71.59
5177,198,2,85.46
5178,220,1,14.57
5178,192,2,47.57
5178,239,1,64.32
5178,51,3,28.31
5179,211,1,17.58
5179,170,3,68.74
5179,74,4,110.05
5180,38,3,123.69
5180,124,2,28.42
5180,191,2,72.24
5180,128,4,96.3
5181,2,1,12.94
5181,8,3,44.85
5182,13,2,56.95
5182,150,2,108.55
5183,6,1,48.53
5183,152,3,96.46
5184,247,3,54.12
5184,105,3,60.04
5184,215,4,78.04
5184,242,2,36.08
5185,241,3,90.82
5185,203,2,86.45
5186,122,3,7.36
5187,6,3,44.86
5187,51,1,19.27
5187,183,1,62.83
5187,125,3,95.31
5187,248,4,6.21
5188,97,2,126.1
5188,78,1,87.02
5188,35,4,118.89
5188,250,2,51.95
5188,172,4,15.41
5189,129,3,55.72
5189,223,2,122.81
5189,240,4,77.72
5190,9,3,22.57
5190,93,3,53.08
5190,177,1,3.02
5190,118,1,23.67
5191,96,4,2.6
5191,126,3,104.78
5191,61,1,53.55
5192,127,4,127.21
5192,219,4,118.23
5192,165,4,94.28
5192,195,2,90.47
5192,14,2,56.52
5193,116,2,88.06
5193,59,2,55.76
5193,41,2,20.7
5194,37,2,25.3
5194,101,1,15.26
5194,160,2,10.52
5195,185,4,57.64
5196,37,4,25.9
5196,113,2,48.34
5196,131,2,97.08
5196,90,3,56.3
5197,121,1,83.56
5197,60,1,24.3
5197,53,4,27.61
5197,166,2,95.23
5198,250,4,48.9
5198,30,4,35.95
5199,246,3,41.8
5200,250,1,35.83
5200,22,4,139.87
5200,96,3,2.5
5201,22,2,110.01
5201,122,1,6.26
5201,105,1,85.13
5202,37,2,29.39
5202,92,3,33.05
5203,197,3,107.3
5204,218,2,45.79
5204,36,3,93.69
5204,1,2,8.27
5205,11,4,103.91
5206,58,2,41.62
5207,51,4,31.74
5207,177,3,2.04
5208,100,3,19.5
5208,122,2,4.46
5209,233,2,14.16
5209,98,4,2.91
5209,236,3,41.44
5209,48,4,114.84
5209,43,1,60.82
5210,49,3,53.29
5210,149,3,42.25
5210,222,4,54.9
5210,21,1,60.46
5210,2,1,10.64
5211,93,3,59.48
5211,188,2,60.51
5211,170,2,39.7
5211,17,2,102.67
5211,199,3,47.43
5212,3,3,15.77
5212,181,2,53.3
5212,21,1,34.05
5213,244,3,18.03
5214,69,4,99.04
5214,104,2,139.96
5215,106,4,3.59
5215,131,2,106.55
5215,3,1,10.87
5215,27,4,43.6
5215,48,2,115.85
5216,216,1,58.28
5216,139,2,56.08
5217,17,4,77.64
5217,124,4,33.27
5217,166,1,66.0
5217,138,1,95.11
5217,47,4,20.0
5218,92,2,26.85
5218,217,1,34.36
5218,13,1,85.37
5218,30,2,26.68
5219,125,4,98.25
5219,30,2,30.64
5219,52,3,14.64
5219,235,4,120.15
5219,128,3,130.39
5220,127,4,79.77
5220,191,3,74.82
5220,136,1,106.26
5221,63,3,41.13
5221,169,1,77.63
5221,83,1,103.89
5222,232,1,5.08
5222,38,2,121.54
5223,215,4,91.29
5223,244,2,19.01
5223,76,3,15.35
5223,163,4,55.91
5223,5,2,112.96
5224,79,1,20.01
5224,241,1,111.01
5224,228,2,15.3
5225,246,1,44.34
5225,47,4,34.11
5225,204,1,92.95
5225,32,2,21.75
5225,145,3,58.28
5226,104,1,110.24
5226,180,1,11.53
5226,61,2,56.46
5226,219,1,111.63
5227,241,3,60.55
5227,97,4,86.57
5227,52,1,21.58
5228,93,3,59.26
5228,62,3,67.26
5228,56,2,93.96
5228,90,2,68.37
5229,218,3,46.27
5229,185,4,82.23
5230,159,3,14.59
5230,6,1,57.97
5230,42,2,80.24
5230,83,1,114.74
5230,231,4,65.94
5231,208,4,6.26
5231,124,2,25.35
5231,203,3,77.95
5231,141,1,10.11
5232,108,4,19.73
5232,15,2,125.74
5233,105,1,73.98
5233,182,1,54.14
5233,87,2,137.55
5234,6,1,43.43
5234,156,2,70.31
5234,79,3,30.32
5235,250,1,51.26
5236,187,2,111.74
5236,79,1,24.57
5236,188,3,56.22
5237,180,3,9.71
5237,58,4,62.27
5237,233,4,9.05
5237,85,3,53.58
5238,107,3,31.3
5238,143,3,61.56
5238,35,4,75.65
5238,177,1,2.11
5239,110,3,73.01
5239,133,4,2.82
5240,34,4,6.69
5241,170,3,62.57
5241,200,1,113.1
5241,114,2,94.54
5242,208,2,5.56
5242,92,2,40.79
5243,167,2,17.51
5243,21,4,42.63
5243,138,2,119.92
5243,122,4,6.57
5243,164,4,37.19
5244,134,2,45.72
5244,190,4,54.37
5244,98,2,4.6
5245,87,3,136.68
5245,77,2,85.72
5245,163,3,53.39
5245,14,2,78.84
5245,114,4,67.63
5246,83,4,106.45
5246,13,1,68.99
5246,97,3,101.53
5246,147,1,121.42
5246,103,3,54.89
5247,1,1,6.62
5247,83,4,95.62
5247,94,4,75.18
5247,126,2,86.5
5248,214,4,72.84
5248,223,4,90.8
5248,133,1,3.08
5248,92,3,30.72
5249,109,4,95.48
5250,177,3,2.8
5251,73,3,44.56
5251,243,2,54.52
5251,53,1,26.68
5252,161,3,71.89
5252,111,3,59.55
5252,7,1,77.86
5252,64,4,2.83
5253,194,1,98.64
5253,170,1,46.06
5253,40,1,32.96
5254,222,3,88.16
5254,15,4,137.32
5254,139,1,88.83
5254,126,2,118.82
5254,224,1,20.63
5255,99,3,20.09
5255,19,1,96.34
5255,211,3,18.79
5255,134,4,37.26
5255,146,1,87.81
5256,90,2,37.96
5256,204,2,119.53
5256,82,3,113.87
5256,39,1,28.45
5257,101,1,21.08
5258,4,3,53.04
5258,195,3,85.19
5258,169,4,56.44
5258,226,1,44.24
5258,74,2,120.68
5259,75,3,94.95
5259,119,3,28.87
5259,103,4,45.75
5260,200,4,129.39
5260,131,2,85.67
5260,225,2,75.3
5261,52,4,18.36
5261,36,1,88.75
5261,203,2,62.59
5262,85,1,63.01
5262,6,1,66.8
5262,32,1,13.72
5262,139,2,88.37
5262,47,1,19.89
5263,146,3,75.12
5263,244,2,16.36
5264,214,4,68.64
5264,223,4,71.82
5264,217,3,34.83
5264,17,3,101.85
5265,233,3,12.15
5265,103,2,51.99
5265,172,4,12.86
5266,57,2,54.03
5266,3,3,9.98
5266,80,2,110.09
5266,220,2,11.86
5266,165,1,76.14
5267,229,2,18.91
5267,250,4,59.83
5267,163,2,65.18
5267,132,1,58.99
5268,209,4,16.4
5268,84,2,82.05
5268,100,3,20.12
5268,36,2,116.04
5269,181,1,40.96
5269,203,2,61.54
5269,100,2,20.15
5270,15,4,78.2
5270,28,4,132.71
5270,220,4,12.99
5270,213,1,81.16
5270,121,1,55.65
5271,121,4,58.5
5272,82,3,78.46
5273,182,4,50.29
5273,67,2,111.74
5274,223,3,107.39
5274,96,1,2.6
5274,228,2,20.03
5274,172,2,11.25
5274,130,4,91.93
5275,67,4,73.67
5275,126,3,98.95
5276,18,4,10.33
5277,4,4,51.36
5277,245,1,92.48
5277,168,3,26.95
5277,128,4,103.56
5277,137,1,37.37
5278,49,4,49.08
5278,124,4,21.14
5278,242,3,22.89
5278,77,4,67.85
5279,189,2,96.61
5279,63,3,35.89
5279,242,1,23.53
5279,190,3,77.48
5279,140,1,15.5
5280,118,1,27.24
5281,82,4,75.89
5281,217,1,45.17
5281,162,1,66.51
5281,104,4,101.21
5282,107,3,21.11
5282,20,3,83.32
5283,77,1,57.65
5283,144,2,81.29
5284,80,1,83.05
5284,185,1,57.95
5284,34,4,8.38
5284,37,1,40.86
5285,168,4,41.18
5285,154,1,34.86
5285,88,2,116.16
5285,64,4,2.89
5285,212,2,72.32
5286,56,1,53.16
5287,75,2,69.07
5287,205,1,110.84
5287,55,1,21.71
5287,72,2,46.47
5287,171,2,30.8
5288,12,3,104.39
5288,166,2,62.94
5288,170,2,48.64
5288,82,3,102.56
5289,75,2,73.77
5289,182,4,45.06
5289,56,1,85.83
5290,182,1,41.99
5290,70,4,59.05
5290,188,2,52.61
5290,189,2,77.01
5290,14,1,60.04
5291,74,2,90.76
5291,161,4,76.96
5292,108,3,13.83
5292,25,4,76.01
5292,114,4,80.11
5293,184,3,34.3
5294,152,4,111.21
5295,97,2,116.17
5295,206,2,58.49
5296,113,4,40.24
5296,152,3,118.65
5296,120,2,89.48
5297,181,3,45.74
5297,8,3,32.73
5297,165,1,109.14
5297,163,2,81.07
5297,238,3,64.37
5298,202,1,3.73
5299,162,3,97.28
5300,193,3,17.11
5301,238,4,70.72
5301,13,2,66.42
5301,100,1,17.8
5302,173,4,35.32
5302,90,2,64.85
5302,34,4,8.21
5303,154,3,29.73
5303,172,3,15.82
5303,187,3,111.24
5304,146,4,50.91
5304,31,4,5.47
5305,119,3,17.74
5305,7,3,50.93
5305,192,4,35.94
5305,229,3,21.39
5305,19,4,100.31
5306,200,3,110.84
5306,227,1,37.57
5306,228,4,16.65
5306,229,2,26.69
5307,238,1,45.46
5307,168,4,32.74
5307,91,1,65.0
5307,23,4,41.86
5307,223,3,79.78
5308,86,2,74.29
5309,96,2,2.15
5309,101,1,15.53
5309,53,4,42.27
5309,249,1,41.34
5310,145,1,37.79
5310,222,1,77.44
5310,224,3,20.78
5310,203,2,83.25
5310,30,3,33.01
5311,137,3,43.76
5312,48,4,91.51
5312,5,1,89.99
5313,193,2,22.98
5313,105,1,61.25
5313,229,4,32.21
5314,63,3,31.61
5314,45,4,99.66
5314,168,4,32.91
5314,129,3,59.86
5315,135,1,124.99
5315,107,2,23.62
5316,131,4,86.5
5316,41,2,26.51
5316,197,3,67.18
5316,181,4,46.94
5317,138,2,81.82
5317,126,4,129.5
5317,131,2,98.88
5317,175,1,127.31
5317,153,3,71.71
5318,112,4,74.32
5318,44,2,42.16
5318,104,2,99.43
5318,146,4,85.63
5319,111,2,52.42
5319,234,2,114.25
5319,93,3,45.23
5320,28,3,133.28
5320,224,2,21.04
5321,209,1,15.08
5321,60,1,30.9
5322,132,4,87.7
5323,26,4,95.02
5323,214,2,75.39
5323,227,1,38.91
5323,199,3,57.44
5324,67,1,123.69
5324,171,3,25.63
5324,149,1,40.03
5324,94,3,73.65
5325,242,3,26.84
5325,200,4,84.46
5325,168,3,39.22
5325,183,1,44.93
5326,75,1,116.26
5326,211,3,19.0
5327,5,1,76.84
5327,114,2,93.03
5327,134,1,32.04
5327,121,1,77.87
5328,200,4,103.33
5329,70,4,75.11
5329,214,3,106.8
5329,240,3,127.4
5329,165,1,83.62
5330,17,2,93.93
5331,32,1,20.5
5332,11,2,77.24
5332,150,4,105.86
5332,14,4,50.72
5332,205,3,77.28
5332,79,3,23.25
5333,206,3,61.13
5333,38,2,81.42
5333,165,2,67.17
5334,121,4,97.19
5335,237,2,40.16
5336,216,3,34.43
5336,208,4,7.83
5336,123,4,59.28
5336,79,3,29.14
5337,211,3,18.14
5337,179,1,72.78
5337,161,2,58.75
5337,250,1,46.08
5337,230,3,84.6
5338,225,3,110.6
5339,86,1,66.2
5339,224,1,36.14
5339,117,4,118.79
5340,27,2,47.24
5341,133,4,2.03
5341,54,4,22.86
5341,157,4,36.72
5341,87,3,130.77
5341,85,3,75.42
5342,224,2,28.52
5342,93,3,42.7
5343,231,3,49.1
5343,83,1,108.97
5343,167,3,14.64
5343,169,2,84.96
5343,72,2,54.47
5344,49,4,54.51
5344,3,2,13.48
5344,130,3,72.57
5344,61,2,38.28
5345,9,2,26.08
5346,152,3,79.29
5346,57,4,49.85
5346,95,3,59.01
5347,40,3,21.71
5347,62,1,49.5
5348,220,2,13.54
5348,79,2,26.85
5348,231,4,64.82
5348,55,4,17.85
5349,12,3,63.09
5350,149,2,31.75
5350,213,4,100.15
5351,58,2,57.99
5351,99,2,26.6
5352,211,3,22.35
5353,230,4,117.19
5353,137,1,41.22
5354,46,1,29.28
5354,76,4,14.26
5354,119,1,25.46
5355,88,2,132.47
5355,169,4,68.86
5356,33,3,52.78
5356,72,4,56.2
5357,184,1,57.81
5358,48,4,108.85
5358,207,4,130.32
5358,130,2,116.46
5358,19,4,73.27
5358,76,1,10.08
5359,176,2,47.95
5359,139,4,76.52
5360,200,4,107.08
5360,65,2,25.12
5360,140,2,13.03
5361,8,3,34.32
5361,119,3,21.53
5361,42,2,99.94
5361,225,2,100.12
5361,117,4,105.27
5362,36,3,62.49
5362,223,3,72.3
5362,14,1,55.74
5363,90,4,64.97
5363,15,3,73.29
5363,51,2,34.61
5364,110,4,60.45
5364,18,3,18.03
5365,239,4,54.5
5365,176,2,37.17
5366,146,2,76.29
5366,201,4,126.72
5366,44,3,46.02
5366,54,3,29.0
5366,40,2,23.97
5367,209,1,20.26
5367,137,4,39.05
5367,108,2,17.58
5367,110,4,46.61
5368,173,2,58.12
5368,147,2,79.32
5368,157,3,37.67
5369,52,1,22.99
5369,20,4,112.0
5370,229,4,21.52
5370,233,3,10.12
5370,72,3,44.0
5370,102,1,108.46
5370,103,2,41.02
5371,171,3,33.65
5371,3,1,9.01
5371,243,3,52.57
5372,176,3,48.61
5373,77,2,93.02
5373,168,1,42.33
5373,40,2,29.31
5374,199,3,55.26
5374,144,4,113.11
5374,7,4,78.5
5375,141,1,9.6
5375,155,4,68.36
5375,117,2,119.55
5375,102,2,125.13
5375,222,4,71.74
5376,20,3,106.76
5376,141,4,13.97
5376,213,1,95.51
5376,218,2,27.56
5376,149,4,40.46
5377,89,3,26.89
5377,31,2,7.31
5377,172,4,14.1
5378,136,1,71.09
5379,4,1,52.27
5379,11,4,116.46
5379,21,4,39.51
5379,194,1,97.95
5380,88,2,132.73
5380,117,2,110.45
5380,180,1,16.09
5381,104,3,112.39
5381,99,4,19.37
5381,150,3,98.84
5381,102,1,78.67
5382,117,2,105.02
5383,49,4,51.36
5384,188,4,63.66
5385,171,4,22.26
5385,234,4,86.09
5385,159,2,17.94
5386,207,4,136.83
5387,93,4,42.15
5387,69,1,88.65
5387,117,2,90.98
5388,28,2,123.82
5388,101,3,13.78
5388,185,3,81.13
5388,137,1,52.18
5389,102,3,118.07
5389,224,3,38.51
5390,93,2,65.35
5391,235,3,87.7
5391,51,4,28.84
5391,232,1,3.33
5392,99,3,26.42
5392,145,2,51.46
5392,183,3,48.92
5392,159,1,19.11
5392,56,4,89.56
5393,91,2,55.96
5393,5,2,70.69
5393,220,3,15.38
5394,68,3,22.18
5394,33,1,40.51
5394,231,4,63.36
5394,175,3,126.61
5395,180,1,12.45
5395,48,2,107.59
5395,6,3,41.54
5395,67,1,96.01
5396,3,4,8.55
5397,33,2,46.11
5397,69,2,95.95
5397,8,1,29.43
5397,131,2,86.4
5398,216,1,56.18
5398,46,4,25.1
5398,217,2,28.68
5398,82,2,84.79
5398,127,1,118.03
5399,85,2,62.91
5399,62,4,56.27
5399,204,1,82.37
5399,104,1,130.56
5400,138,2,118.91
5400,43,4,60.31
5400,41,3,21.25
5400,206,4,51.66
5401,162,3,80.44
5402,241,2,95.1
5402,176,4,45.2
5402,125,2,125.52
5402,217,2,51.78
5402,79,1,34.0
5403,233,1,10.01
5403,218,4,31.32
5404,235,4,112.68
5404,26,2,86.71
5404,219,3,102.35
5404,185,1,101.84
5405,223,3,101.76
5406,110,3,64.88
5406,45,1,64.39
5407,107,2,30.02
5407,90,1,42.88
5407,41,4,27.62
5407,165,4,99.42
5407,111,1,85.46
5408,145,4,47.24
5408,191,2,93.1
5409,18,2,16.83
5409,215,1,115.22
5409,41,3,24.4
5410,12,2,63.53
5410,175,1,123.51
5410,137,3,44.81
5411,148,4,41.71
5411,173,2,43.91
5411,8,2,45.48
5412,122,1,7.22
5413,188,2,54.94
5413,71,2,78.23
5414,7,1,69.32
5414,169,3,85.33
5414,27,4,35.69
5414,93,1,71.56
5414,204,4,98.75
5415,69,2,80.61
5415,17,2,129.13
5415,197,1,110.55
5415,96,1,1.7
5415,42,4,92.7
5416,68,2,18.52
5416,126,3,84.99
5416,113,4,39.88
5416,248,4,5.45
5417,205,2,71.42
5417,167,1,12.03
5417,2,1,12.7
5418,90,4,38.36
5418,10,1,47.76
5418,160,3,15.94
5418,205,3,80.47
5419,228,2,20.96
5419,34,1,7.62
5420,167,3,11.61
5420,248,2,6.71
5421,10,1,52.48
5421,112,4,86.42
5422,216,1,59.44
5422,122,1,6.25
5422,223,1,94.84
5422,137,4,49.37
5422,187,2,86.18
5423,98,2,3.2
5423,125,4,118.95
5423,196,2,58.64
5424,31,1,4.72
5424,196,3,102.87
5424,118,4,38.6
5424,239,4,93.11
5425,148,1,63.14
5425,228,3,24.82
5425,60,1,35.99
5425,216,4,52.18
5425,97,1,75.22
5426,238,4,42.4
5426,44,3,44.5
5426,143,2,57.51
5426,29,1,116.27
5426,222,1,97.1
5427,106,1,4.21
5428,239,4,98.07
5428,49,4,34.81
5428,118,2,33.58
5428,1,2,8.5
5428,190,1,93.27
5429,42,3,56.33
5429,31,4,7.11
5429,37,2,27.38
5430,103,3,57.7
5431,156,2,95.01
5431,7,2,69.31
5431,163,1,87.22
5431,222,3,94.18
5432,199,4,64.77
5432,247,2,59.77
5433,55,2,21.78
5433,148,4,42.01
5433,135,2,93.0
5434,193,3,22.11
5434,157,2,38.47
5434,10,1,46.42
5435,133,2,3.72
5435,62,1,47.71
5435,195,3,98.82
5436,190,2,61.92
5436,85,4,75.07
5436,70,1,71.18
5436,31,3,4.69
5436,56,1,91.42
5437,176,2,66.33
5437,192,3,45.94
5438,72,1,41.22
5438,38,4,118.8
5439,197,2,68.08
5439,97,4,117.34
5439,186,2,26.86
5439,30,3,26.26
5440,181,2,58.07
5441,150,4,105.98
5441,93,1,66.37
5441,27,4,32.65
5441,41,2,21.83
5442,233,1,7.76
5442,16,1,43.67
5443,146,2,86.87
5444,216,1,41.74
5444,236,3,37.86
5444,136,2,85.36
5444,124,3,35.21
5444,131,1,108.83
5445,91,3,88.56
5445,237,4,25.7
5445,174,4,17.25
5445,230,1,81.23
5445,94,3,53.37
5446,243,2,43.51
5446,36,3,114.49
5447,68,2,29.03
5447,217,4,37.08
5448,69,1,61.46
5448,40,3,25.47
5448,48,1,129.48
5448,230,1,87.97
5448,7,1,75.56
5449,185,2,67.25
5449,63,2,43.58
5449,3,1,12.29
5450,128,3,82.42
5450,73,1,44.89
5450,20,3,114.28
5451,169,3,74.57
5452,119,1,26.41
5452,149,3,47.03
5453,166,1,75.19
5453,214,2,80.16
5453,26,2,105.89
5454,148,1,47.31
5455,39,3,42.3
5455,152,3,106.83
5456,61,2,45.76
5456,176,1,62.7
5456,36,4,105.46
5456,23,2,34.65
5457,77,4,103.37
5457,222,4,97.59
5457,121,4,86.57
5458,56,3,85.96
5458,60,2,25.72
5458,51,1,24.48
5459,226,2,61.21
5459,143,3,55.75
5459,8,3,49.74
5460,18,3,16.29
5460,78,3,52.97
5461,239,4,59.22
5461,236,4,59.11
5462,110,3,57.55
5462,167,3,17.84
5463,249,1,26.36
5463,103,1,49.7
5463,230,1,90.91
5464,241,3,61.55
5464,239,3,68.84
5464,104,1,78.08
5464,31,1,7.2
5464,166,2,54.84
5465,82,4,95.67
5466,23,3,39.44
5467,210,1,35.86
5467,99,2,27.11
5467,111,4,77.63
5467,235,1,116.36
5468,101,3,25.45
5469,47,3,31.69
5469,122,1,4.54
5469,178,1,82.66
5470,98,2,3.1
5471,199,1,57.79
5471,167,2,11.46
5471,44,1,43.45
5472,176,2,37.13
5472,234,3,92.43
5472,141,2,14.54
5472,187,4,100.73
5472,202,3,4.04
5473,29,1,94.21
5473,224,1,27.27
5474,79,1,20.93
5474,33,1,30.64
5474,232,2,4.83
5474,196,1,65.16
5474,106,1,3.48
5475,130,1,72.37
5475,64,1,1.84
5476,173,2,57.57
5476,72,2,42.43
5476,230,2,81.33
5477,32,2,12.44
5477,116,3,83.11
5477,27,3,31.87
5477,43,2,49.35
5477,64,4,2.97
5478,15,4,97.27
5478,56,4,79.97
5478,8,2,29.13
5478,101,1,22.6
5478,204,1,84.07
5479,99,3,20.94
5479,227,2,30.16
5479,21,3,57.74
5479,60,3,24.16
5480,45,1,77.58
5480,125,2,105.96
5480,35,3,85.08
5481,31,1,4.57
5481,165,3,72.11
5481,188,4,61.09
5481,23,4,43.71
5482,37,2,31.36
5482,95,2,47.23
5482,23,1,32.95
5482,215,3,111.52
5483,56,3,62.96
5484,240,2,72.72
5484,153,4,97.03
5484,241,4,86.69
5485,214,2,67.06
5485,1,3,5.7
5485,229,1,29.86
5485,193,4,18.49
5485,18,3,12.94
5486,10,3,60.97
5486,109,1,113.88
5487,171,3,29.31
5487,225,1,73.13
5488,127,2,75.49
5488,67,2,84.84
5488,184,2,44.91
5489,118,2,25.55
5489,202,4,2.52
5489,101,3,23.07
5490,209,3,17.06
5490,153,3,68.44
5490,240,3,86.87
5490,164,2,47.91
5491,101,2,25.29
5492,225,1,107.79
5493,146,4,59.46
5493,243,1,52.12
5494,23,4,40.66
5494,134,2,41.15
5495,177,2,2.83
5495,99,4,33.8
5495,159,4,12.13
5496,129,1,64.49
5497,152,1,80.11
5497,248,1,6.77
5497,198,2,70.31
5497,161,4,43.59
5497,91,1,68.15
5498,125,3,126.56
5499,200,1,119.56
5499,126,1,76.96
5499,128,2,112.37
5500,118,1,27.18
5500,239,2,56.07
5500,19,4,74.84
5500,149,3,41.05
5500,227,3,33.78
5501,149,2,48.37
5501,211,2,17.12
5501,117,3,92.69
5501,172,2,16.38
5502,162,1,78.83
5502,15,3,94.47
5502,170,1,48.25
5503,192,3,30.0
5503,105,4,91.02
5503,90,3,38.75
5503,30,1,28.98
5504,41,2,24.44
5504,32,3,17.41
5504,5,3,91.25
5504,6,1,63.71
5505,151,2,66.99
5506,37,4,30.6
5506,182,2,38.36
5506,102,1,91.42
5506,5,1,82.91
5507,205,4,66.8
5508,72,1,51.49
5508,220,2,13.15
5508,204,2,124.66
5508,162,2,101.11
5508,15,4,102.45
5509,8,2,51.46
5510,7,2,64.08
5510,58,3,43.28
5510,77,1,78.66
5510,152,1,92.39
5511,63,1,43.6
5511,228,3,15.94
5511,108,3,13.92
5511,187,2,128.8
5511,142,4,20.59
5512,224,2,25.79
5512,51,3,35.48
5512,161,1,66.19
5512,208,1,4.94
5513,213,3,112.01
5513,148,2,56.6
5514,118,3,24.88
5514,43,4,71.07
5514,15,2,122.38
5514,89,1,35.08
5514,99,1,28.73
5515,229,1,23.43
5515,53,4,49.39
5516,131,1,98.41
5516,176,4,39.84
5516,158,3,121.87
5516,164,1,37.23
5517,44,1,24.72
5517,130,2,116.78
5517,128,4,132.56
5517,26,1,73.93
5517,250,1,37.74
5518,136,2,71.42
5518,132,4,90.51
5519,177,1,1.74
5519,158,1,100.9
5519,140,1,15.18
5520,28,1,88.61
5520,184,4,34.56
5520,31,2,6.05
5520,40,3,40.02
5520,131,1,103.89
5521,51,3,29.85
5521,240,4,123.53
5522,53,4,48.1
5522,5,4,89.57
5522,159,1,15.09
5523,127,1,106.21
5523,109,3,110.37
5523,46,2,28.13
5523,104,4,121.32
5524,159,2,13.64
5524,212,1,96.34
5524,107,2,25.5
5524,141,1,11.41
5525,11,2,82.78
5525,61,1,61.1
5526,212,3,75.89
5526,133,2,2.97
5527,2,4,11.37
5528,111,2,60.78
5528,115,1,24.72
5529,214,4,78.37
5529,241,1,72.89
5529,148,1,38.23
5530,97,2,134.86
5531,6,4,61.32
5531,35,3,107.52
5531,198,4,105.67
5532,137,2,56.44
5532,183,1,56.98
5532,80,4,69.76
5533,75,3,94.35
5533,50,2,54.43
5534,170,2,50.86
5534,223,2,105.26
5535,205,3,87.18
5535,1,3,9.85
5535,37,3,37.7
5536,135,1,89.85
5537,129,2,36.9
5537,211,3,16.12
5537,161,2,60.56
5537,154,2,49.1
5537,141,2,13.94
5538,60,4,31.2
5538,29,1,68.85
5538,161,4,62.69
5539,9,1,26.92
5539,224,1,23.31
5539,43,1,66.56
5539,162,3,89.25
5540,208,3,6.23
5540,80,2,100.99
5540,132,4,84.95
5540,222,1,84.94
5541,96,4,2.64
5541,170,1,45.0
5542,82,4,65.36
5543,205,2,80.24
5543,2,1,7.89
5543,88,3,130.59
5543,160,4,14.87
5544,147,2,93.29
5544,200,3,73.56
5544,69,2,106.12
5545,220,3,13.77
5545,174,3,16.05
5545,197,3,70.76
5546,207,3,137.86
5546,81,3,21.75
5546,94,1,68.82
5546,1,1,6.85
5546,90,1,64.17
5547,75,4,73.42
5547,105,4,64.88
5548,184,3,44.93
5548,155,4,46.0
5548,152,3,111.94
5549,176,1,54.58
5549,202,4,4.11
5550,139,4,52.68
5550,102,2,128.84
5551,33,3,58.34
5551,14,2,72.98
5551,146,1,50.03
5551,164,2,49.39
5552,204,1,83.86
5553,105,4,84.19
5553,132,4,66.01
5553,77,3,91.76
5553,152,1,115.32
5553,110,2,82.45
5554,154,1,31.65
5555,69,2,83.7
5556,193,2,25.52
5556,158,1,65.25
5556,67,4,65.63
5556,78,1,92.85
5557,199,1,69.92
5557,228,1,21.51
5557,203,4,51.45
5557,161,3,43.11
5558,59,2,51.5
5558,137,3,31.9
5558,148,1,62.17
5558,144,3,116.06
5559,163,2,64.38
5559,127,1,88.76
5559,245,3,62.0
5560,237,1,33.94
5560,92,2,23.45
5560,10,2,52.59
5560,196,1,92.51
5561,183,1,59.34
5561,182,4,47.87
5561,74,1,80.75
5561,197,2,113.87
5562,27,1,56.39
5562,199,1,55.38
5562,56,3,61.77
5562,180,3,16.06
5562,1,1,7.89
5563,7,1,85.63
5563,112,3,62.33
5563,31,1,4.22
5563,231,4,50.21
5563,100,4,19.39
5564,160,1,12.64
5564,32,2,22.27
5564,217,2,36.9
5564,34,3,8.09
5564,122,4,6.19
5565,152,4,111.1
5565,75,1,122.03
5565,17,3,91.01
5565,105,3,78.18
5565,209,4,17.86
5566,83,3,120.44
5567,153,3,67.47
5567,230,1,118.59
5567,24,3,33.85
5567,23,3,28.01
5568,243,4,47.59
5568,231,1,51.23
5568,115,4,35.5
5568,106,1,3.64
5568,133,1,2.43
5569,70,4,53.47
5569,172,2,13.0
5569,11,1,76.8
5569,75,1,67.85
5570,57,4,72.33
5570,4,1,70.71
5570,239,3,101.26
5570,176,4,35.43
5570,169,3,97.92
5571,39,2,27.65
5572,96,1,1.94
5572,116,2,80.39
5573,142,1,22.62
5573,19,3,135.8
5573,34,4,5.93
5573,204,3,126.06
5574,13,1,71.33
5574,173,4,48.15
5574,99,4,19.43
5574,111,3,58.97
5575,84,1,109.05
5575,76,4,13.08
5575,152,1,65.54
5575,117,2,71.02
5575,88,4,117.39
5576,249,1,25.26
5576,190,2,89.39
5577,128,2,134.7
5577,142,2,17.03
5578,229,3,18.6
5578,68,4,26.91
5579,89,1,29.49
5579,24,2,55.51
5579,81,2,23.57
5579,168,2,41.37
5580,210,4,45.57
5580,71,3,85.16
5581,38,4,118.73
5581,98,1,4.32
5581,210,3,27.77
5582,157,3,60.09
5583,153,1,89.76
5583,157,1,62.13
5584,66,1,11.37
5584,92,4,23.5
5584,181,4,33.68
5585,48,1,95.67
5585,3,3,11.84
5586,47,3,30.37
5586,219,3,96.4
5586,176,3,40.68
5586,208,1,7.06
5587,197,3,107.42
5587,83,3,79.82
5588,227,2,34.02
5588,224,2,26.23
5588,119,1,21.08
5588,234,1,62.24
5589,75,3,76.56
5590,76,4,11.34
5591,245,2,74.2
5592,178,3,90.58
5592,27,1,36.02
5592,122,1,6.48
5592,39,2,33.95
5592,131,3,65.13
5593,209,2,12.94
5593,62,4,46.85
5594,34,1,8.03
5594,181,2,59.07
5594,36,4,96.66
5595,9,1,26.24
5596,177,2,2.52
5596,18,3,15.21
5596,116,2,56.81
5597,141,1,11.92
5597,63,3,37.45
5597,93,3,38.08
5597,78,4,50.61
5598,225,1,71.57
5598,156,3,115.13
5599,128,3,74.38
5599,240,4,114.76
5600,222,2,67.19
5600,197,3,75.06
5601,81,3,30.23
5601,144,3,78.91
5602,76,2,16.06
5602,71,1,93.24
5602,111,2,63.45
5603,197,2,112.17
5603,23,2,43.71
5604,171,2,35.87
5604,152,1,91.06
5605,214,2,109.21
5605,45,1,94.46
5605,156,3,111.18
5605,12,1,106.14
5606,61,4,34.68
5606,190,4,97.47
5606,49,4,40.64
5606,113,4,48.91
5607,39,4,23.99
5607,75,4,107.57
5608,25,2,84.04
5609,222,4,88.14
5609,44,2,30.43
5609,85,3,64.66
5609,198,3,89.44
5609,17,2,91.24
5610,247,3,49.42
5610,74,2,130.33
5611,238,2,41.0
5612,78,3,74.44
5613,56,3,66.73
5613,77,2,96.05
5613,74,4,128.42
5614,46,2,19.2
5614,71,4,86.33
5614,198,1,69.68
5614,63,3,29.75
5615,87,3,113.56
5615,174,3,15.95
5616,95,4,46.01
5616,153,3,106.42
5616,142,2,27.2
5617,38,1,99.44
5617,57,2,83.99
5617,86,2,105.92
5617,197,3,103.26
5618,226,3,50.89
5618,180,4,8.98
5618,99,1,26.09
5618,172,2,12.76
5619,105,4,94.7
5619,29,3,107.63
5619,219,3,125.46
5619,193,3,30.56
5619,37,3,23.43
5620,174,3,11.09
5620,71,1,100.15
5620,149,3,33.44
5621,70,3,82.98
5621,153,2,63.99
5621,32,3,12.6
5622,132,3,73.73
5622,22,1,96.14
5622,20,1,108.24
5622,98,4,3.57
5623,194,4,96.19
5623,242,1,32.65
5623,8,1,51.38
5623,16,2,48.99
5623,78,4,82.69
5624,200,4,86.8
5624,61,4,61.74
5624,80,3,84.35
5624,34,2,5.63
5624,216,1,42.81
5625,158,4,72.7
5625,60,3,34.54
5625,190,2,52.59
5626,36,2,103.92
5626,214,4,79.19
5626,107,4,27.52
5627,233,3,10.94
5627,93,1,50.11
5627,131,3,86.47
5627,207,4,96.19
5627,243,2,50.95
5628,160,3,9.16
5629,236,1,56.84
5629,45,2,78.34
5629,149,1,35.74
5630,232,3,3.69
5631,71,1,81.22
5631,33,2,51.46
5631,181,3,50.29
5632,144,3,103.57
5632,242,1,30.98
5632,212,1,71.17
5632,185,3,60.63
5633,71,3,142.99
5634,246,1,40.86
5635,40,1,23.33
5636,131,4,98.59
5636,242,3,34.11
5636,238,4,40.71
5637,32,1,18.58
5638,126,2,105.13
5639,242,2,37.55
5639,31,4,7.29
5639,34,1,6.02
5639,96,2,2.26
5640,3,1,12.38
5641,10,2,44.97
5641,221,1,32.43
5641,3,2,10.54
5642,170,2,50.92
5642,152,1,68.98
5642,236,1,47.57
5642,117,3,84.9
5642,159,4,16.17
5643,132,2,86.29
5644,75,3,93.23
5644,95,3,35.5
5645,201,3,93.62
5645,83,3,66.97
5645,76,3,16.13
5645,178,1,87.1
5646,46,3,22.11
5646,30,2,35.97
5646,172,1,18.23
5647,77,2,79.14
5647,72,3,57.08
5647,3,1,15.4
5648,246,3,34.54
5649,166,3,86.4
5650,98,4,3.56
5650,167,2,12.39
5651,176,3,62.94
5651,245,1,67.08
5651,38,1,135.39
5652,191,4,89.57
5652,124,3,31.71
5653,122,4,7.49
5654,222,1,66.78
5655,14,3,73.11
5655,97,1,96.02
5656,206,1,59.52
5656,241,2,74.33
5657,90,1,41.69
5657,174,1,14.15
5658,177,3,1.86
5658,1,2,9.3
5658,222,1,63.15
5658,131,2,103.86
5659,37,2,26.57
5659,120,1,89.35
5659,70,4,90.01
5659,45,2,82.18
5660,166,3,98.9
5660,156,1,103.08
5660,205,4,88.09
5660,90,3,68.41
5661,48,4,85.82
5661,96,2,2.63
5661,58,4,43.96
5661,29,2,122.83
5662,25,4,65.65
5662,173,2,50.23
5662,33,1,54.38
5663,122,1,7.79
5664,241,4,95.66
5665,131,4,79.26
5665,244,1,22.87
5665,40,2,22.66
5665,197,2,113.88
5666,112,2,67.39
5666,108,4,15.0
5667,85,3,52.81
5667,51,3,22.35
5667,2,2,14.12
5667,38,2,135.95
5667,19,3,110.4
5668,11,4,108.58
5668,168,2,38.78
5668,124,1,19.4
5669,114,3,55.38
5669,3,1,10.11
5669,228,1,14.87
5669,133,2,2.19
5669,154,1,31.11
5670,127,4,121.85
5670,71,2,102.48
5671,16,3,64.41
5671,237,4,38.29
5671,121,1,84.34
5671,155,1,40.34
5671,64,2,1.92
5672,237,4,24.63
5672,209,4,20.65
5672,16,1,65.84
5672,70,3,79.2
5672,69,2,79.08
5673,243,1,52.47
5673,171,4,29.74
5674,77,3,65.78
5675,125,1,76.75
5675,8,1,30.12
5675,202,3,2.7
5675,89,3,29.06
5676,95,4,43.41
5676,172,3,15.82
5676,54,2,35.3
5676,238,2,55.07
5677,200,4,76.9
5677,133,3,3.46
5677,86,3,104.9
5678,211,2,20.1
5678,159,1,18.88
5679,77,4,61.26
5679,47,1,20.84
5680,146,2,84.84
5680,211,1,22.95
5680,33,1,32.8
5680,246,4,43.04
5680,53,3,31.77
5681,85,3,56.95
5682,38,4,128.96
5683,32,3,11.95
5683,172,2,16.88
5683,131,2,67.5
5683,33,2,58.05
5683,71,1,116.48
5684,33,4,47.39
5684,201,4,103.12
5684,154,3,28.94
5685,41,4,26.58
5685,92,1,38.78
5686,4,3,52.8
5686,182,2,51.6
5686,86,4,93.62
5687,151,3,74.48
5687,57,4,53.26
5687,239,3,72.22
5687,221,4,29.9
5688,16,3,52.19
5688,128,3,127.72
5689,21,1,38.23
5689,231,4,57.5
5689,82,1,92.71
5689,54,3,38.85
5690,203,2,52.25
5691,218,3,41.36
5691,108,3,18.59
5691,117,1,90.06
5691,58,3,69.45
5691,250,1,60.06
5692,189,1,74.8
5692,97,3,89.45
5692,6,1,48.35
5693,240,2,73.52
5693,47,4,29.17
5693,60,4,38.01
5693,71,2,91.93
5693,36,3,109.73
5694,182,4,56.56
5694,143,4,75.9
5695,163,2,89.11
5695,151,3,70.84
5695,100,3,16.9
5695,14,2,53.77
5695,157,2,38.77
5696,159,3,13.36
5697,126,1,94.03
5698,14,4,46.96
5698,96,2,2.23
5698,64,1,2.51
5699,114,1,71.63
5699,73,3,40.49
5700,85,4,72.96
5701,246,3,27.83
5701,72,4,50.72
5701,109,2,66.15
5702,16,3,59.18
5702,185,2,88.36
5702,221,4,31.8
5702,216,2,55.69
5703,85,2,40.47
5704,166,4,90.86
5704,21,1,44.38
5704,186,2,21.6
5704,195,1,86.02
5704,212,1,104.72
5705,23,4,36.02
5705,81,2,30.31
5705,204,2,106.35
5705,137,4,30.87
5705,27,3,49.76
5706,48,4,71.94
5706,122,4,4.42
5707,88,4,103.15
5707,226,4,49.03
5707,36,2,84.51
5707,82,2,89.8
5708,87,2,81.29
5708,78,4,53.63
5709,222,2,92.14
5709,179,4,62.75
5709,86,3,107.21
5709,146,3,79.31
5709,143,3,81.12
5710,202,3,3.34
5710,200,1,87.21
5710,165,3,104.66
5711,158,2,86.71
5711,188,1,50.82
5711,137,3,43.56
5711,237,2,35.75
5711,119,2,28.63
5712,131,4,100.19
5712,19,2,109.22
5712,167,4,16.23
5712,136,1,105.09
5712,52,2,24.27
5713,127,3,73.95
5714,16,2,54.21
5714,15,4,89.13
5714,243,1,42.0
5715,237,3,44.87
5715,223,4,102.45
5715,134,2,45.43
5715,93,3,50.61
5715,12,4,62.2
5716,13,2,76.31
5716,215,4,120.19
5716,134,2,35.85
5717,137,4,31.77
5718,124,2,34.79
5719,151,2,81.95
5719,66,3,6.22
5719,228,1,23.35
5719,49,3,45.93
5720,87,3,92.49
5720,72,2,36.06
5720,201,2,128.63
5720,210,1,35.45
5721,174,2,10.53
5721,110,1,80.9
5721,149,2,40.88
5721,177,3,2.41
5721,170,4,40.29
5722,92,1,32.46
5722,209,2,15.15
5722,69,1,112.18
5722,140,3,11.88
5722,189,2,76.94
5723,55,2,16.95
5723,9,3,26.5
5724,64,4,3.21
5724,164,4,46.37
5724,192,4,52.57
5725,204,4,75.9
5726,121,1,64.02
5727,123,2,86.63
5727,136,3,115.44
5727,82,4,97.25
5727,41,2,27.28
5727,127,1,99.13
5728,37,2,41.38
5728,20,1,85.73
5729,214,1,91.69
5729,10,3,62.35
5729,6,4,44.35
5729,12,3,58.32
5729,196,2,70.11
5730,29,1,122.05
5730,248,2,5.87
5730,73,3,36.93
5731,181,1,54.85
5731,165,1,72.19
5731,101,2,23.53
5732,122,2,7.82
5732,121,1,78.12
5733,81,4,23.58
5733,168,1,32.72
5733,62,4,60.58
5733,9,1,22.58
5734,189,4,102.18
5734,212,2,67.85
5734,36,3,101.3
5734,85,3,53.88
5734,11,4,112.42
5735,80,4,111.35
5736,207,1,96.39
5737,51,1,28.49
5737,157,1,55.27
5737,35,3,118.97
5738,13,1,73.74
5738,116,4,68.57
5738,138,1,96.31
5738,223,2,107.96
5738,154,2,29.9
5739,238,3,66.38
5739,39,3,42.28
5739,51,4,31.56
5740,85,1,56.62
5740,115,1,34.58
5741,179,1,62.71
5741,128,1,134.53
5741,58,1,63.88
5741,34,4,5.06
5742,96,4,2.58
5742,122,4,6.74
5742,163,1,83.62
5743,242,2,25.78
5743,45,2,90.47
5743,159,4,17.17
5743,155,1,67.92
5743,203,1,49.15
5744,169,3,74.02
5744,104,1,129.24
5744,54,1,34.14
5744,99,4,30.74
5745,93,3,54.28
5745,3,2,14.11
5745,227,4,29.42
5746,114,2,76.28
5746,38,1,136.79
5746,34,3,5.61
5746,219,3,135.26
5746,239,2,57.49
5747,160,1,10.35
5748,189,4,75.74
5748,36,3,81.8
5748,153,2,103.4
5748,38,2,128.41
5749,236,4,47.37
5749,16,3,53.53
5749,36,2,95.66
5749,184,4,36.2
5749,84,1,113.5
5750,119,2,23.89
5751,244,2,19.8
5751,145,3,44.5
5751,95,3,43.37
5751,168,2,46.51
5751,84,3,77.26
5752,15,3,95.59
5753,202,1,2.7
5753,71,3,85.92
5754,82,4,83.04
5754,30,3,27.54
5754,158,4,121.84
5754,90,2,49.17
5755,187,3,73.28
5755,160,4,14.16
5755,97,3,101.98
5755,207,1,104.38
5755,247,3,64.6
5756,228,4,18.31
5756,132,4,57.31
5756,168,1,36.44
5757,232,2,5.73
5758,56,4,76.24
5758,142,1,17.48
5758,35,1,115.93
5758,53,2,42.15
5759,38,1,79.19
5759,111,4,91.39
5760,124,3,21.29
5760,197,4,64.0
5761,175,1,95.46
5761,77,3,104.59
5762,41,2,17.85
5762,66,1,8.42
5762,140,3,19.51
5762,154,3,41.76
5762,62,4,58.38
5763,25,4,86.59
5763,77,3,88.87
5764,78,2,83.07
5764,126,4,112.23
5764,63,4,25.98
5764,132,2,102.16
5765,225,3,91.58
5765,76,4,10.91
5765,119,3,20.49
5765,40,1,37.63
5766,189,1,103.12
5766,36,1,85.1
5766,82,2,70.08
5766,28,2,107.44
5766,108,3,10.67
5767,10,4,48.08
5767,128,3,80.12
5767,191,2,109.06
5767,12,4,66.21
5767,221,4,34.91
5768,18,1,11.0
5768,50,1,84.96
5768,189,2,108.18
5768,45,4,91.59
5768,157,3,35.93
5769,155,4,51.24
5769,157,2,55.04
5769,247,3,62.37
5770,234,2,94.3
5771,54,3,31.58
5771,89,3,26.22
5772,226,2,60.12
5772,133,1,3.48
5772,80,3,106.3
5772,134,1,40.95
5772,37,1,38.71
5773,149,1,42.29
5773,26,4,78.24
5774,170,2,67.25
5774,45,2,68.99
5775,63,3,35.97
5775,23,1,34.42
5775,198,3,69.94
5775,179,4,98.46
5775,11,4,71.0
5776,189,3,89.33
5777,42,4,60.8
5777,94,1,65.99
5777,208,3,5.69
5777,97,3,124.78
5777,154,2,30.76
5778,167,2,9.94
5779,187,3,120.44
5779,154,2,32.71
5779,190,2,62.75
5779,29,3,69.29
5779,28,3,116.53
5780,97,4,84.12
5780,51,4,24.99
5780,145,3,54.75
5780,5,1,112.16
5781,76,1,10.75
5781,166,1,57.67
5781,162,4,67.18
5781,183,3,56.5
5781,148,4,43.95
5782,17,3,93.62
5782,114,4,70.42
5782,68,4,28.66
5782,90,4,56.15
5782,78,2,57.17
5783,181,2,43.35
5783,114,4,86.36
5784,74,3,72.18
5785,17,2,95.26
5785,84,2,109.35
5785,18,3,10.62
5785,121,1,68.09
5785,243,1,43.93
5786,220,4,10.94
5786,134,3,28.59
5786,34,2,5.77
5786,57,3,60.95
5786,179,2,82.19
5787,244,2,13.14
5787,187,3,82.81
5788,73,3,33.14
5788,219,3,89.59
5789,223,4,72.34
5789,73,3,32.79
5789,162,1,62.14
5789,140,4,18.55
5790,14,2,72.86
5790,244,2,22.6
5791,133,2,3.36
5791,223,2,84.21
5792,243,4,35.19
5793,11,1,117.89
5793,118,2,35.43
5793,134,3,36.89
5793,113,1,37.56
5793,33,2,53.45
5794,214,2,86.98
5795,98,2,2.76
5795,167,4,15.37
5796,183,2,55.54
5796,138,4,63.11
5796,87,2,89.15
5796,116,4,84.5
5796,114,1,73.64
5797,8,1,32.21
5797,201,1,129.92
5797,99,3,18.68
5797,113,1,29.73
5797,164,2,36.58
5798,105,1,106.18
5798,92,4,27.58
5798,34,3,7.02
5798,41,2,28.71
5798,27,3,34.3
5799,195,1,100.02
5799,139,2,63.79
5799,246,2,44.5
5799,103,1,59.06
5800,135,4,117.0
5800,205,4,62.45
5800,213,1,107.18
5800,98,1,4.19
5801,161,4,50.63
5801,102,4,110.75
5801,47,4,36.54
5801,94,2,70.29
5802,18,1,15.9
5802,92,1,39.23
5802,140,2,19.15
5802,168,4,36.93
5802,39,3,43.86
5803,59,4,78.23
5803,57,2,52.5
5803,126,3,129.46
5803,117,2,85.86
5804,134,4,41.91
5804,87,2,99.46
5804,139,3,88.72
5804,227,2,29.97
5805,65,1,39.49
5805,194,2,79.85
5806,187,4,81.05
5806,200,1,75.75
5806,224,2,29.26
5806,221,4,23.9
5807,156,2,72.81
5807,225,3,78.06
5807,120,1,92.13
5807,169,4,99.76
5808,16,1,69.37
5809,46,1,29.09
5810,104,2,78.77
5810,192,4,35.49
5810,54,3,34.29
5811,59,2,78.18
5811,205,2,66.64
5812,67,3,70.24
5812,209,4,12.88
5812,11,2,84.2
5812,15,2,137.61
5812,193,2,24.94
5813,49,2,45.5
5814,148,2,58.33
5814,86,2,73.06
5814,180,4,11.66
5814,244,3,21.03
5814,25,3,88.69
5815,183,4,61.79
5815,2,3,9.97
5815,55,1,21.04
5815,231,4,62.76
5815,50,3,68.85
5816,40,2,24.96
5816,122,4,4.36
5817,204,1,78.16
5818,147,1,137.26
5818,108,3,12.24
5818,196,4,105.78
5818,90,3,71.38
5819,141,1,16.54
5819,42,1,89.68
5819,124,3,21.03
5819,106,4,3.28
5820,207,3,135.26
5820,208,2,5.68
5820,122,1,6.82
5820,126,1,99.65
5821,18,4,18.3
5822,88,1,100.13
5822,214,4,92.41
5822,56,1,68.43
5822,227,4,44.49
5823,16,2,54.81
5823,64,2,3.24
5823,203,2,59.61
5824,144,2,104.53
5824,174,3,12.67
5824,245,3,98.39
5824,3,3,10.51
5825,200,2,132.77
5825,149,2,29.05
5825,95,3,46.21
5826,181,3,60.82
5826,156,4,71.94
5827,57,3,93.07
5827,188,2,55.27
5827,106,4,4.08
5828,139,3,87.05
5828,141,1,12.41
5828,200,4,77.3
5828,53,3,37.36
5829,78,2,82.18
5829,143,3,77.33
5829,8,1,49.75
5829,102,4,80.45
5829,194,4,88.94
5830,148,2,54.87
5831,117,1,72.08
5831,45,1,92.23
5831,16,1,41.76
5831,162,1,111.85
5832,218,1,48.95
5832,242,1,34.51
5832,79,2,25.35
5833,209,2,11.37
5833,78,4,90.13
5834,16,1,37.35
5834,144,4,105.27
5834,37,2,35.68
5834,208,3,5.79
5834,52,3,26.62
5835,101,1,25.19
5835,1,4,9.2
5836,244,1,18.71
5837,149,1,35.49
5837,197,3,90.62
5837,165,2,115.68
5838,194,2,96.89
5839,71,1,104.39
5840,90,1,45.07
5840,230,3,67.99
5840,114,3,59.76
5840,49,4,35.34
5841,30,1,24.04
5841,165,2,113.02
5841,155,4,58.56
5841,224,4,30.02
5842,164,2,51.45
5842,150,3,115.56
5842,80,2,91.8
5842,126,4,101.68
5843,37,3,37.98
5843,128,2,82.63
5843,118,2,27.94
5843,184,1,49.51
5843,102,4,124.26
5844,136,4,62.45
5844,153,1,62.16
5844,145,3,40.8
5844,83,4,80.15
5845,46,1,24.23
5845,177,4,1.93
5845,198,3,76.51
5846,176,4,35.76
5846,145,4,62.78
5846,134,1,29.39
5847,243,2,49.69
5847,40,3,31.01
5847,223,4,118.73
5847,99,1,24.5
5847,142,4,24.11
5848,21,3,45.94
5848,151,1,48.74
5848,175,4,88.32
5849,139,1,52.76
5849,50,3,64.52
5849,231,4,62.88
5850,185,2,100.46
5850,234,1,65.48
5850,84,3,103.75
5850,105,4,103.9
5850,151,3,67.53
5851,233,2,11.55
5851,171,2,25.54
5851,36,4,78.13
5852,130,3,104.7
5852,165,1,69.14
5852,43,3,64.79
5852,81,1,27.54
5852,153,3,95.87
5853,73,1,40.56
5853,120,1,117.42
5853,179,2,53.97
5853,240,1,73.98
5853,213,1,106.1
5854,189,3,76.95
5855,168,2,40.57
5855,2,4,7.78
5855,167,4,16.28
5855,180,1,16.72
5855,189,2,66.52
5856,26,4,97.1
5856,153,2,75.59
5857,54,3,27.85
5857,94,2,75.08
5857,160,1,16.23
5857,232,1,5.37
5857,236,1,52.0
5858,2,1,11.11
5858,150,1,98.93
5858,146,2,49.72
5859,227,3,27.63
5859,72,1,55.25
5860,210,4,47.49
5860,9,1,16.72
5860,52,2,20.55
5861,126,4,74.24
5862,247,3,71.86
5862,209,4,16.73
5863,9,1,26.32
5864,124,2,20.97
5864,230,2,94.28
5864,11,2,111.82
5864,137,1,46.34
5865,12,3,58.92
5865,80,2,106.39
5865,115,1,31.57
5865,103,4,34.04
5866,242,3,39.08
5866,116,3,65.41
5867,124,2,34.87
5867,221,3,27.4
5868,160,4,13.57
5868,155,4,57.37
5868,150,4,70.75
5869,36,4,61.99
5869,131,2,115.71
5869,34,2,5.74
5869,60,2,30.71
5870,182,1,34.47
5870,123,4,64.18
5870,200,2,104.07
5870,183,2,42.39
5871,233,1,8.67
5871,118,1,30.94
5871,225,3,113.52
5871,146,2,58.56
5871,157,1,48.05
5872,139,4,53.83
5872,80,3,84.25
5872,162,1,76.32
5872,111,2,79.44
5873,44,3,29.64
5873,69,3,86.16
5873,198,2,88.82
5873,2,1,9.32
5874,110,4,65.55
5874,232,1,3.94
5874,78,3,82.14
5875,66,1,8.05
5875,230,3,112.44
5876,9,1,16.07
5876,155,3,43.59
5876,88,3,98.85
5876,218,2,35.21
5877,128,1,123.72
5877,205,2,80.6
5877,8,2,54.72
5878,119,4,26.98
5878,23,1,43.79
5878,96,2,2.1
5879,123,1,62.32
5880,28,4,84.84
5880,22,1,103.66
5880,140,1,15.16
5880,82,4,101.96
5881,222,4,96.42
5881,149,4,42.43
5882,21,2,40.92
5882,35,4,111.62
5882,187,1,105.79
5882,194,4,61.37
5883,232,2,3.42
5883,168,2,47.29
5883,89,1,24.73
5883,249,3,32.15
5884,92,4,39.77
5884,82,1,116.62
5884,149,1,33.3
5884,167,1,15.82
5884,170,2,39.74
5885,176,2,58.43
5885,118,4,38.71
5886,163,4,65.61
5886,96,3,1.86
5886,104,3,112.8
5886,151,2,56.0
5887,204,4,96.82
5887,191,1,99.93
5887,228,2,21.99
5888,158,1,88.45
5888,245,3,83.45
5888,171,3,30.88
5889,5,4,76.34
5889,89,3,38.27
5889,47,3,19.86
5889,91,1,70.99
5890,190,1,94.71
5890,212,3,66.7
5890,209,1,20.47
5890,16,3,42.98
5890,3,2,10.03
5891,119,3,18.65
5891,74,1,75.83
5891,218,4,40.99
5891,181,1,36.47
5891,204,3,125.53
5892,139,1,62.75
5892,208,4,5.85
5893,35,1,90.75
5893,92,4,26.49
5894,158,2,116.01
5894,120,3,92.35
5894,190,1,97.8
5894,41,4,20.8
5894,208,3,4.83
5895,64,3,2.49
5896,236,1,36.18
5897,121,2,73.32
5897,52,4,19.44
5897,128,2,126.61
5897,48,3,86.18
5898,233,4,11.97
5898,142,4,21.06
5899,152,3,88.31
5899,218,2,48.66
5899,70,2,75.19
5900,40,4,38.48
5900,241,3,67.69
5900,13,2,65.86
5900,248,4,5.61
5901,21,4,53.62
5902,182,4,49.49
5902,220,2,17.67
5902,32,4,21.57
5902,83,3,99.52
5903,98,1,4.46
5903,217,1,31.24
5903,144,2,118.16
5903,13,1,61.64
5904,249,3,35.97
5904,83,4,102.23
5905,47,1,21.83
5906,160,4,14.84
5906,203,3,58.12
5906,225,4,110.02
5906,113,4,37.01
5907,55,1,20.09
5908,28,1,113.53
5908,156,4,101.88
5909,216,3,45.08
5909,148,2,61.26
5909,195,1,58.32
5909,222,2,79.56
5910,149,4,45.34
5910,205,4,106.86
5910,91,1,76.25
5910,173,1,55.35
5910,45,3,77.48
5911,27,4,34.53
5911,236,1,42.35
5911,228,1,14.88
5911,189,1,62.51
5911,107,4,19.94
5912,66,4,9.98
5912,95,1,32.97
5912,182,2,49.46
5912,31,2,5.15
5912,37,4,41.4
5913,89,4,35.35
5914,141,2,11.68
5914,77,4,77.4
5914,120,2,73.92
5914,105,4,101.38
5915,225,4,98.48
5916,137,1,46.19
5916,112,3,73.84
5916,67,4,69.43
5916,29,2,96.83
5917,106,3,3.62
5917,194,4,55.95
5917,64,4,2.67
5917,143,3,49.17
5917,42,2,60.27
5918,214,1,78.54
5918,215,1,90.24
5918,33,2,58.26
5919,182,3,50.14
5920,88,2,128.52
5920,22,3,122.75
5920,174,1,10.84
5921,192,4,46.11
5922,115,2,29.7
5922,37,1,38.95
5922,207,4,103.49
5922,68,3,16.05
5922,247,4,46.54
5923,244,2,21.09
5924,156,3,72.63
5924,127,4,75.8
5924,201,2,100.5
5924,46,4,28.48
5924,202,2,2.61
5925,5,4,74.62
5926,137,3,34.8
5927,90,2,38.74
5927,248,4,6.11
5928,170,4,65.83
5928,51,3,28.1
5928,75,4,80.57
5928,81,2,27.31
5929,105,2,104.56
5929,163,4,89.38
5929,154,2,36.1
5930,31,1,4.19
5930,237,2,36.12
5930,16,2,43.76
5930,215,1,82.19
5931,45,4,94.91
5931,125,4,126.09
5931,211,2,20.17
5932,112,2,56.38
5932,103,1,58.25
5932,57,4,68.4
5932,115,1,26.52
5933,145,2,39.98
5933,65,2,39.55
5933,225,4,115.21
5933,249,3,41.95
5933,213,3,95.74
5934,93,1,51.62
5934,67,1,81.34
5934,141,4,15.73
5934,213,1,60.99
5934,172,2,16.95
5935,167,1,14.88
5935,244,4,14.52
5935,90,3,66.37
5936,38,3,116.46
5936,96,2,2.91
5936,222,2,82.78
5937,6,3,56.47
5937,202,1,3.41
5937,171,4,24.32
5938,172,4,17.4
5938,86,1,100.86
5939,107,3,22.6
5939,88,3,134.84
5940,213,4,73.84
5940,91,3,78.71
5940,55,4,15.85
5940,207,4,89.96
5940,147,3,113.94
5941,144,1,70.19
5942,187,1,70.96
5942,173,4,55.97
5943,2,1,7.81
5943,86,2,76.59
5944,35,3,78.61
5944,144,1,127.46
5944,90,2,63.96
5945,142,2,17.92
5945,167,2,14.48
5946,123,2,86.89
5946,158,2,120.04
5946,100,3,16.48
5946,183,4,34.7
5947,239,2,87.53
5947,133,1,3.13
5947,52,1,20.38
5947,92,3,24.55
5948,149,1,37.06
5949,104,3,138.92
5950,25,2,105.71
5951,238,4,50.66
5951,198,3,86.83
5951,109,3,84.12
5951,164,4,38.71
5951,120,1,96.23
5952,43,2,64.02
5952,31,3,6.02
5953,151,2,87.77
5953,189,1,80.03
5954,38,1,80.7
5955,40,3,34.51
5955,129,1,40.56
5955,211,2,20.94
5955,215,3,121.2
5955,24,4,37.12
5956,5,3,74.39
5956,72,2,37.94
5956,64,3,3.01
5957,122,1,4.75
5957,191,3,70.12
5958,206,2,39.77
5958,59,1,48.73
5958,182,3,44.13
5958,236,1,62.23
5959,230,4,75.76
5959,146,1,82.07
5960,118,4,25.21
5961,29,1,69.78
5961,44,4,45.84
5961,56,2,93.87
5961,167,2,18.25
5962,190,4,93.45
5962,112,3,97.95
5963,179,4,65.29
5963,97,2,96.82
5963,77,2,56.14
5963,177,4,2.31
5963,248,2,7.41
5964,123,4,75.72
5965,54,3,30.36
5965,82,1,91.9
5966,82,1,86.5
5966,143,4,62.45
5966,128,1,114.73
5966,167,4,15.45
5966,141,3,16.15
5967,54,2,26.91
5967,138,3,67.29
5967,101,1,21.84
5967,186,1,32.04
5968,156,3,85.01
5968,229,4,17.62
5968,243,3,42.31
5969,199,4,73.08
5969,83,1,94.07
5969,96,3,2.91
5970,170,3,53.28
5970,105,1,90.52
5970,117,2,89.33
5971,48,4,76.96
5971,72,3,52.44
5971,67,1,90.17
5972,204,2,104.03
5972,155,1,66.64
5972,159,2,17.39
5972,92,1,31.54
5972,201,1,127.34
5973,9,1,26.76
5973,250,4,48.56
5973,109,4,80.97
5974,144,2,110.67
5974,46,2,24.19
5974,80,4,88.45
5974,121,2,90.89
5974,171,1,28.21
5975,187,1,116.65
5975,194,3,89.13
5976,122,1,7.64
5976,9,2,27.71
5976,92,1,39.34
5976,96,1,2.74
5977,110,1,59.08
5977,105,2,70.5
5977,175,4,92.35
5977,81,4,25.2
5978,146,3,66.0
5978,143,3,60.59
5978,65,4,26.17
5979,178,1,69.13
5979,250,4,39.19
5979,173,3,58.16
5980,154,2,37.44
5980,121,2,55.82
5981,175,4,80.6
5981,74,1,84.68
5981,112,3,66.91
5982,94,2,48.72
5982,229,4,17.83
5982,127,2,129.95
5982,42,4,102.65
5983,24,2,42.86
5983,120,2,78.94
5983,191,2,116.66
5984,105,3,79.05
5984,88,2,106.89
5984,142,4,24.03
5985,164,3,51.63
5985,249,3,28.06
5986,17,3,104.58
5986,90,3,54.02
5986,250,4,49.98
5986,130,4,79.33
5986,1,4,5.91
5987,38,2,88.05
5987,47,3,31.67
5987,29,2,89.6
5987,215,1,89.43
5987,105,2,99.43
5988,139,3,51.56
5988,224,1,31.37
5988,240,3,109.89
5988,176,1,66.77
5988,40,2,32.44
5989,211,1,19.39
5989,155,2,52.86
5989,156,3,96.41
5989,183,2,52.28
5989,50,2,87.05
5990,157,4,49.12
5990,165,2,106.76
5990,131,1,68.13
5991,191,1,64.21
5991,225,1,77.12
5992,247,1,64.53
5992,177,3,1.96
5993,104,2,138.79
5993,212,2,71.85
5993,19,1,89.6
5994,162,3,78.35
5994,195,4,76.15
5994,177,4,1.69
5994,110,3,86.39
5994,183,1,66.05
5995,97,1,73.25
5995,150,2,103.23
5995,54,4,40.1
5995,160,2,13.43
5995,21,2,46.15
5996,183,3,59.15
5997,36,3,72.29
5997,212,2,104.98
5997,224,2,31.02
5998,107,3,28.8
5998,178,1,99.58
5999,201,4,129.29
5999,89,3,30.92
5999,67,1,64.97
6000,31,2,5.23
6000,14,3,67.42
6000,117,3,88.66
6001,48,1,88.48
6001,177,4,1.76
6001,170,2,61.33
6001,152,2,96.93
6001,38,2,132.79
6002,114,3,80.92
6003,132,4,88.54
6003,162,3,90.39
6004,117,4,68.96
6004,230,3,109.76
6004,203,1,60.46
6004,39,2,43.28
6005,20,2,96.81
6005,112,2,81.49
6005,53,1,28.45
6005,61,4,37.64
6005,166,2,80.56
6006,185,4,70.33
6006,136,2,110.1
6007,168,4,34.68
6007,88,3,122.13
6007,205,2,69.31
6008,104,2,83.66
6008,229,1,30.15
6008,106,1,4.53
6008,62,2,65.61
6009,91,3,83.73
6009,248,3,4.99
6009,15,2,81.22
6010,167,3,15.75
6010,80,3,113.75
6010,41,2,26.04
6010,37,4,37.6
6010,3,3,15.24
6011,173,2,39.85
6011,125,4,117.84
6012,16,2,50.99
6012,200,1,104.11
6012,47,3,34.18
6013,167,4,18.37
6013,225,3,86.3
6013,110,4,69.44
6013,239,2,90.43
6014,31,2,7.05
6015,234,4,68.86
6015,109,3,93.84
6015,236,2,40.42
6016,206,3,44.62
6016,250,1,54.2
6016,101,2,16.04
6017,250,1,58.7
6017,120,3,64.9
6018,128,1,80.86
6018,30,3,33.13
6018,160,1,13.12
6018,23,2,46.63
6019,232,3,4.82
6019,101,4,17.75
6020,126,4,86.88
6020,111,1,56.91
6021,206,1,36.89
6021,87,1,140.8
6021,194,4,82.34
6021,24,2,51.06
6021,175,1,97.37
6022,114,1,77.9
6022,216,2,37.43
6023,128,2,103.28
6024,105,1,86.76
6024,125,2,126.38
6024,168,1,30.84
6025,237,3,31.08
6026,7,1,62.61
6026,126,2,87.9
6026,180,2,14.49
6026,140,4,18.32
6026,49,4,43.83
6027,241,3,87.83
6027,4,2,82.22
6028,135,4,90.16
6028,46,3,17.56
6028,194,2,82.84
6029,29,1,65.87
6029,77,1,85.92
6029,186,2,22.32
6029,120,2,91.19
6029,46,2,17.16
6030,55,1,18.38
6030,243,3,33.88
6031,244,2,16.46
6031,52,3,19.61
6031,76,1,9.53
6032,86,3,65.89
6032,124,3,28.41
6032,202,2,3.17
6033,136,4,116.93
6034,105,3,100.55
6034,94,3,88.47
6034,110,1,75.2
6034,118,1,35.67
6034,52,3,23.97
6035,226,3,61.5
6036,1,2,9.92
6036,178,3,104.37
6036,183,1,66.43
6037,34,2,8.25
6037,129,1,46.24
6037,226,2,54.32
6038,96,2,2.41
6039,177,4,2.09
6039,196,4,102.15
6039,84,3,106.12
6039,211,4,23.75
6039,133,2,3.6
6040,245,4,82.88
6040,102,1,103.95
6040,116,2,77.87
6041,76,1,12.46
6042,132,3,85.45
6042,79,3,21.43
6042,39,2,24.15
6042,98,4,4.69
6043,48,1,104.26
6043,64,4,2.03
6043,15,4,76.48
6044,116,1,55.06
6045,206,4,53.57
6045,57,4,74.3
6045,112,1,52.95
6045,149,4,44.74
6046,34,1,7.68
6046,39,3,23.42
6047,64,3,3.35
6047,8,1,30.66
6047,57,1,72.58
6048,16,2,54.94
6048,47,2,32.01
6048,83,1,115.74
6049,91,2,78.67
6049,214,4,77.34
6049,212,3,75.63
6049,163,2,84.98
6049,85,1,60.61
6050,134,3,38.2
6050,112,1,76.71
6050,61,2,50.24
6051,227,1,47.18
6052,46,4,21.36
6052,229,1,19.48
6052,220,2,17.9
6053,221,2,35.24
6053,68,1,26.18
6053,33,1,55.07
6053,229,3,25.21
6053,69,2,94.11
6054,152,2,80.53
6054,44,2,44.53
6054,72,4,34.84
6055,142,3,23.17
6055,96,4,1.7
6056,42,4,99.6
6056,183,4,48.64
6056,88,4,86.28
6057,129,1,53.45
6057,42,3,72.52
6057,240,3,84.25
6057,72,4,36.0
6058,154,3,29.33
6058,233,1,11.24
6058,106,1,3.84
6058,162,4,63.43
6058,165,1,83.42
6059,151,4,55.11
6059,179,3,69.49
6059,53,1,36.96
6059,93,3,43.94
6060,59,1,73.62
6060,130,2,114.4
6060,156,1,67.39
6060,53,1,40.37
6061,165,1,87.8
6061,166,3,78.76
6061,11,3,77.33
6061,93,3,38.44
6061,37,1,25.52
6062,73,2,47.48
6062,220,2,13.95
6062,77,3,67.22
6062,124,1,20.45
6063,84,2,117.71
6063,31,4,4.04
6063,149,3,39.76
6063,243,3,47.36
6064,39,4,25.67
6064,235,4,125.5
6064,241,4,99.73
6064,201,1,119.4
6065,244,1,13.78
6065,201,3,121.22
6065,215,4,98.02
6066,160,1,12.12
6066,115,1,33.89
6066,191,1,104.06
6067,232,1,4.63
6067,195,1,57.53
6068,92,1,33.04
6068,38,2,90.18
6068,49,2,47.44
6069,213,3,67.48
6069,97,4,96.1
6069,98,3,3.39
6069,82,1,89.91
6070,79,3,29.48
6071,151,1,92.3
6072,54,1,34.95
6072,98,3,3.05
6072,179,3,76.93
6073,143,2,75.84
6073,250,1,51.57
6073,144,3,127.76
6074,113,2,31.09
6074,231,4,85.84
6074,11,4,66.34
6075,174,4,15.75
6075,110,1,80.19
6076,218,4,39.17
6076,3,2,15.1
6077,27,2,42.26
6077,69,3,83.9
6077,95,3,49.26
6077,94,1,50.61
6077,147,3,82.73
6078,81,3,27.08
6078,62,1,39.89
6078,77,3,94.69
6078,47,2,32.54
6079,176,2,41.18
6079,69,1,75.59
6079,208,3,7.34
6079,247,2,64.4
6080,123,2,80.73
6080,16,3,36.58
6080,136,2,79.56
6080,204,4,70.3
6081,94,2,48.8
6081,177,2,2.36
6081,65,1,38.99
6082,18,3,10.66
6082,245,4,77.33
6083,235,2,87.66
6083,4,2,66.16
6083,115,1,43.16
6083,141,1,14.93
6083,229,2,17.76
6084,222,4,89.11
6084,192,2,47.49
6084,184,1,42.94
6084,241,2,99.58
6085,28,4,87.78
6086,119,4,25.12
6086,146,3,62.47
6086,134,2,27.56
6086,245,2,72.57
6087,6,4,49.1
6087,117,2,78.83
6087,159,3,18.4
6087,58,1,56.8
6087,175,1,116.42
6088,202,2,2.86
6088,83,2,111.19
6088,49,4,40.87
6088,113,2,51.75
6088,55,2,24.46
6089,199,1,49.62
6089,126,2,107.44
6089,97,3,135.41
6089,121,4,78.58
6090,130,2,99.98
6090,17,4,90.77
6091,70,1,96.76
6091,152,3,88.16
6092,197,4,78.34
6092,137,1,33.1
6092,23,3,37.35
6092,112,1,96.19
6093,240,4,113.91
6093,144,2,127.71
6094,181,4,57.9
6094,235,4,107.89
6094,23,1,46.8
6094,79,1,19.89
6095,32,4,19.87
6095,72,2,59.59
6096,184,4,37.38
6096,138,2,112.6
6097,172,3,19.12
6098,3,3,8.9
6098,69,4,75.55
6098,124,4,28.23
6098,211,1,16.84
6098,145,2,38.2
6099,29,4,96.2
6100,120,2,70.37
6100,229,1,20.82
6100,98,4,4.17
6101,90,4,65.2
6101,49,4,48.57
6101,52,3,26.27
6101,7,3,69.87
6102,219,2,102.08
6102,237,4,44.23
6102,67,1,117.26
6103,172,1,17.69
6103,120,3,93.98
6103,125,3,95.11
6103,11,1,75.95
6103,5,4,89.04
6104,225,4,81.8
6104,15,2,83.28
6104,82,2,85.19
6105,172,1,19.16
6106,159,1,16.7
6107,110,1,50.42
6107,155,4,66.83
6108,177,1,2.67
6108,40,1,36.45
6108,65,3,44.16
6108,161,2,52.35
6109,64,1,3.02
6110,245,2,105.03
6110,147,1,134.07
6110,250,3,37.01
6110,120,2,100.81
6111,29,1,65.29
6111,218,2,27.16
6111,14,1,72.83
6112,68,2,21.12
6113,146,3,72.94
6113,49,3,37.95
6113,228,2,25.55
6114,162,4,72.99
6114,178,2,93.4
6114,187,4,96.34
6114,149,3,30.98
6115,72,1,55.81
6115,80,4,112.54
6116,93,2,66.82
6116,57,1,55.73
6116,106,4,3.22
6116,244,3,19.25
6117,16,3,50.06
6117,39,1,43.22
6117,76,4,15.25
6117,125,4,70.41
6117,221,1,23.56
6118,167,3,16.26
6119,145,3,54.43
6119,58,4,47.02
6119,32,2,12.81
6119,137,1,57.66
6119,69,4,104.8
6120,226,4,54.92
6120,5,4,97.05
6120,175,2,119.53
6120,101,4,16.58
6121,166,1,55.03
6121,159,3,12.03
6122,69,1,75.41
6123,13,4,89.8
6123,221,4,31.44
6123,235,1,117.45
6124,99,4,24.66
6124,42,1,56.13
6124,120,2,68.56
6125,13,4,81.42
6125,119,2,30.19
6125,116,2,76.42
6125,100,1,12.19
6125,114,4,77.91
6126,135,2,101.82
6126,171,4,38.21
6126,158,1,121.0
6127,84,3,121.11
6128,182,1,58.36
6128,142,4,25.95
6128,15,4,112.28
6129,249,4,24.33
6129,243,1,51.96
6129,117,1,101.32
6129,197,3,116.68
6129,58,3,54.94
6130,129,1,65.4
6130,16,4,42.85
6130,14,1,72.31
6131,63,4,31.98
6131,51,3,29.97
6131,187,4,83.07
6131,20,3,63.7
6132,25,4,76.23
6132,177,1,2.45
6132,153,3,91.04
6132,86,1,123.54
6133,45,3,94.22
6133,39,3,38.5
6133,76,3,9.18
6133,119,2,30.19
6133,22,3,94.35
6134,23,4,39.31
6135,109,1,104.35
6135,139,1,92.88
6135,102,2,108.2
6135,207,4,124.08
6135,233,2,12.95
6136,72,2,39.3
6137,157,1,47.28
6138,13,1,90.56
6138,9,2,23.42
6138,152,3,69.97
6138,103,3,60.86
6138,45,1,79.94
6139,128,1,101.86
6139,52,4,15.33
6139,6,1,46.36
6139,13,3,60.37
6140,65,3,30.61
6140,101,2,23.76
6140,63,2,39.27
6140,20,2,116.2
6141,240,3,85.94
6141,86,2,91.71
6141,69,2,96.61
6141,58,4,42.27
6142,84,4,117.32
6142,249,4,28.19
6142,145,3,60.19
6143,68,1,21.89
6143,224,4,27.84
6143,135,1,122.37
6143,220,4,18.58
6144,69,3,101.84
6144,73,1,37.63
6144,148,4,42.24
6145,142,4,20.25
6145,66,1,10.7
6146,239,1,95.72
6146,11,4,100.82
6146,196,2,61.51
6146,108,4,11.82
6147,211,1,18.6
6147,206,1,63.33
6148,135,2,90.89
6148,231,3,70.76
6149,3,1,13.44
6149,66,4,11.05
6149,63,4,33.71
6149,159,1,12.74
6149,56,4,93.65
6150,242,4,35.43
6151,189,1,87.89
6151,58,3,43.73
6151,146,4,63.65
6151,137,4,48.5
6152,183,3,51.74
6153,243,1,56.88
6153,216,3,36.03
6153,132,1,82.9
6153,110,4,71.94
6153,11,1,109.7
6154,139,3,78.69
6154,68,1,28.85
6154,59,1,67.93
6154,149,3,41.83
6154,147,2,95.62
6155,226,4,56.71
6155,136,1,110.82
6156,248,1,5.3
6156,144,3,97.03
6156,29,3,71.26
6156,13,1,59.9
6157,20,2,92.99
6157,237,2,36.61
6158,162,2,67.74
6158,65,3,43.81
6159,250,3,41.33
6159,3,2,12.62
6159,109,3,75.73
6160,28,2,90.77
6160,155,4,42.47
6160,119,2,29.21
6161,196,1,106.58
6161,202,3,2.45
6162,236,4,35.86
6162,113,4,37.68
6162,139,4,71.14
6162,169,3,55.92
6162,156,1,99.83
6163,174,1,17.56
6163,162,1,89.14
6163,64,2,2.09
6163,216,1,35.14
6164,175,4,110.95
6164,166,1,68.88
6164,223,4,82.57
6165,241,3,103.67
6165,23,4,31.38
6165,73,2,34.97
6166,128,1,100.53
6166,99,2,22.94
6166,123,3,75.9
6167,197,1,93.65
6168,213,4,104.97
6168,84,4,83.5
6168,52,4,25.88
6169,216,1,48.59
6169,106,2,3.95
6170,10,3,35.08
6170,114,4,69.28
6171,68,1,22.03
6172,154,2,27.35
6172,92,3,30.94
6172,195,1,80.79
6173,137,3,51.43
6173,84,2,104.52
6173,224,4,23.08
6173,226,1,62.56
6174,229,3,32.16
6174,67,3,117.31
6174,142,2,15.21
6174,245,3,107.07
6175,180,3,9.77
6175,237,1,30.95
6175,168,4,29.42
6175,194,4,84.86
6175,188,2,38.57
6176,58,2,45.12
6176,158,3,69.67
6177,156,4,67.29
6177,171,4,24.77
6177,173,2,45.29
6178,5,1,103.16
6178,134,4,31.83
6178,225,4,112.04
6179,201,2,133.83
6179,98,3,4.77
6179,81,2,27.29
6179,27,4,55.7
6179,116,4,47.65
6180,58,4,67.85
6180,222,1,68.69
6180,218,4,43.63
6180,220,4,11.31
6181,183,2,35.21
6181,143,2,67.89
6181,200,4,82.89
6181,21,3,41.82
6181,158,2,74.54
6182,237,2,27.61
6182,128,2,134.84
6182,4,3,83.77
6182,231,4,87.14
6182,191,3,66.63
6183,87,2,126.33
6183,146,1,71.28
6183,80,1,71.14
6184,179,2,99.23
6184,195,4,64.93
6184,34,3,7.06
6185,31,4,4.17
6185,209,2,19.54
6185,188,2,40.83
6185,61,4,54.31
6186,96,2,3.0
6186,104,4,112.73
6186,233,1,10.01
6186,122,1,4.18
6187,108,2,12.3
6187,48,2,115.35
6187,110,2,47.76
6188,243,2,53.14
6188,128,1,127.9
6188,188,3,63.48
6188,200,2,102.43
6189,153,1,67.62
6189,210,2,29.56
6189,203,1,54.3
6189,142,3,18.29
6190,86,4,71.97
6190,55,3,15.98
6191,245,3,96.21
6191,130,2,92.82
6191,152,2,108.9
6192,15,4,127.43
6192,74,2,100.33
6192,221,2,22.98
6193,101,3,15.54
6193,52,4,15.64
6193,178,4,88.77
6193,22,4,94.62
6194,106,1,4.05
6194,177,3,2.85
6194,98,4,3.86
6195,160,4,9.91
6195,106,4,3.96
6195,222,4,70.9
6195,39,4,37.31
6196,204,2,102.76
6196,20,1,89.22
6196,245,1,81.61
6196,145,4,54.18
6196,230,2,114.11
6197,141,4,10.77
6197,6,4,64.89
6197,41,3,24.27
6197,44,1,38.87
6198,233,4,7.73
6198,211,2,16.75
6199,5,4,67.1
6199,186,3,22.33
6199,224,4,36.28
6199,138,3,95.17
6200,213,3,113.62
6200,229,3,30.95
6200,122,4,6.8
6201,224,4,20.45
6201,241,1,92.96
6201,92,4,37.69
6202,69,1,102.92
6202,238,1,50.16
6202,172,1,17.49
6202,54,3,30.46
6203,183,2,55.46
6203,85,1,76.26
6203,57,3,87.91
6204,194,4,91.41
6205,170,2,51.7
6206,248,4,5.84
6206,28,1,81.89
6207,179,1,65.93
6207,163,2,53.86
6207,96,3,2.08
6207,201,4,106.26
6208,90,4,43.32
6208,38,4,98.5
6208,11,3,70.77
6209,25,3,91.79
6210,130,1,97.7
6211,147,4,81.83
6212,211,4,16.64
6212,71,4,135.36
6212,1,1,7.38
6213,161,3,50.61
6213,209,4,15.96
6213,108,1,17.94
6213,45,3,87.5
6213,13,3,53.54
6214,193,3,22.54
6214,83,4,100.93
6214,37,4,33.02
6214,189,2,67.83
6215,136,3,62.01
6215,123,4,98.81
6215,55,4,20.78
6216,219,3,97.74
6216,151,3,57.47
6217,13,2,65.92
6217,165,4,118.94
6217,241,2,88.48
6217,34,4,6.93
6217,249,2,39.91
6218,19,1,75.97
6218,210,2,42.31
6218,2,3,14.34
6219,243,1,44.62
6220,87,2,108.38
6221,92,3,27.95
6221,40,1,28.56
6221,139,4,88.75
6221,76,4,12.66
6222,38,2,135.58
6222,187,3,104.78
6223,198,3,91.95
6224,174,3,9.9
6224,91,2,55.79
6225,64,3,2.31
6225,110,2,60.63
6225,195,2,71.73
6225,83,3,121.94
6225,152,4,114.75
6226,178,2,91.95
6226,194,1,60.91
6226,138,4,71.0
6226,151,4,54.7
6227,155,2,62.57
6227,241,1,103.02
6228,80,2,105.48
6228,120,3,105.12
6228,247,2,56.73
6228,100,3,19.64
6228,154,1,40.39
6229,136,2,94.4
6229,11,1,95.88
6230,235,2,84.13
6230,95,3,61.0
6231,149,4,40.03
6231,249,2,33.17
6231,124,3,25.56
6232,72,3,38.07
6232,61,3,36.99
6232,230,4,78.22
6232,3,3,9.63
6232,77,1,66.21
6233,27,3,40.43
6233,167,2,16.68
6234,202,3,3.79
6234,167,2,14.45
6234,145,3,60.72
6235,86,4,66.94
6235,123,2,88.83
6235,219,3,89.82
6235,101,1,14.9
6235,127,3,80.11
6236,242,2,40.11
6237,217,1,45.59
6237,113,1,39.15
6237,144,2,104.53
6237,80,4,110.79
6237,77,1,104.67
6238,146,4,70.54
6238,131,3,78.89
6239,44,1,39.55
6239,80,1,84.91
6239,125,4,121.35
6239,192,3,49.95
6239,48,3,101.06
6240,99,4,22.77
6240,47,1,31.84
6240,197,2,114.87
6240,59,2,69.36
6240,243,1,33.43
6241,127,2,70.77
6241,111,1,64.56
6241,224,3,22.57
6241,246,2,44.51
6241,46,3,29.48
6242,120,1,69.8
6242,72,4,49.81
6243,154,2,29.53
6244,187,3,78.71
6244,242,2,23.1
6244,166,3,87.73
6245,147,1,75.89
6245,112,4,65.18
6245,54,1,25.71
6245,123,3,70.59
6246,32,1,20.37
6247,224,3,22.31
6247,38,1,124.94
6247,110,1,63.79
6248,5,1,70.62
6248,60,1,28.9
6248,134,4,27.6
6248,2,1,9.35
6249,156,1,74.02
6249,40,2,35.65
6249,28,4,119.29
6249,198,1,80.79
6250,240,3,103.82
6250,184,1,42.32
6250,121,2,62.1
6250,30,1,21.29
6251,225,2,123.46
6251,92,1,39.12
6251,132,1,78.08
6252,171,3,20.67
6252,29,4,79.64
6252,106,4,3.48
6252,194,1,77.33
6252,152,2,100.66
6253,228,1,20.87
6254,88,1,131.43
6254,229,3,23.05
6254,186,2,20.59
6254,165,3,83.18
6255,40,3,28.84
6255,146,3,53.86
6255,249,2,43.03
6256,206,1,43.28
6256,91,1,88.78
6256,135,2,77.74
6257,228,4,21.92
6257,224,4,23.36
6257,40,1,29.08
6257,125,4,101.6
6257,70,3,67.05
6258,142,4,19.83
6258,230,1,71.71
6258,158,4,80.74
6258,30,2,22.53
6259,197,3,108.66
6259,204,3,106.09
6259,168,4,32.06
6259,10,4,53.47
6259,104,4,115.68
6260,29,1,112.61
6260,151,3,71.37
6260,112,1,68.09
6261,170,1,42.94
6261,117,3,69.11
6261,149,4,35.13
6262,139,3,74.79
6262,177,2,2.34
6262,132,1,94.05
6263,154,4,40.02
6264,82,3,116.73
6264,144,1,114.62
6265,53,2,36.03
6265,250,1,46.5
6265,219,4,132.63
6265,212,2,87.07
6266,76,4,14.28
6266,173,1,39.12
6266,136,4,73.62
6267,4,3,72.78
6268,17,3,128.69
6268,241,1,63.78
6268,107,2,26.44
6269,13,4,74.21
6269,224,2,31.75
6270,90,1,56.66
6270,183,3,40.21
6271,232,3,4.66
6271,94,3,81.64
6271,108,1,13.31
6271,157,1,50.58
6271,76,2,11.52
6272,233,3,11.84
6272,62,1,40.07
6272,75,1,77.97
6273,56,2,57.15
6273,51,1,22.31
6273,129,4,57.75
6273,227,3,30.19
6274,214,3,78.7
6274,19,4,127.33
6274,119,4,25.41
6274,140,3,15.84
6275,107,3,23.77
6276,223,4,86.77
6276,6,2,66.12
6276,213,1,93.32
6276,190,4,67.16
6277,244,4,12.85
6277,219,4,79.71
6277,147,1,95.63
6277,160,2,16.6
6277,141,4,13.03
6278,186,4,28.12
6279,131,2,79.44
6279,203,4,76.17
6279,21,2,56.55
6279,170,1,57.19
6280,129,2,67.19
6281,120,3,67.36
6281,77,4,82.58
6281,93,4,44.73
6281,208,3,7.93
6281,62,3,59.68
6282,218,3,47.66
6282,12,1,90.31
6282,56,2,57.79
6283,171,4,35.01
6283,80,4,108.05
6283,195,3,61.0
6283,140,1,12.65
6284,184,4,54.24
6284,57,2,92.4
6285,220,4,14.83
6286,232,4,4.54
6286,225,4,99.54
6287,150,1,68.27
6287,101,3,14.82
6287,143,1,73.42
6287,243,3,58.08
6288,81,1,29.6
6289,26,3,67.35
6289,162,1,75.1
6289,122,4,4.73
6289,94,1,72.6
6289,149,3,50.53
6290,80,1,83.65
6290,234,1,71.34
6290,177,2,2.6
6290,10,2,44.28
6291,183,2,51.04
6291,137,4,33.73
6292,14,4,63.32
6292,164,3,47.68
6292,79,4,31.04
6293,179,4,85.57
6293,28,2,74.03
6294,126,3,110.78
6294,22,2,77.05
6294,236,1,46.66
6294,124,4,27.04
6295,170,4,64.29
6296,125,1,74.83
6296,58,3,42.99
6296,209,1,11.98
6296,63,1,28.82
6296,153,4,102.52
6297,232,2,3.83
6297,156,1,77.94
6297,212,3,59.34
6297,56,1,62.75
6297,84,1,94.66
6298,46,4,29.27
6298,234,4,69.34
6298,118,2,37.51
6298,109,1,104.42
6298,60,3,22.37
6299,227,1,30.7
6299,223,1,118.11
6299,219,3,114.27
6299,235,4,80.26
6299,146,4,91.33
6300,23,3,43.15
6300,132,4,61.34
6300,101,1,23.95
6301,208,4,7.64
6302,196,4,100.63
6302,239,4,100.34
6302,230,4,66.84
6302,152,1,64.51
6302,226,2,49.75
6303,246,1,27.2
6303,249,4,24.86
6303,54,2,28.27
6303,161,4,75.42
6303,67,1,91.48
6304,173,4,46.0
6304,154,2,38.9
6305,204,4,115.45
6306,94,4,63.37
6306,114,4,60.03
6306,140,4,12.07
6306,70,1,57.87
6307,102,2,100.39
6307,89,2,44.82
6308,229,2,22.2
6308,93,3,58.85
6308,47,2,20.4
6308,62,4,50.07
6309,164,3,35.9
6309,198,4,75.08
6310,108,3,14.5
6310,230,3,116.08
6310,203,3,75.15
6310,53,2,38.47
6311,49,1,50.11
6312,98,1,3.04
6312,19,3,94.71
6312,222,4,82.86
6312,211,3,12.88
6313,172,1,17.42
6313,199,1,41.68
6313,207,1,107.89
6314,86,2,108.96
6314,238,1,60.73
6314,144,1,69.87
6314,239,1,86.27
6314,151,4,92.76
6315,128,3,106.16
6315,77,2,77.15
6315,87,2,78.6
6315,105,2,95.83
6315,63,4,28.19
6316,40,4,36.29
6316,38,2,119.93
6317,179,4,97.38
6317,120,1,106.34
6318,199,3,42.17
6318,60,1,23.6
6318,44,2,45.8
6318,91,2,57.99
6318,181,2,38.47
6319,37,1,37.2
6319,65,1,40.83
6319,3,3,14.66
6320,249,2,40.46
6320,123,2,71.13
6320,62,1,49.49
6321,175,1,91.45
6321,149,3,50.49
6321,89,3,24.81
6321,204,3,99.85
6321,105,4,105.96
6322,189,4,106.04
6322,127,4,110.23
6322,143,1,88.76
6323,245,3,97.61
6323,237,2,41.39
6324,231,4,58.63
6324,168,4,30.42
6324,121,4,59.44
6324,234,3,105.98
6325,28,2,85.41
6325,221,4,32.16
6325,196,4,86.56
6325,51,4,24.06
6325,20,4,116.26
6326,78,2,77.7
6326,97,2,120.93
6326,231,2,66.01
6327,101,3,25.9
6327,51,3,32.46
6327,248,3,7.57
6327,1,4,7.5
6327,47,3,29.31
6328,147,3,116.46
6328,171,3,31.95
6328,74,2,117.68
6328,196,1,87.88
6329,21,4,54.72
6329,84,1,117.01
6329,82,2,102.93
6329,14,3,67.26
6329,171,2,27.87
6330,88,3,105.05
6330,244,2,19.37
6330,82,4,122.02
6330,24,3,46.94
6330,77,4,57.04
6331,152,1,99.22
6331,118,4,31.36
6331,142,2,16.25
6331,189,1,65.59
6332,11,1,103.04
6332,84,1,91.22
6332,172,3,10.74
6332,221,4,34.63
6333,219,1,94.35
6334,143,4,71.96
6334,84,3,106.5
6335,236,1,37.99
6335,27,1,45.83
6335,151,4,72.53
6335,215,2,116.31
6335,237,1,46.53
6336,152,3,72.29
6336,112,4,85.29
6336,9,3,15.3
6336,102,1,82.63
6336,120,4,100.44
6337,28,2,132.1
6337,63,4,31.19
6337,35,2,107.82
6337,167,1,9.87
6338,77,1,68.77
6338,171,2,30.41
6338,53,4,48.29
6338,11,1,64.26
6338,84,4,111.3
6339,72,1,52.77
6340,250,1,42.11
6340,53,4,36.91
6340,38,2,111.05
6341,64,2,3.25
6341,189,1,109.41
6341,216,2,40.21
6341,159,3,17.23
6342,153,4,70.05
6342,1,2,7.42
6342,164,4,48.59
6342,15,2,105.25
6342,182,1,50.65
6343,101,1,17.19
6343,203,2,89.27
6343,218,3,38.4
6343,90,4,52.13
6344,23,1,29.03
6344,105,3,83.15
6344,39,2,42.9
6344,61,1,38.84
6345,231,3,70.55
6345,186,2,19.5
6346,31,2,6.65
6346,82,2,66.23
6347,198,3,98.7
6347,93,3,46.45
6347,25,1,72.72
6347,219,3,120.04
6347,77,4,76.54
6348,61,4,46.31
6348,30,1,26.58
6348,69,2,101.05
6348,55,3,23.17
6349,24,1,54.76
6349,201,1,104.47
6350,216,2,61.23
6350,126,4,95.8
6350,123,2,62.29
6351,79,3,23.3
6351,100,4,17.7
6351,8,2,34.57
6351,32,3,17.3
6351,39,2,44.03
6352,200,4,109.46
6352,234,4,73.11
6353,123,2,85.13
6353,174,4,16.43
6353,92,3,39.42
6353,16,1,57.42
6353,115,3,29.93
6354,134,4,47.43
6354,146,2,82.3
6355,13,2,92.29
6356,151,4,83.4
6356,190,3,71.32
6356,113,4,52.41
6356,178,2,119.81
6356,109,4,93.94
6357,206,2,58.16
6358,142,3,18.96
6358,154,3,46.59
6359,124,4,27.46
6359,2,1,8.73
6359,148,1,36.24
6359,43,3,59.48
6359,247,3,50.55
6360,113,4,51.73
6360,176,3,61.6
6360,139,3,78.92
6361,219,1,74.58
6362,7,4,60.78
6363,3,1,8.81
6364,153,3,98.77
6364,182,3,51.77
6365,201,1,104.74
6365,159,2,18.45
6365,100,4,12.97
6365,73,1,39.04
6366,197,4,61.97
6366,78,1,78.3
6366,201,1,96.0
6367,237,4,37.4
6367,134,1,27.38
6367,159,4,11.32
6367,153,3,106.54
6367,197,4,74.44
6368,190,1,68.35
6368,64,2,3.4
6369,38,1,85.41
6369,9,4,27.54
6370,204,1,128.2
6371,200,1,121.66
6372,101,4,21.44
6372,186,3,19.23
6372,128,4,111.67
6373,212,3,72.42
6373,239,2,79.37
6373,131,1,93.22
6373,22,1,122.91
6374,124,1,29.64
6375,185,4,68.5
6375,120,3,75.47
6375,115,3,44.59
6375,3,2,9.07
6375,200,4,112.78
6376,94,4,74.03
6376,3,3,13.36
6376,91,2,48.77
6377,134,3,39.1
6377,192,3,33.23
6378,250,1,54.58
6378,35,1,85.36
6378,178,3,94.01
6379,24,4,53.63
6379,49,1,40.95
6379,185,2,61.45
6379,233,3,8.47
6379,250,3,53.85
6380,142,3,18.93
6380,219,2,72.99
6380,181,1,45.03
6380,242,4,29.59
6380,190,3,58.03
6381,40,4,29.24
6381,198,1,95.16
6381,96,1,2.71
6381,145,4,51.54
6381,243,3,42.59
6382,185,4,54.23
6382,61,3,34.58
6383,113,4,54.73
6384,61,3,57.35
6384,211,4,16.97
6385,22,2,127.53
6385,225,2,92.9
6385,158,2,86.57
6385,231,4,72.55
6385,111,2,51.13
6386,200,1,112.74
6386,172,4,17.14
6387,64,2,2.17
6387,170,4,48.13
6388,20,1,78.9
6388,210,1,30.7
6388,244,1,18.45
6388,215,1,119.6
6388,127,4,70.54
6389,43,1,61.94
6389,69,2,113.5
6389,76,4,14.04
6389,17,1,124.74
6390,202,4,3.73
6391,3,4,15.51
6392,103,2,36.46
6392,216,2,39.61
6393,222,3,56.58
6393,48,3,84.2
6393,147,3,79.82
6394,7,3,79.49
6394,177,2,1.75
6394,102,1,85.8
6394,106,1,4.19
6395,156,3,71.28
6396,80,2,72.14
6397,60,3,20.41
6397,16,3,66.67
6398,190,2,85.39
6398,89,3,34.18
6398,119,3,18.04
6399,133,1,3.09
6399,63,1,33.28
6399,235,2,97.82
6399,215,4,98.62
6399,87,4,85.79
6400,116,3,85.31
6400,209,3,12.93
6400,73,4,48.89
6401,131,3,60.65
6401,153,1,85.82
6401,148,1,59.63
6402,50,3,62.13
6402,245,1,83.08
6402,101,1,22.86
6402,140,2,13.92
6403,165,2,115.65
6404,132,2,79.04
6404,47,4,23.77
6404,159,4,16.94
6404,94,4,69.27
6404,97,1,132.5
6405,68,2,28.76
6406,70,1,64.41
6406,227,3,31.07
6407,217,1,48.14
6408,236,3,47.57
6408,239,1,63.24
6408,206,2,56.94
6408,116,2,49.08
6409,55,3,20.48
6409,149,3,38.47
6410,27,4,42.36
6410,44,3,39.62
6410,113,2,37.67
6410,213,1,59.9
6411,22,1,129.74
6411,132,2,76.88
6411,250,2,32.71
6412,194,1,56.02
6412,11,4,78.8
6413,63,1,24.79
6413,68,1,25.29
6413,115,4,24.57
6413,118,2,22.22
6413,57,3,75.8
6414,215,3,96.1
6414,72,1,47.66
6415,108,3,10.74
6415,111,1,54.96
6416,154,1,32.28
6416,186,4,29.12
6416,188,3,55.8
6417,4,3,86.52
6417,12,3,93.86
6418,80,4,112.18
6418,57,3,82.0
6418,209,4,17.01
6418,101,3,16.86
6418,85,2,41.41
6419,118,3,28.86
6420,6,3,37.23
6420,96,2,2.74
6421,34,2,8.36
6421,228,2,14.51
6421,88,4,76.45
6421,79,4,25.48
6421,18,1,18.31
6422,219,3,100.37
6422,95,3,32.96
6422,213,3,86.87
6422,166,4,67.25
6422,113,3,46.86
6423,52,2,26.53
6423,110,4,86.03
6424,170,1,53.97
6424,76,1,14.57
6424,11,3,90.87
6424,81,2,23.41
6425,29,1,73.09
6425,79,4,28.44
6425,47,2,32.07
6425,5,1,118.22
6425,174,4,10.72
6426,33,2,42.46
6426,153,3,93.37
6426,57,2,87.82
6427,124,3,28.69
6428,20,1,85.35
6428,197,1,101.38
6429,14,2,60.28
6429,51,1,25.23
6429,108,4,17.13
6429,3,3,12.91
6430,134,1,44.26
6430,216,2,35.11
6431,96,1,1.94
6431,48,3,101.74
6431,60,4,23.08
6432,84,3,127.38
6432,162,4,95.49
6432,197,1,63.98
6432,3,4,13.51
6432,228,2,21.39
6433,27,2,58.4
6433,158,4,105.61
6434,179,3,94.82
6434,189,1,77.64
6434,101,1,16.86
6434,19,1,81.36
6435,176,4,61.61
6435,33,1,48.84
6435,28,3,77.54
6436,24,3,47.3
6436,205,2,83.22
6436,247,4,55.89
6437,64,3,2.06
6437,194,3,84.67
6437,40,4,28.07
6438,153,4,90.99
6438,197,4,79.78
6439,11,2,78.56
6439,42,3,62.5
6439,233,3,13.53
6439,110,2,48.39
6440,133,4,2.12
6440,231,1,72.38
6440,77,2,99.16
6440,177,4,2.73
6440,169,3,82.73
6441,215,1,127.98
6441,66,3,8.05
6441,35,2,103.32
6441,84,3,89.69
6441,229,2,31.7
6442,43,3,65.86
6442,30,1,27.2
6442,235,2,103.38
6442,156,3,104.78
6443,134,4,48.69
6443,76,4,16.02
6444,242,2,24.07
6444,17,4,91.92
6444,32,1,21.01
6444,235,4,91.48
6445,233,4,14.68
6446,4,4,69.14
6447,92,4,22.3
6448,40,3,35.62
6448,229,3,30.47
6449,132,3,90.17
6449,4,3,66.97
6450,219,2,73.03
6451,206,2,41.72
6451,176,3,59.48
6451,87,2,126.42
6451,165,4,107.93
6451,71,2,109.33
6452,196,2,94.19
6452,224,4,26.49
6452,126,4,100.19
6452,161,4,71.42
6452,184,1,51.08
6453,223,1,95.55
6453,182,2,40.57
6453,239,4,70.11
6453,150,3,86.05
6453,14,1,80.75
6454,216,3,33.09
6454,182,3,39.21
6454,163,1,82.6
6455,119,3,16.19
6455,76,3,10.57
6455,245,2,72.59
6455,158,2,107.19
6456,29,4,112.42
6456,234,3,60.21
6456,47,2,29.7
6457,161,1,57.63
6457,200,4,96.75
6457,102,3,84.08
6457,240,4,98.52
6457,139,4,63.27
6458,221,2,32.3
6458,100,1,16.21
6459,86,3,119.82
6459,82,1,68.86
6459,213,4,65.24
6460,75,1,97.54
6460,46,1,19.57
6460,48,1,91.7
6460,207,1,117.03
6461,40,1,35.98
6462,157,4,36.6
6463,45,1,104.85
6463,141,2,10.21
6463,149,3,47.75
6463,144,1,121.16
6464,54,2,38.58
6464,248,3,7.45
6464,20,1,64.2
6464,174,1,14.96
6464,56,2,54.78
6465,218,3,33.6
6465,180,3,10.38
6466,223,2,76.54
6466,28,2,72.9
6466,19,3,81.01
6466,157,4,34.65
6466,137,3,38.06
6467,54,1,32.45
6467,131,3,80.3
6467,181,3,60.5
6468,143,3,57.65
6468,97,2,97.6
6468,214,4,78.92
6469,225,1,107.03
6469,70,4,58.65
6470,194,1,98.96
6470,87,1,110.42
6470,57,1,93.07
6470,179,4,58.5
6471,22,1,75.42
6471,152,1,90.34
6471,190,1,69.17
6471,63,3,33.19
6472,192,4,36.47
6472,226,1,62.19
6472,175,4,72.25
6472,26,4,67.81
6472,190,2,92.77
6473,41,4,22.22
6473,159,2,13.18
6473,132,3,65.53
6473,19,1,134.64
6474,43,1,61.04
6475,136,3,105.69
6475,20,4,78.64
6475,16,2,46.55
6475,239,2,73.71
6475,150,2,74.77
6476,90,2,56.51
6476,188,4,59.35
6477,185,1,71.93
6477,238,3,57.68
6477,171,3,35.03
6478,30,2,39.68
6479,26,1,81.64
6479,243,2,37.87
6480,65,2,37.65
6480,31,3,4.5
6480,135,2,104.14
6481,146,4,59.46
6482,209,3,17.54
6483,106,3,3.9
6483,122,4,5.14
6483,155,1,56.34
6484,70,2,82.07
6485,32,4,16.21
6486,198,2,76.72
6486,122,4,7.86
6487,155,3,57.92
6487,238,4,52.24
6487,129,3,52.68
6487,208,2,4.72
6487,52,2,17.89
6488,205,4,74.2
6489,164,3,46.86
6489,7,1,53.73
6489,73,3,48.58
6489,111,1,58.53
6490,237,4,27.74
6490,228,4,23.93
6490,218,1,33.65
6490,43,4,67.31
6491,90,1,70.31
6491,84,4,82.69
6492,206,3,62.33
6492,160,4,12.4
6492,175,2,89.36
6492,73,2,33.64
6493,116,1,88.73
6493,147,2,123.53
6494,100,4,20.65
6495,73,3,44.39
6495,54,4,37.93
6495,16,4,67.59
6495,66,4,11.06
6496,113,4,42.44
6496,99,1,18.23
6496,12,1,65.81
6497,18,1,18.88
6497,248,1,6.76
6498,55,2,18.14
6498,80,3,83.82
6499,171,4,26.1
6499,60,3,27.63
6500,132,3,78.74
6500,193,3,20.94
6500,246,2,30.06
6500,187,1,125.86
6501,170,2,43.27
6502,149,4,30.46
6502,121,4,81.61
6502,115,2,40.89
6502,38,4,93.3
6503,71,2,108.29
6503,163,3,73.51
6503,10,2,54.34
6503,93,2,47.85
6503,81,1,25.08
6504,21,4,34.67
6504,88,1,127.02
6504,237,3,38.08
6504,13,1,85.63
6505,51,1,24.03
6505,49,3,41.29
6505,139,3,82.47
6505,59,1,87.26
6506,139,2,83.48
6506,160,2,10.68
6507,230,2,83.25
6507,76,4,15.32
6507,95,2,39.64
6508,146,3,93.83
6508,56,2,49.72
6509,122,1,7.93
6509,135,3,122.78
6509,230,2,102.11
6509,119,3,19.82
6509,177,2,2.19
6510,44,1,37.66
6510,191,4,86.28
6511,244,4,19.09
6511,142,3,17.45
6511,240,4,90.76
6511,88,3,74.55
6512,172,4,16.26
6512,120,3,109.92
6512,39,2,34.27
6513,83,1,109.48
6513,77,3,58.87
6513,59,4,60.91
6513,148,4,61.32
6514,43,3,52.11
6514,99,2,21.41
6515,228,3,15.83
6516,109,4,104.29
6517,146,3,66.74
6518,18,3,17.83
6518,108,4,19.17
6518,210,3,43.18
6518,75,2,104.69
6518,176,1,44.45
6519,20,3,84.94
6519,18,3,18.27
6519,231,3,82.77
6520,71,3,121.34
6520,204,3,81.85
6520,157,1,54.35
6520,51,3,26.32
6520,3,3,12.46
6521,95,3,53.25
6521,208,3,6.76
6521,55,3,22.7
6521,57,1,68.16
6522,24,3,41.81
6522,48,3,81.5
6523,151,3,63.74
6523,193,2,17.0
6524,141,3,11.89
6524,149,3,40.76
6524,248,3,8.18
6524,114,2,80.03
6524,162,2,111.76
6525,231,1,89.68
6525,152,3,109.66
6525,181,4,49.93
6525,157,2,35.6
6526,116,3,63.73
6526,97,4,102.28
6526,209,1,14.53
6526,171,3,22.3
6526,124,1,32.97
6527,21,1,46.39
6527,154,3,28.48
6527,227,2,25.46
6528,194,4,53.01
6528,101,4,25.31
6529,67,2,86.65
6529,22,2,135.28
6529,32,4,19.36
6529,208,1,6.77
6530,15,3,74.49
6530,39,4,27.29
6530,245,4,70.35
6530,250,1,56.54
6530,73,3,28.96
6531,37,1,34.29
6532,230,2,72.65
6532,69,3,108.82
6533,94,2,50.9
6534,165,4,113.63
6535,3,3,10.98
6535,202,4,3.25
6535,120,3,94.51
6535,18,1,14.13
6535,63,2,43.54
6536,131,2,98.9
6536,229,3,21.21
6536,160,1,15.5
6536,198,3,99.05
6536,56,1,87.07
6537,117,4,96.98
6537,57,1,50.5
6537,242,4,36.63
6537,152,4,94.98
6538,54,4,26.3
6538,42,2,96.84
6539,136,4,98.84
6539,54,2,34.09
6539,172,3,18.14
6539,105,1,83.66
6539,221,3,21.65
6540,124,1,24.83
6540,50,2,51.98
6541,104,3,136.04
6542,39,1,29.77
6542,15,1,109.28
6542,248,3,5.5
6543,231,3,53.1
6544,198,2,73.13
6544,221,3,21.15
6545,136,2,71.61
6546,164,1,39.17
6546,65,3,41.22
6546,135,4,97.19
6547,47,4,36.45
6548,221,2,28.12
6548,250,1,40.17
6548,137,1,55.55
6548,195,4,52.81
6548,3,2,10.66
6549,73,1,36.28
6549,25,3,97.92
6549,19,4,87.63
6550,244,4,21.22
6550,172,4,13.16
6550,11,3,98.85
6550,154,1,45.57
6551,227,1,32.43
6552,17,4,100.6
6552,245,1,88.13
6552,79,1,25.27
6552,144,4,71.26
6552,150,1,73.42
6553,217,4,39.96
6553,35,1,72.81
6554,119,2,27.76
6554,126,3,126.78
6555,155,3,71.86
6555,205,4,88.06
6555,167,1,16.13
6556,77,4,104.56
6556,227,2,40.38
6556,209,4,14.6
6556,7,2,78.95
6556,51,3,25.89
6557,153,3,81.35
6557,34,1,8.29
6557,189,4,88.1
6557,146,4,67.13
6558,179,1,54.21
6558,37,3,38.2
6558,151,1,61.67
6559,66,3,10.55
6560,101,2,22.31
6560,207,4,107.79
6560,125,1,117.78
6560,247,3,57.13
6560,191,4,101.37
6561,35,4,115.68
6561,108,3,19.46
6561,91,3,59.44
6561,165,2,93.22
6561,221,4,26.75
6562,86,3,106.01
6562,209,3,19.02
6562,218,4,41.49
6562,223,4,86.63
6562,12,1,74.76
6563,83,4,124.68
6563,51,3,32.78
6563,37,4,36.39
6563,112,4,81.04
6563,248,3,5.35
6564,147,4,108.28
6564,107,4,17.81
6564,61,2,48.35
6564,85,3,72.65
6565,200,2,117.25
6565,148,4,37.27
6565,8,3,39.52
6565,61,2,42.89
6565,7,1,86.86
6566,123,1,54.26
6566,67,4,81.42
6566,213,4,83.0
6566,35,4,118.95
6566,240,1,128.57
6567,75,2,101.67
6567,35,3,116.09
6567,16,3,68.64
6567,178,2,120.18
6567,39,3,26.08
6568,123,1,57.47
6568,163,1,71.56
6568,66,1,11.12
6569,60,3,26.97
6570,187,2,81.28
6570,232,4,3.32
6570,226,4,52.87
6571,164,3,46.55
6571,55,1,14.52
6572,86,3,99.84
6572,188,2,43.88
6573,121,4,68.43
6574,151,4,78.74
6574,30,3,27.2
6574,37,2,40.77
6574,10,2,47.72
6574,213,4,106.62
6575,97,3,76.65
6575,92,3,39.73
6575,232,1,4.56
6576,25,4,93.15
6576,209,3,16.0
6576,1,2,6.61
6577,150,1,67.1
6578,30,3,23.98
6578,46,1,19.34
6578,85,2,51.47
6578,150,2,87.78
6578,91,2,49.06
6579,237,3,41.45
6579,9,3,17.79
6579,131,2,107.29
6579,12,1,76.39
6579,66,4,8.18
6580,108,2,12.41
6580,185,2,91.59
6581,16,3,50.7
6581,39,2,42.75
6581,143,3,56.19
6581,198,3,99.03
6581,160,4,12.25
6582,178,4,108.49
6582,134,4,35.66
6582,206,2,45.85
6583,166,2,103.68
6584,36,3,86.73
6584,166,4,86.79
6584,164,2,43.45
6584,58,2,48.57
6584,193,1,17.08
6585,237,4,44.85
6586,84,2,111.22
6587,38,2,117.1
6587,6,4,65.4
6587,224,4,26.41
6587,81,1,23.39
6587,243,3,53.62
6588,21,4,40.16
6588,104,3,125.08
6589,223,4,101.51
6589,20,2,62.41
6590,128,2,100.09
6590,95,3,51.2
6590,238,2,61.49
6591,168,4,45.98
6591,59,2,49.65
6591,3,2,14.27
6591,5,3,77.9
6592,28,4,117.97
6592,8,3,54.44
6592,140,3,17.78
6592,243,2,35.26
6592,144,3,98.7
6593,30,4,34.88
6593,2,4,12.89
6593,157,4,54.84
6594,147,4,133.7
6594,102,2,95.22
6594,208,2,6.02
6594,6,4,65.63
6595,10,2,58.1
6595,126,2,114.58
6595,115,4,32.75
6595,245,3,61.89
6596,32,1,15.27
6596,85,2,41.47
6596,217,4,29.86
6596,120,1,113.72
6596,51,1,25.43
6597,212,4,60.54
6597,211,1,12.81
6597,53,1,40.59
6597,131,2,69.49
6597,181,2,48.26
6598,3,4,10.83
6599,18,2,15.38
6599,153,1,96.32
6599,116,3,54.43
6599,41,2,24.09
6599,223,2,96.49
6600,12,3,70.01
6600,95,2,62.33
6600,50,3,75.29
6600,134,1,40.48
6601,24,4,46.24
6601,92,2,33.4
6601,62,3,58.7
6601,95,3,52.65
6602,185,3,88.16
6603,98,3,3.03
6603,229,2,19.83
6604,82,3,87.94
6604,219,2,105.13
6605,181,2,36.76
6605,26,3,82.36
6605,241,1,113.68
6605,212,1,61.48
6605,53,3,43.36
6606,249,4,29.41
6606,71,2,121.12
6606,221,2,22.75
6606,57,4,91.19
6607,130,4,77.65
6608,188,2,47.5
6608,50,1,53.89
6608,25,1,81.34
6609,24,1,53.49
6609,68,1,15.46
6610,198,1,77.37
6610,70,2,51.96
6611,6,1,59.77
6611,174,4,13.54
6612,145,1,34.04
6612,86,2,119.18
6612,50,4,51.96
6613,80,4,99.92
6613,114,4,57.61
6613,211,4,13.42
6613,91,1,69.28
6614,9,4,16.41
6614,161,3,43.71
6614,62,1,44.01
6615,112,1,91.59
6615,197,1,116.0
6615,218,1,37.58
6616,244,1,21.59
6616,203,4,68.1
6617,69,1,96.82
6617,158,4,88.39
6617,59,3,77.52
6617,174,2,17.22
6617,63,2,29.84
6618,135,3,84.97
6619,144,2,76.28
6619,69,3,75.85
6620,242,2,33.67
6620,222,1,87.35
6620,80,4,113.64
6620,116,2,69.44
6620,45,2,112.11
6621,62,1,56.09
6621,171,2,23.45
6622,112,4,93.73
6622,186,4,17.5
6622,237,3,32.84
6622,149,2,27.48
6623,246,3,29.92
6623,72,2,51.17
6623,172,2,10.19
6623,189,1,79.06
6623,216,2,53.07
6624,46,1,20.53
6624,230,3,89.39
6625,123,4,71.25
6625,200,1,91.41
6625,209,1,17.99
6625,146,4,75.37
6625,141,4,15.96
6626,52,3,23.63
6626,89,2,27.86
6626,143,1,72.85
6626,248,3,8.13
6627,30,4,30.88
6628,91,3,75.97
6629,20,4,111.06
6629,105,2,62.62
6629,166,1,67.28
6629,157,3,41.72
6629,29,3,118.19
6630,233,2,8.1
6630,202,1,4.18
6630,239,3,79.72
6630,197,1,95.79
6631,231,1,61.78
6631,17,4,122.53
6631,136,3,99.74
6632,202,3,3.73
6633,20,4,105.94
6633,25,2,94.28
6634,120,1,73.73
6634,159,4,13.17
6634,197,1,84.95
6634,226,4,37.28
6634,214,4,94.14
6635,96,3,2.92
6636,134,2,34.34
6636,7,4,54.89
6636,68,4,20.54
6637,69,3,95.04
6637,97,4,108.47
6637,160,3,12.18
6637,48,3,102.51
6638,105,1,103.31
6638,36,1,77.89
6639,29,2,70.84
6639,13,3,61.14
6639,8,1,32.6
6639,217,3,27.85
6640,101,4,25.72
6640,57,1,94.6
6640,19,3,76.62
6640,87,2,117.17
6641,143,2,58.49
6642,40,4,30.79
6643,71,2,136.2
6644,79,3,28.84
6645,21,1,52.15
6646,164,4,37.09
6647,217,3,28.79
6647,90,2,58.07
6647,177,1,1.71
6647,124,1,22.4
6647,99,1,18.42
6648,227,1,43.03
6648,117,2,116.24
6649,196,3,86.38
6649,80,4,110.25
6649,136,2,79.11
6649,68,2,22.57
6649,22,3,75.07
6650,223,4,123.77
6650,56,4,79.92
6650,90,4,64.86
6650,53,4,28.2
6651,191,1,61.99
6651,147,2,125.82
6651,20,3,105.13
6652,123,1,63.39
6652,193,4,22.88
6652,2,4,10.33
6652,27,4,51.36
6653,237,3,28.79
6653,143,2,50.86
6654,210,1,36.65
6654,143,1,63.74
6654,219,3,101.71
6655,94,4,68.25
6655,170,1,50.0
6655,219,1,136.85
6655,183,3,49.19
6655,98,3,4.14
6656,31,3,4.84
6656,235,3,111.87
6656,43,1,71.16
6656,111,1,50.89
6657,95,1,46.34
6658,237,3,42.91
6658,192,4,48.95
6658,46,3,16.61
6658,63,3,32.26
6658,109,2,111.19
6659,234,2,63.54
6659,205,2,103.3
6660,93,2,53.59
6660,25,2,78.83
6661,107,3,26.78
6661,6,3,53.33
6661,229,3,24.73
6661,111,3,88.45
6661,18,1,19.17
6662,28,4,87.25
6662,67,4,81.28
6662,15,3,109.98
6662,188,1,57.6
6662,152,4,83.12
6663,242,1,31.08
6663,184,4,50.17
6663,29,3,92.89
6663,78,4,83.24
6664,237,1,34.99
6664,101,1,16.95
6664,22,1,136.59
6664,185,4,83.89
6665,170,1,53.03
6665,203,3,81.39
6665,100,1,13.3
6665,19,4,94.21
6665,26,3,109.3
6666,245,1,61.06
6667,163,1,85.83
6667,90,2,51.08
6667,92,2,22.82
6667,183,2,62.57
6667,79,2,22.35
6668,65,4,40.46
6668,95,2,55.22
6668,163,4,88.09
6668,168,3,27.28
6669,17,4,109.93
6669,240,4,85.94
6670,106,1,4.48
6670,197,1,115.23
6670,232,4,4.24
6670,162,1,96.6
6671,75,1,74.02
6671,199,4,50.97
6672,150,2,119.87
6673,82,4,74.02
6674,146,4,64.49
6675,108,1,15.83
6675,154,1,33.6
6675,165,4,121.48
6675,243,1,46.53
6676,16,3,54.69
6676,105,1,68.98
6676,47,2,30.24
6676,170,3,68.37
6676,41,4,16.89
6677,42,1,96.96
6678,98,3,2.96
6679,148,1,47.32
6679,232,1,3.08
6680,34,3,7.13
6680,130,2,77.83
6680,103,4,63.61
6680,179,4,56.17
6681,132,1,98.55
6681,34,4,6.14
6681,79,4,22.54
6681,224,2,31.62
6681,66,4,9.32
6682,98,1,3.16
6683,236,3,45.12
6684,188,1,65.77
6685,206,4,47.79
6685,50,2,79.94
6685,38,3,89.6
6685,219,4,136.5
6685,120,3,104.33
6686,103,3,58.01
6686,109,4,100.44
6687,161,2,64.72
6687,91,4,51.39
6687,12,2,69.75
6688,43,3,58.21
6688,235,1,98.52
6688,187,1,108.14
6689,17,4,77.49
6689,136,2,78.39
6689,86,1,103.68
6689,20,1,80.67
6689,100,4,17.16
6690,176,1,45.32
6690,29,3,121.06
6691,127,4,78.52
6691,241,4,60.2
6691,33,1,44.94
6692,199,3,41.25
6692,142,2,27.5
6693,192,3,45.64
6693,164,3,51.86
6693,55,2,21.6
6693,142,3,17.83
6694,188,4,54.87
6694,186,1,19.97
6695,63,4,31.74
6695,37,3,30.17
6695,99,4,30.36
6695,20,3,116.81
6695,102,4,107.21
6696,184,3,32.7
6696,102,2,120.64
6696,191,1,95.03
6696,186,4,17.46
6696,63,3,37.35
6697,175,3,106.92
6697,194,3,75.18
6698,163,1,54.52
6698,79,4,29.38
6699,248,4,7.16
6700,212,4,76.89
6700,52,1,14.63
6700,70,2,92.99
6701,146,2,82.46
6701,9,4,26.44
6701,74,3,73.32
6702,149,2,36.82
6702,119,4,20.33
6702,223,4,106.69
6702,159,2,18.18
6702,27,2,33.9
6703,183,3,38.96
6703,133,4,3.14
6703,195,1,92.75
6703,247,1,62.85
6703,42,1,58.73
6704,221,3,21.89
6704,23,4,34.0
6704,246,1,38.86
6704,237,4,28.37
6705,209,3,14.4
6705,117,3,101.38
6706,188,2,45.54
6706,115,4,24.44
6706,53,1,37.01
6706,5,1,93.48
6707,57,2,78.42
6707,211,3,22.32
6707,148,1,53.71
6707,155,4,41.68
6708,67,2,77.68
6708,228,1,14.43
6708,184,1,50.68
6709,181,4,42.47
6710,5,4,97.92
6710,69,4,109.3
6710,247,2,75.63
6710,89,4,32.14
6711,50,1,81.51
6712,128,4,103.55
6712,10,1,38.52
6712,92,1,25.41
6712,241,4,108.75
6712,110,2,78.31
6713,15,4,133.46
6713,132,1,65.96
6713,226,3,47.78
6713,21,1,59.14
6713,3,4,15.39
6714,49,2,36.66
6714,101,4,20.45
6714,84,3,110.32
6715,4,4,81.88
6715,90,4,51.26
6715,12,4,76.61
6715,82,4,79.89
6715,41,4,15.21
6716,226,1,62.33
6716,198,1,88.48
6716,193,4,25.42
6717,229,3,17.66
6717,213,1,72.06
6717,141,2,13.16
6718,246,3,25.1
6718,230,4,113.7
6718,69,4,78.99
6718,44,3,36.17
6718,202,3,3.03
6719,210,4,31.17
6719,206,1,45.62
6719,213,3,77.41
6720,148,4,44.73
6720,93,4,49.38
6720,39,2,26.41
6721,109,3,70.17
6721,177,4,2.2
6722,238,1,52.66
6722,81,4,20.51
6723,105,2,85.08
6723,161,2,50.23
6723,55,2,22.23
6723,77,2,72.7
6724,146,1,87.26
6725,77,4,93.92
6725,209,2,20.3
6725,8,1,30.32
6726,108,3,11.14
6726,95,4,49.63
6727,123,4,63.2
6727,26,4,60.78
6727,80,1,70.06
6728,153,4,73.89
6729,55,2,15.33
6729,136,4,97.95
6730,64,3,3.3
6730,59,2,81.61
6730,98,2,3.9
6730,90,1,51.65
6730,183,3,45.99
6731,143,1,50.12
6732,240,1,76.02
6732,138,4,68.38
6732,128,2,85.75
6733,82,4,93.71
6733,210,3,29.07
6733,158,4,86.71
6733,116,1,55.07
6733,81,3,25.49
6734,8,4,52.0
6734,184,4,46.39
6735,48,1,74.47
6735,177,2,2.48
6735,78,2,76.08
6735,41,2,22.7
6735,170,2,55.06
6736,52,3,25.97
6736,32,2,15.66
6736,249,4,29.36
6736,58,2,67.34
6737,136,4,74.13
6737,216,3,57.64
6737,131,4,76.48
6737,246,4,31.88
6738,106,2,4.31
6738,173,1,42.89
6738,52,3,19.46
6739,164,4,40.15
6740,75,2,108.65
6740,212,1,81.6
6741,97,1,96.64
6741,69,2,63.51
6741,185,1,75.2
6742,158,2,90.28
6742,135,1,66.92
6742,5,2,121.11
6742,55,1,20.1
6742,170,4,43.12
6743,50,1,76.4
6743,31,2,5.5
6744,121,2,89.43
6744,168,3,38.01
6745,137,2,48.23
6745,182,3,55.71
6745,160,2,9.75
6745,225,3,123.42
6746,108,1,17.67
6746,151,3,81.81
6746,55,3,18.81
6746,142,2,21.57
6746,53,3,41.71
6747,193,4,17.75
6747,132,4,100.72
6747,89,1,43.11
6748,165,1,72.61
6748,190,1,55.51
6748,212,1,86.91
6748,204,3,70.73
6748,195,2,79.45
6749,2,1,14.0
6750,176,4,42.96
6750,225,4,84.18
6750,207,2,110.28
6751,152,4,68.32
6752,45,1,69.54
6752,220,3,18.09
6753,127,2,112.34
6753,208,4,5.96
6754,215,2,98.74
6755,6,4,55.81
6755,111,1,86.37
6756,187,1,102.4
6756,102,3,100.22
6756,58,1,66.96
6757,154,2,36.18
6757,172,3,16.55
6758,237,2,44.57
6758,233,1,11.28
6758,124,2,27.82
6758,151,3,53.37
6759,83,4,72.51
6759,141,4,14.26
6759,228,4,16.82
6759,171,2,27.58
6759,69,1,68.87
6760,82,2,104.17
6761,19,2,86.11
6761,203,3,53.35
6762,167,1,18.2
6762,156,1,65.17
6762,107,3,17.11
6762,83,4,76.45
6763,161,4,64.32
6763,30,1,38.31
6763,68,1,19.61
6763,55,1,22.99
6764,104,3,79.38
6764,33,4,55.0
6764,121,4,99.48
6765,153,3,92.5
6765,16,3,41.83
6765,204,4,124.73
6766,62,3,41.62
6767,111,1,71.11
6768,220,1,11.63
6768,205,4,87.59
6768,222,1,86.21
6769,48,2,75.82
6769,63,4,27.52
6769,165,4,108.46
6769,18,3,11.53
6770,198,4,69.46
6771,90,2,64.59
6771,71,4,115.8
6772,17,4,100.42
6772,227,1,44.02
6772,132,4,104.43
6772,23,4,33.81
6773,35,2,89.07
6773,205,3,100.39
6774,47,1,29.08
6774,74,4,83.38
6775,246,4,34.96
6775,174,2,13.21
6776,237,2,26.11
6776,11,2,87.44
6776,187,1,129.36
6777,188,4,47.99
6778,153,2,90.64
6778,141,3,10.28
6778,139,4,57.32
6778,31,3,6.67
6778,98,3,2.76
6779,110,2,66.63
6779,26,2,73.39
6779,242,1,34.26
6779,6,4,64.99
6780,192,2,37.98
6780,198,3,103.09
6780,52,4,15.34
6780,210,2,34.61
6781,35,4,101.38
6781,88,2,117.03
6781,12,1,65.51
6781,110,3,50.21
6782,50,2,83.89
6782,170,2,66.29
6782,234,1,111.7
6782,34,1,9.24
6783,168,2,48.15
6783,66,1,8.94
6783,245,4,99.88
6783,81,2,21.24
6783,155,1,59.02
6784,49,3,35.49
6784,203,4,86.8
6784,30,1,27.64
6784,66,2,9.85
6785,128,4,79.72
6785,81,3,34.09
6785,126,1,122.11
6785,127,2,115.98
6786,232,4,5.38
6787,135,4,80.56
6787,109,4,99.4
6787,53,2,28.76
6788,16,3,68.24
6788,78,4,66.77
6788,72,4,55.36
6788,146,3,70.85
6788,198,2,101.8
6789,230,1,77.76
6789,245,3,69.96
6789,131,2,87.28
6790,232,2,4.0
6790,98,3,4.58
6790,180,4,10.3
6791,233,4,12.33
6791,176,4,38.93
6792,76,3,15.4
6792,63,1,40.76
6792,84,3,95.5
6792,101,3,20.98
6792,155,2,48.3
6793,165,3,74.23
6793,59,4,53.85
6793,117,1,99.99
6793,18,1,17.6
6794,23,3,39.38
6794,17,3,119.69
6794,162,4,98.06
6794,63,1,27.19
6795,190,1,82.72
6795,54,1,32.02
6795,226,1,37.37
6795,63,2,38.06
6796,186,2,20.11
6797,5,3,96.25
6797,129,1,47.99
6798,52,3,23.63
6798,233,1,12.27
6798,98,2,4.15
6799,126,4,90.5
6799,36,1,72.76
6799,57,4,71.6
6800,179,3,67.55
6800,116,3,77.28
6800,85,1,51.19
6800,245,4,96.37
6800,212,4,70.05
6801,86,2,87.8
6801,229,1,21.1
6801,242,3,24.7
6801,46,1,22.07
6801,101,4,19.45
6802,5,4,101.53
6802,220,1,15.0
6803,141,4,13.3
6803,72,2,32.86
6803,37,2,41.25
6803,200,1,115.52
6803,69,3,77.04
6804,179,3,62.44
6804,139,1,89.3
6804,48,2,123.88
6805,54,3,40.61
6806,92,3,31.51
6806,220,1,17.09
6806,176,1,41.06
6806,223,4,86.06
6806,160,4,10.58
6807,168,4,41.74
6807,74,3,81.38
6807,136,1,71.19
6807,195,3,70.13
6808,196,3,72.63
6808,51,1,21.12
6808,98,1,3.11
6808,101,1,25.98
6808,47,3,37.04
6809,173,4,66.23
6809,119,1,22.56
6809,235,1,101.42
6809,188,4,50.56
6809,113,4,35.49
6810,82,4,75.87
6810,232,2,3.95
6811,66,3,9.96
6811,23,4,38.48
6812,234,2,68.79
6813,230,1,114.07
6813,169,3,66.93
6814,87,1,109.78
6814,116,1,61.51
6814,155,2,55.42
6815,40,3,33.47
6815,45,2,101.56
6816,111,3,53.49
6816,217,1,47.03
6816,30,4,30.38
6817,108,3,17.18
6817,230,4,73.38
6817,129,4,42.77
6818,151,4,68.87
6819,207,4,86.29
6819,242,4,25.74
6820,94,3,80.49
6820,8,4,39.25
6820,166,4,71.02
6820,128,1,118.95
6820,11,4,67.49
6821,217,2,42.54
6821,131,4,65.4
6821,204,2,111.63
6821,88,1,126.94
6821,62,4,52.84
6822,107,1,29.18
6822,180,4,13.58
6822,29,4,66.21
6822,221,2,21.75
6822,36,3,67.93
6823,121,4,88.07
6823,177,1,1.93
6823,160,4,16.47
6823,14,2,51.61
6823,25,2,103.79
6824,5,4,71.02
6825,198,1,70.6
6825,155,3,54.03
6825,135,3,102.54
6825,151,2,55.61
6826,93,3,62.68
6826,187,1,75.2
6827,25,1,84.09
6827,235,4,76.58
6827,61,1,45.6
6827,189,4,98.67
6828,156,3,93.96
6828,15,4,112.34
6828,146,2,75.43
6828,100,3,10.84
6828,198,1,103.78
6829,101,4,22.78
6829,21,3,33.99
6829,22,4,122.39
6830,160,1,11.71
6830,8,4,33.66
6831,166,4,56.43
6832,96,1,2.8
6832,1,4,9.78
6832,164,4,30.08
6832,91,1,80.45
6832,219,4,95.04
6833,14,3,48.53
6833,202,3,4.18
6833,89,2,25.82
6833,2,4,13.59
6833,78,4,94.45
6834,63,3,37.46
6834,111,1,94.84
6834,146,3,93.26
6835,187,2,114.36
6835,178,2,108.29
6835,146,3,53.29
6836,194,4,58.47
6837,140,3,11.2
6837,137,1,55.92
6838,30,1,31.61
6838,179,2,56.35
6838,210,3,33.09
6839,36,2,79.26
6839,135,3,94.36
6840,250,4,52.31
6841,238,3,75.6
6841,34,4,5.55
6841,131,3,96.0
6842,105,1,59.26
6842,237,4,28.1
6842,22,3,133.75
6842,199,3,71.03
6843,27,3,42.63
6843,220,2,10.67
6844,83,3,119.6
6844,175,4,126.05
6844,112,4,67.72
6845,45,2,83.51
6845,186,1,22.63
6845,42,4,76.78
6846,209,1,11.4
6846,25,1,74.25
6847,55,3,21.05
6847,100,1,17.42
6848,163,4,91.53
6848,23,1,35.66
6848,120,3,110.67
6848,190,4,70.24
6848,230,1,75.93
6849,22,3,75.73
6849,49,4,35.3
6850,104,2,125.78
6850,4,1,58.84
6850,174,2,9.62
6850,18,3,14.48
6851,157,4,62.07
6851,57,3,52.97
6851,52,2,21.4
6852,112,2,76.42
6852,140,4,13.03
6852,40,2,28.3
6853,50,1,82.39
6853,64,2,2.48
6853,145,2,47.25
6854,213,2,111.61
6854,124,1,19.52
6855,122,4,4.65
6856,222,2,55.66
6856,45,1,110.25
6857,247,3,58.92
6857,210,3,47.65
6858,64,1,3.11
6859,130,2,82.38
6859,204,4,108.71
6860,248,2,4.78
6860,180,2,9.14
6860,142,1,16.94
6861,165,1,102.88
6862,212,2,65.85
6862,238,1,66.13
6862,164,1,35.47
6862,26,2,72.91
6863,191,2,73.54
6863,217,2,48.76
6863,131,3,69.52
6864,115,3,28.06
6864,245,4,70.39
6864,53,3,46.23
6864,120,3,63.24
6865,166,1,60.47
6865,79,2,22.76
6865,178,2,93.32
6866,237,4,24.88
6866,18,1,18.45
6866,16,1,44.47
6866,169,4,77.21
6867,147,1,116.26
6867,27,2,34.66
6867,206,4,56.82
6867,8,3,52.18
6868,248,4,6.11
6869,103,3,54.58
6870,90,3,69.42
6870,78,1,92.53
6870,234,4,113.0
6870,204,4,73.96
6871,50,2,68.28
6871,151,3,60.86
6871,239,2,55.78
6871,110,1,72.82
6872,121,1,66.28
6872,190,2,82.2
6873,122,3,4.29
6873,167,2,13.04
6873,67,4,114.8
6873,75,4,82.17
6874,17,2,114.25
6875,187,2,71.23
6875,105,2,98.83
6875,244,4,14.29
6876,164,3,29.82
6876,89,1,33.38
6876,14,4,72.36
6876,15,2,75.57
6876,86,1,72.08
6877,21,1,50.38
6877,187,3,121.25
6877,59,4,74.43
6877,39,1,26.4
6878,101,4,14.82
6878,148,4,54.44
6878,239,4,59.26
6879,70,3,82.21
6880,44,4,26.93
6881,19,3,128.69
6881,189,1,83.62
6881,216,1,51.31
6881,62,4,64.23
6882,214,3,109.05
6882,76,4,10.14
6882,227,4,39.96
6882,65,4,30.8
6883,146,1,71.71
6883,22,2,118.98
6884,5,3,92.95
6884,172,2,13.97
6884,47,1,28.98
6885,30,4,25.27
6885,4,4,83.31
6886,208,4,8.12
6886,82,1,92.39
6887,148,3,47.38
6887,57,4,63.33
6887,12,4,96.69
6887,213,2,75.09
6888,72,4,53.07
6888,70,2,59.53
6888,33,2,33.23
6888,138,2,114.65
6889,42,3,105.17
6890,77,3,64.61
6891,113,2,47.43
6891,10,2,33.86
6892,103,2,56.71
6892,57,3,90.99
6893,1,3,6.59
6894,33,1,30.93
6894,210,3,26.63
6894,42,1,57.54
6894,131,1,100.79
6895,31,3,4.15
6895,14,1,64.81
6895,202,1,3.76
6896,239,2,94.29
6896,144,3,90.34
6896,192,4,40.44
6896,37,3,31.29
6897,177,4,2.91
6898,74,4,84.56
6898,77,4,75.19
6898,46,3,19.7
6899,12,3,95.93
6899,132,2,62.98
6900,116,3,53.14
6900,54,1,32.7
6900,175,4,118.44
6900,137,2,34.73
6901,172,1,17.08
6901,187,3,116.08
6901,228,4,25.42
6902,218,4,45.73
6902,47,2,21.56
6902,101,4,20.21
6902,228,3,13.95
6902,99,2,26.1
6903,115,2,36.0
6903,178,2,92.91
6903,94,1,77.21
6903,67,4,66.14
6903,35,3,113.03
6904,30,3,35.35
6905,142,2,27.98
6905,180,2,13.64
6905,28,1,109.64
6906,89,2,47.17
6907,18,4,19.32
6907,72,3,37.14
6907,150,4,68.67
6907,97,3,135.2
6907,179,4,87.42
6908,19,2,136.21
6908,32,3,20.92
6908,198,1,104.02
6909,8,2,54.67
6909,203,3,74.85
6909,37,2,23.12
6910,133,4,2.52
6910,113,2,46.87
6910,44,3,28.43
6911,31,1,7.37
6911,62,3,37.68
6912,144,4,122.2
6912,13,3,94.57
6912,145,1,64.13
6912,143,2,53.92
6913,130,4,72.81
6913,205,3,93.08
6914,248,2,7.26
6914,67,4,119.9
6914,238,1,62.07
6914,44,3,42.21
6914,103,2,41.29
6915,187,1,103.54
6915,178,3,111.14
6915,164,1,45.76
6915,213,2,75.2
6916,55,3,21.74
6916,14,4,66.84
6916,5,2,82.51
6917,157,3,54.69
6917,39,4,35.21
6917,150,1,70.88
6918,191,2,81.52
6918,43,2,69.02
6919,101,4,16.4
6919,184,2,59.6
6919,218,4,41.26
6919,244,1,22.38
6920,44,4,25.69
6920,18,4,14.16
6920,107,1,31.8
6921,186,2,23.37
6921,204,4,111.28
6921,49,4,38.76
6921,198,2,76.18
6921,239,1,77.66
6922,217,1,48.75
6922,180,2,11.59
6922,51,3,28.93
6922,161,3,50.45
6922,122,4,6.04
6923,3,1,15.57
6923,65,2,35.44
6923,128,2,121.61
6924,137,3,36.65
6924,127,1,123.93
6924,249,1,39.19
6924,225,4,101.06
6924,8,1,29.97
6925,84,2,78.92
6925,111,3,93.57
6925,123,3,80.06
6925,196,3,59.05
6926,76,4,13.09
6926,115,3,23.81
6927,102,3,81.47
6927,206,2,43.69
6927,245,3,84.63
6928,206,3,43.64
6929,1,1,7.87
6929,24,2,37.64
6929,75,2,113.91
6929,62,1,48.14
6929,78,4,88.86
6930,102,3,119.25
6931,6,1,41.75
6932,122,1,6.84
6932,208,1,4.38
6933,225,4,104.12
6933,224,2,21.97
6934,245,1,105.22
6935,218,1,48.75
6935,206,2,41.77
6935,186,2,27.86
6935,80,1,98.46
6935,232,2,3.2
6936,21,4,44.33
6937,138,1,97.97
6937,65,2,27.82
6937,156,2,105.3
6937,203,4,60.01
6938,77,3,86.31
6938,34,4,6.74
6938,214,2,59.51
6938,190,1,87.91
6938,10,2,63.48
6939,134,4,38.38
6939,72,3,43.78
6939,34,1,5.42
6939,120,4,106.39
6939,228,4,20.28
6940,125,1,91.31
6940,141,1,13.19
6940,134,4,26.62
6940,95,2,52.13
6941,109,2,110.95
6942,42,4,95.49
6943,240,2,80.33
6943,47,2,20.29
6943,248,4,7.96
6944,141,1,10.82
6944,193,3,17.87
6944,206,2,48.64
6944,35,2,115.54
6945,135,1,89.48
6945,227,2,38.94
6945,48,2,118.1
6945,124,4,29.36
6945,15,3,81.52
6946,41,4,19.89
6946,169,2,61.21
6946,160,4,11.6
6946,11,4,70.03
6947,51,1,22.61
6947,68,3,25.34
6947,119,3,27.06
6947,155,4,69.72
6947,121,4,69.81
6948,191,1,91.35
6948,123,3,99.09
6948,150,4,69.32
6948,34,2,8.07
6949,17,4,94.4
6949,162,1,85.71
6949,143,1,73.49
6949,139,4,59.7
6949,40,3,25.48
6950,41,4,22.31
6950,198,1,79.78
6951,70,4,77.71
6951,131,2,63.88
6951,44,2,36.4
6951,128,1,140.46
6951,19,4,84.21
6952,74,2,86.77
6952,32,4,21.02
6953,81,3,24.4
6953,175,4,87.75
6953,177,4,2.89
6953,56,3,82.81
6954,37,4,23.99
6954,162,2,89.91
6954,122,1,6.86
6955,138,2,95.14
6955,222,2,67.4
6956,82,3,119.98
6956,5,1,108.56
6956,240,4,111.09
6957,11,2,114.3
6957,199,3,60.57
6957,103,2,62.03
6957,120,2,73.7
6958,14,3,73.98
6958,77,3,94.69
6958,241,3,107.39
6958,102,2,136.57
6958,140,3,16.04
6959,145,4,49.59
6959,125,4,77.9
6959,133,3,3.62
6959,39,2,24.97
6960,29,4,67.29
6960,70,2,87.96
6960,124,2,28.61
6960,45,3,110.12
6961,105,2,88.93
6961,36,4,87.94
6962,182,3,40.95
6962,236,1,42.68
6963,41,2,23.74
6963,52,4,20.2
6963,146,2,61.24
6963,20,1,106.76
6964,18,4,12.9
6965,212,3,96.42
6965,4,2,80.53
6965,18,3,18.39
6965,58,3,47.68
6965,54,3,27.55
6966,116,4,85.13
6966,211,3,14.19
6966,178,1,63.42
6966,242,3,33.71
6967,33,2,41.72
6967,156,3,64.36
6967,147,3,79.83
6968,5,3,88.43
6968,86,4,118.41
6969,232,2,5.27
6969,22,2,115.63
6969,145,4,39.65
6970,155,2,61.49
6970,143,2,68.04
6971,117,4,105.58
6971,244,4,12.83
6972,190,3,78.27
6972,128,1,130.48
6972,85,4,66.48
6972,143,2,62.69
6973,162,4,69.19
6974,108,2,18.7
6974,221,3,22.62
6974,118,2,32.85
6974,198,1,95.96
6974,136,3,94.2
6975,168,2,28.26
6976,26,2,92.21
6976,157,4,37.96
6976,64,2,2.81
6976,71,2,87.46
6977,196,1,73.49
6977,28,2,82.72
6977,232,3,5.0
6977,245,1,71.08
6978,95,3,56.13
6979,158,1,107.87
6979,18,4,16.59
6979,72,1,41.05
6979,4,2,70.61
6979,67,3,66.63
6980,236,3,43.36
6980,39,1,32.1
6980,105,2,77.82
6981,135,4,109.67
6981,237,4,30.02
6981,3,3,14.19
6982,114,4,85.19
6982,250,3,53.21
6983,60,1,20.0
6983,157,3,47.64
6984,226,3,66.69
6985,129,4,48.05
6985,177,2,2.86
6985,123,4,55.53
6986,96,2,2.32
6987,3,4,9.09
6988,104,1,96.21
6989,17,3,99.19
6989,180,3,9.6
6990,12,1,81.75
6990,89,4,34.53
6990,108,1,17.58
6990,197,2,97.73
6991,47,3,32.44
6992,232,3,4.88
6993,233,3,12.32
6994,11,2,66.7
6994,153,1,94.72
6995,49,3,51.76
6995,176,4,58.98
6995,220,3,11.4
6995,96,4,2.88
6996,184,2,59.15
6997,205,4,89.85
6998,1,1,5.48
6998,191,3,71.9
6998,192,4,50.01
6999,248,2,6.78
6999,185,1,84.54
6999,8,3,43.42
6999,82,3,118.77
7000,220,4,12.78
7000,89,4,33.55
7000,108,2,12.22
7000,197,1,70.53
7000,82,3,79.06
7001,108,3,19.79
7001,157,3,56.77
7001,129,3,66.99
7001,119,1,26.12
7002,9,3,22.56
7003,192,4,45.59
7003,74,4,79.28
7003,90,3,68.29
7003,78,4,58.6
7004,212,3,91.89
7005,217,4,46.07
7005,92,4,26.95
7005,53,4,42.53
7006,135,1,109.84
7006,103,2,43.98
7006,169,1,84.27
7006,7,1,90.12
7006,181,2,50.41
7007,147,3,77.95
7008,220,3,14.03
7009,209,1,15.13
7010,208,4,6.22
7010,82,1,121.15
7010,29,2,70.9
7010,28,1,132.07
7011,38,2,101.57
7011,110,1,55.99
7011,32,4,18.22
7011,165,2,101.96
7011,188,1,60.75
7012,106,4,4.16
7013,21,2,61.36
7013,45,4,106.72
7013,20,2,107.3
7013,26,4,60.65
7014,184,3,56.68
7015,79,1,28.96
7015,241,2,90.24
7016,184,3,41.79
7016,74,2,115.24
7017,2,1,13.78
7017,226,4,46.65
7017,196,1,71.74
7018,225,1,89.97
7019,170,1,59.96
7019,46,3,27.8
7020,132,2,76.6
7021,38,1,92.23
7021,247,4,45.02
7021,105,1,106.31
7022,77,4,72.24
7023,203,4,67.15
7023,101,1,20.07
7023,61,2,33.35
7023,20,4,67.77
7023,113,1,34.04
7024,228,4,18.93
7025,125,3,122.36
7025,193,2,17.43
7025,172,1,19.08
7025,78,1,58.92
7025,189,4,83.88
7026,238,4,73.24
7026,190,2,56.75
7026,170,4,57.01
7026,144,4,103.32
7026,62,1,37.53
7027,161,2,45.24
7027,142,4,16.76
7027,173,1,60.87
7028,172,4,19.41
7028,160,1,10.03
7028,215,4,116.23
7028,44,2,30.75
7028,175,4,122.09
7029,15,2,73.21
7029,111,1,78.55
7029,156,2,65.18
7029,196,3,72.64
7029,93,2,56.83
7030,118,4,37.49
7030,146,2,64.22
7031,83,1,115.93
7031,29,3,83.45
7031,67,3,102.78
7031,183,4,47.24
7032,55,4,18.18
7032,2,3,10.7
7033,120,4,79.99
7033,22,2,85.53
7034,89,1,25.52
7034,119,1,27.41
7035,116,3,51.53
7036,245,3,84.92
7037,208,3,5.99
7037,2,4,13.55
7037,31,2,4.29
7037,13,3,80.39
7038,195,4,68.15
7038,17,2,100.82
7038,28,2,98.13
7038,11,4,101.67
7039,129,3,61.83
7039,161,1,70.7
7039,227,2,41.35
7040,126,2,89.7
7040,15,4,92.09
7040,186,3,29.75
7040,245,3,92.44
7040,180,4,13.75
7041,237,3,34.77
7041,103,1,58.17
7041,45,2,83.26
7041,16,4,66.42
7042,18,1,13.72
7042,98,1,4.52
7042,30,2,32.09
7042,51,1,33.14
7042,239,4,77.85
7043,10,4,55.56
7043,6,2,61.04
7044,30,3,26.16
7044,210,4,25.73
7044,39,1,39.0
7045,101,1,20.64
7045,135,1,101.48
7046,106,3,4.52
7046,116,4,83.4
7046,22,2,100.0
7046,222,1,84.49
7046,146,2,91.43
7047,105,3,66.86
7048,143,1,63.19
7048,78,4,79.6
7049,126,4,83.46
7049,114,3,96.21
7049,238,1,58.1
7049,95,1,41.91
7050,94,2,86.12
7051,80,1,99.33
7052,230,3,107.22
7053,110,3,60.28
7053,184,3,43.28
7053,115,1,29.09
7053,20,4,85.63
7054,14,2,50.49
7054,88,3,139.2
7054,180,3,13.43
7054,119,1,24.87
7055,21,4,37.2
7055,180,3,9.76
7055,77,2,87.76
7055,179,2,60.49
7056,31,2,7.25
7056,153,4,62.51
7056,197,1,109.95
7056,245,1,74.33
7056,82,4,89.59
7057,93,3,44.19
7057,20,4,80.59
7057,57,2,59.38
7058,16,4,63.3
7058,157,4,49.99
7058,197,1,98.39
7058,184,3,38.89
7058,185,3,62.6
7059,165,4,77.57
7059,119,4,24.33
7059,6,2,42.23
7060,71,1,95.57
7060,39,1,34.89
7060,37,1,31.27
7060,59,2,79.6
7061,183,1,54.1
7061,126,2,85.28
7061,34,4,8.56
7061,123,3,70.59
7061,129,1,50.72
7062,53,4,49.86
7063,52,1,19.66
7063,103,4,34.36
7064,68,3,18.37
7064,207,2,114.73
7064,37,4,33.63
7065,10,1,47.16
7065,237,3,35.37
7066,232,2,3.13
7066,74,3,74.18
7066,80,2,69.25
7066,88,4,86.96
7067,23,1,36.85
7067,89,4,38.09
7067,222,4,89.55
7067,154,3,28.82
7067,48,3,108.99
7068,120,1,91.41
7068,65,4,27.41
7068,241,4,98.42
7069,217,1,51.51
7069,59,1,55.91
7069,88,4,94.62
7069,60,4,21.68
7069,105,3,72.11
7070,221,1,19.68
7070,229,3,20.01
7071,211,4,22.08
7072,145,4,45.06
7072,115,1,35.64
7072,246,1,33.46
7073,119,4,23.26
7073,150,4,102.81
7074,146,1,50.7
7074,115,2,40.84
7074,116,2,67.33
7074,184,4,49.71
7075,168,1,37.78
7075,181,3,41.15
7075,32,1,13.99
7076,8,1,42.19
7076,224,1,38.44
7076,230,4,103.78
7077,151,3,91.29
7077,110,4,77.09
7077,7,2,62.02
7078,205,3,86.36
7078,132,4,61.51
7078,43,4,67.27
7079,69,4,65.8
7079,55,3,13.64
7080,175,2,106.92
7080,24,1,38.76
7081,4,2,78.95
7081,27,3,60.25
7081,85,1,48.26
7082,179,2,90.42
7082,26,2,77.94
7082,128,1,114.97
7083,121,4,78.96
7083,163,1,80.98
7083,42,1,70.79
7083,221,3,24.94
7084,68,2,20.05
7084,200,1,74.93
7084,170,1,40.87
7084,112,1,77.07
7085,17,3,91.1
7085,56,4,52.61
7086,84,2,76.04
7086,57,2,58.14
7086,36,1,91.59
7087,188,2,53.53
7087,171,3,22.6
7088,64,1,2.04
7089,148,4,48.64
7089,180,4,16.56
7089,164,3,44.29
7090,186,1,30.34
7090,247,4,44.83
7091,144,2,131.14
7091,150,3,108.32
7091,240,1,123.82
7092,149,2,41.11
7093,102,3,116.53
7093,79,4,21.99
7094,213,1,87.27
7095,104,3,98.81
7095,233,3,9.42
7095,26,3,102.6
7096,126,1,107.45
7097,10,3,55.0
7098,91,3,84.34
7098,119,4,24.9
7098,92,3,28.93
7098,18,4,13.88
7099,199,4,43.15
7099,94,1,48.85
7099,115,2,31.12
7100,220,2,17.27
7100,236,2,48.04
7100,23,4,39.54
7101,45,3,86.6
7101,235,3,129.93
7102,217,2,42.04
7102,10,3,40.49
7102,29,4,89.58
7102,98,3,2.82
7103,53,4,33.69
7103,18,4,11.41
7103,155,3,43.37
7103,136,4,115.41
7104,87,3,126.44
7104,104,3,105.6
7104,145,1,57.65
7105,222,2,53.5
7105,41,2,27.31
7105,248,4,7.6
7106,117,1,83.04
7107,249,2,29.89
7107,110,4,78.9
7108,26,3,94.09
7108,151,2,52.59
7108,244,1,21.89
7109,49,2,48.49
7109,29,1,96.36
7109,97,1,131.46
7109,31,2,4.78
7109,91,4,74.75
7110,45,1,97.91
7111,125,1,81.86
7112,160,4,15.3
7112,152,1,92.31
7112,61,1,34.74
7112,32,1,12.11
7112,159,3,16.97
7113,108,2,18.92
7113,150,4,64.6
7113,23,2,42.22
7113,68,1,21.24
7113,29,2,67.55
7114,32,1,18.68
7115,236,2,56.93
7116,94,4,53.07
7116,150,2,102.87
7117,220,3,18.49
7117,47,4,24.79
7117,160,1,13.99
7117,124,3,28.88
7117,167,3,16.38
7118,243,1,32.94
7118,198,3,68.55
7118,241,2,101.39
7118,248,4,6.46
7119,153,2,62.28
7119,197,2,112.97
7120,204,2,119.74
7121,78,1,57.89
7121,50,4,88.67
7122,171,1,36.28
7122,203,2,70.73
7122,100,1,10.93
7122,145,4,45.97
7122,249,3,36.32
7123,99,1,32.14
7123,237,3,28.3
7124,177,4,3.02
7124,127,2,92.82
7124,87,2,91.53
7124,226,1,57.51
7125,201,3,96.92
7125,235,1,124.19
7126,221,2,35.94
7126,218,1,41.25
7127,128,2,75.48
7127,91,1,79.8
7127,167,4,10.01
7127,249,2,26.21
7128,154,4,39.66
7128,248,4,5.68
7128,136,2,88.03
7128,182,1,39.13
7128,222,1,97.05
7129,86,3,82.13
7129,108,3,14.86
7129,107,4,19.14
7130,247,1,52.16
7131,86,2,106.05
7131,47,2,25.08
7131,55,2,19.98
7131,24,4,35.66
7131,84,4,92.62
7132,120,3,101.54
7133,67,1,86.22
7133,236,4,54.06
7133,160,3,12.12
7134,48,4,122.64
7134,28,3,131.47
7134,196,1,97.31
7134,179,4,85.56
7135,135,3,77.57
7135,130,1,85.21
7136,166,2,77.7
7136,218,1,47.56
7136,130,3,66.49
7137,43,1,71.39
7138,234,1,95.09
7138,137,2,44.98
7139,133,1,3.26
7139,239,3,93.86
7140,217,2,27.11
7141,137,4,48.05
7141,62,1,35.75
7142,163,3,80.85
7142,152,3,117.09
7142,239,1,65.58
7142,57,4,56.29
7143,244,2,14.35
7144,189,2,107.58
7144,219,3,119.37
7144,9,3,15.72
7145,61,2,50.99
7145,119,4,26.36
7145,209,4,18.06
7145,222,4,97.69
7145,12,2,64.36
7146,10,1,48.13
7146,54,3,22.75
7147,216,1,59.9
7147,110,1,64.15
7147,11,1,72.31
7147,121,1,72.64
7148,167,4,17.17
7148,196,1,58.72
7148,151,1,64.93
7148,226,2,66.56
7148,42,2,70.24
7149,50,3,86.47
7150,109,2,66.17
7151,114,1,70.1
7151,216,1,55.83
7152,215,1,81.28
7152,127,3,74.03
7152,31,2,5.26
7153,194,2,99.16
7153,155,4,52.44
7153,244,2,23.69
7154,111,1,71.9
7154,12,3,72.2
7154,80,3,63.13
7155,86,4,81.72
7155,243,1,53.26
7155,137,4,31.6
7155,242,4,33.1
7156,218,1,34.21
7156,178,4,76.43
7156,98,3,4.43
7157,111,2,66.49
7157,62,2,58.2
7157,245,1,91.09
7157,123,4,92.72
7157,119,4,23.59
7158,151,4,75.07
7158,5,3,102.38
7159,94,3,53.95
7159,177,3,2.6
7160,69,3,78.51
7160,221,4,27.72
7161,10,4,45.84
7161,128,4,87.22
7161,123,4,76.51
7161,49,4,47.15
7162,235,1,113.91
7162,246,2,23.49
7162,184,2,38.45
7162,117,2,116.91
7162,244,4,18.52
7163,223,2,82.37
7163,128,2,132.04
7163,38,1,103.93
7163,58,4,53.84
7164,224,3,36.33
7164,121,4,71.95
7164,115,4,25.64
7165,157,2,56.66
7166,12,3,89.2
7166,237,4,44.03
7166,2,1,11.42
7167,42,4,100.63
7167,43,1,40.89
7168,90,2,58.52
7168,55,1,22.01
7168,196,3,77.33
7168,77,1,95.63
7168,57,3,85.79
7169,138,4,81.71
7169,234,2,62.43
7170,227,1,44.21
7170,223,3,69.83
7170,189,4,95.27
7171,138,3,89.39
7171,247,1,77.52
7172,18,1,16.13
7172,209,1,19.9
7172,69,1,95.73
7173,187,1,124.63
7173,75,1,109.47
7173,67,4,90.0
7174,181,1,33.57
7174,121,4,68.45
7175,47,2,37.39
7175,54,4,34.64
7175,227,1,34.15
7175,188,1,55.26
7175,211,4,19.36
7176,97,3,87.02
7177,64,4,2.17
7177,152,1,87.88
7178,164,2,40.39
7178,132,2,78.9
7178,114,2,96.33
7178,5,3,111.72
7178,82,4,87.78
7179,204,3,77.46
7179,236,3,45.5
7179,85,2,69.71
7180,229,4,22.57
7180,128,2,91.75
7180,103,2,41.3
7180,83,3,95.82
7180,163,3,75.15
7181,244,2,17.96
7181,95,2,60.62
7181,170,1,68.74
7182,109,2,93.53
7183,11,3,100.64
7183,96,3,1.83
7183,123,3,95.43
7183,215,3,112.43
7183,234,4,68.71
7184,213,2,70.1
7185,58,1,46.62
7185,81,3,30.32
7186,187,1,73.53
7186,102,1,119.04
7186,130,3,114.56
7186,50,2,67.86
7186,88,3,101.4
7187,249,2,41.32
7187,90,3,59.51
7187,62,3,58.97
7187,174,2,14.45
7187,23,4,47.01
7188,142,2,25.42
7188,18,3,12.39
7188,230,2,63.03
7188,238,2,70.58
7189,135,3,103.12
7189,67,1,117.19
7189,233,1,10.36
7189,172,1,16.05
7190,149,1,43.79
7190,144,3,89.73
7190,158,4,73.68
7190,54,2,39.34
7191,78,3,59.73
7191,192,1,31.66
7191,98,2,3.85
7191,186,3,27.09
7192,182,2,50.7
7192,92,4,28.99
7192,23,3,44.73
7192,93,3,71.45
7193,137,1,39.44
7193,222,4,71.05
7194,129,2,58.37
7195,15,3,113.42
7195,25,2,75.06
7195,14,3,54.99
7195,52,1,24.23
7195,161,1,75.31
7196,55,3,21.24
7196,164,1,33.83
7197,241,1,66.42
7197,26,1,65.23
7197,100,2,17.23
7197,107,2,28.03
7197,194,2,59.24
7198,162,2,80.01
7198,108,2,13.89
7198,149,1,28.24
7199,219,4,79.05
7199,235,2,68.56
7199,154,3,32.35
7199,109,3,72.86
7200,136,4,73.88
7200,159,4,13.64
7200,239,3,65.34
7200,6,1,48.89
7201,215,1,85.88
7201,1,1,5.57
7202,187,1,114.32
7202,156,3,111.67
7202,78,4,75.06
7202,58,4,46.18
7202,145,3,47.68
7203,73,1,42.21
7203,176,3,50.62
7203,202,2,3.91
7204,127,2,68.81
7204,200,3,128.35
7204,32,4,16.52
7204,209,1,11.98
7205,44,2,46.19
7206,64,4,2.58
7206,122,3,7.54
7207,190,4,84.93
7207,133,1,2.05
7208,206,1,56.06
7208,176,2,66.06
7208,120,1,79.67
7208,235,3,76.36
7209,193,4,18.51
7210,85,4,59.97
7210,126,2,90.67
7210,89,2,39.24
7211,67,3,102.84
7211,226,2,67.37
7212,249,1,41.7
7212,147,1,112.3
7212,14,2,63.65
7212,204,4,111.01
7212,2,1,12.17
7213,222,2,54.49
7213,180,4,14.96
7214,96,1,1.95
7214,169,3,88.1
7214,58,3,69.42
7214,72,3,32.68
7214,27,3,58.99
7215,8,2,32.15
7216,169,3,71.03
7216,205,3,106.24
7216,111,4,84.21
7216,84,2,121.95
7217,241,3,72.67
7217,152,1,118.68
7217,86,2,102.12
7217,122,1,6.9
7217,184,2,50.17
7218,45,4,73.65
7218,176,1,37.56
7219,199,2,64.34
7219,39,1,40.57
7219,114,3,98.9
7219,147,3,75.49
7219,166,4,58.88
7220,6,1,58.7
7220,173,4,48.66
7220,14,2,78.05
7221,234,1,109.51
7221,231,1,85.73
7221,140,3,19.9
7221,236,3,62.15
7222,228,4,15.91
7222,147,3,130.61
7222,110,3,49.63
7222,79,3,27.85
7222,112,2,97.65
7223,95,2,35.66
7223,222,4,57.99
7223,46,2,19.79
7223,144,2,119.72
7223,214,4,91.09
7224,205,4,75.33
7224,164,3,33.74
7225,127,1,122.29
7225,98,4,2.77
7225,178,2,86.72
7225,195,4,68.37
7226,118,1,24.93
7226,193,2,16.24
7226,77,2,59.08
7226,184,2,32.65
7226,35,1,128.75
7227,30,4,32.78
7228,106,4,5.06
7228,167,3,11.01
7228,70,3,85.18
7228,20,1,82.13
7229,3,3,10.23
7229,227,3,39.49
7229,170,3,58.38
7229,162,4,92.35
7229,99,2,29.07
7230,24,3,41.88
7231,140,1,15.67
7232,50,1,65.6
7232,140,4,11.9
7232,21,1,58.27
7233,146,4,58.87
7234,40,3,33.07
7234,214,4,59.83
7234,19,2,126.0
7234,37,1,29.25
7234,159,2,10.93
7235,29,2,118.42
7235,157,1,43.83
7235,47,3,30.95
7236,216,3,48.33
7236,115,4,27.65
7236,135,4,76.92
7236,118,2,29.99
7236,231,1,49.38
7237,194,2,68.01
7237,77,1,57.59
7237,192,1,47.55
7238,224,3,24.01
7239,173,4,39.09
7239,239,2,97.1
7239,169,2,59.75
7239,31,2,6.81
7240,119,1,22.52
7241,181,2,47.34
7241,120,4,97.35
7241,102,4,103.63
7242,61,4,38.48
7242,189,2,103.44
7242,220,3,18.33
7242,243,4,34.34
7243,182,3,42.29
7243,159,4,18.46
7243,26,3,104.8
7243,3,3,11.25
7243,245,2,72.7
7244,42,4,77.21
7244,224,4,29.6
7244,225,2,119.49
7244,16,4,47.38
7244,118,3,35.84
7245,154,2,49.08
7245,102,4,106.87
7245,206,4,61.5
7246,229,2,21.48
7246,31,2,6.99
7246,16,2,55.95
7246,149,4,34.37
7246,20,1,69.47
7247,39,3,39.92
7247,23,1,43.73
7247,190,1,79.34
7247,169,1,100.38
7247,104,4,120.9
7248,205,4,108.85
7248,2,1,13.23
7248,157,1,37.12
7248,153,1,69.04
7248,95,3,40.4
7249,152,2,99.47
7249,128,1,132.51
7249,209,4,13.75
7249,241,1,93.26
7250,10,1,39.69
7250,43,2,62.81
7250,146,1,58.06
7251,18,2,18.64
7251,77,1,56.82
7251,146,1,50.14
7251,110,4,51.51
7251,119,3,24.42
7252,203,1,75.24
7252,183,3,46.71
7252,176,2,61.13
7252,232,4,3.94
7253,162,2,93.27
7253,104,4,97.36
7253,148,2,49.69
7253,194,1,56.34
7253,30,2,27.45
7254,213,1,110.23
7254,198,3,91.85
7254,89,2,40.15
7254,126,2,111.41
7255,27,4,59.17
7256,26,4,69.11
7256,83,4,118.95
7256,145,4,35.93
7256,12,2,91.73
7257,192,1,39.76
7257,92,4,36.87
7257,123,3,90.26
7257,236,1,39.17
7258,176,1,36.02
7258,188,2,45.14
7259,147,1,98.03
7259,173,2,47.52
7259,27,2,59.47
7259,223,1,112.46
7260,146,3,58.89
7260,228,3,18.95
7261,196,3,93.74
7261,181,4,34.39
7261,204,3,116.83
7261,250,3,48.01
7262,204,2,126.41
7262,136,4,81.41
7262,163,1,51.53
7262,37,4,30.24
7262,76,2,12.24
7263,233,4,9.86
7263,13,2,86.88
7264,221,1,32.56
7265,31,2,7.59
7265,25,3,68.62
7265,182,2,52.62
7266,96,2,2.31
7266,8,2,46.12
7266,169,1,72.0
7266,48,3,78.24
7267,15,1,138.43
7267,149,2,47.62
7268,35,1,99.55
7269,123,2,53.04
7269,1,3,6.85
7270,146,3,84.32
7270,222,2,56.96
7270,6,4,54.43
7270,196,1,80.72
7270,247,3,48.44
7271,101,1,23.87
7272,28,4,111.76
7272,49,3,29.25
7272,57,1,90.11
7272,145,3,41.1
7273,121,4,99.78
7273,143,2,72.42
7273,164,2,32.83
7273,112,4,55.5
7273,204,3,89.7
7274,230,2,95.44
7274,90,3,66.28
7274,20,4,63.48
7275,114,2,59.77
7275,70,3,61.66
7276,148,3,43.24
7276,136,1,96.94
7276,237,4,45.19
7276,56,3,69.4
7276,175,3,130.58
7277,225,3,98.61
7277,67,4,70.2
7277,52,1,18.45
7277,41,3,18.19
7277,244,2,15.57
7278,76,4,14.92
7278,173,4,38.95
7278,65,3,36.23
7279,2,4,12.71
7279,116,2,55.03
7279,24,4,47.46
7279,126,1,78.37
7279,232,4,4.79
7280,80,3,87.89
7280,188,3,59.77
7280,98,1,4.17
7280,190,4,68.47
7281,8,2,39.05
7281,148,2,59.2
7281,197,1,68.55
7282,90,4,41.23
7282,17,3,123.09
7283,93,2,46.13
7283,236,2,49.77
7283,146,2,62.64
7284,94,4,77.49
7284,157,2,35.87
7285,210,1,31.53
7285,123,4,74.01
7286,20,3,92.25
7287,76,4,15.89
7288,218,2,42.99
7289,232,4,3.2
7289,47,3,27.97
7290,128,2,81.17
7290,27,2,56.63
7291,57,2,74.77
7291,32,1,20.22
7291,7,1,71.73
7291,107,1,27.8
7292,11,1,64.68
7292,171,2,22.16
7292,44,1,24.81
7292,128,3,111.62
7293,100,2,15.0
7293,191,3,84.14
7294,92,3,38.45
7294,4,2,67.63
7294,52,1,20.37
7294,137,3,36.79
7294,139,3,70.55
7295,194,3,81.87
7296,178,1,92.97
7296,203,2,48.07
7296,119,2,26.27
7297,119,4,16.41
7297,67,3,82.05
7298,189,3,70.64
7298,48,3,123.38
7298,22,4,116.54
7298,96,4,2.93
7299,62,4,48.32
7299,130,2,87.36
7299,229,2,28.6
7300,130,3,115.04
7301,176,1,43.69
7301,239,1,55.0
7301,52,3,20.5
7301,23,2,41.28
7301,210,3,43.22
7302,82,1,102.73
7302,178,3,93.55
7302,61,2,46.09
7302,219,2,77.22
7303,180,1,9.46
7303,129,2,37.96
7303,183,4,42.75
7303,7,4,81.52
7304,116,2,81.36
7305,150,3,111.69
7305,65,1,27.4
7306,171,3,33.89
7306,164,4,50.81
7306,170,1,61.99
7307,171,2,21.58
7308,152,4,87.91
7308,66,3,7.88
7308,228,4,15.61
7308,210,1,41.03
7308,191,2,116.53
7309,151,2,73.35
7309,210,4,43.81
7309,108,3,12.48
7309,27,4,56.81
7310,80,4,96.94
7310,113,3,41.95
7311,50,1,76.82
7311,202,2,3.1
7312,101,2,24.85
7312,64,1,3.2
7312,43,1,70.24
7312,222,3,96.24
7313,234,3,89.82
7313,202,4,3.74
7313,248,1,5.34
7313,146,3,67.23
7314,24,3,38.18
7314,66,4,9.7
7314,199,2,47.2
7314,41,4,16.88
7315,99,4,32.68
7315,25,3,87.59
7315,183,3,65.18
7315,74,4,118.83
7316,44,1,24.55
7316,185,2,82.89
7316,3,1,15.46
7316,54,4,28.64
7316,57,2,82.91
7317,131,3,109.04
7318,4,1,87.24
7318,29,2,75.94
7319,133,2,2.37
7319,168,4,31.95
7319,196,2,58.45
7319,125,2,90.6
7319,141,3,10.79
7320,229,3,27.33
7320,137,4,31.99
7320,106,3,2.84
7320,211,1,19.91
7321,23,3,33.24
7321,159,2,14.86
7321,195,2,91.04
7322,217,3,37.17
7323,151,2,76.66
7324,236,3,44.02
7324,21,1,42.68
7324,60,2,31.7
7324,193,4,23.33
7325,79,2,29.2
7325,82,2,116.46
7325,123,1,93.31
7325,92,2,39.49
7326,2,1,10.0
7326,37,2,37.21
7326,3,1,13.58
7326,79,1,29.09
7327,17,2,101.13
7327,190,2,92.91
7328,166,4,93.83
7329,237,3,40.01
7329,164,1,43.35
7330,16,1,55.88
7331,39,1,38.34
7332,186,1,28.8
7332,4,3,51.57
7332,62,2,46.84
7332,178,1,110.94
7333,132,3,94.06
7333,83,2,114.56
7333,94,2,78.01
7334,63,4,41.38
7335,205,1,74.4
7336,69,3,77.61
7336,153,2,81.82
7336,123,4,92.53
7336,143,1,71.1
7337,41,4,26.72
7337,137,1,38.44
7337,207,1,116.21
7338,26,1,68.82
7338,157,3,49.34
7338,224,1,27.37
7338,36,4,67.41
7338,152,1,66.47
7339,197,1,91.58
7339,222,3,92.04
7340,208,2,5.25
7340,31,1,7.27
7340,115,3,26.54
7340,112,1,61.76
7341,48,3,100.9
7342,194,4,58.43
7342,80,2,102.06
7343,74,1,104.71
7343,236,3,42.44
7344,247,3,47.63
7344,155,2,51.56
7345,228,3,14.72
7345,220,1,13.15
7345,105,2,67.35
7346,137,1,46.68
7346,153,4,65.01
7346,21,2,40.16
7346,12,2,86.92
7347,213,2,102.55
7347,108,2,16.55
7347,126,2,113.25
7347,116,1,52.55
7347,58,4,62.17
7348,59,4,48.64
7348,12,1,100.49
7348,23,4,32.2
7349,11,3,113.36
7349,158,1,117.12
7349,201,3,120.76
7349,156,2,86.92
7349,121,1,69.84
7350,74,1,107.78
7350,33,1,45.92
7350,233,2,11.88
7350,237,3,39.39
7350,106,3,4.01
7351,5,3,118.86
7351,246,2,28.04
7351,210,1,44.0
7351,113,4,49.65
7351,53,4,39.93
7352,243,4,55.48
7352,129,4,45.6
7352,179,3,70.59
7352,158,2,87.45
7352,218,2,35.38
7353,139,2,53.06
7353,120,2,107.08
7353,101,1,22.0
7354,151,1,54.68
7354,184,4,51.04
7354,3,2,10.86
7355,150,1,77.95
7355,194,1,79.84
7355,151,2,81.98
7356,210,4,39.9
7356,229,1,31.63
7356,39,2,31.43
7356,240,2,95.85
7356,52,1,23.5
7357,20,1,100.9
7358,250,3,56.82
7358,135,3,114.28
7358,186,1,23.36
7358,155,1,67.66
7358,7,3,49.59
7359,126,4,82.33
7359,246,4,43.99
7360,241,1,104.06
7360,9,4,15.64
7361,98,3,4.29
7362,141,3,10.42
7362,211,4,17.68
7362,198,1,97.12
7363,125,2,125.49
7363,208,1,6.82
7364,22,4,118.86
7364,26,3,106.4
7364,3,2,14.34
7364,182,2,39.08
7364,65,4,40.25
7365,26,3,93.47
7365,60,2,22.35
7365,233,1,13.53
7365,250,4,40.16
7365,206,3,35.72
7366,163,1,87.47
7366,119,2,16.58
7366,110,2,81.12
7367,131,4,65.74
7367,37,3,39.29
7367,236,2,45.08
7367,98,3,4.79
7367,201,4,81.09
7368,113,4,41.86
7368,243,2,42.89
7369,233,2,13.95
7370,40,2,34.42
7370,63,2,32.4
7370,208,1,5.59
7370,136,4,73.73
7371,113,2,45.32
7371,77,2,104.16
7371,104,4,130.07
7372,6,1,53.13
7372,54,1,31.42
7372,236,4,54.88
7372,129,3,38.73
7373,68,3,15.68
7373,155,3,72.62
7373,121,2,100.62
7374,113,3,52.11
7374,157,4,41.78
7374,9,3,21.26
7374,163,1,50.02
7374,18,1,18.68
7375,155,2,59.62
7376,142,2,15.11
7376,132,3,72.54
7377,113,3,39.48
7377,210,4,27.33
7377,180,2,10.1
7377,174,4,15.92
7377,95,2,48.96
7378,1,2,7.48
7379,63,3,28.31
7379,138,4,82.06
7379,71,2,126.33
7380,226,2,65.41
7380,133,4,3.33
7380,5,3,66.04
7380,58,4,41.93
7381,122,1,6.96
7382,35,1,104.74
7382,211,2,21.59
7383,110,3,56.52
7383,39,4,27.52
7384,97,1,121.3
7384,85,1,72.96
7384,32,1,17.57
7385,72,2,51.29
7385,6,2,64.05
7386,21,4,59.67
7386,169,4,76.89
7386,52,4,20.23
7386,147,3,78.74
7387,219,4,122.79
7387,206,1,62.98
7387,131,2,80.15
7388,126,1,74.15
7388,207,2,93.45
7389,101,2,21.72
7389,48,4,91.23
7389,204,2,111.15
7389,109,3,95.3
7389,187,4,84.12
7390,225,2,102.34
7390,169,4,73.73
7390,198,1,76.75
7391,215,2,108.57
7391,198,3,57.05
7391,118,4,34.1
7392,153,3,107.35
7392,229,3,17.42
7392,149,3,45.55
7392,130,2,106.85
7392,234,1,81.61
7393,159,3,11.25
7393,211,3,23.39
7393,30,4,32.49
7393,8,4,33.9
7394,46,1,28.26
7394,55,2,17.73
7394,8,4,30.91
7394,201,2,79.94
7394,138,2,76.35
7395,142,3,17.94
7395,153,2,85.09
7395,65,2,31.08
7396,96,3,1.76
7397,199,2,49.86
7397,22,2,77.48
7397,221,3,30.27
7398,108,4,17.7
7398,182,2,42.57
7398,95,2,58.79
7398,209,3,18.43
7399,218,3,34.93
7399,100,1,15.8
7399,207,1,109.6
7399,38,4,127.87
7399,170,1,37.89
7400,51,1,26.94
7400,71,4,94.65
7400,21,3,39.54
7400,154,1,36.75
7400,102,3,107.9
7401,125,3,103.71
7401,231,3,60.46
7401,120,3,65.87
7401,202,4,3.56
7401,188,1,47.51
7402,165,2,78.84
7402,91,3,74.37
7402,206,1,62.65
7403,57,4,66.8
7403,60,1,32.12
7403,246,1,43.95
7404,5,3,111.46
7405,73,2,46.84
7405,97,2,94.37
7405,175,4,80.19
7405,193,3,18.53
7405,96,2,2.71
7406,46,1,22.59
7406,127,2,88.27
7407,11,4,108.41
7407,139,3,72.49
7408,49,2,33.66
7409,217,3,45.85
7409,247,4,56.3
7410,14,4,70.24
7410,119,1,24.94
7410,122,4,7.51
7410,92,1,25.0
7411,35,3,127.33
7412,105,2,83.3
7413,77,4,75.54
7413,122,4,4.34
7413,216,1,33.08
7413,11,3,69.9
7414,112,4,89.28
7414,197,2,94.11
7414,28,2,110.14
7414,52,2,23.33
7415,181,3,47.96
7415,17,3,112.51
7415,203,1,85.65
7415,211,4,15.47
7415,34,2,8.54
7416,76,4,10.01
7416,19,3,80.86
7416,20,3,104.68
7416,7,4,82.88
7416,225,1,115.02
7417,101,3,19.84
7417,56,3,75.04
7417,227,2,42.97
7417,15,1,83.37
7417,236,1,48.16
7418,53,2,40.56
7418,200,1,106.43
7419,167,1,12.58
7419,85,4,67.16
7419,28,3,71.65
7419,134,3,27.51
7419,194,1,67.17
7420,155,2,59.14
7420,44,4,33.32
7420,36,4,99.5
7420,186,2,23.01
7421,15,2,115.79
7421,141,1,14.84
7421,169,3,60.14
7421,130,2,96.65
7421,180,2,16.25
7422,50,4,85.18
7422,118,4,30.6
7422,65,3,38.74
7422,124,4,32.7
7423,118,1,29.87
7423,18,4,12.51
7424,136,4,90.06
7425,124,2,27.59
7425,232,3,5.63
7425,204,4,89.79
7425,28,1,69.79
7425,108,2,16.13
7426,139,4,51.61
7427,54,4,23.03
7427,132,3,63.05
7428,209,3,17.01
7428,28,1,125.26
7428,192,1,53.91
7428,30,1,34.51
7428,231,4,83.82
7429,102,1,107.62
7429,19,2,105.55
7429,227,2,40.07
7429,228,1,22.29
7430,161,2,54.83
7430,167,4,12.44
7430,19,2,85.28
7430,4,3,92.68
7430,220,4,13.7
7431,226,2,56.0
7432,250,1,38.09
7432,29,1,88.23
7433,109,2,90.25
7433,53,3,42.92
7433,11,3,87.8
7433,189,2,71.86
7433,231,1,68.69
7434,179,2,90.5
7435,219,2,74.02
7435,178,3,97.91
7435,131,3,98.32
7435,34,1,5.58
7435,110,4,49.09
7436,116,3,76.38
7436,173,4,37.92
7436,149,3,37.05
7436,176,3,41.4
7436,4,1,54.41
7437,218,1,45.03
7437,191,3,98.87
7437,223,3,76.61
7438,196,2,67.2
7438,127,1,78.44
7438,179,3,82.6
7438,21,1,58.25
7439,243,2,57.44
7439,124,4,26.63
7440,94,1,75.75
7440,159,2,16.99
7440,10,4,53.75
7441,113,2,55.44
7441,126,1,117.64
7441,171,1,31.41
7441,209,3,16.59
7442,108,4,10.8
7442,148,3,52.47
7442,31,2,5.0
7442,58,2,43.31
7442,195,4,74.86
7443,100,4,19.33
7444,245,2,68.84
7444,107,2,28.94
7444,30,2,30.69
7444,210,1,42.49
7445,183,2,66.16
7445,87,3,120.18
7445,48,3,115.88
7445,98,3,2.89
7445,72,1,42.01
7446,201,3,123.93
7446,61,4,53.11
7447,136,2,69.62
7447,225,4,97.63
7447,20,2,72.59
7448,144,2,94.22
7448,215,3,129.82
7448,219,3,136.97
7448,164,2,40.71
7449,45,2,112.23
7449,8,2,52.47
7450,186,2,28.55
7450,190,1,78.53
7451,248,2,5.08
7451,247,2,48.51
7451,30,3,21.75
7451,184,1,47.77
7451,123,3,59.37
7452,35,1,96.55
7452,85,4,65.62
7452,52,4,14.36
7452,209,2,12.51
7452,200,4,115.97
7453,153,1,98.49
7453,250,1,39.52
7453,248,4,7.51
7454,95,2,61.68
7455,24,2,37.05
7455,187,1,127.86
7455,234,2,89.0
7456,99,1,29.97
7456,164,4,30.47
7456,146,3,79.99
7457,50,2,52.46
7458,164,1,31.93
7458,30,2,35.93
7458,145,2,40.01
7458,237,3,36.93
7459,219,2,71.44
7460,107,2,24.52
7460,67,2,80.52
7460,151,1,71.1
7460,163,4,87.17
7460,248,1,7.78
7461,102,2,112.96
7462,149,2,26.76
7463,46,4,23.24
7463,195,1,65.51
7463,109,2,75.12
7463,176,1,54.97
7464,150,1,74.38
7465,49,3,47.97
7466,246,2,36.35
7466,202,1,3.93
7466,57,1,58.9
7467,4,2,90.39
7468,121,4,92.21
7468,127,1,79.49
7469,79,3,17.93
7469,91,1,72.83
7469,158,1,103.34
7470,166,2,101.96
7470,120,2,71.52
7470,177,1,1.61
7470,4,2,67.91
7470,149,1,32.62
7471,47,1,36.37
7471,126,2,82.24
7472,77,1,56.48
7473,131,2,112.88
7473,238,1,65.82
7473,177,4,2.78
7474,96,3,2.32
7474,148,1,42.01
7475,145,3,54.36
7475,174,4,17.38
7476,7,4,84.4
7476,44,1,44.03
7476,116,4,69.14
7476,181,1,48.69
7476,195,1,74.76
7477,89,1,31.03
7477,21,2,53.14
7477,131,2,73.65
7478,161,4,45.08
7479,225,1,128.31
7479,214,2,90.71
7479,238,1,59.13
7480,156,3,69.42
7480,117,3,82.7
7481,189,4,68.95
7482,34,1,8.56
7482,33,1,49.0
7483,73,3,40.86
7483,173,4,61.44
7483,191,2,68.51
7484,92,4,23.9
7484,228,4,24.2
7484,141,4,11.02
7485,181,4,43.14
7485,113,4,36.88
7486,93,1,46.47
7486,23,3,42.75
7487,102,1,121.02
7487,6,2,50.98
7487,206,4,37.22
7487,169,2,89.69
7487,171,1,29.47
7488,236,4,41.79
7488,13,4,59.63
7488,104,3,123.65
7489,29,1,69.33
7489,68,4,24.13
7489,134,3,36.73
7489,38,2,126.53
7490,143,1,74.45
7490,221,3,21.06
7491,236,1,54.05
7491,166,2,94.18
7491,123,3,66.02
7492,244,4,16.02
7492,97,2,103.8
7492,132,1,100.58
7492,60,1,21.17
7492,19,2,129.82
7493,114,3,72.89
7494,210,3,41.22
7494,174,3,11.97
7494,51,2,29.32
7494,201,3,76.56
7495,54,3,37.05
7495,198,2,59.45
7495,5,3,100.71
7495,21,2,52.28
7496,180,4,10.66
7497,203,4,71.45
7497,128,2,115.39
7498,248,1,6.75
7498,176,1,60.74
7499,78,4,72.09
7500,87,3,86.31
7500,249,3,24.94
7500,64,4,2.91
7500,160,1,12.44
7500,61,2,60.05
7501,185,4,63.59
7501,195,1,98.98
7501,64,2,3.34
7501,232,1,4.16
7502,213,4,80.91
7502,212,2,107.23
7502,164,1,38.76
7502,204,3,116.46
7502,238,1,45.14
7503,127,4,116.88
7503,171,3,23.38
7504,15,2,81.1
7504,165,4,83.26
7504,113,2,54.56
7504,17,2,89.01
7504,239,2,85.96
7505,138,3,118.39
7506,54,1,33.69
7506,90,2,60.07
7506,23,3,37.4
7507,6,3,63.29
7507,107,3,25.44
7507,91,2,75.84
7507,12,4,79.45
7507,23,1,38.5
7508,190,3,69.69
7508,147,4,87.92
7508,197,2,77.16
7509,9,4,21.02
7509,165,1,112.61
7509,232,2,4.87
7509,50,2,59.35
7509,115,2,34.72
7510,114,2,69.31
7510,28,3,113.71
7511,125,3,130.16
7511,198,1,62.53
7512,132,3,67.88
7513,198,2,63.26
7514,93,4,56.6
7514,48,4,131.15
7514,178,3,119.37
7514,235,1,112.42
7515,90,1,53.8
7515,156,2,85.32
7515,65,1,34.22
7515,40,1,25.22
7515,227,3,38.81
7516,32,1,16.88
7516,218,3,35.3
7517,138,2,75.4
7518,168,4,48.64
7518,121,3,57.22
7519,162,4,109.81
7520,79,1,22.36
7521,30,2,32.51
7521,18,3,12.7
7522,181,4,40.35
7522,23,1,38.42
7523,187,3,121.73
7524,63,3,39.47
7524,141,2,9.46
7524,233,4,13.09
7524,190,3,72.54
7525,10,2,64.35
7525,130,2,124.62
7525,226,2,54.36
7526,42,4,99.04
7526,89,3,36.86
7527,113,2,54.33
7528,191,4,91.26
7528,19,1,74.6
7528,58,2,50.0
7528,213,1,79.43
7528,78,3,86.77
7529,87,1,112.89
7530,70,2,89.5
7531,23,4,43.26
7531,249,1,27.61
7531,222,4,97.24
7531,55,3,23.19
7531,24,1,45.93
7532,91,3,82.03
7532,127,3,96.77
7532,205,2,88.03
7533,5,1,115.96
7533,139,4,84.57
7533,107,4,30.1
7534,195,2,53.67
7534,122,3,6.32
7534,156,1,94.61
7534,65,3,35.56
7535,93,4,50.17
7536,213,4,64.63
7537,126,1,119.66
7538,209,2,12.09
7538,250,3,39.79
7538,125,2,98.53
7538,200,2,84.09
7538,13,3,74.21
7539,28,1,129.25
7539,144,2,129.72
7540,248,4,6.88
7540,84,4,85.85
7540,173,3,65.04
7540,55,3,24.27
7541,104,3,107.25
7542,194,2,87.98
7543,194,4,96.33
7543,1,3,10.08
7544,141,1,10.96
7544,75,4,84.53
7544,38,2,130.08
7544,110,3,68.53
7545,204,1,125.27
7545,145,2,45.45
7545,14,3,71.8
7546,14,2,67.76
7546,105,2,69.15
7546,61,2,56.64
7546,151,4,68.1
7546,210,3,35.13
7547,234,3,62.82
7547,79,3,28.51
7547,210,1,28.8
7547,68,4,20.19
7547,242,1,31.75
7548,55,2,24.28
7548,16,2,60.89
7548,2,4,12.17
7549,130,1,73.73
7549,226,4,48.9
7550,134,3,46.9
7550,45,1,71.22
7550,204,4,105.69
7550,70,3,68.6
7550,29,3,90.8
7551,104,4,142.82
7552,139,1,62.51
7552,95,4,54.4
7552,183,2,55.86
7552,85,3,72.53
7553,40,1,24.81
7553,29,3,121.26
7553,101,2,23.48
7553,161,4,74.67
7553,183,2,63.05
7554,122,1,6.2
7554,67,4,91.04
7554,219,1,116.81
7554,138,4,98.35
7554,190,3,87.1
7555,126,2,108.59
7556,17,3,83.98
7556,141,4,16.33
7556,215,4,121.8
7556,244,4,18.26
7556,188,4,48.67
7557,61,2,58.74
7557,79,1,30.57
7558,246,2,26.28
7559,136,1,91.24
7559,79,4,24.71
7560,88,3,112.95
7560,153,2,59.84
7560,243,4,52.58
7560,201,3,108.83
7561,134,1,48.37
7561,30,3,26.04
7562,131,1,114.18
7563,9,1,20.45
7563,186,2,21.8
7564,204,1,115.59
7564,49,3,47.44
7564,112,2,62.08
7564,83,4,68.13
7564,232,4,4.84
7565,243,3,49.63
7565,42,3,78.97
7566,29,3,67.79
7567,93,2,51.19
7567,94,2,70.62
7568,25,3,107.45
7568,220,4,11.16
7568,3,3,9.74
7569,188,4,49.61
7569,161,4,49.05
7569,205,2,64.93
7569,153,2,87.05
7569,33,2,51.37
7570,22,1,98.16
7570,35,4,121.42
7570,177,3,2.65
7571,31,3,7.2
7571,211,2,23.19
7571,48,4,95.37
7572,104,1,97.47
7572,44,2,35.65
7572,223,4,89.69
7572,106,1,5.08
7572,66,2,11.36
7573,130,3,90.24
7574,115,4,30.14
7574,39,3,24.62
7575,220,4,9.87
7576,187,4,105.66
7576,183,3,39.61
7576,72,2,33.21
7576,237,1,29.68
7576,2,1,14.58
7577,20,4,71.26
7577,44,3,32.23
7577,56,4,87.28
7577,163,4,52.63
7577,235,4,109.31
7578,15,2,111.85
7578,225,2,126.08
7578,203,3,76.86
7578,1,2,8.19
7578,144,2,81.74
7579,134,4,27.53
7579,216,1,52.66
7580,133,2,2.68
7580,235,3,82.07
7580,181,1,52.49
7581,148,3,36.67
7581,65,3,30.52
7582,126,3,78.52
7582,86,4,87.88
7582,37,4,23.23
7583,26,4,86.38
7583,3,2,9.86
7583,125,1,76.68
7583,57,2,63.02
7583,49,2,40.82
7584,26,1,84.29
7584,177,4,2.47
7584,127,2,112.42
7584,151,4,82.91
7585,125,4,97.61
7585,119,1,26.32
7585,124,4,34.65
7585,155,4,50.09
7585,248,2,6.87
7586,50,4,57.57
7587,67,4,115.62
7587,82,4,102.29
7587,118,1,40.01
7587,30,2,31.68
7587,25,3,79.31
7588,147,2,128.07
7588,250,4,48.4
7588,39,1,43.94
7589,152,3,71.07
7589,53,3,36.02
7590,229,1,31.8
7590,1,4,9.96
7590,175,2,102.16
7590,78,1,72.0
7590,51,1,27.43
7591,195,1,72.65
7591,209,4,15.63
7591,20,4,88.36
7592,43,2,47.91
7592,204,4,72.53
7592,160,1,12.02
7592,38,2,113.46
7593,142,1,21.62
7593,56,4,59.51
7593,203,2,49.05
7594,136,3,103.49
7594,137,4,42.8
7594,247,4,45.47
7595,120,4,80.32
7595,97,2,114.99
7595,7,4,89.19
7595,158,3,114.27
7595,66,4,7.16
7596,232,3,5.47
7596,122,2,4.44
7596,148,2,55.9
7596,88,4,108.66
7596,40,3,23.5
7597,238,4,46.71
7597,30,3,22.25
7597,12,2,76.74
7597,153,1,74.35
7598,75,4,100.18
7599,182,4,57.45
7599,139,4,81.06
7599,107,1,21.14
7599,29,2,101.9
7600,128,3,108.77
7600,202,4,3.37
7600,104,3,109.14
7600,213,3,73.65
7601,186,2,29.85
7601,85,1,51.85
7602,115,4,44.14
7602,207,2,113.82
7602,69,4,90.1
7602,148,1,41.94
7602,93,1,40.51
7603,84,1,105.76
7603,200,4,105.23
7604,131,2,95.27
7604,219,3,93.44
7604,159,4,10.19
7604,90,3,69.28
7605,49,2,39.74
7605,107,2,26.36
7605,117,3,63.98
7605,7,2,66.61
7605,115,2,29.92
7606,142,2,23.8
7607,104,3,98.98
7607,235,4,130.94
7607,224,2,32.55
7607,125,1,106.49
7607,17,3,72.76
7608,244,2,18.47
7608,180,4,10.16
7608,54,3,40.31
7608,74,2,111.08
7608,84,2,91.52
7609,4,2,74.86
7609,173,4,64.17
7609,188,1,49.08
7609,229,2,31.95
7609,208,2,6.6
7610,90,4,45.0
7610,134,1,44.56
7610,95,2,52.22
7610,82,3,94.17
7610,168,4,32.68
7611,216,4,38.2
7611,55,4,20.2
7611,180,2,12.66
7611,92,4,33.7
7612,176,2,55.26
7613,50,4,76.15
7613,94,4,82.03
7613,143,3,66.32
7613,69,1,105.68
7614,143,4,60.48
7614,46,3,15.51
7614,174,3,17.03
7614,163,2,65.41
7615,28,3,98.05
7616,88,2,107.7
7616,213,2,98.31
7616,67,1,80.11
7617,126,1,132.82
7617,87,2,98.78
7617,171,4,31.74
7618,159,1,12.86
7618,145,3,55.18
7618,152,2,80.35
7618,140,1,17.03
7618,166,1,90.09
7619,28,4,72.07
7619,86,1,66.62
7619,17,4,111.18
7620,79,1,19.56
7620,17,4,98.69
7620,205,2,101.84
7621,135,4,107.36
7621,120,4,82.25
7621,132,1,88.82
7622,73,3,35.96
7622,158,2,83.4
7622,41,3,21.59
7622,117,4,106.18
7622,6,3,54.68
7623,120,1,85.8
7623,137,2,40.25
7623,151,3,71.89
7624,99,1,25.97
7624,146,2,70.67
7624,58,4,55.51
7624,78,2,65.7
7625,181,4,48.55
7625,47,2,30.25
7625,241,3,108.03
7625,248,1,5.48
7626,41,3,16.11
7626,216,1,54.97
7626,116,1,51.31
7627,107,2,18.05
7628,118,2,26.67
7628,121,2,97.67
7628,17,3,77.31
7628,19,4,71.83
7629,39,4,26.47
7629,103,3,37.66
7630,228,3,24.86
7630,219,4,80.61
7630,102,1,98.75
7630,86,1,86.69
7630,21,1,43.97
7631,202,1,2.53
7631,175,3,72.0
7631,187,2,117.02
7632,203,3,53.54
7633,54,4,28.69
7633,195,3,63.85
7633,69,3,92.32
7633,147,3,132.75
7634,132,1,80.63
7634,76,1,9.31
7634,126,4,84.93
7634,176,2,48.93
7634,169,4,57.94
7635,38,1,85.1
7635,141,3,17.02
7635,68,3,19.77
7635,228,2,13.85
7636,225,4,124.98
7636,248,1,7.81
7637,196,1,86.82
7637,20,1,86.83
7637,105,3,88.31
7638,116,3,62.57
7638,245,4,62.16
7638,229,3,25.09
7638,25,4,67.33
7638,90,4,55.25
7639,4,2,70.47
7639,196,4,104.82
7639,171,4,29.97
7639,79,2,26.77
7639,52,2,22.86
7640,250,2,43.19
7640,181,4,34.73
7641,111,1,93.89
7641,97,4,78.29
7641,122,4,4.61
7641,177,2,1.64
7642,87,3,95.97
7642,141,4,9.6
7642,126,1,81.63
7642,84,4,124.1
7643,134,3,28.18
7643,178,3,68.21
7643,136,4,73.86
7644,157,1,49.37
7644,52,2,25.11
7644,228,3,17.94
7644,26,4,71.93
7645,173,2,41.57
7645,238,4,73.83
7645,69,1,70.09
7645,65,1,38.23
7645,13,4,68.9
7646,21,1,47.23
7646,154,2,45.88
7647,197,2,115.1
7647,171,3,30.09
7648,13,2,57.75
7648,30,1,33.54
7648,156,1,101.23
7648,179,3,85.39
7648,109,3,72.46
7649,77,1,65.56
7649,147,3,127.15
7649,163,2,70.41
7649,86,2,73.56
7650,210,4,38.29
7650,57,4,57.1
7650,226,3,50.3
7650,43,1,40.0
7650,177,3,1.59
7651,157,4,42.98
7651,109,4,85.37
7651,119,4,26.89
7651,230,2,108.23
7652,142,3,16.86
7652,56,2,68.15
7652,114,4,98.39
7653,57,3,71.61
7653,221,1,27.57
7654,101,3,23.72
7655,216,3,49.76
7655,211,1,20.02
7655,196,2,82.57
7655,29,2,120.72
7656,25,1,73.05
7657,248,2,7.18
7657,176,3,63.89
7657,137,2,35.91
7658,176,1,60.97
7658,69,3,68.88
7658,204,4,85.3
7658,14,2,70.92
7658,236,4,43.15
7659,239,3,72.3
7659,66,2,8.4
7659,33,4,51.45
7659,217,2,40.4
7659,241,1,105.58
7660,158,4,85.05
7661,200,3,97.83
7661,173,2,66.87
7662,115,2,36.19
7662,109,1,89.75
7662,247,2,44.64
7662,148,2,63.36
7663,93,2,39.64
7664,16,1,63.57
7664,136,1,91.27
7664,92,3,36.17
7664,7,3,70.68
7664,121,2,99.01
7665,172,1,19.17
7666,82,2,92.09
7666,133,1,2.96
7666,42,3,84.7
7666,202,4,3.13
7666,226,3,43.29
7667,216,1,58.99
7667,40,3,39.24
7667,232,2,3.03
7667,88,1,95.39
7667,219,2,112.94
7668,186,3,23.82
7668,60,4,25.88
7669,228,1,18.27
7669,192,3,47.27
7669,63,1,29.66
7670,225,4,91.13
7670,149,3,45.57
7670,54,1,24.97
7670,13,2,91.62
7670,82,4,112.48
7671,211,2,16.77
7672,6,1,38.86
7672,127,3,92.84
7672,129,4,59.01
7673,71,2,83.75
7673,129,2,39.54
7673,172,3,19.27
7673,245,2,81.5
7673,10,1,34.76
7674,86,4,98.11
7674,28,1,70.66
7675,161,2,49.21
7675,183,3,63.44
7675,47,3,35.09
7676,201,3,83.99
7676,76,4,9.55
7676,95,1,49.47
7677,145,3,51.34
7677,226,3,40.97
7677,217,1,38.34
7677,52,1,15.98
7677,236,4,48.76
7678,46,1,23.35
7678,244,4,22.76
7678,183,4,55.43
7678,189,3,89.9
7679,58,4,56.57
7679,223,1,76.04
7679,98,4,3.3
7679,74,1,103.57
7679,111,4,68.73
7680,147,4,113.57
7680,189,3,63.57
7681,227,4,42.02
7682,229,2,26.2
7682,181,4,35.75
7682,1,4,5.78
7682,2,4,12.81
7683,48,1,123.93
7683,208,2,6.58
7683,246,1,28.87
7683,52,1,18.08
7683,169,1,98.78
7684,212,2,81.15
7684,54,2,36.51
7684,135,1,79.36
7684,244,4,20.34
7684,209,1,15.78
7685,79,3,28.68
7685,118,3,32.24
7685,89,4,24.75
7685,50,3,50.53
7686,250,3,56.69
7686,233,2,13.19
7687,78,2,83.84
7687,149,1,38.05
7687,83,3,69.19
7687,243,4,48.96
7687,106,4,3.23
7688,195,4,72.53
7688,26,1,68.57
7688,76,4,11.6
7689,15,2,76.51
7689,23,4,30.22
7689,219,1,83.79
7689,164,3,41.58
7690,163,1,73.77
7690,245,2,88.96
7690,152,4,84.93
7690,154,4,39.65
7690,241,4,59.65
7691,87,2,79.88
7692,213,2,72.41
7693,47,4,24.26
7693,129,1,44.02
7694,245,3,97.23
7694,104,1,109.53
7694,111,1,73.98
7695,49,2,49.67
7695,141,4,16.8
7695,9,2,19.99
7696,224,2,34.23
7697,188,3,67.35
7697,13,2,66.03
7697,155,3,48.07
7698,95,3,51.44
7699,66,3,9.05
7699,210,3,43.93
7699,186,1,29.41
7700,234,1,82.35
7700,147,4,74.08
7700,90,3,40.66
7701,176,4,44.99
7702,92,1,36.05
7702,151,2,83.74
7703,86,3,111.7
7703,46,3,20.19
7703,205,2,82.71
7703,180,2,10.08
7704,184,4,52.73
7704,203,1,86.84
7704,17,2,94.74
7704,47,3,28.78
7705,148,3,58.19
7705,106,4,2.85
7705,123,1,54.08
7706,66,2,6.09
7706,237,4,30.83
7706,221,2,27.3
7706,143,4,87.93
7706,113,1,30.14
7707,116,2,85.95
7708,133,2,2.22
7709,222,4,72.67
7709,42,2,71.57
7709,92,3,38.76
7709,166,1,73.91
7709,246,4,26.71
7710,48,4,95.23
7710,135,1,92.73
7710,6,4,68.1
7711,154,2,31.59
7711,210,2,29.1
7711,112,1,61.61
7711,27,2,58.85
7712,193,4,21.86
7712,234,3,111.7
7712,22,2,108.86
7712,225,2,69.32
7712,32,4,15.92
7713,76,1,14.67
7713,90,4,65.5
7713,135,2,73.81
7713,243,3,50.24
7714,184,2,50.07
7714,176,3,57.77
7715,240,2,102.77
7716,99,1,18.86
7716,90,3,47.29
7717,84,3,125.62
7717,89,1,27.37
7718,113,2,48.03
7719,212,3,89.45
7719,31,4,4.79
7719,234,4,70.56
7720,52,4,20.64
7721,29,4,115.31
7721,188,1,68.56
7722,180,3,15.22
7722,229,1,20.33
7722,202,3,3.17
7722,208,2,5.01
7723,54,4,29.78
7723,57,2,74.65
7723,18,2,16.28
7723,226,3,42.43
7723,112,1,52.55
7724,229,3,28.05
7724,106,2,3.43
7725,4,4,72.16
7726,248,2,4.51
7726,147,4,107.77
7726,211,2,20.66
7727,84,3,99.83
7727,191,2,61.91
7727,117,4,82.8
7727,123,3,77.41
7727,71,3,120.3
7728,62,4,35.68
7729,138,4,93.03
7729,126,2,115.71
7729,10,2,43.76
7730,42,3,59.93
7730,186,2,29.28
7730,161,3,56.38
7730,105,1,74.42
7730,219,4,113.41
7731,178,3,82.63
7731,5,4,95.71
7731,14,4,55.76
7731,69,4,77.28
7731,103,2,61.81
7732,113,4,35.14
7732,106,4,4.96
7733,107,3,23.79
7734,138,4,74.92
7734,167,3,15.6
7734,124,3,31.9
7735,23,1,31.19
7735,1,1,10.07
7736,161,3,70.88
7736,192,2,33.36
7736,114,1,53.38
7737,144,3,92.9
7737,178,4,114.45
7737,230,4,114.11
7737,110,4,51.74
7738,123,2,91.15
7738,35,4,97.33
7738,186,4,22.13
7738,136,4,87.08
7738,156,3,117.93
7739,35,2,74.21
7739,211,3,19.87
7739,69,1,63.5
7739,97,2,77.67
7739,239,2,61.79
7740,86,1,79.1
7740,88,2,107.82
7740,195,4,83.89
7740,165,4,113.67
7741,233,4,14.69
7741,24,4,52.99
7741,197,4,114.23
7742,35,2,91.7
7742,173,4,49.86
7742,146,1,60.35
7742,249,3,24.62
7742,152,3,66.67
7743,229,4,29.56
7744,204,1,90.21
7744,110,2,85.06
7744,172,1,14.01
7744,135,3,76.28
7744,105,2,97.88
7745,103,4,57.75
7746,212,4,58.88
7746,174,2,15.55
7746,134,2,29.04
7747,239,1,77.8
7747,116,2,58.15
7748,204,4,127.37
7748,47,2,20.27
7748,157,2,60.68
7749,12,4,82.83
7749,83,2,72.54
7750,204,2,111.38
7751,155,4,48.74
7751,18,1,12.25
7751,156,2,103.88
7751,51,3,19.91
7752,125,1,70.92
7752,246,2,32.21
7752,229,2,29.29
7753,164,4,31.61
7753,245,4,82.31
7753,61,3,47.69
7754,150,4,113.25
7754,156,1,86.18
7754,23,2,32.08
7755,30,4,36.35
7756,72,4,55.83
7757,52,2,26.85
7757,147,2,131.49
7757,30,2,22.97
7757,236,2,35.66
7757,223,1,68.94
7758,63,1,41.05
7758,191,2,63.74
7759,212,3,110.69
7759,99,4,34.07
7759,37,3,39.62
7760,179,4,59.47
7760,55,2,17.48
7760,92,1,28.57
7761,56,3,77.42
7761,12,3,62.05
7761,191,3,115.63
7761,31,4,5.55
7762,158,2,86.56
7762,13,1,64.06
7762,104,2,125.56
7762,220,1,15.29
7762,198,3,104.28
7763,19,1,103.53
7764,107,3,22.84
7764,32,2,14.32
7765,231,2,61.96
7765,5,1,81.45
7765,204,1,103.05
7766,96,1,1.99
7766,17,2,77.05
7767,1,2,5.84
7767,215,1,116.77
7767,43,1,43.53
7768,1,1,8.13
7769,182,4,51.21
7769,131,2,77.38
7769,83,4,95.94
7769,68,4,16.83
7770,17,4,95.89
7770,182,3,36.17
7770,9,4,22.55
7770,161,4,72.55
7771,218,4,40.79
7771,40,2,35.12
7771,47,4,28.03
7771,12,3,108.48
7772,46,3,22.6
7772,57,4,73.9
7772,171,4,28.6
7772,107,4,27.98
7773,38,1,74.74
7773,78,1,55.74
7774,15,3,119.36
7775,215,3,115.49
7775,96,1,2.44
7775,10,3,34.06
7775,40,4,24.13
7775,113,3,42.5
7776,5,2,83.97
7776,143,4,63.65
7776,144,4,87.09
7776,192,4,52.22
7776,218,2,35.07
7777,72,4,56.54
7777,219,3,125.41
7777,208,3,5.08
7777,235,2,111.84
7777,26,3,86.53
7778,71,3,119.04
7778,18,2,15.06
7778,225,2,77.36
7778,218,3,36.54
7779,49,3,48.82
7779,222,2,91.69
7779,38,3,105.84
7779,227,3,43.16
7780,110,1,51.63
7780,50,3,57.52
7780,18,3,18.99
7780,244,2,15.78
7780,1,3,6.95
7781,152,2,77.21
7781,68,4,25.4
7781,108,2,18.99
7781,140,1,15.26
7782,238,4,56.06
7783,126,1,74.36
7784,16,4,45.49
7784,227,3,37.13
7784,201,4,112.31
7785,198,3,99.22
7785,168,4,30.07
7786,128,1,137.59
7786,216,1,50.68
7786,240,4,122.89
7786,189,4,61.94
7787,247,1,45.64
7787,176,3,38.44
7788,105,4,65.89
7788,7,4,77.94
7789,32,1,17.89
7790,94,2,79.35
7791,159,1,11.91
7792,44,1,41.77
7792,172,2,11.72
7792,86,3,84.96
7792,27,2,35.59
7793,14,3,72.65
7793,196,2,66.11
7793,116,2,67.6
7793,25,2,118.85
7794,1,1,9.42
7794,230,1,69.7
7794,205,3,91.2
7794,175,3,108.91
7794,125,3,103.62
7795,3,2,14.66
7795,133,3,3.15
7795,215,3,135.78
7796,226,4,62.65
7796,57,3,56.59
7797,113,1,34.34
7797,116,4,50.06
7798,243,1,36.59
7798,70,4,61.66
7799,51,2,32.54
7799,152,3,79.71
7799,177,4,1.67
7799,98,3,4.92
7799,171,4,23.96
7800,84,1,119.88
7800,64,2,2.66
7801,71,4,80.33
7801,122,2,5.82
7801,227,1,32.62
7801,193,2,28.08
7801,75,4,118.89
7802,215,1,129.73
7803,136,1,106.43
7803,163,4,80.72
7804,218,4,35.92
7804,33,2,40.04
7805,146,3,85.18
7805,6,2,68.1
7806,25,4,107.64
7806,121,4,76.38
7806,74,4,69.06
7806,185,3,74.87
7807,133,3,3.21
7807,137,1,39.51
7808,207,4,78.93
7808,94,1,73.15
7808,98,3,3.85
7808,96,4,2.58
7809,164,4,41.05
7809,15,4,90.84
7809,103,2,39.14
7810,104,4,136.87
7810,114,4,56.5
7810,142,3,16.33
7811,122,4,6.43
7811,70,4,79.99
7811,33,3,38.85
7812,140,1,12.07
7812,22,3,124.26
7813,89,2,29.11
7813,85,3,46.47
7813,31,2,6.98
7814,31,3,4.26
7814,108,4,10.54
7815,119,2,19.19
7816,192,2,49.23
7816,129,3,66.84
7816,36,2,104.9
7817,238,3,46.44
7818,9,3,23.56
7818,60,1,31.54
7818,153,3,71.72
7818,20,4,97.89
7818,84,3,86.09
7819,5,3,116.6
7819,13,1,68.16
7819,74,4,85.54
7820,172,3,15.79
7820,204,2,128.76
7821,4,1,86.77
7821,191,3,83.77
7821,5,4,103.7
7822,131,2,69.25
7822,162,1,83.06
7822,149,4,29.14
7822,102,1,89.13
7823,233,2,12.76
7823,43,3,46.04
7824,3,4,14.27
7824,244,4,21.06
7824,11,4,75.38
7825,216,3,60.8
7825,136,4,74.69
7826,156,3,66.24
7826,229,2,17.78
7826,104,1,84.73
7826,35,1,86.89
7827,211,4,21.35
7827,38,3,113.64
7828,101,1,24.76
7828,106,2,4.49
7828,178,4,96.82
7829,153,4,81.44
7829,226,4,68.59
7829,95,4,54.58
7829,25,1,71.86
7829,181,1,43.87
7830,28,2,123.66
7830,179,3,89.52
7831,18,4,15.85
7832,199,4,73.7
7832,5,2,84.91
7832,130,2,108.32
7832,95,3,52.4
7832,155,4,55.66
7833,187,3,71.64
7833,192,3,35.47
7834,234,4,84.28
7834,37,1,29.08
7834,52,2,14.82
7835,196,4,108.66
7835,128,1,140.16
7835,82,1,102.53
7835,240,3,79.31
7835,120,1,95.51
7836,246,2,38.92
7837,207,1,135.32
7837,6,3,48.76
7837,241,3,67.3
7837,148,3,52.25
7838,202,4,3.2
7839,86,4,116.01
7840,80,1,71.6
7840,65,1,24.16
7840,156,3,76.22
7840,9,4,23.54
7841,78,4,91.57
7842,168,3,30.49
7842,1,4,8.01
7842,40,3,33.45
7842,64,2,3.32
7842,3,2,9.48
7843,195,2,55.63
7843,132,2,74.91
7843,170,1,66.07
7844,117,3,100.56
7845,87,1,101.51
7845,224,2,34.79
7845,49,3,48.09
7845,154,1,40.0
7845,139,4,73.11
7846,210,2,29.63
7847,153,1,77.14
7847,210,2,37.62
7847,125,1,113.9
7848,24,2,36.06
7848,30,2,26.51
7848,209,2,13.06
7848,243,2,32.31
7848,147,2,118.41
7849,69,3,109.48
7850,125,4,101.87
7850,74,4,102.79
7850,66,2,9.11
7851,212,3,104.99
7851,233,1,13.28
7852,68,2,29.02
7852,176,2,52.13
7853,107,1,20.73
7853,147,2,98.96
7854,129,4,56.97
7854,71,1,143.25
7854,67,3,117.26
7854,198,2,95.71
7855,63,2,33.36
7855,45,3,66.57
7855,8,1,46.7
7855,7,1,82.85
7856,131,2,104.89
7856,195,2,84.82
7856,162,2,114.0
7857,40,2,33.97
7857,35,2,90.27
7857,61,2,45.89
7858,49,1,37.9
7858,15,4,88.07
7859,169,2,95.61
7859,9,1,15.99
7859,151,3,74.83
7860,111,2,90.22
7861,54,2,38.72
7861,68,2,21.82
7861,41,1,18.57
7861,211,3,13.62
7862,90,4,37.26
7862,147,2,134.67
7862,95,1,43.89
7862,128,4,87.2
7863,45,4,107.22
7864,97,2,127.22
7864,200,1,131.57
7865,213,3,95.52
7865,65,3,39.02
7865,171,3,32.21
7866,229,2,18.45
7866,79,4,19.66
7866,235,3,119.04
7866,101,4,23.88
7867,68,2,26.08
7867,221,1,34.27
7867,12,2,103.08
7868,10,1,47.51
7868,216,3,36.28
7869,118,4,22.54
7870,160,2,10.91
7870,163,3,88.63
7870,190,1,57.67
7871,238,2,48.34
7871,43,4,39.41
7871,23,3,45.26
7871,237,3,45.74
7871,247,2,80.44
7872,186,4,20.8
7872,115,2,32.86
7872,71,4,82.45
7873,212,3,83.89
7873,186,2,21.43
7873,140,3,11.93
7873,67,1,111.54
7873,31,3,6.04
7874,201,1,126.32
7874,122,3,7.24
7874,37,4,31.76
7874,67,4,97.55
7874,144,3,112.61
7875,111,1,83.51
7875,105,2,70.22
7876,73,3,42.47
7877,73,2,29.33
7877,47,4,20.74
7877,65,1,28.89
7878,217,1,42.11
7878,123,4,96.29
7878,42,1,68.63
7878,132,2,80.14
7878,26,1,112.81
7879,146,1,94.21
7879,150,3,94.56
7880,124,4,20.76
7880,218,1,41.04
7880,109,1,125.36
7880,65,3,28.17
7880,2,1,13.95
7881,105,1,66.84
7881,235,1,74.91
7881,141,1,15.61
7882,154,2,35.3
7882,171,4,20.51
7882,145,2,57.18
7882,15,4,124.58
7882,227,1,34.71
7883,205,2,89.18
7883,214,4,73.56
7883,101,1,21.5
7883,40,1,23.63
7884,96,3,2.85
7884,76,3,12.02
7885,181,4,55.91
7885,7,3,51.94
7885,46,4,20.7
7885,200,2,119.3
7885,175,3,97.5
7886,123,4,56.91
7886,128,1,119.38
7886,73,3,38.3
7886,181,2,32.69
7887,204,3,91.58
7887,58,1,53.43
7887,12,2,83.07
7888,240,3,76.86
7888,146,4,66.34
7888,123,2,70.96
7889,40,2,24.55
7889,7,1,58.81
7889,153,1,74.24
7890,60,2,31.27
7890,127,2,84.36
7891,67,4,119.75
7892,39,4,43.03
7892,209,4,15.56
7892,144,4,100.54
7892,41,2,21.94
7893,155,1,41.51
7893,142,4,19.32
7893,98,3,3.61
7894,128,1,111.01
7894,68,1,19.5
7894,167,3,14.38
7894,224,1,25.3
7895,230,4,95.71
7895,231,4,65.64
7895,26,1,94.14
7896,169,4,84.35
7896,222,2,83.21
7896,6,1,61.57
7896,118,2,25.09
7896,102,4,77.83
7897,139,4,59.59
7898,110,1,84.05
7899,146,3,63.37
7899,210,4,26.5
7899,19,1,91.51
7899,133,3,3.61
7900,238,4,69.92
7900,171,3,30.38
7900,73,2,35.67
7901,45,3,76.55
7902,51,2,33.4
7902,165,4,111.03
7902,235,1,126.81
7902,194,4,57.82
7903,15,2,82.9
7903,130,2,113.03
7903,220,2,15.74
7904,15,4,135.81
7905,199,4,43.29
7905,36,1,117.46
7905,3,3,15.75
7905,216,4,41.39
7905,209,2,17.02
7906,123,4,57.03
7906,86,1,106.22
7906,84,2,89.85
7906,2,1,11.56
7907,120,3,99.66
7907,201,3,93.3
7907,41,4,26.51
7907,126,1,102.97
7907,210,1,39.46
7908,208,3,8.0
7908,235,4,70.33
7908,219,3,134.66
7908,228,3,18.55
7908,191,3,92.01
7909,233,1,9.13
7910,76,1,9.02
7910,224,2,23.04
7910,179,1,53.25
7911,58,1,57.83
7911,75,1,99.15
7911,157,2,45.35
7911,135,1,100.53
7912,49,4,46.87
7913,168,2,47.56
7913,235,4,125.22
7913,123,2,82.23
7913,121,3,97.69
7913,219,2,94.65
7914,116,2,57.29
7915,242,2,25.81
7915,197,4,90.07
7915,62,4,61.01
7915,130,4,93.85
7915,120,1,85.49
7916,34,3,6.89
7916,133,2,3.61
7916,108,4,19.51
7916,3,3,9.79
7916,219,2,122.03
7917,215,1,93.64
7917,152,1,97.52
7917,236,4,36.41
7918,196,2,100.57
7918,24,3,39.71
7918,161,3,74.91
7918,92,3,29.45
7918,192,4,38.41
7919,151,1,89.2
7920,7,4,70.14
7920,246,1,40.75
7921,30,4,35.83
7921,202,3,2.69
7921,35,3,80.88
7921,100,2,20.23
7921,143,1,77.38
7922,183,4,50.0
7922,61,3,59.77
7923,160,1,15.16
7923,108,1,16.37
7923,178,3,98.11
7923,76,4,12.32
7923,164,1,52.22
7924,158,3,112.38
7924,118,4,22.5
7924,196,1,82.02
7924,54,2,32.93
7924,117,4,81.64
7925,106,4,3.2
7925,88,2,80.21
7925,229,3,25.15
7926,197,4,108.18
7927,75,1,101.85
7927,200,4,130.3
7927,49,4,49.85
7927,212,4,109.6
7927,208,1,6.44
7928,118,1,39.58
7929,20,4,98.92
7930,201,3,122.65
7930,169,4,98.71
7930,141,1,10.9
7930,64,1,1.91
7931,131,2,92.0
7931,130,2,90.51
7932,55,1,16.45
7933,239,4,57.69
7933,75,1,101.6
7933,101,1,15.72
7933,153,4,78.1
7934,117,4,82.4
7934,202,2,2.21
7934,133,3,3.6
7935,184,3,46.18
7935,174,4,11.33
7935,12,3,88.92
7935,109,3,81.91
7935,194,2,60.61
7936,105,4,98.08
7936,11,3,101.87
7937,97,3,86.38
7937,138,3,77.45
7937,164,4,46.68
7938,120,2,81.42
7938,217,3,33.59
7938,231,3,73.98
7939,118,2,31.78
7939,12,1,84.21
7939,150,2,97.28
7940,93,1,38.05
7940,94,2,79.45
7941,44,3,43.98
7941,202,2,3.22
7942,206,4,58.94
7942,238,4,65.27
7942,213,3,69.48
7942,76,3,12.22
7942,226,2,47.5
7943,66,4,10.31
7943,19,3,82.85
7944,62,1,65.77
7945,1,2,9.08
7945,188,4,41.97
7945,178,2,91.86
7946,210,1,32.35
7946,124,1,27.77
7946,7,3,85.55
7946,150,2,110.77
7946,142,4,20.27
7947,39,4,34.67
7947,48,2,122.32
7947,43,4,40.84
7947,136,4,87.67
7947,147,1,87.73
7948,159,4,13.84
7948,8,3,36.95
7948,237,1,25.87
7949,165,4,64.01
7949,155,4,71.28
7949,206,2,57.11
7950,203,3,87.27
7950,69,2,95.51
7950,18,1,16.12
7950,149,2,42.58
7950,29,1,117.61
7951,41,2,24.93
7951,183,1,41.99
7951,166,4,57.96
7951,32,4,18.35
7952,229,3,22.7
7953,105,1,86.04
7953,145,1,35.91
7954,129,1,54.63
7954,72,3,54.36
7954,22,4,97.72
7955,151,2,58.8
7955,59,4,71.4
7955,211,1,21.07
7955,56,1,69.5
7956,96,2,2.48
7956,97,1,136.82
7956,242,2,23.67
7957,233,2,10.8
7957,219,3,98.25
7957,249,4,35.0
7957,197,2,87.17
7957,98,4,3.12
7958,179,2,62.36
7958,142,4,27.25
7958,238,1,75.28
7959,154,1,29.27
7959,47,3,26.66
7959,141,2,9.71
7959,51,1,25.69
7959,144,4,122.43
7960,125,1,96.34
7960,145,1,58.01
7960,104,3,142.62
7960,203,4,73.03
7961,103,2,53.01
7961,206,4,38.44
7961,115,4,29.88
7962,146,4,56.48
7962,227,2,32.68
7963,99,1,29.49
7964,58,2,66.5
7964,157,3,48.51
7965,156,1,110.62
7965,45,4,82.8
7966,193,3,16.5
7966,155,2,58.64
7966,168,4,45.23
7967,25,3,113.22
7967,19,3,109.13
7967,111,3,54.73
7967,61,1,58.06
7968,228,4,14.82
7968,245,2,64.74
7969,223,2,70.79
7969,17,3,94.96
7969,231,1,81.92
7969,246,4,31.74
7970,79,3,26.22
7970,89,4,34.21
7971,173,1,41.28
7972,172,4,17.56
7972,201,3,72.71
7972,63,1,41.92
7973,25,2,78.04
7973,236,2,42.84
7973,215,3,102.94
7974,64,2,2.63
7974,123,2,80.01
7974,1,3,9.84
7974,137,3,49.16
7974,102,4,125.73
7975,1,1,9.98
7975,141,3,10.15
7976,205,4,86.14
7977,110,4,85.95
7977,212,1,74.89
7977,23,2,41.2
7978,71,3,78.17
7978,2,2,14.08
7978,32,3,14.28
7978,182,4,37.15
7979,152,4,96.34
7979,16,1,62.99
7979,215,4,127.32
7979,62,4,42.72
7980,55,2,15.09
7980,140,4,14.53
7980,186,1,27.23
7981,249,4,32.51
7981,43,2,48.42
7981,160,1,14.19
7982,233,4,14.03
7982,87,2,80.98
7982,167,3,12.48
7983,99,4,32.99
7983,24,4,42.58
7983,199,1,60.88
7983,8,3,29.9
7983,209,3,18.81
7984,152,4,78.01
7984,9,3,23.87
7985,37,4,31.94
7985,86,3,115.91
7985,189,2,84.81
7986,160,3,15.35
7986,60,3,24.65
7987,247,4,54.33
7987,96,1,1.73
7987,242,2,22.9
7987,238,3,51.37
7988,249,3,43.43
7988,91,1,61.82
7988,155,1,53.39
7989,250,2,35.25
7990,212,2,61.81
7990,50,2,55.31
7991,72,1,44.04
7992,167,2,15.13
7992,153,2,94.21
7993,27,2,56.45
7993,101,2,18.79
7993,243,3,33.58
7993,25,1,118.64
7993,209,3,12.14
7994,104,1,107.85
7994,30,2,23.4
7995,134,2,28.94
7995,94,1,62.28
7995,31,2,7.07
7995,174,4,14.5
7995,103,1,45.22
7996,194,4,66.17
7996,181,4,36.15
7996,214,4,76.81
7996,250,2,52.17
7996,103,2,49.02
7997,113,3,31.69
7997,70,1,53.72
7997,209,4,11.54
7997,61,2,34.59
7997,73,4,29.06
7998,107,3,19.23
7998,169,1,96.64
7998,11,1,115.58
7998,245,4,106.36
7998,186,3,28.2
7999,98,1,3.6
8000,191,3,87.26
8000,118,2,26.23
8000,71,3,142.39
8000,58,1,42.83
8000,27,1,32.92
8001,86,4,93.84
8001,160,4,11.64
8001,63,2,24.79
8001,189,4,98.04
8002,239,4,96.44
8002,123,4,86.59
8002,27,2,60.32
8002,110,2,77.17
8003,134,2,26.64
8003,101,2,18.49
8003,139,1,53.57
8004,93,3,69.41
8005,50,3,89.32
8005,78,4,79.92
8005,131,4,98.36
8005,97,3,117.52
8005,169,4,62.04
8006,47,1,19.9
8006,243,4,44.41
8006,245,2,76.77
8006,225,1,106.31
8006,203,3,52.22
8007,241,1,100.26
8007,116,1,57.52
8008,217,2,30.55
8009,104,1,86.38
8009,218,1,42.36
8009,234,4,110.94
8009,167,1,10.05
8010,223,4,126.61
8010,114,3,98.8
8010,206,4,49.47
8010,109,1,100.73
8010,167,1,12.28
8011,203,3,79.59
8011,24,4,42.36
8011,87,1,97.16
8011,114,2,84.33
8011,164,4,35.38
8012,229,1,26.0
8012,107,3,31.15
8012,77,1,78.84
8012,2,2,10.19
8013,18,1,15.66
8014,93,4,51.26
8014,150,1,78.82
8014,40,4,24.81
8014,158,4,90.19
8015,67,1,104.61
8015,32,2,11.97
8015,34,4,7.89
8015,180,4,13.46
8015,89,3,29.68
8016,181,2,54.78
8016,211,4,21.27
8016,166,3,98.58
8016,11,1,94.73
8016,4,1,62.69
8017,160,2,15.39
8017,174,3,15.99
8017,107,2,24.96
8018,8,2,42.2
8019,230,2,86.59
8020,44,4,42.8
8020,20,4,84.59
8020,36,3,105.22
8020,227,2,25.77
8020,38,4,104.76
8021,69,4,75.98
8021,93,4,48.29
8022,46,3,21.64
8023,95,1,34.08
8023,203,1,86.69
8023,124,3,27.76
8023,112,1,90.87
8024,78,4,74.17
8024,20,4,76.11
8025,81,4,35.37
8026,15,4,76.86
8026,93,3,45.02
8026,223,4,85.29
8027,71,2,109.95
8027,204,1,68.83
8027,88,3,102.01
8028,203,1,79.71
8028,178,4,86.67
8028,117,2,98.8
8029,126,2,123.13
8030,27,2,36.04
8030,152,4,117.37
8030,26,2,102.7
8030,174,3,10.84
8031,238,1,47.17
8031,33,2,36.05
8031,24,3,42.65
8031,121,2,60.46
8032,207,2,107.05
8032,248,2,5.47
8032,225,3,113.07
8032,213,4,81.62
8032,236,1,60.79
8033,130,2,112.23
8033,153,3,103.19
8033,13,2,95.6
8034,147,3,123.0
8034,145,1,40.08
8034,158,3,112.65
8034,235,2,82.8
8035,55,2,19.19
8035,10,2,36.33
8035,164,3,47.18
8035,61,1,55.05
8036,88,2,80.56
8036,194,1,61.76
8036,146,4,64.59
8036,181,4,44.33
8036,27,4,58.99
8037,206,2,61.69
8037,8,3,39.13
8038,123,3,71.44
8038,118,3,41.37
8038,228,3,21.64
8038,61,4,53.18
8039,172,4,19.29
8039,134,1,35.71
8039,107,3,31.89
8039,15,3,115.98
8039,61,3,59.16
8040,239,3,92.92
8040,136,3,103.92
8040,222,1,69.38
8041,81,4,32.58
8041,162,2,79.11
8041,234,1,98.22
8041,50,3,82.93
8042,124,2,31.85
8043,18,4,15.78
8043,5,3,95.33
8043,10,3,56.68
8043,88,1,81.96
8043,224,3,36.58
8044,197,1,85.45
8044,145,4,37.91
8044,183,2,43.49
8044,181,4,44.23
8045,231,1,86.22
8046,132,3,70.55
8047,204,3,72.04
8047,9,1,26.83
8047,76,2,13.68
8048,152,4,65.46
8048,24,3,52.04
8048,69,2,97.68
8048,115,3,31.6
8049,28,2,99.68
8049,61,1,35.85
8049,234,2,99.21
8050,69,3,92.44
8050,78,3,56.26
8050,87,3,114.09
8051,72,2,50.66
8051,68,2,24.83
8052,68,4,18.77
8052,232,4,3.87
8052,103,1,39.27
8052,220,2,12.99
8053,121,3,87.8
8053,90,3,57.56
8053,158,3,70.74
8054,239,3,88.22
8055,101,2,20.34
8055,11,4,108.89
8056,149,2,33.21
8057,130,1,120.74
8058,16,1,42.01
8058,155,4,65.33
8058,88,1,115.21
8058,127,4,116.1
8058,95,4,52.37
8059,64,4,2.29
8059,240,4,80.83
8059,45,4,99.57
8059,129,2,51.95
8060,61,4,37.18
8060,34,4,4.94
8061,59,2,84.39
8062,185,4,66.66
8062,190,1,65.98
8063,71,2,104.56
8063,226,2,52.86
8063,14,1,74.38
8064,64,2,2.16
8064,194,4,53.97
8064,125,1,111.31
8065,70,3,73.47
8065,248,4,7.9
8066,156,1,115.93
8066,27,1,60.03
8066,158,1,108.99
8066,206,3,34.8
8066,67,1,88.69
8067,27,4,58.77
8067,229,3,31.21
8067,156,3,101.11
8067,108,2,11.73
8067,16,2,68.78
8068,210,1,39.26
8069,116,1,83.71
8069,72,3,55.64
8070,183,1,54.81
8070,132,3,81.31
8071,57,1,53.58
8072,125,1,129.58
8072,1,3,7.05
8072,57,3,59.85
8072,234,4,74.31
8072,85,2,72.36
8073,187,3,93.96
8074,240,3,71.84
8074,9,4,20.8
8074,224,4,31.45
8075,102,3,132.89
8075,172,1,12.17
8075,203,4,90.04
8076,233,4,12.04
8077,106,1,2.9
8078,242,1,22.35
8078,212,4,95.85
8078,41,4,26.06
8078,47,3,29.26
8079,169,4,95.46
8080,118,3,27.87
8081,198,3,79.79
8081,106,2,3.98
8081,146,2,61.86
8081,150,2,95.55
8081,136,2,116.54
8082,91,1,55.11
8082,111,3,77.62
8082,140,3,11.51
8083,55,2,23.91
8083,132,4,62.63
8083,174,4,9.89
8084,203,3,51.07
8084,125,3,128.07
8084,152,4,118.14
8084,229,3,20.17
8085,166,1,69.08
8086,72,3,31.44
8086,186,4,20.63
8087,116,1,50.38
8087,246,4,30.38
8087,9,1,26.91
8087,44,2,24.54
8087,129,2,43.88
8088,218,2,44.91
8088,110,4,55.46
8089,83,1,71.21
8089,61,2,33.99
8089,150,2,65.56
8089,63,3,35.39
8089,53,1,43.18
8090,175,2,94.02
8091,109,4,89.35
8091,30,3,30.18
8091,26,2,97.65
8091,136,4,100.51
8091,83,1,118.17
8092,133,1,3.13
8092,88,1,140.54
8092,202,1,2.3
8093,74,4,88.66
8093,227,4,29.76
8093,5,1,64.46
8093,150,1,74.67
8094,78,3,78.58
8094,79,2,19.04
8094,188,4,56.65
8094,137,4,46.51
8094,152,3,76.41
8095,59,1,48.71
8095,115,4,31.51
8096,54,1,24.43
8096,171,1,23.95
8096,39,2,41.5
8097,142,3,20.24
8097,148,4,44.54
8097,84,3,81.15
8097,158,2,94.95
8097,174,4,15.38
8098,3,2,14.62
8099,50,2,79.36
8099,84,1,106.95
8099,85,3,48.45
8099,52,3,26.83
8099,237,1,46.77
8100,201,3,133.2
8100,144,3,73.33
8101,74,4,125.3
8102,239,1,80.51
8103,181,4,34.1
8103,6,3,66.88
8104,54,4,37.21
8104,149,3,41.44
8104,173,2,42.88
8104,127,3,129.45
8104,72,2,35.78
8105,141,2,11.31
8105,58,1,55.37
8105,5,2,64.39
8106,115,1,34.28
8106,158,1,120.66
8106,205,2,74.19
8107,8,4,35.91
8107,118,2,35.65
8107,208,1,6.38
8107,177,3,1.99
8108,15,2,123.79
8109,213,2,89.04
8109,22,1,107.22
8109,169,2,90.06
8109,197,2,108.8
8110,107,4,26.41
8110,193,2,23.12
8110,235,1,70.38
8110,86,3,122.1
8111,34,2,6.73
8112,9,3,19.49
8112,190,3,80.83
8112,103,1,59.64
8113,5,1,111.92
8113,204,2,90.17
8113,206,4,42.48
8113,196,1,66.2
8114,209,2,17.6
8114,37,3,24.39
8115,22,3,98.28
8115,143,4,87.91
8116,205,3,69.83
8116,168,1,38.5
8116,170,2,64.56
8116,33,1,48.65
8116,66,3,6.02
8117,133,3,2.83
8117,13,2,82.12
8118,116,2,63.86
8118,136,4,74.93
8118,221,2,22.86
8118,81,3,38.09
8119,82,4,116.79
8120,147,1,123.67
8121,126,2,71.39
8121,60,4,20.22
8122,67,3,85.64
8123,53,2,36.15
8123,215,1,111.82
8124,193,1,24.66
8125,43,4,62.6
8125,203,4,74.25
8125,213,3,77.03
8125,227,2,35.01
8125,145,1,35.59
8126,190,2,87.89
8126,150,4,99.89
8126,155,3,60.22
8127,196,3,71.67
8127,190,1,61.51
8128,231,2,49.98
8128,182,4,58.61
8128,198,1,107.48
8128,41,3,28.74
8129,71,1,86.65
8129,91,3,86.18
8130,136,3,80.57
8130,70,3,79.92
8131,110,4,76.61
8131,23,2,31.87
8131,99,3,21.79
8132,94,4,54.47
8132,141,1,11.66
8132,45,2,101.96
8133,48,1,98.5
8134,65,3,23.6
8134,200,3,128.53
8134,90,1,42.01
8135,38,2,92.1
8135,46,1,27.3
8135,13,3,50.57
8136,155,4,44.25
8136,157,2,42.06
8136,125,4,102.73
8137,82,3,120.77
8138,150,2,113.13
8138,46,2,22.61
8139,56,4,63.2
8140,149,1,27.1
8140,4,1,53.45
8140,215,4,128.03
8140,144,2,112.74
8140,129,2,59.05
8141,25,1,114.27
8142,197,4,104.96
8142,225,3,75.39
8143,70,2,81.25
8143,153,3,70.25
8144,70,4,94.63
8144,73,1,46.46
8144,223,1,122.6
8144,158,1,119.26
8144,184,4,41.72
8145,159,3,18.28
8145,191,3,96.84
8145,105,2,78.39
8145,163,4,54.55
8145,229,4,24.22
8146,26,3,95.97
8146,187,4,90.41
8146,47,1,22.9
8146,58,4,68.89
8146,69,4,71.09
8147,200,2,120.58
8147,72,1,58.64
8147,224,3,27.14
8147,29,1,102.07
8147,171,2,24.03
8148,15,3,118.5
8148,236,4,43.14
8148,173,1,60.92
8148,11,1,93.64
8149,211,2,13.72
8149,152,2,70.06
8150,178,4,77.99
8150,14,1,49.93
8150,99,1,25.78
8150,126,3,98.06
8150,242,1,23.87
8151,189,4,65.05
8151,235,4,126.05
8151,16,1,51.18
8152,201,3,111.36
8153,91,4,66.64
8153,132,4,65.63
8154,185,1,65.01
8154,25,2,119.21
8154,137,3,36.9
8154,163,1,67.01
8155,180,1,15.04
8155,189,1,58.91
8155,118,2,22.72
8155,147,3,136.41
8155,67,4,89.85
8156,133,4,3.56
8156,142,4,20.55
8156,55,1,13.51
8156,53,4,49.87
8156,57,1,91.14
8157,222,2,90.35
8158,46,1,27.24
8158,170,1,51.64
8158,244,3,22.12
8159,126,4,110.67
8160,228,1,13.84
8161,178,1,101.94
8161,119,4,22.25
8161,9,2,16.13
8162,101,1,25.76
8162,208,4,4.33
8162,170,4,65.38
8162,147,3,84.37
8162,225,1,128.18
8163,24,4,51.93
8163,11,3,78.42
8163,82,3,117.24
8164,82,3,122.45
8165,152,1,72.14
8166,86,1,105.73
8166,15,1,79.59
8166,95,3,53.06
8167,163,2,61.15
8168,104,4,135.09
8168,57,2,55.49
8168,127,3,87.93
8169,248,3,6.74
8169,11,1,119.2
8170,35,2,123.15
8171,102,3,127.28
8171,161,2,66.83
8172,58,1,61.39
8172,168,2,31.14
8172,185,4,78.29
8173,51,2,28.49
8173,173,2,51.18
8173,52,3,27.49
8173,244,2,19.37
8173,187,4,88.68
8174,3,4,15.8
8174,238,4,57.98
8174,223,4,109.21
8174,189,3,73.64
8174,135,2,105.5
8175,1,1,9.24
8176,182,1,39.75
8177,54,3,33.51
8178,68,4,17.57
8179,127,1,95.82
8179,120,2,65.57
8179,44,1,25.63
8179,136,3,85.77
8180,225,3,88.34
8180,140,4,11.92
8180,68,4,25.97
8180,46,3,27.43
8181,91,4,56.07
8182,78,1,76.7
8182,191,3,79.5
8182,213,4,76.9
8182,228,2,21.14
8183,248,3,8.17
8184,151,1,78.27
8184,141,2,12.59
8185,189,4,105.92
8185,247,1,77.04
8185,40,4,36.2
8185,220,2,12.3
8185,174,2,15.13
8186,80,2,80.32
8186,42,4,98.14
8186,57,4,87.84
8186,218,1,31.59
8186,35,3,85.0
8187,164,1,44.82
8187,117,3,72.16
8188,194,1,89.27
8188,48,3,93.3
8189,208,3,6.61
8189,103,1,38.2
8189,222,1,74.51
8189,21,1,57.81
8190,15,4,124.22
8190,108,2,15.04
8190,177,4,2.96
8190,125,1,104.79
8190,181,4,52.23
8191,17,3,112.5
8192,217,2,30.24
8192,155,2,41.42
8192,239,1,70.79
8193,28,4,86.91
8193,173,4,63.3
8194,222,3,55.17
8194,106,3,4.93
8194,240,3,120.6
8195,79,2,19.86
8196,174,3,15.7
8196,15,1,99.59
8196,205,4,77.87
8196,123,4,75.04
8196,181,2,59.89
8197,235,2,119.75
8197,167,3,16.68
8197,8,2,50.29
8197,15,2,87.65
8198,148,1,40.69
8199,243,4,41.03
8199,217,1,50.7
8199,99,2,22.9
8199,201,2,73.9
8200,191,3,100.66
8200,194,1,77.34
8200,211,4,15.25
8200,67,4,68.74
8200,92,4,38.15
8201,51,1,23.66
8201,96,2,2.17
8202,138,2,88.14
8202,86,4,68.32
8202,121,4,56.49
8202,213,1,89.96
8202,249,2,28.56
8203,183,2,51.56
8203,226,3,66.78
8203,43,3,41.02
8203,146,4,68.6
8204,9,2,26.27
8205,128,3,140.61
8206,220,3,17.41
8206,198,1,80.62
8206,177,2,1.67
8207,119,4,22.66
8207,189,1,102.89
8208,174,1,12.47
8208,148,4,54.84
8208,161,2,51.59
8209,147,4,97.71
8210,72,3,32.07
8210,170,1,68.06
8210,199,2,62.29
8210,98,1,4.18
8211,64,1,2.08
8212,158,3,75.03
8213,65,3,30.29
8213,202,1,3.46
8213,69,4,66.13
8213,249,1,45.07
8214,233,4,10.95
8214,6,4,66.13
8214,86,1,112.65
8215,82,3,98.31
8216,92,4,26.6
8217,82,3,118.84
8217,174,3,13.31
8217,240,3,93.25
8217,94,3,50.72
8218,214,3,67.43
8218,75,2,78.15
8218,59,3,62.58
8218,225,1,125.13
8218,203,2,68.11
8219,38,4,129.84
8220,224,1,24.46
8220,140,3,18.13
8220,196,4,65.54
8221,53,3,28.79
8221,196,2,64.53
8222,93,3,62.87
8222,91,1,82.63
8222,28,2,104.19
8222,229,2,20.31
8223,187,4,89.19
8223,107,3,31.97
8224,141,4,14.28
8224,106,3,2.93
8224,221,1,30.04
8225,199,4,41.37
8225,154,3,34.15
8226,179,3,64.04
8226,74,2,78.48
8227,172,2,15.59
8227,89,2,43.1
8227,75,4,73.75
8227,103,3,57.29
8228,19,1,110.49
8228,248,2,5.62
8228,13,1,52.24
8229,121,1,100.16
8229,220,1,10.46
8229,3,2,15.8
8229,15,3,126.89
8229,211,1,15.83
8230,26,3,110.16
8230,140,1,16.55
8230,119,1,24.98
8230,162,3,75.8
8231,208,2,6.19
8231,234,3,61.4
8232,132,2,62.37
8232,170,2,63.07
8233,14,2,50.71
8233,191,2,89.97
8234,112,2,60.05
8234,160,3,14.64
8234,119,1,28.15
8234,248,1,6.94
8235,243,3,40.79
8235,180,2,15.61
8235,3,2,14.67
8235,148,1,53.53
8236,43,2,40.02
8236,137,1,58.85
8236,55,3,16.19
8237,57,2,94.53
8237,65,2,33.33
8237,85,4,70.17
8238,241,2,94.42
8238,86,2,99.72
8238,18,2,12.55
8238,202,2,3.58
8238,210,3,47.96
8239,201,2,90.95
8239,76,3,16.12
8239,130,4,71.5
8240,16,4,68.68
8240,209,2,11.86
8241,156,4,88.46
8241,65,3,38.29
8241,205,3,106.87
8241,95,4,49.26
8241,2,3,9.44
8242,121,1,60.75
8242,65,2,26.53
8242,142,4,23.28
8242,136,3,115.67
8243,100,2,14.91
8243,211,4,18.19
8243,170,2,57.71
8243,37,2,22.22
8243,66,1,7.14
8244,30,2,26.04
8244,162,4,73.47
8244,26,3,61.32
8244,76,1,11.3
8244,214,1,81.12
8245,113,1,41.74
8245,3,4,14.52
8245,201,3,123.81
8245,172,2,11.6
8245,161,2,66.18
8246,175,1,70.38
8247,94,1,72.42
8247,188,2,40.74
8247,8,4,50.07
8247,99,1,22.48
8247,90,4,56.54
8248,118,4,27.97
8248,147,4,135.97
8248,169,1,98.29
8249,147,4,112.63
8249,30,4,23.35
8249,26,1,91.61
8249,56,2,58.7
8249,224,4,23.7
8250,127,1,107.49
8250,68,4,17.09
8250,204,2,108.68
8250,108,4,15.89
8250,186,3,19.53
8251,104,3,133.83
8251,126,3,86.69
8251,172,1,13.1
8252,94,2,84.15
8252,226,4,52.53
8252,25,3,94.18
8253,124,3,20.0
8253,81,1,24.09
8253,89,1,30.47
8253,55,1,15.86
8253,161,2,49.11
8254,88,3,116.91
8254,131,2,75.93
8254,100,2,17.16
8254,250,2,47.59
8255,214,1,87.29
8255,81,4,37.31
8255,40,3,26.8
8255,227,1,26.91
8256,179,2,92.31
8257,147,4,100.34
8257,86,2,112.67
8257,159,2,11.3
8258,102,4,78.49
8258,208,4,7.49
8258,201,1,135.28
8258,123,1,62.08
8258,115,1,37.69
8259,37,3,40.36
8259,65,4,36.96
8259,245,1,75.97
8259,193,1,30.63
8260,119,1,22.37
8261,231,3,67.9
8261,80,1,89.53
8261,125,1,100.9
8262,169,4,82.97
8262,97,2,110.79
8263,4,1,56.46
8263,197,3,77.89
8264,77,4,87.4
8265,59,3,65.37
8265,190,2,72.16
8265,102,4,74.48
8265,62,3,59.05
8265,105,3,76.6
8266,244,1,15.16
8266,151,3,90.43
8266,113,3,37.37
8266,207,2,130.54
8267,40,2,22.56
8267,222,1,56.25
8267,204,3,78.25
8267,178,4,111.14
8268,211,2,22.22
8268,40,3,33.7
8268,36,4,88.84
8269,199,4,52.35
8269,214,3,65.29
8269,134,4,40.09
8269,66,2,8.47
8270,23,1,37.17
8270,241,1,96.08
8270,28,2,97.62
8270,146,1,67.63
8270,221,4,31.7
8271,218,4,37.75
8272,151,4,80.74
8272,83,2,70.98
8272,145,1,38.33
8273,32,2,21.47
8273,70,3,96.87
8273,137,1,55.33
8273,201,3,127.96
8274,239,3,84.6
8274,205,4,85.02
8274,231,2,52.03
8274,64,4,2.02
8275,204,4,76.24
8275,89,2,45.4
8275,26,1,64.1
8275,195,1,74.1
8275,121,1,95.32
8276,131,3,103.01
8276,71,2,113.02
8276,193,1,21.37
8276,206,3,55.94
8277,27,4,36.1
8278,138,1,109.88
8278,221,3,29.69
8278,121,3,55.07
8278,222,3,60.84
8278,204,3,119.86
8279,76,1,12.22
8279,182,2,33.75
8279,197,4,75.07
8279,151,4,54.82
8280,38,3,96.59
8280,191,2,84.64
8280,37,3,28.73
8280,5,1,71.03
8280,18,3,12.94
8281,168,1,29.7
8281,72,4,46.88
8281,142,2,15.07
8282,250,4,42.98
8282,78,1,54.16
8282,66,3,10.13
8282,155,4,65.76
8283,44,1,34.97
8284,202,4,2.64
8284,146,2,88.78
8284,133,1,3.23
8285,67,1,91.92
8286,100,4,19.29
8286,71,3,103.91
8287,11,2,110.21
8288,45,3,97.34
8288,55,3,17.99
8288,107,3,30.28
8289,245,4,67.86
8290,133,3,2.58
8290,75,3,101.18
8291,97,1,134.31
8291,154,4,44.58
8292,89,4,44.03
8292,10,1,46.45
8292,170,3,60.14
8292,136,2,73.16
8293,205,2,90.23
8294,63,3,36.04
8294,105,4,82.18
8294,241,2,63.77
8295,222,2,55.05
8296,30,3,30.21
8296,198,2,97.72
8296,234,1,62.0
8297,187,1,74.68
8297,158,4,92.84
8297,238,4,69.26
8297,220,2,11.6
8297,44,2,39.44
8298,89,1,45.75
8298,190,3,89.44
8298,18,4,18.27
8299,53,1,32.23
8300,86,4,110.08
8300,212,2,101.94
8301,45,4,77.96
8301,210,1,30.43
8301,169,1,99.54
8301,102,1,71.96
8301,110,1,80.25
8302,217,4,31.84
8303,53,1,50.53
8304,207,2,104.37
8304,66,3,7.25
8304,23,3,39.14
8304,170,2,66.83
8305,87,2,106.43
8305,1,4,7.33
8305,229,3,32.17
8306,128,1,81.45
8306,68,1,18.97
8306,222,2,51.67
8307,106,3,3.28
8307,86,3,125.17
8308,61,4,61.27
8308,160,2,9.97
8308,113,2,52.65
8309,145,1,37.4
8309,118,4,35.93
8310,63,2,29.71
8310,168,2,40.62
8310,17,2,106.94
8310,211,3,14.86
8310,66,3,6.79
8311,149,1,34.73
8311,70,4,79.68
8311,8,2,49.47
8311,195,4,55.39
8312,64,2,2.45
8312,140,1,12.18
8312,79,2,24.73
8312,26,4,90.49
8312,35,1,118.58
8313,200,2,91.03
8313,89,3,38.16
8313,230,4,88.06
8314,39,2,24.89
8314,209,4,11.35
8314,20,3,73.24
8315,115,2,42.54
8315,99,3,32.4
8315,192,2,30.94
8315,40,1,22.16
8316,82,2,84.97
8316,53,1,32.4
8317,193,1,16.86
8317,108,4,17.46
8317,57,1,79.63
8317,62,4,51.58
8318,74,2,71.28
8318,217,2,44.7
8318,197,1,87.29
8319,228,4,20.66
8319,95,3,60.76
8319,17,1,73.19
8319,123,1,92.45
8320,232,4,5.1
8320,17,1,84.36
8320,125,3,79.69
8320,67,2,111.06
8320,202,2,4.01
8321,91,1,71.69
8321,213,1,100.07
8322,163,4,76.94
8323,164,3,47.04
8323,205,4,108.96
8323,204,3,109.42
8323,226,3,42.64
8323,20,2,71.16
8324,73,2,49.37
8324,37,2,22.91
8325,15,3,75.39
8326,236,2,56.03
8326,166,3,57.88
8326,36,3,108.18
8326,3,2,14.26
8327,105,2,81.23
8327,159,4,11.44
8328,187,3,93.67
8328,137,2,44.25
8328,49,1,51.19
8328,104,3,82.23
8328,149,3,37.16
8329,62,3,55.84
8329,135,2,97.45
8330,29,1,117.08
8330,225,4,95.44
8330,229,3,31.44
8330,69,4,90.41
8330,217,3,28.2
8331,126,3,124.53
8331,32,2,13.26
8331,175,2,87.38
8332,43,1,70.47
8332,208,2,5.81
8332,53,3,46.83
8332,5,3,87.83
8333,245,1,99.13
8333,173,2,50.75
8333,93,1,63.88
8333,225,3,76.01
8333,74,1,113.3
8334,239,1,71.9
8334,80,1,85.82
8335,174,3,14.28
8335,71,3,105.33
8336,194,3,77.86
8336,52,2,21.3
8336,28,2,80.15
8336,174,2,11.03
8337,112,4,71.0
8337,124,2,28.82
8337,185,2,66.14
8338,228,2,20.19
8338,10,2,40.34
8339,44,2,31.82
8339,68,4,20.58
8339,171,4,29.51
8339,78,2,54.55
8339,186,4,31.42
8340,186,1,20.86
8340,105,3,95.07
8340,236,4,51.48
8340,218,3,46.11
8340,180,3,10.78
8341,163,3,76.83
8341,153,3,77.83
8341,239,4,88.61
8341,46,2,17.67
8341,206,4,56.47
8342,185,1,70.86
8343,110,4,72.1
8343,189,1,66.25
8343,48,4,106.21
8343,124,2,21.56
8344,193,4,23.02
8344,84,2,112.69
8345,115,3,42.79
8346,198,4,67.69
8347,81,3,22.46
8347,221,3,20.72
8347,45,1,83.96
8348,209,4,12.06
8348,188,3,51.94
8349,250,1,40.34
8350,221,2,26.22
8350,98,4,2.84
8351,38,1,90.51
8351,55,2,15.66
8352,69,4,62.76
8353,92,3,34.48
8353,56,3,51.93
8353,133,1,3.4
8353,4,2,58.41
8353,193,2,19.94
8354,222,1,77.07
8354,110,3,66.91
8355,228,3,18.07
8355,94,3,53.41
8355,108,2,16.54
8355,88,4,124.34
8355,199,1,65.55
8356,228,2,24.82
8356,168,3,35.6
8357,162,1,96.06
8357,26,4,90.49
8358,200,4,127.53
8358,128,2,120.08
8359,78,1,58.79
8359,48,4,119.01
8360,218,1,32.28
8360,214,3,92.24
8360,108,1,10.76
8361,197,4,62.68
8361,176,3,62.41
8362,47,3,24.62
8362,210,2,42.48
8362,189,3,106.73
8362,187,2,87.46
8362,48,1,104.85
8363,233,3,10.61
8363,64,4,2.86
8363,122,2,4.57
8363,164,2,38.68
8364,139,3,87.55
8364,241,2,75.73
8364,240,4,117.11
8364,106,2,4.99
8365,161,2,63.88
8365,38,2,130.69
8365,181,4,37.92
8366,238,1,48.87
8366,4,4,67.68
8367,216,2,42.4
8367,218,3,28.99
8368,166,1,58.07
8369,45,1,70.44
8370,224,1,23.42
8370,228,4,23.66
8370,157,2,54.75
8371,164,3,32.62
8371,106,4,3.99
8371,243,1,34.26
8371,146,2,73.1
8371,239,1,53.87
8372,100,3,19.21
8373,197,2,66.14
8374,51,1,28.0
8374,48,3,132.17
8374,195,4,81.89
8375,89,1,24.9
8376,85,1,74.98
8376,173,1,48.33
8376,176,3,37.47
8376,35,4,97.77
8377,15,2,77.97
8377,222,3,53.37
8377,92,4,30.53
8378,104,2,94.01
8378,131,2,76.36
8379,182,2,31.23
8380,182,3,37.83
8380,62,4,36.58
8380,25,2,66.9
8380,128,1,135.82
8381,30,4,22.38
8381,28,3,104.22
8381,230,2,72.62
8381,129,2,65.46
8381,160,4,13.23
8382,57,4,79.35
8382,95,2,37.67
8383,149,1,29.77
8383,43,4,39.81
8383,244,1,23.17
8383,67,3,119.05
8383,14,2,42.55
8384,186,4,21.61
8385,142,1,23.87
8385,96,1,2.28
8385,240,3,117.54
8385,244,1,13.07
8385,9,3,15.74
8386,227,3,44.35
8386,98,2,3.65
8386,245,2,58.72
8386,217,4,51.41
8387,130,4,117.89
8388,225,2,95.2
8388,152,4,96.85
8388,6,2,37.87
8388,77,1,77.44
8388,223,3,126.03
8389,222,2,70.63
8389,196,1,80.6
8389,232,3,3.33
8389,186,2,21.34
8390,106,3,4.59
8390,15,2,83.95
8390,121,2,63.34
8390,85,3,76.32
8391,135,1,92.36
8391,133,3,3.05
8391,121,2,61.18
8392,164,4,38.18
8392,95,4,44.57
8392,217,1,51.46
8393,19,2,133.32
8393,146,4,85.6
8394,220,2,15.8
8394,107,2,29.97
8394,129,3,50.1
8394,185,4,84.67
8395,171,3,31.34
8396,212,2,78.24
8396,131,3,72.84
8397,84,1,77.62
8397,9,2,27.28
8397,14,3,55.86
8397,87,3,105.68
8397,65,3,36.8
8398,39,4,24.98
8398,248,3,5.72
8398,151,3,75.67
8398,98,3,3.25
8399,88,3,109.28
8399,70,3,96.88
8400,204,4,104.18
8400,141,3,10.18
8401,40,4,22.56
8401,157,3,59.21
8401,75,1,76.44
8401,35,2,89.04
8401,147,4,118.78
8402,66,4,6.56
8402,47,3,34.49
8402,124,4,33.61
8402,94,1,85.62
8402,95,2,42.94
8403,213,3,64.29
8403,100,2,16.35
8403,76,1,13.72
8403,144,2,98.42
8403,204,2,103.22
8404,49,4,46.76
8404,13,1,70.21
8404,83,1,86.5
8404,77,1,61.01
8405,58,1,44.55
8405,6,1,52.88
8405,24,1,33.83
8406,163,3,93.97
8406,140,4,11.32
8406,58,4,42.85
8406,122,2,7.77
8406,187,1,98.48
8407,231,4,58.37
8407,149,4,50.89
8408,84,2,92.9
8408,13,4,55.92
8408,172,3,10.16
8408,113,2,37.94
8409,225,1,94.42
8409,67,3,70.55
8410,80,3,107.84
8410,240,2,130.63
8410,223,3,74.48
8410,76,4,10.52
8410,124,1,33.85
8411,233,3,11.44
8411,63,4,42.08
8411,139,2,91.65
8411,45,1,92.13
8412,140,4,12.28
8412,23,3,45.89
8412,175,4,97.94
8412,76,3,13.06
8413,41,2,21.6
8413,127,4,100.79
8413,189,3,58.47
8413,175,3,129.97
8414,24,2,47.2
8414,53,2,49.8
8415,158,4,108.81
8415,138,3,105.34
8416,138,1,107.47
8416,79,2,19.21
8416,180,4,12.76
8416,118,2,36.57
8416,183,4,55.06
8417,167,1,18.27
8418,16,4,61.34
8418,151,1,61.57
8418,201,2,124.01
8418,94,1,74.92
8419,199,1,61.14
8419,206,2,34.49
8419,202,3,2.24
8419,102,1,82.04
8419,222,4,83.62
8420,200,4,117.57
8420,13,4,77.65
8420,206,4,50.09
8421,243,1,43.15
8422,75,3,114.18
8422,171,4,33.52
8423,67,1,110.36
8423,89,2,25.33
8423,245,4,105.36
8424,191,3,102.39
8424,237,3,34.35
8424,155,2,63.25
8424,67,3,85.94
8424,134,2,33.59
8425,6,2,62.13
8425,93,4,59.43
8426,99,1,23.52
8426,202,4,4.14
8426,37,1,38.11
8426,22,2,95.55
8426,28,3,118.74
8427,248,2,4.96
8427,50,3,54.7
8427,4,3,72.97
8427,83,1,79.42
8428,196,2,102.23
8428,224,2,38.14
8428,47,2,33.73
8428,105,4,57.19
8428,167,4,17.89
8429,26,1,95.81
8429,99,1,30.06
8429,202,3,3.32
8429,174,4,9.3
8429,31,2,7.5
8430,222,3,80.38
8431,136,4,70.3
8431,47,3,36.55
8431,107,1,20.25
8432,163,2,61.93
8432,56,3,82.67
8433,217,2,46.87
8433,148,3,41.67
8433,18,3,15.73
8434,104,4,109.02
8434,151,2,61.76
8434,190,3,59.29
8434,143,1,75.07
8434,108,3,14.54
8435,133,2,3.06
8435,127,1,91.11
8435,18,1,16.79
8435,166,4,73.18
8436,115,2,26.41
8436,121,2,73.26
8436,39,3,36.68
8436,118,4,40.31
8437,97,4,81.31
8438,51,2,27.13
8439,132,1,65.16
8439,57,1,49.62
8439,225,4,100.95
8440,227,4,40.12
8440,96,2,1.96
8440,159,2,14.9
8441,167,2,9.94
8442,88,1,133.15
8442,106,3,3.03
8443,81,2,25.71
8444,180,4,10.42
8445,240,3,74.27
8445,134,4,37.05
8445,196,2,101.71
8445,155,4,41.56
8446,194,4,74.03
8446,143,2,75.21
8446,167,2,15.18
8446,31,1,7.67
8446,45,1,87.19
8447,173,3,51.2
8447,172,4,11.53
8447,229,1,24.76
8448,98,2,3.26
8448,212,2,75.13
8449,135,2,106.78
8450,148,2,53.53
8450,159,4,19.04
8450,167,2,16.71
8450,250,1,58.1
8451,27,1,50.13
8451,203,4,75.07
8451,16,3,58.79
8451,244,2,21.64
8452,189,2,83.38
8452,60,3,34.29
8452,2,1,13.86
8452,167,2,14.08
8452,133,1,3.21
8453,146,3,78.38
8454,51,4,21.0
8454,33,3,32.77
8455,190,1,73.31
8456,81,4,32.81
8456,139,1,66.02
8456,138,3,83.8
8456,220,1,18.28
8456,194,3,66.53
8457,131,4,102.67
8457,177,4,2.42
8457,75,2,121.2
8457,163,4,72.81
8458,212,2,93.98
8458,118,1,39.47
8458,69,4,65.08
8458,98,3,2.59
8458,76,4,15.17
8459,198,4,106.16
8460,94,3,81.95
8460,157,4,45.74
8461,228,2,22.04
8461,191,4,89.59
8461,123,3,92.94
8461,214,2,67.15
8461,84,4,83.04
8462,207,2,104.27
8463,47,3,26.91
8464,16,2,57.96
8464,175,2,74.84
8464,73,1,26.63
8464,241,2,70.67
8465,80,1,65.85
8465,74,1,96.08
8465,180,2,9.17
8465,208,2,8.08
8465,229,3,25.76
8466,15,3,84.84
8466,59,4,76.06
8466,162,1,66.9
8467,16,1,47.12
8467,84,4,114.41
8467,26,2,72.48
8467,144,1,116.34
8468,12,1,58.68
8468,96,1,2.23
8468,206,3,36.78
8468,144,3,113.04
8469,42,2,66.18
8469,11,4,77.22
8470,240,4,100.33
8471,85,1,58.5
8471,70,3,59.41
8471,5,1,64.11
8471,155,3,40.33
8471,131,4,95.95
8472,236,2,34.99
8472,3,4,15.33
8472,146,4,66.54
8473,145,1,58.64
8474,164,3,35.53
8474,241,1,104.96
8474,100,4,14.97
8475,55,3,22.16
8475,229,2,24.1
8475,226,4,50.14
8475,134,4,46.71
8475,65,1,24.98
8476,42,3,79.83
8476,169,3,88.55
8476,15,4,75.9
8477,186,4,29.98
8477,134,4,32.02
8477,128,4,131.43
8478,22,3,142.13
8478,210,2,31.74
8478,197,4,82.56
8479,135,1,108.91
8479,152,3,105.76
8480,142,3,17.1
8480,179,4,71.45
8480,147,3,115.24
8480,199,2,53.37
8481,198,4,68.83
8481,176,1,51.23
8481,51,3,34.94
8482,85,1,43.61
8482,38,2,123.32
8482,110,2,69.98
8483,9,4,24.3
8483,104,2,97.14
8483,6,2,63.95
8483,230,4,76.04
8483,100,3,19.05
8484,15,2,129.13
8484,153,1,98.03
8484,26,2,59.96
8485,219,3,89.55
8485,72,2,43.37
8485,99,3,25.6
8486,146,3,82.0
8486,100,1,11.5
8486,71,3,128.07
8487,55,3,19.52
8487,118,4,26.23
8487,157,3,39.05
8487,127,3,71.64
8488,139,2,66.14
8489,204,4,123.7
8489,94,4,67.51
8489,64,3,2.68
8490,243,1,54.68
8490,236,3,66.05
8490,44,4,44.53
8490,101,1,23.58
8491,117,2,111.18
8492,4,1,71.98
8492,212,2,71.83
8493,167,4,10.3
8493,22,2,89.86
8493,28,2,106.43
8493,120,1,92.5
8493,49,3,38.85
8494,250,3,37.75
8495,71,1,136.22
8495,210,3,40.72
8495,176,2,53.6
8495,42,3,79.23
8496,44,1,26.56
8497,200,4,115.73
8497,37,1,41.15
8497,168,1,44.9
8497,54,4,27.42
8497,188,3,60.09
8498,208,4,8.14
8498,83,3,67.77
8498,98,2,3.24
8498,52,2,17.73
8499,77,4,80.48
8500,89,3,31.34
8500,178,1,73.65
8500,242,4,31.19
8500,64,1,1.95
8500,52,2,20.17
8501,185,3,81.94
8501,194,4,91.72
8502,169,3,86.39
8502,201,3,77.76
8502,211,1,15.65
8502,215,3,80.25
8502,141,2,14.88
8503,164,3,48.75
8503,72,2,33.78
8504,214,2,71.06
8504,241,1,96.55
8504,45,4,77.32
8504,100,3,12.23
8505,1,1,7.67
8505,25,3,113.62
8505,24,4,33.86
8506,60,4,25.5
8506,113,2,35.82
8506,221,2,32.09
8506,123,2,89.92
8506,82,4,84.32
8507,117,1,77.49
8507,151,1,90.01
8508,182,3,55.83
8509,107,1,29.85
8509,193,3,16.94
8509,54,1,26.99
8510,167,3,10.05
8510,223,4,85.33
8510,204,4,93.94
8510,39,3,40.23
8511,202,2,2.89
8511,220,1,15.68
8511,24,4,50.43
8511,229,1,25.2
8512,167,4,13.87
8512,116,1,61.25
8512,223,1,112.98
8512,44,2,39.27
8512,25,1,65.32
8513,157,3,39.87
8513,72,2,50.49
8514,239,3,67.87
8514,233,4,8.07
8515,136,1,108.26
8515,100,1,15.18
8515,138,4,105.88
8515,7,4,60.64
8515,27,1,36.4
8516,214,4,67.96
8516,221,4,34.11
8516,143,3,63.26
8516,44,2,41.36
8516,197,2,96.52
8517,18,3,15.67
8517,35,2,112.55
8517,19,2,89.36
8517,170,1,70.79
8517,29,1,121.0
8518,190,4,57.78
8518,75,3,102.3
8518,119,3,17.18
8518,43,4,49.7
8518,1,3,10.0
8519,223,3,78.8
8519,46,4,22.67
8519,68,3,19.87
8519,190,2,61.84
8519,80,2,68.26
8520,18,1,10.23
8520,125,2,87.01
8520,137,1,38.43
8521,44,3,32.02
8521,241,4,101.88
8521,142,2,24.91
8521,143,1,51.05
8521,98,3,4.62
8522,53,1,48.3
8522,178,4,71.26
8522,40,2,29.65
8522,145,4,34.73
8522,12,2,63.06
8523,230,2,113.68
8523,67,3,106.8
8524,197,3,90.44
8524,236,3,38.46
8524,180,4,14.45
8525,142,2,16.37
8525,191,4,112.58
8525,22,1,110.58
8526,231,4,72.33
8526,98,3,4.41
8526,6,2,46.22
8527,202,3,3.25
8527,192,4,39.97
8528,20,1,93.16
8528,250,4,42.98
8528,131,4,81.23
8529,126,2,133.42
8529,193,2,25.41
8529,36,2,89.23
8529,107,2,28.85
8530,158,4,72.24
8530,104,4,137.14
8530,208,1,6.57
8531,143,1,71.62
8531,223,2,98.21
8532,6,2,62.2
8532,155,1,67.5
8532,41,4,18.5
8533,223,3,131.21
8533,212,2,105.2
8533,207,1,74.52
8534,164,2,46.11
8534,86,2,101.03
8535,139,3,76.38
8535,83,3,116.42
8535,137,3,33.32
8535,86,2,84.49
8535,58,4,50.18
8536,25,1,109.86
8537,84,2,85.75
8538,62,4,64.49
8538,155,2,70.34
8538,158,4,90.57
8539,21,4,49.37
8539,70,1,75.11
8539,22,3,109.5
8539,180,2,10.71
8540,220,1,13.56
8540,12,1,92.99
8540,223,2,122.43
8540,77,4,76.79
8541,188,4,61.9
8541,237,2,43.26
8541,65,4,23.78
8542,12,1,108.49
8542,106,1,4.61
8542,167,2,13.47
8542,66,1,7.58
8543,78,1,85.87
8543,41,4,16.7
8543,84,3,103.77
8544,157,1,41.49
8544,98,1,2.7
8544,20,1,113.18
8544,62,4,45.57
8544,240,2,86.81
8545,124,3,27.58
8545,9,2,21.12
8545,39,2,29.17
8545,1,3,8.54
8545,131,4,77.7
8546,60,2,20.75
8546,106,3,3.87
8547,121,3,86.6
8547,10,2,64.43
8547,54,1,37.59
8547,12,1,100.23
8547,211,1,15.98
8548,140,1,11.56
8548,172,4,17.14
8548,203,3,79.22
8549,55,1,23.05
8549,208,3,4.36
8549,50,4,84.11
8549,45,3,82.79
8550,250,2,36.78
8550,56,4,88.36
8550,232,1,4.92
8550,248,3,7.62
8551,178,1,71.24
8551,163,2,60.7
8552,175,1,77.51
8552,132,3,61.03
8552,181,2,59.48
8552,30,1,36.87
8552,159,1,14.51
8553,115,2,31.0
8554,223,1,71.99
8554,27,3,41.33
8555,129,3,48.95
8555,1,2,7.34
8556,50,1,66.83
8556,20,4,78.05
8556,181,4,39.68
8556,86,2,77.9
8556,224,4,31.67
8557,92,1,38.11
8557,243,1,36.91
8558,71,1,133.0
8558,80,3,72.3
8559,63,1,29.72
8559,120,4,70.73
8559,47,1,20.15
8559,237,1,47.19
8559,114,2,80.26
8560,181,4,56.27
8561,135,3,72.67
8562,160,1,9.99
8562,228,1,15.46
8562,168,3,27.38
8563,31,4,6.12
8563,153,3,59.89
8563,72,2,45.18
8563,242,3,38.37
8563,106,2,3.48
8564,207,1,98.39
8564,20,3,76.46
8565,224,3,36.72
8565,86,1,79.6
8565,8,2,35.59
8566,145,4,47.13
8567,61,3,55.2
8568,78,4,69.49
8568,167,1,12.16
8568,90,4,56.69
8569,93,2,56.73
8569,241,4,80.25
8569,51,1,32.63
8570,3,3,11.26
8570,84,3,91.33
8570,224,3,36.0
8570,92,4,30.36
8571,147,3,112.96
8571,226,2,38.68
8571,50,4,84.63
8572,179,2,67.64
8572,49,1,32.93
8572,74,1,104.32
8573,103,2,46.64
8573,116,4,72.09
8574,126,1,131.51
8575,153,3,62.54
8575,30,1,25.89
8575,45,3,106.75
8576,147,2,84.76
8576,214,1,100.9
8576,205,3,66.73
8576,171,4,26.27
8577,110,3,81.2
8578,213,2,67.18
8578,112,3,81.37
8579,227,1,40.54
8579,58,4,54.38
8579,89,4,36.29
8579,33,2,54.42
8579,3,1,10.15
8580,224,2,22.54
8580,88,4,134.79
8580,20,4,105.27
8581,240,2,80.64
8582,19,3,126.09
8582,135,4,105.52
8582,9,4,27.78
8582,196,2,89.03
8583,35,2,111.96
8583,216,4,43.58
8583,103,2,62.19
8583,33,4,53.76
8584,180,2,16.5
8584,214,3,65.39
8584,227,3,47.31
8585,190,4,82.48
8585,139,3,76.34
8585,64,1,2.29
8585,47,3,23.12
8586,57,3,70.13
8586,199,3,73.82
8586,197,1,79.94
8586,103,3,52.42
8587,49,2,34.36
8587,175,3,116.76
8588,1,1,5.68
8588,64,1,3.4
8588,2,1,8.41
8588,89,3,47.08
8589,111,4,62.26
8590,35,2,126.53
8590,192,1,39.23
8591,201,2,107.73
8591,214,2,87.5
8592,206,3,38.88
8592,234,3,102.77
8592,146,2,55.27
8592,208,4,5.46
8593,173,4,37.6
8594,167,1,15.88
8594,27,3,33.98
8594,210,1,37.73
8594,93,4,56.44
8594,39,2,25.73
8595,106,2,3.56
8596,188,4,61.74
8596,140,2,12.16
8596,137,1,55.93
8597,121,4,101.94
8597,240,4,95.09
8597,158,1,103.4
8598,139,1,88.28
8598,38,3,105.79
8599,23,1,36.56
8599,93,2,48.79
8599,246,3,30.91
8599,188,1,47.74
8599,98,1,4.1
8600,235,4,127.91
8600,250,3,47.94
8600,38,2,107.4
8601,212,3,105.71
8601,86,4,76.19
8601,59,2,65.83
8602,197,3,81.39
8602,146,2,60.85
8602,68,3,20.12
8603,54,2,28.32
8603,40,3,35.33
8603,79,2,30.2
8604,162,2,73.52
8604,190,1,60.69
8604,64,1,2.99
8604,86,3,100.76
8605,112,4,96.44
8605,159,2,16.06
8605,18,2,11.37
8606,79,2,20.81
8606,34,2,9.24
8606,170,3,42.3
8606,2,1,14.23
8606,201,4,80.09
8607,39,2,44.4
8607,166,3,97.34
8607,37,2,34.64
8607,222,3,95.29
8608,16,3,58.33
8608,196,4,91.14
8608,191,1,74.6
8609,246,4,26.95
8609,37,3,31.23
8609,222,3,59.59
8609,73,1,28.78
8610,182,1,57.68
8611,23,3,42.8
8611,102,4,102.54
8611,119,3,21.08
8611,170,1,39.66
8611,225,3,126.86
8612,50,3,84.11
8613,174,3,16.98
8613,177,1,2.41
8613,224,4,36.53
8613,56,3,87.66
8613,173,3,53.82
8614,157,1,42.37
8615,3,4,12.29
8615,43,2,49.42
8615,41,3,17.75
8615,106,4,2.7
8616,234,4,93.43
8617,14,3,42.15
8617,25,4,120.36
8617,127,3,76.04
8617,119,1,20.74
8618,96,4,3.02
8618,39,2,27.81
8618,194,1,74.0
8618,231,4,82.49
8618,249,2,32.01
8619,218,2,28.41
8619,67,3,88.92
8620,38,2,101.48
8620,185,3,85.42
8620,36,4,85.48
8620,187,4,70.89
8620,43,3,43.82
8621,200,1,105.41
8621,246,2,39.25
8621,172,2,16.69
8621,76,3,9.9
8621,199,2,41.49
8622,199,1,53.95
8622,26,3,69.43
8623,31,4,5.68
8623,205,1,78.18
8623,165,2,66.16
8623,152,2,118.56
8624,163,1,67.72
8624,84,2,92.33
8624,112,3,99.77
8624,156,4,111.94
8624,88,1,88.13
8625,34,4,8.69
8625,208,4,7.59
8625,9,4,24.61
8625,20,1,104.76
8626,89,1,29.83
8626,106,4,3.98
8626,53,3,39.37
8626,13,1,80.46
8626,113,3,31.37
8627,11,2,112.94
8627,96,1,1.79
8628,234,4,105.65
8628,26,3,73.23
8628,22,2,130.02
8628,223,3,87.64
8629,18,1,16.52
8630,194,1,88.79
8630,164,3,39.62
8630,142,1,27.84
8630,245,2,66.38
8630,237,2,36.5
8631,243,1,56.95
8631,69,3,64.13
8631,196,2,66.55
8631,184,2,40.22
8632,122,3,7.75
8632,246,1,41.04
8632,89,4,25.34
8632,53,2,46.53
8633,24,4,32.86
8634,176,3,64.05
8634,25,2,87.52
8634,242,3,28.51
8634,71,4,123.73
8634,12,2,89.09
8635,220,2,10.82
8635,21,4,41.35
8635,118,1,38.49
8636,160,4,10.57
8637,80,1,63.52
8637,193,1,19.03
8637,43,2,46.91
8637,67,3,109.1
8637,100,2,13.76
8638,50,2,71.15
8639,65,1,35.8
8639,35,3,75.16
8639,14,4,65.46
8639,215,2,73.56
8640,83,1,77.68
8640,62,3,59.0
8640,67,3,95.22
8640,143,3,86.41
8641,173,2,46.87
8642,25,3,86.76
8643,151,1,61.53
8643,17,1,86.67
8643,86,2,122.31
8643,192,4,46.6
8644,91,3,54.03
8644,71,2,79.28
8645,159,2,11.53
8645,236,1,40.08
8645,162,1,80.36
8645,101,1,17.39
8645,66,3,10.9
8646,215,4,119.44
8646,69,3,92.22
8646,98,3,4.01
8646,178,3,70.3
8646,169,4,72.21
8647,136,4,102.84
8647,15,4,100.73
8647,210,2,46.51
8647,242,1,30.03
8648,153,4,75.76
8648,196,2,81.95
8648,238,3,49.12
8648,3,2,11.32
8649,1,4,10.06
8649,99,2,24.15
8649,179,1,86.92
8649,100,1,11.0
8649,194,1,73.92
8650,125,2,99.61
8651,172,1,13.05
8651,142,2,22.6
8651,57,3,83.32
8652,33,4,57.45
8652,85,1,62.17
8652,222,2,65.26
8653,173,3,39.15
8653,211,2,18.28
8653,222,1,97.03
8654,175,1,128.49
8654,229,1,17.0
8654,236,4,35.61
8654,168,3,27.3
8654,238,2,66.74
8655,48,3,125.39
8655,214,4,60.08
8656,220,3,15.51
8656,172,3,13.05
8656,2,2,12.36
8657,143,2,48.47
8657,230,2,85.48
8658,68,1,25.78
8658,174,2,14.38
8658,60,2,23.67
8658,246,2,29.25
8659,158,3,87.42
8659,34,3,7.46
8660,154,2,44.82
8660,207,4,119.25
8660,249,1,26.28
8661,197,1,93.95
8661,132,4,95.91
8661,168,2,43.31
8661,239,1,74.92
8662,100,1,15.46
8662,147,3,101.3
8662,157,4,58.36
8662,111,2,87.04
8662,9,4,23.56
8663,106,3,4.09
8663,249,2,32.06
8663,170,1,60.57
8663,176,3,42.86
8664,76,1,15.03
8664,233,2,11.35
8664,121,4,96.47
8665,248,4,8.09
8665,178,2,99.63
8665,167,2,14.42
8666,5,3,103.8
8666,210,1,43.84
8666,133,3,2.94
8667,168,4,30.02
8667,60,3,25.16
8667,167,4,13.86
8667,89,2,43.32
8667,150,2,118.69
8668,114,3,62.81
8668,59,3,65.91
8669,196,2,97.4
8670,135,3,78.51
8670,10,4,63.32
8670,244,4,15.91
8670,35,3,85.04
8671,203,4,78.26
8671,13,1,63.66
8671,222,1,73.71
8672,183,3,42.76
8672,164,3,46.49
8673,137,2,56.04
8673,38,1,139.63
8673,180,4,15.55
8673,198,1,80.42
8674,148,4,56.97
8674,229,3,31.73
8674,3,2,11.05
8675,221,1,29.48
8675,149,1,50.27
8675,179,3,88.7
8676,102,4,124.73
8677,111,4,91.27
8677,117,4,101.36
8677,65,4,32.5
8677,156,1,97.06
8678,63,3,25.21
8678,50,2,49.17
8678,59,1,57.97
8678,61,3,59.25
8679,30,3,21.76
8679,24,1,33.34
8679,131,3,77.45
8679,196,4,68.19
8680,66,4,11.35
8680,240,3,133.05
8680,213,4,79.31
8680,215,3,108.97
8680,176,1,58.87
8681,182,2,30.59
8681,26,2,76.94
8681,119,2,16.6
8682,3,3,11.69
8682,213,2,81.68
8683,3,2,11.16
8683,35,1,88.44
8684,150,4,108.3
8684,116,2,47.4
8684,53,4,44.13
8684,217,2,46.23
8685,130,2,85.24
8685,107,4,26.97
8686,132,2,84.72
8686,74,2,100.57
8686,185,2,97.53
8686,183,3,46.19
8687,104,4,108.87
8687,208,2,4.9
8687,219,4,90.79
8687,152,1,94.28
8687,231,2,84.62
8688,243,1,33.89
8689,142,3,23.39
8689,176,4,62.36
8689,187,1,132.46
8689,213,3,109.24
8690,45,3,60.37
8690,140,1,19.91
8690,134,1,28.41
8691,89,1,34.61
8692,123,1,65.62
8692,76,2,13.03
8692,197,4,104.59
8692,174,3,14.71
8693,26,1,89.28
8693,59,3,48.54
8693,249,2,23.86
8693,3,1,9.68
8693,158,4,100.63
8694,66,3,7.22
8695,71,2,94.02
8696,42,4,57.85
8696,104,4,117.21
8696,170,4,51.22
8696,174,4,15.39
8696,157,4,48.49
8697,71,2,107.22
8697,225,4,99.87
8697,173,1,65.69
8697,226,1,42.83
8697,50,1,56.77
8698,49,1,46.21
8698,166,4,66.27
8698,173,3,49.04
8698,93,4,39.62
8698,152,2,111.62
8699,4,1,57.31
8699,124,1,18.94
8700,185,2,92.44
8701,40,2,28.09
8701,99,3,31.57
8702,29,3,106.38
8702,16,3,38.89
8702,225,3,101.36
8702,27,1,56.74
8703,186,4,22.36
8703,94,4,76.31
8703,168,2,46.91
8704,26,4,90.45
8704,45,4,97.84
8704,160,3,10.42
8704,141,3,11.0
8705,84,4,87.87
8705,184,1,40.29
8705,120,3,103.12
8706,68,4,27.26
8707,201,2,104.92
8707,32,1,19.13
8707,167,2,12.21
8707,150,3,116.84
8707,57,4,66.92
8708,53,4,45.35
8709,233,3,9.19
8709,210,1,34.21
8709,69,4,114.59
8709,243,4,34.84
8709,95,2,37.15
8710,103,1,50.46
8710,177,2,3.02
8710,47,3,28.64
8710,8,3,36.67
8711,6,2,46.08
8711,21,4,44.63
8711,207,2,82.76
8712,229,4,30.64
8712,30,4,31.78
8712,63,3,24.62
8713,82,1,98.8
8714,78,2,82.42
8714,184,2,49.68
8714,15,2,126.19
8715,156,2,105.81
8715,26,3,88.64
8715,6,4,48.18
8716,98,1,3.54
8716,112,4,76.23
8716,33,2,32.81
8716,137,1,49.51
8716,159,4,14.92
8717,34,1,5.74
8717,239,1,92.04
8717,236,4,40.16
8717,41,4,24.07
8717,206,3,41.56
8718,16,2,66.12
8718,110,3,80.32
8719,200,2,77.73
8720,198,3,94.21
8721,49,4,43.12
8722,244,2,22.07
8722,29,2,121.24
8722,85,1,48.3
8722,57,3,76.96
8722,187,4,118.93
8723,175,3,97.25
8723,46,1,22.78
8723,86,2,71.69
8723,250,2,59.69
8724,183,2,64.68
8724,155,2,42.96
8724,40,4,37.56
8724,187,2,123.99
8724,123,3,88.6
8725,17,4,112.04
8726,246,2,31.27
8726,245,3,92.63
8726,52,2,18.17
8727,55,3,15.37
8728,108,1,11.6
8728,17,3,110.0
8729,21,2,52.41
8730,54,2,36.66
8730,217,2,43.44
8730,84,4,78.23
8731,152,3,64.21
8731,193,2,22.29
8731,43,4,68.37
8732,220,2,13.61
8732,55,4,19.2
8732,47,4,37.02
8733,228,4,26.04
8733,67,2,115.96
8733,199,2,49.76
8733,137,2,47.8
8734,145,3,38.51
8735,129,3,47.25
8735,103,1,52.03
8735,204,1,98.87
8735,168,1,41.98
8736,93,2,55.21
8736,11,2,80.09
8736,232,3,3.81
8737,29,3,112.41
8737,230,2,79.88
8737,203,4,60.51
8737,39,4,25.23
8738,79,4,31.55
8738,109,1,109.94
8738,55,2,17.95
8738,205,4,99.67
8739,203,1,56.92
8739,15,2,75.92
8739,198,4,64.04
8739,126,4,88.34
8740,76,1,15.23
8740,203,1,88.32
8740,22,2,128.09
8740,166,4,58.33
8741,113,2,39.36
8741,170,2,39.65
8741,135,2,93.53
8742,8,2,38.91
8742,148,2,49.88
8742,5,1,63.88
8743,126,1,108.92
8744,71,2,81.19
8744,222,2,64.12
8745,68,1,22.17
8745,83,4,102.75
8745,159,3,17.89
8745,223,2,126.38
8746,67,1,81.19
8746,21,2,54.45
8746,34,2,9.34
8746,52,1,26.85
8746,132,1,90.22
8747,58,1,48.76
8747,109,2,91.68
8748,170,2,43.88
8748,186,1,28.62
8748,233,2,13.72
8748,148,1,54.56
8749,203,1,87.98
8749,223,3,87.45
8749,132,1,86.8
8750,201,3,90.28
8751,248,3,6.72
8751,81,1,29.48
8751,131,1,78.01
8751,30,2,30.72
8752,221,4,22.0
8752,102,2,107.08
8752,61,2,59.76
8752,110,3,46.82
8753,124,2,34.43
8753,109,1,111.23
8754,43,2,46.77
8754,23,1,31.11
8754,114,2,61.94
8754,74,1,90.52
8754,90,1,55.65
8755,244,4,19.99
8755,148,3,38.59
8756,24,2,35.27
8757,102,3,129.97
8758,186,4,25.11
8758,187,3,132.69
8758,46,2,18.34
8758,202,2,3.56
8758,223,1,103.25
8759,131,4,68.52
8759,12,4,106.05
8760,160,4,9.36
8760,218,4,27.72
8761,204,3,69.86
8761,167,3,13.22
8761,179,1,95.65
8762,212,4,105.13
8763,15,4,130.94
8764,14,1,64.03
8764,25,4,82.24
8764,215,4,101.61
8764,64,4,2.27
8765,90,2,45.93
8765,243,4,42.2
8766,143,4,61.35
8767,169,2,62.52
8767,184,3,59.84
8767,91,3,89.39
8767,25,3,76.35
8767,229,2,27.64
8768,164,1,48.41
8769,19,4,115.45
8769,207,1,101.91
8769,18,4,12.5
8770,102,3,78.47
8770,250,3,34.19
8771,71,1,121.31
8772,98,2,3.82
8772,177,1,3.0
8772,140,3,16.82
8772,233,2,9.31
8773,13,4,56.25
8773,152,1,76.04
8773,12,3,78.3
8774,169,4,65.16
8774,53,3,33.03
8774,19,1,89.84
8775,64,4,1.85
8775,129,3,58.88
8776,199,1,58.86
8776,196,3,70.54
8776,159,1,15.82
8776,220,3,16.48
8777,19,4,95.64
8777,65,2,42.87
8777,24,4,36.41
8777,190,3,72.06
8777,143,2,73.27
8778,6,4,60.91
8778,121,1,94.61
8778,85,1,70.94
8779,14,2,62.95
8779,55,1,16.44
8779,72,2,47.65
8779,36,4,115.7
8780,102,3,117.32
8780,22,1,87.26
8780,185,4,54.41
8780,164,2,50.0
8780,129,4,42.61
8781,231,3,90.14
8781,239,4,55.18
8781,155,2,66.54
8782,162,2,80.61
8782,74,3,74.52
8782,10,2,40.86
8783,218,1,42.79
8783,173,4,45.59
8784,128,3,111.05
8784,127,1,108.85
8784,105,2,76.13
8784,224,4,26.03
8785,163,1,64.96
8785,162,3,73.22
8785,179,3,63.15
8785,36,3,68.41
8786,183,2,62.05
8786,13,2,54.12
8786,45,3,70.47
8786,52,1,17.61
8787,176,2,52.95
8787,215,1,111.82
8788,128,3,113.21
8789,249,1,38.43
8789,86,2,98.87
8790,6,1,43.48
8790,155,3,66.92
8790,63,1,31.64
8790,196,2,104.23
8791,7,4,58.49
8791,36,2,70.69
8791,205,2,61.02
8792,213,3,87.57
8792,92,3,26.05
8792,194,3,74.04
8792,232,1,5.54
8792,223,3,97.53
8793,143,2,80.51
8793,186,4,23.31
8793,218,4,46.31
8793,131,1,102.92
8794,205,2,111.31
8794,179,1,59.98
8794,40,4,21.27
8794,196,3,84.16
8795,68,1,16.55
8796,183,3,55.02
8796,54,3,37.81
8796,12,3,101.1
8796,65,2,41.81
8796,1,2,8.04
8797,72,3,48.65
8797,88,1,122.15
8797,127,3,122.61
8797,140,1,18.41
8797,248,3,6.6
8798,9,1,26.62
8799,115,1,32.94
8799,223,4,85.81
8799,99,4,31.57
8799,90,2,68.21
8800,81,2,33.67
8800,203,1,52.35
8800,153,3,98.13
8800,12,1,64.46
8801,63,2,33.92
8801,167,4,11.62
8801,35,2,70.1
8801,106,2,4.85
8802,127,3,85.63
8802,217,2,39.25
8802,211,4,19.22
8802,88,3,117.31
8803,112,3,82.06
8803,188,3,38.82
8803,17,4,67.97
8803,31,1,7.29
8803,68,2,20.3
8804,5,4,92.13
8804,224,3,32.94
8804,50,3,77.71
8804,38,2,114.58
8805,74,3,109.47
8805,160,3,13.17
8806,14,3,77.14
8806,118,1,27.07
8806,115,2,30.51
8806,64,2,2.45
8806,200,1,103.48
8807,70,4,58.21
8807,225,3,94.97
8807,189,3,89.62
8807,67,2,104.75
8807,10,1,61.93
8808,101,1,18.55
8808,223,3,107.24
8809,118,2,29.95
8809,83,1,69.19
8809,120,4,110.06
8809,104,1,85.12
8810,120,4,78.67
8810,197,1,83.83
8810,175,2,92.92
8811,198,3,70.54
8811,144,1,80.68
8812,138,3,89.83
8812,171,3,22.77
8812,135,2,93.56
8813,100,3,19.18
8813,180,4,16.87
8813,25,1,120.79
8813,152,3,70.81
8813,242,3,31.43
8814,34,2,4.96
8815,227,4,46.86
8816,104,1,137.14
8816,205,1,89.63
8816,215,2,73.4
8817,46,3,22.62
8817,143,4,84.92
8817,229,3,32.19
8818,29,1,69.17
8818,57,3,66.05
8818,160,4,10.57
8818,241,4,77.63
8819,24,1,40.77
8819,234,2,87.57
8819,145,4,61.6
8819,129,2,41.36
8820,44,1,43.67
8820,37,3,36.19
8821,59,2,73.97
8821,231,1,60.27
8821,87,3,128.92
8822,144,3,117.24
8822,116,4,58.14
8823,157,4,40.18
8823,190,1,97.63
8824,33,2,48.17
8824,18,1,14.02
8824,117,4,78.72
8825,12,4,82.52
8825,161,2,74.04
8826,41,3,17.74
8826,184,4,57.87
8826,195,2,92.42
8827,195,1,81.57
8827,34,4,6.01
8827,162,4,91.35
8827,31,3,6.48
8827,7,3,84.64
8828,235,2,79.34
8828,61,1,43.64
8828,211,2,16.6
8828,239,4,60.18
8828,103,2,39.31
8829,138,3,110.79
8829,199,2,67.72
8830,119,4,25.46
8830,180,2,16.64
8830,29,2,110.93
8830,44,2,28.07
8831,104,1,86.16
8831,157,1,54.67
8831,149,4,33.36
8831,175,3,88.08
8832,179,4,85.59
8833,157,2,55.37
8833,7,1,77.74
8834,215,1,119.98
8834,98,1,3.34
8835,59,3,65.06
8835,133,3,2.91
8836,91,2,78.09
8836,36,2,114.73
8837,84,1,115.28
8838,232,2,3.66
8838,80,3,92.12
8838,203,1,58.71
8839,9,3,18.92
8839,193,4,30.25
8839,52,2,15.25
8839,246,2,42.27
8839,192,4,44.77
8840,138,4,67.07
8840,89,4,37.5
8841,37,1,28.13
8842,150,3,84.04
8842,63,2,43.44
8842,122,4,6.64
8842,96,2,2.76
8842,222,1,81.82
8843,153,1,67.85
8843,155,2,46.65
8844,194,1,86.7
8845,168,4,35.19
8845,198,2,74.18
8846,127,3,72.28
8846,64,4,3.42
8847,149,2,44.09
8847,38,3,122.52
8848,29,3,118.52
8848,194,4,76.27
8849,56,4,76.95
8849,113,3,31.04
8849,205,2,90.59
8849,103,2,58.06
8850,6,4,62.67
8850,48,3,118.65
8850,220,2,11.05
8850,42,1,56.81
8850,3,2,13.64
8851,232,1,3.32
8851,40,1,24.06
8852,121,2,66.25
8853,106,4,3.62
8853,36,2,100.26
8853,90,2,42.35
8854,72,4,41.06
8854,219,2,98.33
8855,126,3,126.18
8855,178,3,97.1
8855,78,2,74.47
8855,139,4,85.01
8855,97,1,80.31
8856,61,2,42.5
8856,20,2,112.82
8856,50,1,85.27
8856,166,2,66.06
8857,140,3,19.3
8857,217,1,30.28
8857,19,3,87.16
8857,75,3,102.03
8858,45,3,62.5
8858,121,3,68.66
8859,33,4,32.58
8859,200,3,92.72
8860,225,2,115.59
8861,36,3,88.55
8861,29,1,89.82
8862,60,4,34.37
8862,61,1,47.9
8862,217,3,44.23
8862,236,2,37.86
8862,174,1,11.17
8863,48,4,115.65
8864,223,1,113.83
8864,120,2,102.37
8865,20,1,115.2
8865,183,2,39.67
8866,163,4,87.79
8866,138,3,109.89
8866,238,3,68.31
8866,64,2,2.56
8867,101,3,14.02
8868,190,4,51.23
8868,39,1,37.04
8868,183,4,58.33
8868,182,1,41.81
8869,167,4,12.82
8869,92,1,34.43
8869,11,1,111.73
8870,130,2,88.19
8870,53,1,30.16
8871,83,4,74.17
8871,151,3,83.38
8871,152,4,107.62
8871,21,4,36.22
8871,106,2,3.84
8872,78,1,61.77
8872,218,2,35.15
8872,135,3,115.03
8873,217,2,33.78
8874,237,1,43.63
8874,25,1,103.52
8874,167,4,12.43
8874,158,1,75.49
8875,58,1,64.72
8875,175,4,120.4
8875,38,2,87.71
8875,11,1,111.1
8875,104,1,109.95
8876,171,4,32.12
8876,216,4,52.13
8876,29,3,96.6
8876,201,4,113.56
8876,73,2,39.29
8877,30,1,22.43
8877,211,2,20.85
8877,85,2,53.3
8877,239,1,89.65
8878,62,2,52.06
8878,58,1,45.15
8878,92,4,28.66
8878,211,4,16.73
8878,219,1,119.8
8879,149,4,35.97
8880,29,1,120.02
8881,217,1,45.78
8881,51,1,34.93
8881,11,4,117.65
8882,9,2,19.17
8882,189,4,68.67
8882,119,2,22.19
8883,90,2,56.44
8883,225,2,117.05
8883,79,3,31.51
8883,173,2,57.13
8883,222,3,72.26
8884,71,1,77.94
8884,195,1,70.87
8885,47,3,32.78
8886,104,2,105.72
8887,189,1,99.08
8887,232,4,4.89
8887,243,4,55.15
8888,74,1,88.97
8888,41,4,17.68
8889,128,4,131.04
8889,244,3,19.3
8890,30,1,32.71
8890,45,1,59.63
8890,200,4,102.92
8890,109,1,112.57
8890,242,4,31.3
8891,100,2,18.9
8891,144,1,124.9
8892,209,4,17.82
8892,212,3,94.8
8893,9,3,19.84
8893,216,4,48.76
8894,66,3,8.25
8895,194,4,75.5
8895,186,3,31.24
8895,156,2,78.11
8896,32,1,13.75
8896,207,2,98.79
8896,204,1,88.25
8897,27,2,51.58
8898,213,2,86.49
8898,224,2,37.04
8898,117,4,98.94
8898,96,4,1.62
8898,55,2,15.41
8899,31,2,7.07
8899,84,3,116.49
8900,185,1,93.25
8900,96,2,1.61
8900,207,4,87.94
8900,227,2,40.36
8901,163,3,90.84
8901,65,1,40.72
8902,19,3,95.55
8902,3,1,15.63
8902,121,1,88.89
8903,142,4,14.96
8903,84,3,76.97
8904,30,3,21.42
8904,131,1,108.74
8904,66,2,6.04
8905,80,3,110.14
8906,45,3,109.02
8906,87,3,90.11
8906,184,4,42.38
8907,100,4,11.01
8907,103,1,60.96
8907,216,3,43.32
8907,108,2,11.31
8908,190,1,79.87
8908,203,1,68.47
8908,73,2,35.89
8908,206,1,49.24
8909,2,2,9.68
8909,75,4,106.6
8910,224,1,37.62
8911,47,1,29.81
8911,24,1,38.31
8911,2,3,12.48
8911,48,2,74.7
8911,27,1,53.54
8912,229,1,16.89
8912,66,2,6.17
8912,53,2,30.21
8913,97,2,76.57
8913,247,4,51.74
8913,147,1,86.48
8913,217,2,37.61
8914,36,1,72.33
8914,165,4,108.22
8914,222,2,97.87
8915,173,1,61.45
8915,177,3,1.84
8915,65,2,34.91
8916,197,4,68.24
8916,52,2,23.82
8916,13,1,63.1
8916,90,3,66.32
8916,58,3,69.4
8917,145,1,50.93
8917,29,4,112.11
8918,183,3,61.67
8919,208,4,4.78
8919,103,3,55.86
8919,158,4,96.45
8919,82,1,64.04
8920,48,3,124.63
8920,231,2,65.22
8920,237,4,28.53
8920,102,3,74.47
8921,121,4,93.21
8921,25,1,109.44
8921,177,4,2.24
8922,23,2,25.05
8922,118,1,39.7
8922,234,1,67.85
8922,243,1,52.85
8922,238,1,47.0
8923,124,2,24.86
8923,72,1,35.83
8923,117,4,108.97
8923,16,4,56.39
8923,63,3,37.04
8924,50,4,56.82
8924,155,2,42.02
8924,115,3,28.87
8924,54,2,22.81
8924,56,4,65.93
8925,199,1,62.04
8926,208,2,7.27
8927,201,4,105.2
8927,83,4,107.13
8927,136,1,74.23
8928,165,4,92.76
8928,107,4,19.23
8928,209,4,17.99
8928,117,4,71.19
8928,41,3,19.98
8929,217,4,46.13
8929,65,4,34.3
8930,148,1,40.27
8930,248,2,7.89
8930,96,3,2.51
8930,124,3,28.79
8930,41,3,16.01
8931,120,2,110.36
8931,139,3,57.63
8931,90,1,71.25
8931,50,1,57.48
8932,103,3,37.37
8932,150,1,83.77
8933,149,4,37.85
8933,250,4,43.03
8933,165,4,74.71
8933,6,4,58.56
8933,156,2,80.56
8934,110,3,52.25
8935,5,2,102.62
8935,100,3,12.51
8936,244,1,12.98
8936,148,1,61.59
8937,164,4,37.76
8937,115,2,43.79
8937,98,4,3.06
8938,66,1,10.55
8938,141,4,10.94
8938,55,2,22.92
8939,65,4,26.79
8939,180,1,10.21
8939,53,1,39.41
8939,41,2,15.19
8940,102,3,83.94
8940,180,2,10.05
8940,188,3,71.28
8941,157,1,43.66
8941,27,1,56.66
8942,107,1,25.14
8942,181,4,59.3
8942,140,2,17.5
8943,223,1,84.35
8943,164,2,39.58
8944,161,4,50.52
8944,105,2,92.8
8945,183,1,62.56
8945,145,2,55.89
8946,228,1,22.35
8947,70,1,67.46
8947,206,2,43.6
8947,131,1,91.04
8947,117,4,84.65
8947,37,4,24.48
8948,164,4,39.27
8948,15,3,127.81
8948,203,3,68.79
8948,160,3,12.8
8948,19,4,130.08
8949,27,4,33.31
8949,19,4,100.88
8949,199,1,44.55
8949,38,1,107.12
8950,237,1,43.9
8950,147,1,98.1
8950,1,1,8.77
8950,128,1,96.19
8951,219,1,126.38
8952,22,1,115.91
8952,197,3,70.06
8952,235,3,111.84
8952,35,1,111.83
8953,106,1,4.78
8953,34,2,8.65
8953,15,3,78.51
8954,220,1,13.56
8954,88,3,128.7
8954,176,3,58.2
8954,96,3,2.44
8955,75,2,77.79
8955,46,3,18.72
8955,203,2,48.03
8955,117,4,73.09
8955,122,3,6.25
8956,101,4,22.19
8956,157,2,46.52
8956,36,2,108.57
8957,15,2,119.57
8957,58,2,67.26
8958,26,3,90.49
8958,110,2,63.59
8958,84,2,104.73
8958,47,4,28.21
8958,33,2,37.61
8959,79,3,32.54
8960,216,4,61.19
8961,181,3,56.19
8962,24,4,50.85
8962,224,1,28.46
8963,122,2,5.26
8964,112,2,86.79
8964,66,4,7.04
8965,123,2,71.81
8965,174,1,16.98
8965,129,1,46.59
8965,70,1,92.19
8965,187,4,101.64
8966,101,1,14.69
8966,145,2,54.95
8966,107,3,29.75
8966,37,3,31.45
8966,244,3,15.52
8967,207,1,114.59
8967,245,4,67.31
8967,8,1,42.73
8968,30,3,20.74
8968,22,1,81.93
8969,160,4,8.86
8969,29,2,117.19
8969,14,3,72.09
8970,210,1,28.2
8970,42,1,55.94
8970,109,1,68.84
8971,81,2,33.63
8971,200,2,111.51
8971,155,2,72.51
8971,145,1,49.96
8972,67,1,94.81
8972,74,4,127.43
8972,107,2,26.17
8972,69,2,105.46
8973,179,3,59.2
8973,125,3,95.75
8973,15,1,123.67
8974,182,4,51.05
8975,99,3,21.59
8975,222,3,63.51
8975,167,4,12.87
8975,116,1,74.31
8975,210,2,42.29
8976,71,4,98.34
8977,176,2,54.55
8978,237,1,38.55
8978,32,2,22.03
8978,69,2,61.81
8978,10,2,58.81
8978,71,3,119.89
8979,226,3,56.16
8979,192,4,47.34
8980,65,4,30.94
8980,245,2,81.85
8980,74,1,109.83
8980,79,2,17.88
8981,57,1,64.37
8981,155,1,58.1
8981,28,3,132.54
8982,224,1,36.92
8982,170,1,66.81
8982,9,4,20.59
8982,56,2,92.36
8983,78,3,79.69
8983,165,2,78.01
8983,111,3,91.35
8983,212,3,93.88
8984,189,1,99.87
8984,234,3,94.4
8985,232,2,5.11
8985,203,2,49.47
8985,163,3,80.63
8985,235,4,116.34
8986,1,3,8.99
8986,128,3,108.71
8987,160,4,9.86
8987,37,2,27.93
8987,176,3,63.61
8987,132,4,74.63
8988,50,1,79.45
8989,2,2,13.37
8989,44,3,26.71
8989,143,2,52.35
8989,31,4,7.52
8989,163,2,57.41
8990,108,1,12.96
8990,56,3,62.46
8990,216,2,59.51
8991,15,4,139.09
8991,48,4,72.18
8991,27,1,47.18
8991,194,4,65.26
8992,221,4,27.83
8992,92,1,29.17
8992,68,4,16.46
8992,142,1,19.79
8992,250,2,42.14
8993,74,2,106.02
8994,216,4,45.78
8995,41,3,27.25
8995,136,3,96.37
8995,190,4,54.77
8996,43,3,48.86
8997,9,2,27.55
8997,83,4,101.05
8997,35,3,74.14
8997,104,2,141.07
8998,197,1,98.97
8998,116,1,68.28
8999,174,2,10.0
8999,2,1,13.48
8999,192,1,51.65
8999,129,2,61.6
9000,134,1,29.62
9000,138,2,120.14
9000,99,1,28.51
9000,51,2,32.81
