order_id,user_id,order_date,status,channel
1,1133,2025-10-27,paid,web
2,389,2026-02-14,paid,web
3,255,2026-02-22,paid,web
4,506,2025-11-14,cancelled,web
5,302,2025-11-17,paid,ios
6,165,2026-01-23,paid,android
7,843,2025-10-05,paid,ios
8,1008,2025-09-13,paid,web
9,226,2026-01-06,refunded,android
10,838,2026-01-03,refunded,web
11,61,2026-02-09,paid,web
12,15,2026-03-02,refunded,android
13,15,2025-12-18,refunded,web
14,491,2025-12-14,cancelled,web
15,206,2025-09-13,cancelled,android
16,974,2026-01-22,cancelled,ios
17,738,2025-09-24,paid,ios
18,976,2026-02-28,paid,android
19,1124,2026-01-10,paid,android
20,350,2026-02-28,paid,web
21,575,2025-11-08,paid,ios
22,1008,2025-10-06,paid,android
23,183,2025-12-09,refunded,phone
24,642,2025-12-19,refunded,android
25,259,2026-01-24,refunded,ios
26,944,2025-12-02,paid,android
27,633,2026-03-10,paid,web
28,108,2025-10-28,cancelled,ios
29,802,2025-12-22,paid,web
30,1189,2025-09-26,paid,web
31,430,2025-11-07,paid,android
32,303,2025-12-18,cancelled,ios
33,108,2025-10-13,refunded,ios
34,184,2026-01-09,cancelled,web
35,371,2025-12-20,cancelled,phone
36,1198,2026-01-28,paid,android
37,916,2025-12-02,paid,web
38,1,2025-11-15,paid,web
39,386,2025-10-19,paid,android
40,865,2025-10-02,refunded,web
41,552,2026-02-22,paid,ios
42,1124,2025-12-26,paid,web
43,300,2025-11-09,paid,web
44,715,2026-03-11,refunded,android
45,293,2025-12-18,refunded,android
46,511,2026-03-05,refunded,web
47,833,2025-12-02,paid,ios
48,339,2026-02-07,paid,web
49,1055,2026-03-07,refunded,ios
50,1073,2025-11-09,paid,web
51,232,2025-12-08,paid,android
52,543,2025-11-06,paid,android
53,382,2025-12-24,paid,web
54,747,2025-12-31,paid,web
55,407,2025-10-11,paid,web
56,982,2026-03-02,paid,web
57,259,2025-10-22,paid,web
58,593,2025-11-24,cancelled,web
59,212,2026-03-11,refunded,ios
60,561,2025-11-01,paid,web
61,745,2025-11-23,paid,ios
62,659,2026-02-10,paid,android
63,1007,2026-01-19,paid,web
64,741,2026-02-10,refunded,ios
65,268,2026-02-21,refunded,web
66,414,2025-12-31,paid,web
67,1073,2026-01-19,paid,web
68,815,2026-01-17,refunded,android
69,787,2026-02-03,cancelled,web
70,1076,2025-11-18,paid,android
71,304,2025-11-23,paid,web
72,431,2026-01-27,paid,web
73,604,2025-12-05,paid,ios
74,573,2025-10-28,paid,phone
75,418,2026-02-08,cancelled,web
76,372,2026-01-08,paid,android
77,44,2026-01-03,cancelled,ios
78,825,2025-10-08,refunded,web
79,43,2025-10-11,paid,android
80,549,2025-10-19,refunded,web
81,694,2025-10-04,paid,web
82,608,2026-02-03,paid,web
83,463,2026-03-07,cancelled,ios
84,460,2025-10-09,paid,web
85,588,2025-12-11,paid,web
86,980,2025-09-30,paid,ios
87,848,2026-02-14,paid,web
88,472,2025-12-20,paid,ios
89,971,2025-10-17,paid,web
90,460,2025-09-27,paid,web
91,218,2026-03-01,refunded,web
92,614,2026-01-11,cancelled,ios
93,23,2025-12-23,cancelled,ios
94,257,2025-11-06,cancelled,ios
95,830,2025-12-19,paid,web
96,578,2025-10-24,refunded,web
97,67,2025-11-13,paid,web
98,729,2025-10-16,paid,web
99,192,2025-11-11,paid,android
100,269,2025-12-08,paid,web
101,634,2026-01-31,paid,web
102,970,2025-11-17,cancelled,ios
103,265,2026-01-03,paid,web
104,1149,2025-09-15,paid,android
105,715,2026-01-10,cancelled,ios
106,996,2025-11-06,cancelled,web
107,741,2026-01-01,cancelled,web
108,142,2025-11-22,cancelled,web
109,716,2025-12-29,cancelled,web
110,1149,2026-02-12,paid,web
111,8,2026-01-06,paid,ios
112,746,2025-09-17,paid,android
113,765,2025-10-28,refunded,ios
114,1116,2025-10-08,cancelled,web
115,434,2025-11-09,cancelled,ios
116,719,2026-01-09,cancelled,android
117,9,2025-12-28,paid,web
118,802,2025-11-01,refunded,ios
119,800,2025-10-27,cancelled,android
120,53,2026-01-02,paid,ios
121,1097,2025-11-14,cancelled,android
122,48,2026-02-23,refunded,android
123,579,2025-11-19,paid,web
124,860,2025-12-18,paid,ios
125,1120,2025-09-14,paid,web
126,445,2025-09-20,paid,web
127,987,2025-11-03,paid,web
128,639,2025-10-25,paid,phone
129,132,2026-01-06,paid,android
130,762,2025-12-17,paid,android
131,674,2026-02-22,paid,android
132,656,2025-11-02,paid,web
133,1180,2025-09-14,cancelled,web
134,563,2025-12-03,paid,web
135,285,2025-10-09,paid,android
136,624,2025-10-02,paid,web
137,493,2026-02-07,cancelled,ios
138,497,2025-11-04,paid,web
139,639,2026-01-07,paid,android
140,745,2025-12-20,cancelled,android
141,944,2025-10-30,paid,web
142,784,2025-12-30,paid,web
143,74,2026-02-07,paid,web
144,590,2025-09-13,paid,web
145,43,2025-10-28,paid,android
146,1001,2025-11-15,cancelled,web
147,1076,2026-01-19,paid,android
148,688,2026-01-06,cancelled,android
149,841,2025-11-08,paid,web
150,183,2025-11-01,cancelled,ios
151,801,2026-02-10,cancelled,phone
152,711,2025-11-25,paid,phone
153,604,2025-09-16,cancelled,web
154,283,2025-12-11,paid,android
155,727,2025-11-15,cancelled,web
156,637,2025-10-27,refunded,web
157,609,2026-02-05,cancelled,web
158,841,2026-01-09,paid,android
159,288,2026-02-17,paid,android
160,220,2025-12-07,refunded,web
161,1058,2025-10-19,refunded,android
162,1,2025-10-22,refunded,android
163,1120,2025-11-18,refunded,ios
164,1010,2025-12-16,paid,web
165,304,2025-09-20,paid,web
166,1031,2025-11-05,paid,android
167,991,2025-12-18,cancelled,ios
168,1190,2025-12-11,refunded,ios
169,485,2026-01-03,cancelled,android
170,658,2025-10-10,cancelled,web
171,198,2025-11-04,paid,android
172,148,2025-12-09,paid,ios
173,1166,2026-02-16,paid,web
174,324,2025-11-25,paid,web
175,228,2026-02-09,cancelled,phone
176,1121,2025-12-06,paid,web
177,145,2025-12-28,refunded,android
178,555,2025-09-23,paid,web
179,38,2026-02-01,cancelled,web
180,119,2025-11-12,paid,web
181,1099,2025-12-13,paid,android
182,579,2025-09-24,paid,web
183,157,2025-11-16,refunded,web
184,501,2026-01-25,paid,web
185,291,2025-09-22,paid,ios
186,784,2025-12-17,paid,web
187,713,2025-09-19,refunded,android
188,889,2025-12-31,paid,android
189,32,2025-11-23,paid,web
190,562,2025-12-14,paid,ios
191,1140,2025-11-07,cancelled,web
192,903,2025-10-29,paid,android
193,79,2025-10-30,refunded,android
194,717,2025-10-10,paid,web
195,668,2026-02-06,paid,android
196,768,2026-01-18,refunded,web
197,1047,2026-01-21,refunded,ios
198,161,2025-11-09,refunded,web
199,674,2026-01-27,paid,web
200,840,2025-12-14,paid,web
201,283,2026-02-15,paid,android
202,930,2025-09-16,paid,web
203,342,2025-10-01,paid,web
204,93,2025-10-01,paid,phone
205,16,2026-02-11,refunded,web
206,787,2025-12-03,paid,phone
207,570,2026-02-28,paid,web
208,532,2026-02-15,paid,android
209,53,2025-12-16,paid,web
210,571,2025-10-12,paid,android
211,1051,2026-03-04,paid,ios
212,17,2025-11-14,paid,ios
213,1018,2025-11-24,paid,web
214,138,2026-02-28,paid,ios
215,1196,2025-11-12,paid,web
216,804,2026-02-13,paid,web
217,952,2025-12-03,paid,web
218,838,2025-09-28,refunded,android
219,449,2025-12-08,paid,web
220,44,2025-10-06,paid,android
221,679,2026-02-20,paid,phone
222,1079,2025-10-09,refunded,web
223,269,2025-11-21,paid,web
224,48,2025-11-29,paid,web
225,880,2025-10-06,paid,phone
226,476,2026-02-11,refunded,web
227,172,2025-10-19,cancelled,ios
228,1158,2026-02-13,cancelled,android
229,990,2026-01-22,refunded,android
230,159,2025-12-18,paid,android
231,233,2025-09-22,cancelled,web
232,340,2025-10-19,paid,web
233,432,2025-12-06,paid,web
234,678,2025-10-07,paid,ios
235,826,2025-11-17,refunded,web
236,539,2026-02-04,paid,web
237,974,2025-09-13,paid,web
238,967,2025-12-05,paid,web
239,790,2026-03-12,cancelled,web
240,1143,2026-01-02,paid,web
241,367,2025-09-15,paid,web
242,519,2025-11-22,paid,phone
243,931,2026-01-16,paid,web
244,1115,2025-11-23,paid,ios
245,347,2026-02-10,paid,web
246,407,2026-03-08,refunded,web
247,242,2025-12-09,cancelled,ios
248,186,2025-10-29,paid,web
249,777,2026-03-12,paid,web
250,409,2025-10-28,paid,web
251,1165,2025-11-05,cancelled,web
252,237,2026-01-23,paid,web
253,974,2025-12-07,paid,ios
254,957,2025-12-14,cancelled,android
255,615,2026-01-10,refunded,web
256,1164,2025-10-18,paid,ios
257,290,2026-01-08,cancelled,web
258,353,2025-11-29,paid,web
259,1138,2025-12-17,paid,web
260,197,2025-12-21,paid,web
261,1094,2025-10-01,paid,web
262,385,2025-09-24,paid,web
263,872,2025-10-21,paid,web
264,208,2026-02-27,cancelled,android
265,1039,2025-12-20,cancelled,web
266,1096,2025-12-15,paid,android
267,952,2025-11-24,paid,web
268,855,2025-09-17,cancelled,web
269,75,2026-01-27,cancelled,web
270,297,2026-02-22,cancelled,web
271,301,2026-02-15,paid,web
272,46,2025-10-30,paid,ios
273,393,2026-02-06,paid,phone
274,372,2026-03-05,paid,web
275,665,2026-02-28,paid,ios
276,1022,2026-03-11,paid,ios
277,646,2026-01-06,cancelled,web
278,270,2025-12-18,refunded,phone
279,227,2026-02-06,paid,web
280,857,2026-02-13,paid,web
281,951,2025-11-25,cancelled,web
282,353,2026-03-06,paid,web
283,666,2026-02-16,paid,web
284,491,2025-10-27,cancelled,phone
285,945,2026-01-08,paid,ios
286,144,2025-12-16,cancelled,android
287,816,2025-09-23,paid,web
288,498,2026-01-14,paid,web
289,911,2025-12-06,cancelled,ios
290,625,2026-01-12,cancelled,ios
291,527,2026-02-23,paid,web
292,1042,2026-01-23,cancelled,web
293,775,2026-01-15,paid,android
294,245,2026-02-26,paid,web
295,675,2026-01-20,paid,web
296,545,2026-02-01,paid,web
297,125,2025-11-05,paid,web
298,615,2026-02-24,cancelled,android
299,399,2026-02-10,refunded,android
300,1009,2026-02-21,paid,web
301,374,2026-01-15,paid,web
302,437,2025-11-30,refunded,web
303,1058,2026-01-12,refunded,android
304,725,2025-12-02,cancelled,web
305,525,2025-11-27,paid,web
306,983,2026-02-11,cancelled,phone
307,998,2025-11-15,paid,phone
308,848,2025-10-21,paid,ios
309,643,2025-12-14,cancelled,android
310,531,2025-11-17,refunded,android
311,876,2026-02-12,paid,android
312,896,2025-09-21,refunded,android
313,231,2026-01-27,paid,android
314,391,2025-10-01,cancelled,android
315,823,2026-02-07,paid,web
316,1177,2025-12-12,refunded,web
317,1107,2025-12-11,paid,web
318,445,2025-12-12,paid,web
319,780,2026-02-11,paid,web
320,1002,2026-02-14,paid,android
321,34,2025-09-14,cancelled,android
322,799,2026-01-11,paid,phone
323,319,2025-10-18,cancelled,android
324,601,2025-12-17,refunded,web
325,372,2025-12-15,paid,android
326,765,2025-11-19,refunded,web
327,71,2025-10-19,cancelled,web
328,975,2026-01-09,cancelled,android
329,1170,2025-11-02,paid,web
330,828,2025-11-24,refunded,web
331,1065,2026-01-23,refunded,phone
332,789,2026-02-21,paid,android
333,661,2026-02-11,cancelled,android
334,539,2026-01-30,cancelled,web
335,935,2026-03-01,paid,ios
336,937,2025-10-11,paid,ios
337,1047,2026-03-09,paid,android
338,1087,2026-01-25,paid,android
339,312,2026-01-29,refunded,web
340,959,2025-12-04,paid,ios
341,985,2025-10-24,paid,web
342,145,2025-11-09,paid,web
343,1074,2025-10-09,refunded,web
344,956,2025-12-31,refunded,web
345,216,2025-11-23,paid,android
346,213,2026-01-15,refunded,ios
347,864,2025-12-22,paid,web
348,674,2026-02-02,paid,ios
349,539,2025-10-24,paid,ios
350,186,2026-02-23,cancelled,web
351,662,2025-09-17,paid,web
352,186,2026-02-13,cancelled,android
353,602,2026-02-17,refunded,phone
354,460,2026-03-09,paid,web
355,43,2026-02-16,cancelled,android
356,540,2026-01-01,paid,web
357,506,2026-01-28,refunded,web
358,351,2025-09-18,refunded,web
359,303,2025-09-29,paid,web
360,441,2026-03-01,cancelled,web
361,734,2026-02-10,paid,android
362,331,2025-11-01,paid,phone
363,680,2025-10-05,paid,phone
364,1024,2026-01-14,cancelled,web
365,125,2026-02-02,paid,ios
366,1084,2025-09-16,paid,web
367,448,2025-10-07,paid,ios
368,221,2026-01-04,refunded,web
369,691,2026-01-07,refunded,android
370,121,2026-01-13,refunded,web
371,773,2025-10-04,cancelled,web
372,627,2026-01-18,paid,android
373,183,2025-11-30,refunded,android
374,1074,2025-10-28,refunded,web
375,381,2025-11-08,paid,web
376,239,2025-11-26,paid,android
377,529,2025-12-30,refunded,ios
378,389,2026-01-15,paid,ios
379,1100,2025-12-05,paid,phone
380,245,2025-12-23,paid,phone
381,760,2026-01-03,paid,web
382,652,2025-12-13,paid,web
383,1036,2025-09-29,paid,web
384,504,2026-02-14,refunded,web
385,1095,2025-09-17,refunded,ios
386,1162,2025-10-13,paid,android
387,976,2026-02-06,cancelled,web
388,588,2026-02-23,paid,phone
389,257,2026-02-20,paid,web
390,1086,2025-11-04,paid,web
391,629,2025-11-06,cancelled,web
392,845,2025-09-26,paid,web
393,1178,2025-11-02,paid,web
394,109,2025-12-06,paid,web
395,915,2026-01-12,paid,ios
396,840,2025-10-23,refunded,ios
397,969,2025-12-19,cancelled,web
398,1198,2026-02-06,paid,web
399,1161,2025-12-10,paid,phone
400,657,2025-11-26,paid,web
401,342,2025-09-26,paid,ios
402,268,2026-02-19,paid,android
403,963,2025-12-19,cancelled,web
404,710,2025-11-18,refunded,web
405,233,2025-09-18,paid,android
406,134,2025-10-22,refunded,android
407,28,2025-12-09,refunded,web
408,188,2026-03-09,paid,web
409,395,2026-01-06,cancelled,ios
410,405,2026-02-19,refunded,phone
411,659,2025-11-10,paid,web
412,129,2026-01-17,paid,android
413,914,2025-09-16,paid,web
414,615,2025-12-02,refunded,phone
415,946,2025-12-05,cancelled,web
416,29,2026-01-02,paid,web
417,406,2025-09-18,cancelled,web
418,328,2026-01-15,paid,web
419,593,2025-10-19,paid,web
420,266,2026-01-26,paid,web
421,505,2025-11-05,paid,ios
422,261,2025-12-04,refunded,phone
423,963,2025-09-17,paid,web
424,167,2026-01-26,cancelled,web
425,121,2026-01-12,paid,web
426,989,2026-02-03,paid,android
427,125,2025-11-01,refunded,android
428,52,2025-09-20,cancelled,web
429,929,2025-11-24,paid,ios
430,769,2026-01-31,paid,ios
431,115,2025-10-16,cancelled,web
432,335,2025-11-12,paid,android
433,811,2026-03-09,paid,web
434,237,2025-11-18,paid,web
435,811,2025-09-17,refunded,android
436,166,2026-02-08,paid,web
437,767,2026-01-21,cancelled,web
438,805,2025-10-13,paid,web
439,1168,2025-11-28,paid,android
440,444,2025-10-29,paid,web
441,220,2025-09-13,paid,ios
442,622,2026-01-04,cancelled,ios
443,764,2025-10-02,paid,web
444,619,2025-10-19,paid,web
445,231,2025-10-05,paid,web
446,845,2025-10-27,paid,ios
447,576,2025-11-24,cancelled,web
448,892,2026-02-03,cancelled,android
449,753,2026-01-07,cancelled,web
450,712,2025-11-26,paid,android
451,1105,2025-10-25,paid,web
452,422,2025-12-23,paid,android
453,1179,2025-09-14,paid,phone
454,765,2026-01-31,cancelled,web
455,1034,2025-10-10,cancelled,web
456,832,2025-11-29,paid,web
457,64,2025-11-27,paid,web
458,244,2025-12-30,paid,ios
459,768,2026-02-04,refunded,ios
460,786,2026-01-28,paid,web
461,193,2026-01-07,cancelled,android
462,841,2025-10-07,paid,ios
463,1006,2025-10-27,cancelled,web
464,158,2025-11-02,cancelled,web
465,90,2026-01-09,paid,android
466,1076,2026-03-09,paid,ios
467,894,2026-02-02,cancelled,web
468,1039,2025-11-14,paid,web
469,1119,2025-12-17,refunded,web
470,238,2026-02-03,paid,web
471,25,2026-03-07,paid,ios
472,500,2026-01-13,paid,web
473,140,2026-01-13,refunded,phone
474,847,2026-02-20,paid,phone
475,766,2025-12-22,cancelled,ios
476,323,2025-11-13,refunded,web
477,806,2025-11-23,cancelled,ios
478,1148,2026-03-06,refunded,ios
479,664,2025-11-13,refunded,web
480,286,2026-03-08,paid,web
481,597,2026-02-23,paid,web
482,941,2026-01-28,paid,web
483,862,2025-11-02,paid,web
484,144,2026-02-20,refunded,web
485,1161,2025-09-28,paid,web
486,352,2025-12-20,paid,web
487,553,2026-01-15,paid,web
488,792,2026-01-05,paid,web
489,788,2026-02-17,cancelled,web
490,795,2026-01-04,refunded,web
491,644,2025-12-12,cancelled,web
492,45,2025-12-21,refunded,web
493,533,2026-01-13,paid,web
494,1076,2025-11-17,cancelled,web
495,639,2025-10-25,refunded,web
496,361,2025-11-25,refunded,web
497,948,2026-02-01,paid,ios
498,352,2026-01-22,paid,web
499,961,2025-10-22,paid,web
500,589,2026-01-08,refunded,android
501,1024,2025-12-16,paid,web
502,33,2025-11-07,cancelled,android
503,292,2025-09-17,paid,android
504,503,2025-10-20,paid,web
505,888,2026-01-18,paid,android
506,1044,2025-11-07,refunded,web
507,999,2026-01-01,refunded,web
508,787,2025-11-22,cancelled,web
509,399,2025-12-29,refunded,web
510,136,2025-12-16,paid,ios
511,340,2026-03-04,cancelled,web
512,1066,2026-03-06,paid,android
513,1043,2025-11-28,cancelled,phone
514,314,2025-10-08,refunded,web
515,117,2026-01-02,cancelled,android
516,483,2026-01-15,cancelled,android
517,169,2025-09-15,paid,web
518,732,2026-03-02,refunded,web
519,1,2025-11-01,paid,android
520,1055,2025-10-07,cancelled,ios
521,628,2025-11-27,cancelled,web
522,305,2026-03-12,paid,web
523,920,2025-12-21,paid,android
524,430,2026-01-12,paid,web
525,663,2026-01-22,cancelled,ios
526,415,2025-10-29,cancelled,web
527,764,2025-12-08,paid,web
528,682,2025-09-17,cancelled,ios
529,1172,2025-11-11,paid,android
530,1187,2025-11-17,cancelled,web
531,628,2026-02-13,paid,web
532,503,2026-01-13,paid,web
533,592,2025-12-01,refunded,ios
534,7,2025-11-13,paid,android
535,570,2025-12-13,paid,web
536,1096,2025-11-01,cancelled,phone
537,390,2026-02-18,cancelled,android
538,1013,2026-02-02,cancelled,web
539,763,2026-02-26,paid,web
540,175,2025-10-17,paid,ios
541,219,2025-09-27,paid,ios
542,844,2025-10-02,refunded,web
543,195,2025-12-07,paid,android
544,1127,2026-01-29,paid,android
545,683,2025-11-20,paid,web
546,977,2025-09-23,cancelled,android
547,260,2025-10-26,refunded,web
548,796,2026-02-17,paid,web
549,235,2025-12-25,refunded,web
550,83,2025-11-11,paid,android
551,447,2025-11-22,paid,ios
552,296,2025-10-20,paid,android
553,724,2025-10-31,paid,web
554,1074,2025-11-26,paid,web
555,713,2025-11-29,paid,web
556,481,2026-02-25,cancelled,web
557,220,2025-11-13,paid,web
558,41,2026-03-10,refunded,web
559,557,2026-03-02,cancelled,ios
560,1152,2025-12-21,paid,ios
561,149,2025-10-09,refunded,web
562,24,2026-02-10,cancelled,web
563,192,2025-11-16,refunded,web
564,1003,2025-11-07,cancelled,android
565,569,2025-09-13,cancelled,ios
566,395,2026-01-01,paid,android
567,921,2025-11-09,refunded,web
568,614,2026-03-07,cancelled,web
569,16,2025-10-26,paid,web
570,315,2025-12-28,paid,web
571,1092,2026-03-01,refunded,web
572,1097,2026-01-10,paid,android
573,471,2026-03-11,refunded,phone
574,1190,2025-10-17,paid,web
575,366,2025-09-24,cancelled,web
576,906,2026-03-03,refunded,web
577,50,2025-09-20,paid,web
578,1033,2026-02-25,paid,android
579,592,2026-01-19,refunded,android
580,504,2025-12-18,paid,ios
581,830,2025-12-18,refunded,web
582,769,2025-09-23,refunded,ios
583,125,2025-11-20,paid,android
584,510,2026-01-29,paid,web
585,135,2025-10-19,cancelled,ios
586,268,2025-12-16,refunded,web
587,84,2025-12-21,paid,phone
588,383,2025-11-27,paid,phone
589,631,2025-12-27,paid,android
590,127,2026-03-04,paid,web
591,443,2025-11-05,paid,web
592,407,2025-11-13,refunded,web
593,81,2025-12-26,paid,ios
594,671,2025-12-21,paid,web
595,230,2026-01-31,paid,android
596,438,2026-02-28,paid,web
597,253,2026-01-25,refunded,web
598,925,2025-11-22,paid,web
599,603,2025-10-16,refunded,web
600,692,2025-11-12,cancelled,phone
601,396,2025-09-27,refunded,android
602,436,2026-01-03,paid,web
603,994,2025-12-30,refunded,ios
604,623,2026-02-01,paid,android
605,255,2026-03-07,paid,web
606,1157,2026-02-08,paid,android
607,1174,2026-02-19,cancelled,android
608,1158,2025-10-09,paid,web
609,1147,2025-09-27,cancelled,ios
610,242,2026-01-08,cancelled,phone
611,443,2025-12-01,refunded,phone
612,1066,2025-10-18,refunded,android
613,1125,2025-10-20,cancelled,ios
614,706,2025-12-26,paid,android
615,299,2025-10-31,refunded,web
616,637,2026-01-21,paid,ios
617,337,2026-01-09,paid,web
618,686,2025-09-19,paid,phone
619,1069,2025-11-02,refunded,phone
620,120,2026-01-05,paid,ios
621,98,2025-10-24,refunded,ios
622,644,2025-12-13,paid,web
623,1,2025-12-19,paid,web
624,153,2026-03-02,refunded,web
625,89,2025-10-07,cancelled,web
626,513,2025-10-09,cancelled,web
627,1024,2025-10-26,paid,web
628,397,2025-11-18,refunded,phone
629,1105,2025-12-26,refunded,web
630,1116,2026-02-22,cancelled,web
631,825,2026-01-18,paid,android
632,327,2025-10-05,cancelled,ios
633,1071,2026-02-26,paid,web
634,260,2025-09-22,paid,android
635,1049,2026-02-01,paid,ios
636,367,2025-11-12,refunded,web
637,945,2026-01-17,refunded,web
638,79,2026-02-24,refunded,web
639,1166,2026-03-08,paid,web
640,603,2025-10-30,paid,ios
641,399,2026-01-30,refunded,phone
642,990,2025-10-28,paid,web
643,1003,2026-01-23,paid,phone
644,1050,2026-02-07,paid,android
645,338,2025-09-25,paid,web
646,602,2026-01-07,paid,web
647,1075,2025-10-07,paid,android
648,725,2025-10-28,cancelled,web
649,281,2025-12-06,refunded,android
650,692,2026-01-21,paid,phone
651,264,2025-11-29,refunded,android
652,53,2025-10-17,paid,android
653,471,2026-02-10,paid,web
654,12,2025-12-04,paid,web
655,904,2025-11-26,cancelled,web
656,344,2025-11-25,paid,phone
657,355,2026-01-30,paid,android
658,15,2026-02-20,paid,ios
659,1065,2025-11-14,cancelled,web
660,828,2026-01-23,paid,ios
661,744,2026-02-03,paid,web
662,804,2025-09-26,refunded,android
663,60,2025-12-05,paid,web
664,295,2025-11-12,paid,web
665,949,2026-01-17,paid,web
666,916,2026-02-14,refunded,web
667,960,2026-01-25,cancelled,ios
668,58,2026-03-04,paid,web
669,1136,2026-01-16,refunded,android
670,1096,2025-12-22,paid,android
671,619,2025-11-12,cancelled,ios
672,714,2026-03-01,paid,web
673,1181,2026-02-10,paid,web
674,286,2025-09-26,paid,ios
675,215,2025-10-16,paid,web
676,691,2025-11-05,refunded,web
677,578,2025-10-28,paid,web
678,288,2025-12-08,paid,ios
679,752,2025-12-11,cancelled,android
680,440,2026-03-02,refunded,ios
681,930,2025-10-13,paid,web
682,320,2026-02-11,paid,web
683,175,2026-01-01,cancelled,android
684,577,2026-01-26,paid,web
685,744,2025-12-25,cancelled,ios
686,505,2025-11-16,cancelled,android
687,1137,2025-09-28,paid,android
688,1115,2025-09-16,refunded,web
689,401,2026-01-21,paid,web
690,470,2025-12-18,paid,web
691,1017,2025-09-20,paid,web
692,411,2026-02-15,cancelled,web
693,973,2025-09-17,paid,web
694,239,2025-09-25,cancelled,ios
695,646,2025-11-15,paid,web
696,1018,2025-12-23,refunded,web
697,783,2025-10-08,paid,web
698,895,2025-10-29,paid,android
699,286,2025-09-19,paid,web
700,1118,2025-10-04,paid,web
701,145,2026-01-30,cancelled,android
702,902,2026-01-20,paid,web
703,53,2025-11-18,refunded,web
704,173,2025-10-23,refunded,android
705,727,2025-11-10,paid,web
706,875,2025-09-24,cancelled,android
707,773,2025-12-12,paid,android
708,771,2025-12-20,refunded,web
709,1149,2025-12-08,paid,web
710,1120,2025-10-15,paid,web
711,1080,2026-01-04,refunded,ios
712,335,2025-11-04,cancelled,web
713,510,2026-01-13,paid,ios
714,45,2025-10-25,paid,android
715,593,2025-11-22,paid,android
716,6,2025-12-24,cancelled,android
717,215,2025-11-09,paid,ios
718,1038,2025-12-19,refunded,web
719,643,2026-02-28,paid,web
720,145,2026-01-12,paid,web
721,644,2025-11-15,cancelled,phone
722,16,2025-09-25,paid,ios
723,841,2025-09-25,paid,android
724,60,2026-02-06,cancelled,android
725,757,2025-11-18,cancelled,android
726,111,2026-03-02,paid,ios
727,312,2025-11-27,paid,phone
728,576,2025-10-08,paid,web
729,262,2025-11-02,paid,web
730,228,2025-10-25,paid,web
731,1091,2025-09-25,cancelled,ios
732,477,2026-01-13,paid,android
733,299,2025-11-02,paid,web
734,174,2026-01-06,cancelled,android
735,150,2026-01-12,paid,ios
736,470,2026-01-10,paid,web
737,812,2026-01-03,cancelled,web
738,741,2026-03-08,paid,web
739,791,2026-02-19,refunded,ios
740,520,2025-12-18,paid,web
741,359,2025-11-20,paid,android
742,1161,2025-11-05,paid,web
743,1070,2025-12-20,cancelled,web
744,1144,2026-03-05,cancelled,ios
745,388,2025-12-17,cancelled,android
746,175,2026-02-10,refunded,android
747,407,2025-09-17,cancelled,android
748,799,2025-12-30,paid,web
749,613,2025-10-05,paid,ios
750,551,2026-02-18,cancelled,web
751,1082,2025-11-11,refunded,web
752,929,2025-10-02,refunded,web
753,620,2025-10-03,refunded,android
754,283,2026-01-15,paid,web
755,825,2025-10-18,cancelled,web
756,542,2025-12-15,paid,android
757,764,2026-01-15,paid,web
758,818,2025-11-08,paid,web
759,279,2025-11-23,cancelled,phone
760,860,2025-10-01,cancelled,phone
761,224,2026-02-28,paid,web
762,882,2026-02-11,paid,ios
763,178,2026-01-20,refunded,android
764,968,2025-10-12,cancelled,android
765,415,2025-12-01,refunded,web
766,315,2025-12-12,refunded,ios
767,311,2025-12-19,cancelled,android
768,467,2025-12-19,paid,web
769,567,2026-03-12,paid,web
770,1108,2025-12-07,paid,web
771,1040,2025-10-07,refunded,phone
772,912,2026-03-06,cancelled,web
773,646,2025-11-20,paid,ios
774,374,2026-01-03,paid,android
775,532,2026-01-03,refunded,web
776,750,2026-02-24,paid,android
777,590,2026-03-05,refunded,web
778,65,2025-11-06,cancelled,web
779,499,2026-03-07,refunded,web
780,122,2025-12-26,cancelled,ios
781,1026,2025-11-20,paid,ios
782,43,2025-09-13,cancelled,web
783,778,2025-12-02,paid,web
784,196,2025-09-30,paid,android
785,864,2026-03-05,paid,web
786,498,2025-09-16,paid,android
787,451,2026-02-17,paid,web
788,868,2025-12-01,paid,web
789,290,2026-01-26,refunded,web
790,463,2026-01-31,paid,web
791,889,2025-10-10,paid,web
792,641,2026-02-05,cancelled,ios
793,443,2025-09-30,refunded,phone
794,977,2025-10-24,paid,web
795,1075,2025-10-11,paid,web
796,426,2025-09-25,paid,phone
797,261,2026-03-10,paid,web
798,97,2025-12-26,paid,web
799,473,2026-01-03,cancelled,web
800,152,2026-01-11,paid,web
801,416,2025-10-13,cancelled,web
802,173,2026-02-06,refunded,android
803,884,2025-12-22,paid,ios
804,889,2025-10-13,paid,web
805,1137,2026-03-10,paid,web
806,201,2026-02-19,cancelled,web
807,412,2026-02-03,paid,android
808,118,2025-12-15,refunded,web
809,494,2025-10-02,paid,ios
810,957,2025-12-21,refunded,ios
811,968,2025-11-21,cancelled,web
812,628,2026-01-21,paid,android
813,814,2025-11-29,cancelled,web
814,244,2025-11-20,paid,web
815,239,2025-11-29,paid,android
816,938,2025-11-09,paid,phone
817,1088,2025-12-13,paid,web
818,915,2025-10-06,refunded,web
819,1036,2026-01-08,paid,web
820,911,2026-01-09,cancelled,web
821,732,2025-10-22,cancelled,phone
822,1064,2026-02-28,paid,web
823,655,2026-01-09,paid,web
824,1175,2026-03-09,paid,android
825,407,2025-10-14,paid,web
826,993,2025-11-15,paid,web
827,390,2026-01-24,refunded,ios
828,455,2025-12-12,paid,web
829,1020,2025-10-13,refunded,android
830,205,2025-12-12,refunded,web
831,980,2025-11-03,paid,web
832,1042,2025-09-17,paid,android
833,773,2025-10-29,refunded,phone
834,502,2026-03-04,paid,web
835,1145,2025-11-30,paid,ios
836,588,2026-03-01,cancelled,web
837,138,2026-02-04,paid,web
838,733,2025-10-30,paid,web
839,346,2026-01-02,paid,ios
840,184,2025-10-21,paid,web
841,1161,2026-02-25,cancelled,web
842,695,2026-03-10,refunded,phone
843,386,2025-09-20,refunded,ios
844,580,2026-02-04,cancelled,android
845,634,2026-01-30,cancelled,web
846,712,2025-12-31,paid,web
847,791,2025-11-21,refunded,web
848,779,2025-11-09,paid,web
849,423,2025-12-31,paid,web
850,1075,2026-02-18,refunded,android
851,599,2025-11-08,paid,ios
852,811,2026-02-05,refunded,ios
853,98,2026-02-11,paid,web
854,1092,2026-02-24,refunded,ios
855,981,2025-09-24,cancelled,web
856,570,2026-01-19,cancelled,android
857,729,2025-10-10,paid,android
858,1083,2026-03-12,refunded,web
859,448,2025-11-18,paid,ios
860,457,2026-01-29,refunded,web
861,278,2025-09-21,paid,web
862,812,2026-01-29,paid,web
863,998,2026-01-03,paid,web
864,335,2025-10-24,refunded,ios
865,274,2026-01-24,paid,ios
866,221,2025-12-13,paid,web
867,877,2025-12-15,paid,web
868,161,2025-10-27,paid,android
869,334,2025-10-24,paid,web
870,209,2026-01-12,cancelled,web
871,903,2025-10-22,cancelled,ios
872,1094,2025-11-24,paid,android
873,157,2025-10-30,paid,web
874,1052,2025-09-23,paid,ios
875,462,2026-02-13,paid,web
876,1142,2026-01-07,paid,web
877,534,2026-02-11,cancelled,android
878,594,2025-11-27,paid,web
879,1189,2025-12-06,paid,web
880,767,2026-02-17,cancelled,android
881,429,2025-10-23,refunded,android
882,818,2025-12-11,refunded,web
883,647,2026-03-02,refunded,web
884,773,2025-10-02,paid,ios
885,322,2025-09-29,paid,web
886,1048,2026-03-01,paid,ios
887,120,2025-12-21,paid,phone
888,1030,2026-01-18,cancelled,ios
889,244,2026-02-12,cancelled,ios
890,894,2025-10-20,paid,web
891,1090,2025-11-07,paid,web
892,1079,2025-10-07,paid,web
893,43,2026-03-08,paid,ios
894,331,2026-01-29,paid,web
895,4,2025-12-12,refunded,ios
896,500,2025-11-10,paid,android
897,991,2025-12-26,paid,web
898,932,2025-10-09,paid,web
899,463,2026-02-15,paid,web
900,988,2025-12-24,paid,web
901,154,2026-02-19,paid,web
902,1019,2025-10-28,paid,phone
903,350,2026-02-16,paid,ios
904,631,2026-02-17,refunded,ios
905,19,2026-01-04,paid,android
906,1152,2026-02-26,cancelled,web
907,947,2025-11-14,paid,android
908,1055,2025-12-22,paid,web
909,81,2025-12-23,cancelled,web
910,85,2025-12-06,cancelled,web
911,27,2025-09-25,paid,web
912,733,2025-12-21,paid,web
913,983,2025-09-17,paid,web
914,252,2025-09-25,paid,web
915,865,2026-02-03,cancelled,android
916,894,2026-01-13,paid,web
917,61,2025-11-18,cancelled,web
918,641,2025-09-14,cancelled,android
919,116,2025-09-13,paid,web
920,294,2026-02-22,cancelled,web
921,626,2025-10-26,paid,web
922,107,2026-03-03,paid,web
923,945,2025-10-13,paid,ios
924,141,2026-03-08,paid,web
925,585,2026-01-02,paid,web
926,627,2025-12-26,paid,android
927,1157,2025-10-10,paid,web
928,134,2025-12-01,paid,web
929,230,2025-09-25,refunded,ios
930,175,2026-01-29,refunded,web
931,1005,2025-12-06,refunded,web
932,385,2026-02-23,refunded,android
933,423,2025-12-30,cancelled,android
934,430,2026-01-26,refunded,web
935,47,2026-02-18,refunded,ios
936,303,2026-02-03,cancelled,android
937,653,2025-11-01,paid,ios
938,494,2026-02-09,paid,web
939,207,2026-01-19,paid,web
940,1088,2026-01-18,paid,web
941,684,2026-01-30,paid,phone
942,999,2026-02-05,paid,web
943,805,2026-03-05,refunded,web
944,325,2026-01-30,refunded,web
945,215,2026-02-19,cancelled,phone
946,765,2025-10-14,paid,web
947,929,2025-10-12,refunded,android
948,92,2025-12-29,cancelled,web
949,486,2025-12-06,refunded,android
950,786,2025-11-21,paid,web
951,908,2026-02-26,paid,phone
952,515,2025-10-07,paid,ios
953,81,2025-11-19,paid,ios
954,730,2026-01-06,cancelled,web
955,441,2025-10-23,paid,web
956,634,2025-10-08,paid,web
957,1177,2025-12-26,paid,web
958,439,2025-10-27,cancelled,web
959,348,2025-09-27,paid,android
960,485,2026-02-03,paid,web
961,197,2026-01-17,paid,web
962,780,2026-02-04,paid,android
963,230,2026-01-17,paid,ios
964,270,2025-10-30,paid,web
965,625,2026-01-05,cancelled,android
966,954,2026-02-14,paid,ios
967,707,2026-03-09,paid,ios
968,881,2026-01-29,cancelled,phone
969,950,2025-12-19,paid,android
970,1162,2025-10-16,paid,web
971,1084,2025-11-03,cancelled,ios
972,1045,2026-01-02,paid,web
973,1176,2026-01-26,cancelled,web
974,736,2025-12-06,paid,android
975,598,2025-12-25,cancelled,web
976,1068,2026-02-22,paid,web
977,190,2025-12-20,refunded,android
978,1192,2026-03-04,refunded,phone
979,84,2025-09-25,paid,android
980,1138,2026-02-25,paid,ios
981,25,2026-01-07,paid,android
982,885,2026-01-04,paid,ios
983,33,2025-10-18,refunded,android
984,144,2026-03-10,paid,android
985,604,2025-10-05,paid,ios
986,815,2025-10-12,paid,web
987,360,2025-12-28,refunded,android
988,666,2025-11-09,paid,web
989,296,2026-01-03,cancelled,phone
990,420,2025-12-01,cancelled,android
991,208,2026-03-05,paid,android
992,794,2025-12-11,cancelled,phone
993,906,2026-01-15,refunded,web
994,622,2026-01-19,refunded,web
995,859,2025-12-18,refunded,web
996,887,2025-11-16,refunded,android
997,181,2025-10-14,paid,ios
998,1030,2025-10-28,paid,web
999,202,2025-10-08,paid,web
1000,382,2025-11-15,paid,web
1001,120,2025-11-03,paid,web
1002,566,2025-09-21,paid,web
1003,795,2025-10-22,paid,ios
1004,158,2025-11-04,cancelled,web
1005,8,2026-01-11,paid,android
1006,416,2026-03-05,refunded,android
1007,15,2025-10-29,paid,web
1008,333,2025-10-14,cancelled,ios
1009,731,2026-03-01,paid,web
1010,298,2025-12-21,paid,web
1011,1071,2025-11-18,paid,web
1012,591,2026-01-18,refunded,web
1013,871,2026-02-13,paid,android
1014,1127,2025-12-21,paid,web
1015,668,2025-09-17,paid,android
1016,251,2025-12-03,cancelled,web
1017,202,2025-10-17,paid,ios
1018,892,2025-12-16,paid,web
1019,787,2025-11-19,cancelled,web
1020,468,2026-01-26,paid,android
1021,681,2026-01-31,refunded,web
1022,919,2026-01-13,paid,web
1023,284,2025-12-13,refunded,web
1024,482,2025-11-18,paid,web
1025,1184,2025-12-29,paid,phone
1026,119,2026-01-12,refunded,ios
1027,371,2026-01-13,paid,android
1028,302,2026-01-14,paid,web
1029,1004,2025-12-31,refunded,web
1030,477,2026-01-03,paid,android
1031,159,2025-09-28,cancelled,web
1032,40,2025-11-07,paid,web
1033,597,2026-02-09,paid,web
1034,888,2026-02-02,paid,web
1035,324,2026-01-17,paid,web
1036,456,2025-12-18,paid,phone
1037,421,2026-02-10,cancelled,web
1038,1118,2025-09-15,paid,ios
1039,613,2025-11-12,refunded,web
1040,507,2025-11-04,paid,web
1041,679,2025-12-19,paid,ios
1042,830,2026-02-08,refunded,android
1043,271,2025-09-14,refunded,web
1044,805,2025-12-02,refunded,ios
1045,155,2026-01-14,cancelled,web
1046,701,2026-02-19,paid,ios
1047,476,2025-10-15,cancelled,android
1048,872,2025-10-13,cancelled,android
1049,282,2026-01-05,paid,ios
1050,727,2025-09-15,paid,web
1051,102,2026-01-23,cancelled,web
1052,659,2026-01-29,paid,ios
1053,884,2026-01-17,cancelled,android
1054,734,2026-02-18,paid,web
1055,1109,2025-10-26,paid,ios
1056,444,2026-02-23,paid,android
1057,326,2025-10-27,paid,android
1058,723,2026-03-01,cancelled,web
1059,348,2025-10-24,paid,android
1060,28,2026-02-27,cancelled,web
1061,380,2025-09-30,cancelled,android
1062,103,2025-10-04,refunded,web
1063,456,2025-12-12,paid,web
1064,77,2025-12-04,cancelled,web
1065,113,2026-01-12,cancelled,android
1066,872,2026-02-28,paid,android
1067,235,2025-09-16,refunded,web
1068,410,2025-10-08,cancelled,web
1069,977,2025-12-29,paid,web
1070,878,2026-01-12,paid,android
1071,178,2026-01-17,refunded,ios
1072,449,2026-01-04,paid,web
1073,1027,2025-12-21,refunded,web
1074,958,2025-10-27,paid,web
1075,641,2026-01-14,paid,web
1076,876,2026-02-12,cancelled,android
1077,925,2026-02-26,paid,android
1078,138,2026-01-19,paid,web
1079,931,2026-02-26,refunded,web
1080,508,2026-01-04,paid,android
1081,376,2026-02-10,refunded,ios
1082,926,2026-01-21,refunded,web
1083,421,2026-02-06,cancelled,web
1084,645,2026-02-23,paid,android
1085,160,2026-01-30,cancelled,ios
1086,1189,2026-02-08,paid,android
1087,938,2025-09-14,refunded,web
1088,179,2026-03-04,paid,phone
1089,780,2026-02-13,paid,web
1090,557,2026-02-15,paid,ios
1091,1104,2025-10-11,cancelled,web
1092,556,2026-03-01,paid,ios
1093,1047,2025-12-12,paid,phone
1094,320,2026-01-19,paid,web
1095,1105,2026-03-03,paid,web
1096,40,2026-01-08,paid,web
1097,352,2025-12-25,cancelled,web
1098,448,2026-02-26,cancelled,ios
1099,167,2025-10-28,paid,android
1100,320,2026-01-08,paid,web
1101,121,2025-11-15,refunded,web
1102,871,2025-11-17,refunded,android
1103,510,2026-01-16,cancelled,web
1104,950,2026-02-14,refunded,phone
1105,381,2026-02-14,refunded,web
1106,930,2026-02-05,refunded,web
1107,1123,2025-11-15,paid,web
1108,1076,2025-10-27,paid,web
1109,174,2025-10-22,paid,web
1110,102,2026-02-27,cancelled,android
1111,465,2025-09-21,paid,android
1112,278,2025-11-27,paid,web
1113,993,2025-12-31,cancelled,ios
1114,821,2025-10-15,refunded,phone
1115,837,2025-12-26,paid,phone
1116,652,2025-12-21,paid,web
1117,1179,2026-03-01,paid,phone
1118,942,2025-09-23,paid,web
1119,1,2025-11-21,cancelled,web
1120,157,2026-02-15,paid,android
1121,490,2026-02-28,paid,android
1122,162,2025-10-07,paid,android
1123,969,2025-09-13,paid,web
1124,1106,2025-09-19,paid,ios
1125,44,2026-01-27,refunded,web
1126,485,2026-02-03,paid,web
1127,1039,2025-09-26,cancelled,web
1128,162,2025-10-06,paid,ios
1129,1134,2025-12-08,refunded,web
1130,826,2025-09-21,paid,phone
1131,975,2026-01-13,paid,web
1132,131,2025-11-26,cancelled,android
1133,1181,2025-12-12,paid,web
1134,1095,2025-11-29,paid,web
1135,86,2025-12-23,cancelled,web
1136,1088,2026-02-24,paid,ios
1137,486,2026-02-23,paid,web
1138,943,2025-12-16,refunded,web
1139,659,2026-01-15,refunded,phone
1140,577,2026-03-09,paid,android
1141,798,2026-01-25,refunded,web
1142,1011,2026-02-17,cancelled,web
1143,607,2026-01-05,paid,android
1144,472,2026-03-05,paid,web
1145,1079,2026-01-03,refunded,web
1146,630,2026-01-04,refunded,web
1147,253,2026-02-06,paid,android
1148,1014,2025-11-19,refunded,web
1149,206,2026-02-04,paid,web
1150,82,2026-02-21,paid,web
1151,900,2026-01-12,paid,ios
1152,374,2025-09-18,refunded,web
1153,467,2025-10-27,refunded,web
1154,1076,2025-10-21,refunded,web
1155,907,2025-12-04,cancelled,ios
1156,886,2026-02-20,paid,android
1157,908,2025-09-13,paid,ios
1158,687,2025-10-26,refunded,web
1159,271,2026-01-17,paid,web
1160,29,2025-09-23,paid,ios
1161,538,2025-12-27,paid,web
1162,159,2025-11-17,refunded,android
1163,262,2025-10-16,paid,phone
1164,591,2026-01-24,paid,web
1165,923,2026-01-02,paid,web
1166,331,2025-12-09,cancelled,ios
1167,158,2025-11-03,paid,ios
1168,1162,2025-12-21,paid,android
1169,787,2025-12-24,paid,web
1170,735,2026-01-17,paid,web
1171,1073,2026-01-05,paid,web
1172,359,2025-11-17,paid,web
1173,963,2025-09-23,paid,web
1174,549,2025-10-22,paid,web
1175,1185,2025-09-16,refunded,android
1176,1180,2026-01-15,paid,android
1177,87,2026-01-09,paid,web
1178,1198,2026-02-20,refunded,web
1179,575,2026-02-16,paid,web
1180,895,2026-01-08,paid,ios
1181,872,2025-11-20,refunded,ios
1182,1065,2025-12-23,refunded,android
1183,739,2026-01-31,cancelled,ios
1184,6,2025-12-20,cancelled,web
1185,1154,2025-12-01,cancelled,ios
1186,351,2025-11-10,cancelled,ios
1187,532,2025-10-01,cancelled,web
1188,136,2025-12-20,paid,web
1189,800,2025-10-25,cancelled,android
1190,35,2026-03-07,cancelled,web
1191,58,2026-02-21,paid,android
1192,823,2025-12-21,refunded,web
1193,450,2026-01-14,paid,ios
1194,931,2025-09-24,paid,ios
1195,1047,2026-01-23,paid,phone
1196,208,2025-10-26,paid,web
1197,456,2026-03-12,paid,web
1198,106,2026-02-26,paid,android
1199,910,2025-10-12,paid,ios
1200,292,2025-11-11,paid,android
1201,475,2025-12-30,cancelled,phone
1202,276,2026-02-16,paid,web
1203,479,2025-10-09,refunded,web
1204,615,2026-01-28,paid,web
1205,788,2026-01-11,paid,web
1206,169,2026-02-20,cancelled,web
1207,588,2025-10-08,paid,android
1208,417,2026-03-09,cancelled,android
1209,59,2025-10-21,cancelled,phone
1210,387,2025-12-28,cancelled,web
1211,848,2026-01-02,paid,web
1212,451,2026-02-25,refunded,web
1213,34,2025-10-07,cancelled,android
1214,623,2025-12-23,paid,web
1215,263,2025-12-19,paid,web
1216,539,2025-10-06,paid,ios
1217,367,2025-12-07,paid,web
1218,818,2026-01-14,paid,web
1219,406,2025-10-21,paid,web
1220,275,2025-09-15,paid,web
1221,1083,2025-12-17,refunded,web
1222,176,2025-12-01,paid,ios
1223,31,2026-02-20,paid,web
1224,656,2025-12-30,paid,web
1225,540,2025-10-28,paid,web
1226,379,2026-01-19,cancelled,android
1227,315,2025-09-19,cancelled,web
1228,655,2026-02-10,refunded,web
1229,512,2025-11-04,refunded,web
1230,268,2025-10-30,paid,web
1231,207,2025-11-01,paid,ios
1232,844,2026-03-05,paid,web
1233,877,2025-10-27,paid,ios
1234,497,2026-02-23,refunded,ios
1235,828,2025-12-16,paid,ios
1236,799,2025-10-23,paid,android
1237,555,2025-12-22,cancelled,ios
1238,316,2025-11-26,paid,android
1239,1121,2025-11-09,paid,web
1240,1103,2025-10-20,paid,ios
1241,48,2026-01-18,paid,web
1242,287,2025-12-20,paid,ios
1243,816,2026-02-11,paid,android
1244,392,2026-02-13,paid,web
1245,848,2026-03-11,cancelled,ios
1246,717,2026-02-06,paid,web
1247,167,2025-11-01,paid,web
1248,206,2025-11-24,paid,android
1249,22,2025-11-24,refunded,ios
1250,1115,2025-09-21,paid,android
1251,126,2026-03-10,cancelled,ios
1252,1114,2025-12-19,paid,web
1253,634,2025-09-17,paid,web
1254,993,2026-03-10,paid,android
1255,1023,2025-11-29,refunded,phone
1256,169,2025-12-07,paid,web
1257,1018,2025-12-01,paid,web
1258,736,2025-12-31,cancelled,ios
1259,607,2025-10-20,paid,web
1260,273,2025-12-14,cancelled,web
1261,456,2026-01-29,refunded,ios
1262,121,2026-03-04,paid,phone
1263,16,2026-01-11,cancelled,web
1264,319,2026-01-25,paid,web
1265,61,2025-12-02,paid,web
1266,1140,2025-09-23,refunded,android
1267,259,2026-01-21,paid,android
1268,359,2025-10-04,refunded,ios
1269,911,2025-11-16,paid,android
1270,43,2026-01-30,paid,web
1271,881,2026-02-05,paid,ios
1272,942,2025-11-13,paid,web
1273,457,2025-12-29,refunded,web
1274,618,2026-02-13,paid,web
1275,493,2025-10-19,paid,web
1276,678,2025-12-09,paid,phone
1277,776,2025-09-16,paid,web
1278,597,2025-12-13,paid,phone
1279,464,2025-09-24,paid,web
1280,204,2026-01-15,paid,phone
1281,973,2025-09-14,cancelled,web
1282,322,2026-01-19,paid,web
1283,434,2025-12-17,refunded,web
1284,576,2026-03-11,cancelled,web
1285,586,2025-12-10,paid,web
1286,1095,2025-10-02,paid,web
1287,214,2025-10-03,cancelled,phone
1288,328,2026-02-01,paid,android
1289,234,2025-12-22,cancelled,ios
1290,729,2026-02-09,paid,web
1291,1020,2025-10-04,paid,web
1292,502,2026-01-24,paid,ios
1293,981,2026-01-28,paid,web
1294,724,2025-10-24,cancelled,web
1295,296,2026-01-15,paid,phone
1296,791,2026-02-17,cancelled,phone
1297,247,2025-09-18,paid,web
1298,1094,2025-12-07,paid,web
1299,917,2025-12-28,cancelled,web
1300,552,2025-10-18,paid,web
1301,761,2025-09-14,paid,web
1302,707,2026-01-17,refunded,web
1303,417,2025-11-10,refunded,web
1304,295,2025-11-14,paid,web
1305,912,2025-09-16,cancelled,web
1306,284,2025-10-21,paid,android
1307,550,2025-10-15,cancelled,android
1308,781,2025-09-15,paid,ios
1309,574,2026-02-05,paid,web
1310,441,2025-12-17,paid,android
1311,598,2025-12-22,paid,web
1312,131,2025-12-11,cancelled,web
1313,25,2026-02-01,refunded,phone
1314,211,2025-12-25,refunded,web
1315,790,2026-01-03,paid,ios
1316,1105,2026-01-25,cancelled,web
1317,1185,2026-02-27,refunded,android
1318,877,2026-02-27,paid,web
1319,787,2026-01-01,refunded,ios
1320,258,2025-12-16,paid,web
1321,1156,2026-01-11,paid,android
1322,459,2026-02-02,paid,phone
1323,799,2025-11-02,paid,android
1324,300,2025-10-01,paid,android
1325,916,2026-01-11,paid,android
1326,933,2025-12-26,paid,web
1327,747,2025-11-02,cancelled,ios
1328,28,2026-01-27,paid,web
1329,674,2026-03-11,paid,web
1330,960,2025-12-08,refunded,web
1331,187,2025-11-16,cancelled,web
1332,835,2025-12-30,paid,web
1333,290,2026-01-31,paid,web
1334,416,2025-09-27,paid,phone
1335,117,2025-09-22,refunded,web
1336,1114,2026-02-13,paid,ios
1337,538,2026-03-12,paid,ios
1338,879,2026-01-24,paid,web
1339,435,2026-03-04,paid,web
1340,477,2026-02-02,paid,ios
1341,202,2026-01-21,cancelled,web
1342,1078,2026-03-02,paid,web
1343,1055,2026-03-08,refunded,web
1344,666,2025-10-26,paid,ios
1345,889,2025-12-04,refunded,android
1346,596,2025-10-14,cancelled,web
1347,1095,2026-01-27,cancelled,web
1348,81,2025-09-27,paid,android
1349,371,2026-01-24,cancelled,ios
1350,28,2026-02-14,cancelled,android
1351,48,2025-12-24,refunded,web
1352,1149,2025-09-17,cancelled,web
1353,41,2025-11-18,paid,android
1354,189,2026-02-24,paid,web
1355,449,2025-11-17,paid,ios
1356,608,2026-01-10,paid,ios
1357,944,2026-01-12,paid,web
1358,837,2026-02-16,refunded,web
1359,626,2025-12-03,paid,web
1360,822,2026-01-09,paid,android
1361,353,2026-02-14,paid,ios
1362,59,2025-09-29,cancelled,web
1363,704,2025-11-10,paid,web
1364,490,2026-02-28,paid,ios
1365,779,2025-10-29,paid,web
1366,1083,2025-11-01,refunded,ios
1367,664,2025-10-07,paid,web
1368,856,2025-10-17,cancelled,web
1369,906,2025-12-24,paid,android
1370,356,2025-09-20,refunded,web
1371,29,2026-02-10,refunded,phone
1372,122,2025-12-01,paid,web
1373,205,2025-10-27,paid,web
1374,186,2026-02-28,paid,ios
1375,497,2026-01-27,paid,android
1376,741,2025-12-16,cancelled,web
1377,50,2025-11-25,paid,web
1378,510,2026-02-28,paid,web
1379,322,2026-03-02,refunded,web
1380,836,2025-10-20,refunded,web
1381,171,2026-01-19,cancelled,web
1382,56,2025-12-13,paid,ios
1383,22,2025-10-28,paid,web
1384,648,2026-02-07,cancelled,web
1385,422,2026-03-09,cancelled,ios
1386,499,2026-03-02,paid,web
1387,501,2025-11-23,cancelled,web
1388,793,2026-01-24,paid,ios
1389,955,2026-01-21,refunded,ios
1390,936,2025-10-12,cancelled,web
1391,623,2025-12-14,paid,phone
1392,900,2026-01-05,paid,ios
1393,52,2025-12-17,paid,web
1394,141,2025-11-29,paid,android
1395,357,2026-02-20,paid,web
1396,56,2025-11-16,cancelled,web
1397,467,2025-12-24,paid,ios
1398,371,2025-10-20,refunded,web
1399,90,2025-09-25,cancelled,android
1400,322,2025-11-23,cancelled,web
1401,984,2025-12-07,cancelled,web
1402,1119,2025-12-26,paid,phone
1403,642,2025-12-26,paid,web
1404,625,2026-02-15,cancelled,web
1405,873,2025-12-11,paid,android
1406,247,2025-11-13,paid,web
1407,700,2026-03-09,cancelled,android
1408,447,2026-02-14,paid,web
1409,137,2026-02-21,paid,android
1410,810,2026-02-26,paid,web
1411,1137,2025-11-16,paid,web
1412,1068,2025-12-08,refunded,web
1413,386,2025-12-06,paid,web
1414,23,2026-03-12,paid,web
1415,126,2025-12-27,paid,web
1416,205,2026-02-26,paid,web
1417,573,2025-11-14,paid,web
1418,1014,2025-12-11,paid,ios
1419,156,2026-03-02,paid,web
1420,360,2026-01-03,paid,web
1421,513,2025-10-06,paid,ios
1422,364,2026-01-22,paid,web
1423,528,2025-11-05,cancelled,web
1424,704,2025-09-18,cancelled,web
1425,17,2025-11-15,refunded,web
1426,1072,2025-11-03,paid,web
1427,837,2026-03-11,paid,web
1428,175,2025-11-18,refunded,web
1429,441,2026-01-25,paid,android
1430,197,2025-12-20,cancelled,ios
1431,891,2026-02-07,refunded,web
1432,637,2025-09-24,paid,android
1433,69,2025-10-16,paid,web
1434,617,2026-01-22,paid,ios
1435,107,2025-11-02,paid,web
1436,290,2026-02-23,cancelled,ios
1437,603,2026-02-24,refunded,android
1438,100,2025-11-07,cancelled,web
1439,577,2025-11-06,refunded,web
1440,98,2026-01-05,paid,android
1441,804,2026-01-04,refunded,web
1442,543,2026-01-17,paid,ios
1443,914,2026-01-08,paid,android
1444,954,2025-12-29,refunded,web
1445,984,2025-12-29,cancelled,web
1446,426,2025-09-28,refunded,ios
1447,569,2025-09-21,cancelled,web
1448,866,2026-01-24,paid,android
1449,76,2025-11-18,cancelled,web
1450,209,2025-12-03,refunded,web
1451,1,2025-11-23,cancelled,android
1452,703,2026-02-13,refunded,web
1453,647,2025-11-23,cancelled,ios
1454,499,2026-02-25,paid,web
1455,463,2026-01-20,cancelled,ios
1456,417,2025-12-15,paid,web
1457,857,2025-12-03,refunded,android
1458,119,2026-02-07,refunded,web
1459,1135,2025-12-18,paid,web
1460,1172,2025-10-06,refunded,android
1461,1092,2025-09-29,paid,android
1462,758,2026-02-07,cancelled,android
1463,1055,2025-12-02,paid,web
1464,511,2025-10-04,paid,android
1465,630,2025-11-27,paid,web
1466,886,2025-11-12,paid,web
1467,113,2025-12-28,paid,ios
1468,513,2025-10-17,paid,web
1469,1023,2025-12-13,cancelled,web
1470,23,2025-12-10,refunded,web
1471,63,2025-09-24,cancelled,android
1472,297,2026-02-16,paid,web
1473,1057,2025-12-24,paid,android
1474,373,2025-11-19,paid,web
1475,1187,2025-09-18,paid,android
1476,276,2025-11-08,refunded,ios
1477,283,2026-02-11,paid,android
1478,19,2025-11-23,cancelled,android
1479,249,2025-11-17,refunded,ios
1480,1154,2025-09-25,paid,web
1481,259,2026-02-28,cancelled,web
1482,1096,2026-03-01,paid,android
1483,227,2026-01-25,paid,web
1484,839,2026-02-23,cancelled,web
1485,411,2025-10-03,cancelled,web
1486,937,2025-11-22,paid,phone
1487,791,2026-03-07,paid,web
1488,833,2025-12-13,paid,web
1489,17,2025-09-25,refunded,phone
1490,176,2025-12-05,refunded,web
1491,441,2025-11-30,refunded,web
1492,615,2025-12-21,paid,android
1493,33,2025-12-10,paid,ios
1494,423,2025-12-23,paid,ios
1495,715,2025-12-26,cancelled,android
1496,732,2025-12-04,paid,ios
1497,656,2026-01-31,paid,web
1498,1049,2025-11-20,paid,android
1499,704,2025-10-04,refunded,ios
1500,768,2025-12-31,refunded,ios
1501,565,2026-02-18,refunded,web
1502,912,2026-01-02,paid,web
1503,431,2026-02-23,paid,web
1504,545,2026-02-16,paid,web
1505,956,2025-10-14,paid,ios
1506,947,2026-01-07,paid,android
1507,213,2025-11-09,paid,web
1508,764,2025-12-11,refunded,web
1509,241,2025-11-01,cancelled,web
1510,209,2026-02-25,cancelled,ios
1511,1002,2026-03-09,paid,phone
1512,1172,2025-12-09,paid,web
1513,946,2025-09-19,paid,ios
1514,785,2026-01-08,refunded,android
1515,201,2025-12-23,paid,web
1516,406,2025-12-31,cancelled,phone
1517,273,2026-01-08,paid,android
1518,153,2025-11-21,paid,web
1519,129,2026-03-09,paid,web
1520,935,2026-03-04,paid,android
1521,965,2025-11-19,paid,web
1522,326,2025-12-18,paid,android
1523,763,2026-03-11,paid,web
1524,783,2026-01-06,paid,web
1525,423,2026-02-01,refunded,web
1526,153,2025-11-18,refunded,web
1527,347,2026-01-29,paid,android
1528,809,2025-11-26,cancelled,android
1529,990,2026-01-02,paid,phone
1530,863,2026-02-27,cancelled,ios
1531,193,2026-01-18,paid,web
1532,821,2025-11-17,refunded,web
1533,42,2025-12-21,paid,android
1534,253,2026-02-01,paid,android
1535,947,2025-11-22,paid,web
1536,823,2025-09-13,paid,web
1537,475,2025-11-02,paid,web
1538,446,2026-03-08,paid,web
1539,1113,2025-11-14,paid,web
1540,930,2025-10-08,cancelled,android
1541,394,2025-09-21,paid,web
1542,519,2026-01-29,paid,android
1543,20,2025-12-21,paid,web
1544,92,2025-11-10,paid,web
1545,576,2026-01-27,paid,ios
1546,932,2026-02-12,refunded,android
1547,992,2026-02-07,cancelled,web
1548,431,2025-11-27,refunded,web
1549,1040,2026-03-09,cancelled,web
1550,1064,2025-10-16,cancelled,android
1551,833,2025-10-19,cancelled,web
1552,1135,2026-02-12,cancelled,web
1553,336,2025-11-11,paid,ios
1554,777,2025-09-18,cancelled,android
1555,530,2025-11-10,paid,web
1556,186,2025-10-17,refunded,web
1557,698,2025-11-14,paid,web
1558,620,2025-10-16,paid,web
1559,915,2026-01-30,cancelled,web
1560,985,2025-09-21,paid,ios
1561,992,2025-10-23,refunded,web
1562,1163,2025-12-14,cancelled,web
1563,236,2025-12-31,paid,web
1564,85,2025-10-28,refunded,web
1565,1002,2025-12-14,paid,web
1566,270,2026-01-10,paid,ios
1567,831,2026-03-06,refunded,web
1568,1112,2025-10-31,paid,web
1569,181,2025-11-18,paid,web
1570,219,2026-02-04,cancelled,web
1571,465,2026-03-12,paid,phone
1572,256,2025-10-02,cancelled,android
1573,613,2026-02-03,cancelled,android
1574,890,2026-01-09,cancelled,web
1575,338,2026-02-14,cancelled,web
1576,630,2025-11-09,refunded,android
1577,1171,2025-09-25,paid,web
1578,726,2026-01-14,paid,web
1579,536,2026-02-12,paid,android
1580,550,2026-02-21,paid,android
1581,812,2025-12-01,paid,web
1582,457,2025-11-07,paid,ios
1583,851,2026-03-09,cancelled,android
1584,41,2025-10-25,cancelled,android
1585,22,2025-09-23,paid,web
1586,666,2025-12-03,paid,ios
1587,510,2026-03-01,cancelled,ios
1588,745,2025-11-20,refunded,web
1589,568,2025-12-03,paid,android
1590,986,2026-01-24,paid,ios
1591,313,2026-02-10,paid,web
1592,271,2025-12-05,paid,android
1593,312,2026-02-25,paid,phone
1594,1059,2025-10-02,refunded,web
1595,458,2026-03-08,paid,ios
1596,644,2025-12-13,cancelled,phone
1597,153,2026-03-03,refunded,ios
1598,790,2026-01-19,paid,ios
1599,78,2025-12-22,paid,android
1600,801,2026-02-28,paid,web
1601,722,2025-10-05,refunded,android
1602,820,2026-02-02,refunded,android
1603,595,2026-01-05,paid,ios
1604,820,2026-02-14,cancelled,phone
1605,985,2025-11-19,refunded,web
1606,624,2025-12-12,cancelled,web
1607,1084,2025-12-10,cancelled,web
1608,38,2026-03-05,paid,web
1609,295,2025-11-19,paid,web
1610,65,2026-01-20,paid,ios
1611,578,2025-11-15,refunded,web
1612,597,2025-11-09,paid,web
1613,556,2025-12-27,cancelled,web
1614,266,2025-11-09,paid,web
1615,340,2026-01-20,paid,web
1616,996,2026-02-22,refunded,web
1617,532,2026-03-09,refunded,web
1618,226,2026-01-27,paid,ios
1619,175,2025-09-19,paid,web
1620,1189,2026-02-17,paid,android
1621,161,2026-01-06,paid,web
1622,701,2025-10-04,paid,web
1623,923,2025-09-22,refunded,web
1624,792,2026-01-07,paid,web
1625,968,2026-02-13,paid,android
1626,219,2025-11-10,cancelled,android
1627,134,2026-03-11,refunded,web
1628,194,2025-10-25,paid,web
1629,576,2026-01-03,paid,phone
1630,219,2025-09-19,paid,android
1631,414,2025-09-22,cancelled,web
1632,1176,2026-03-12,cancelled,android
1633,191,2025-11-20,paid,web
1634,834,2026-03-11,paid,web
1635,480,2025-12-14,paid,android
1636,828,2025-12-11,paid,ios
1637,935,2025-11-12,paid,phone
1638,1015,2025-10-21,paid,android
1639,161,2025-11-13,paid,ios
1640,800,2026-01-03,paid,web
1641,243,2025-10-14,cancelled,web
1642,760,2025-11-19,cancelled,web
1643,672,2025-12-14,cancelled,web
1644,203,2026-01-29,cancelled,web
1645,114,2025-10-04,paid,web
1646,3,2025-09-25,refunded,web
1647,105,2026-03-06,refunded,android
1648,502,2025-12-27,paid,phone
1649,815,2025-11-25,paid,web
1650,319,2025-10-31,cancelled,web
1651,868,2026-01-20,paid,web
1652,1093,2025-10-21,cancelled,android
1653,493,2026-01-09,refunded,web
1654,880,2026-03-12,refunded,web
1655,456,2026-02-04,paid,web
1656,1087,2026-01-13,refunded,web
1657,239,2025-12-27,paid,android
1658,1163,2026-01-16,cancelled,android
1659,300,2025-11-17,cancelled,web
1660,444,2025-12-22,cancelled,web
1661,63,2025-09-16,refunded,web
1662,351,2025-10-11,paid,android
1663,132,2026-02-17,cancelled,android
1664,671,2025-12-12,paid,web
1665,67,2026-01-22,paid,ios
1666,315,2026-02-27,refunded,web
1667,936,2025-12-06,paid,ios
1668,874,2026-02-16,cancelled,android
1669,798,2026-01-31,paid,ios
1670,679,2025-12-24,paid,ios
1671,1189,2025-12-27,paid,web
1672,333,2025-12-06,paid,web
1673,1123,2025-11-01,cancelled,ios
1674,697,2026-03-05,paid,ios
1675,676,2025-10-23,paid,web
1676,41,2026-01-26,refunded,android
1677,673,2026-03-09,paid,ios
1678,1016,2026-02-13,refunded,phone
1679,1123,2025-11-09,paid,ios
1680,797,2025-09-13,refunded,ios
1681,344,2026-01-07,paid,web
1682,217,2025-11-15,refunded,ios
1683,995,2026-01-29,refunded,ios
1684,529,2025-11-12,refunded,web
1685,583,2026-02-17,refunded,phone
1686,89,2026-01-06,cancelled,ios
1687,476,2026-02-07,paid,phone
1688,531,2025-11-15,paid,ios
1689,1131,2025-10-01,cancelled,web
1690,201,2026-03-07,cancelled,web
1691,321,2025-10-21,paid,web
1692,284,2026-03-06,cancelled,web
1693,584,2026-02-19,cancelled,web
1694,643,2025-12-16,paid,ios
1695,842,2026-01-13,paid,web
1696,221,2026-01-12,refunded,web
1697,830,2025-10-09,paid,web
1698,607,2025-11-24,cancelled,ios
1699,105,2025-10-15,cancelled,web
1700,281,2026-01-15,cancelled,android
1701,1065,2025-10-28,paid,web
1702,1156,2026-01-04,paid,phone
1703,77,2026-01-01,cancelled,web
1704,354,2025-09-22,paid,web
1705,235,2025-12-19,paid,ios
1706,691,2025-11-09,paid,web
1707,258,2026-01-21,paid,ios
1708,397,2025-10-21,paid,ios
1709,1188,2025-12-04,paid,android
1710,527,2025-12-09,paid,web
1711,1099,2026-02-06,paid,android
1712,318,2025-12-24,refunded,web
1713,1010,2025-10-02,refunded,phone
1714,815,2026-01-29,refunded,web
1715,1183,2025-12-16,paid,web
1716,817,2025-09-17,paid,ios
1717,1070,2026-01-03,paid,phone
1718,820,2026-01-15,paid,web
1719,113,2026-01-11,paid,web
1720,311,2025-11-27,cancelled,web
1721,1169,2025-09-13,paid,ios
1722,742,2025-09-20,paid,web
1723,1158,2026-01-12,paid,ios
1724,353,2026-02-18,cancelled,web
1725,343,2025-12-10,paid,web
1726,751,2025-10-06,paid,web
1727,10,2026-01-26,paid,web
1728,96,2025-12-14,refunded,web
1729,351,2025-11-24,paid,ios
1730,224,2025-10-07,paid,web
1731,146,2026-01-27,paid,web
1732,430,2025-09-26,cancelled,ios
1733,303,2026-02-28,cancelled,web
1734,336,2026-02-07,refunded,android
1735,1106,2025-11-23,cancelled,web
1736,934,2025-10-09,cancelled,ios
1737,1097,2025-09-25,paid,web
1738,1032,2026-03-01,cancelled,ios
1739,279,2026-02-08,paid,web
1740,891,2025-10-29,cancelled,web
1741,511,2026-01-23,refunded,web
1742,865,2026-03-03,paid,web
1743,824,2025-12-28,paid,android
1744,858,2025-12-07,refunded,web
1745,210,2025-12-18,paid,web
1746,902,2026-03-04,paid,android
1747,216,2025-10-16,paid,web
1748,1000,2026-01-29,paid,android
1749,608,2025-12-15,paid,ios
1750,1078,2025-12-01,paid,web
1751,92,2025-11-14,paid,ios
1752,327,2025-09-17,paid,android
1753,295,2026-01-26,cancelled,android
1754,1036,2026-01-14,cancelled,ios
1755,711,2026-02-22,paid,web
1756,75,2025-09-27,paid,web
1757,260,2025-10-26,refunded,web
1758,841,2026-01-24,refunded,ios
1759,601,2025-10-09,paid,web
1760,21,2025-11-28,paid,web
1761,145,2026-03-08,paid,web
1762,864,2025-11-22,paid,web
1763,175,2025-10-15,paid,web
1764,1034,2026-01-18,paid,android
1765,750,2025-11-07,paid,web
1766,1048,2026-01-08,paid,phone
1767,760,2025-12-16,paid,android
1768,587,2025-10-02,refunded,web
1769,1085,2026-02-25,refunded,web
1770,138,2025-10-30,paid,web
1771,278,2026-01-12,cancelled,android
1772,496,2025-10-27,paid,android
1773,185,2025-10-28,paid,android
1774,1171,2025-12-03,refunded,ios
1775,518,2025-10-05,paid,android
1776,179,2025-10-12,paid,android
1777,886,2026-03-09,paid,android
1778,418,2026-01-19,paid,phone
1779,626,2026-02-03,paid,web
1780,74,2026-01-22,paid,web
1781,311,2026-02-05,cancelled,web
1782,1154,2025-10-06,refunded,web
1783,540,2026-02-11,paid,web
1784,941,2025-10-21,paid,web
1785,901,2025-09-20,paid,android
1786,503,2025-10-18,paid,web
1787,100,2026-02-03,cancelled,web
1788,1095,2026-01-16,paid,web
1789,290,2026-01-31,paid,android
1790,440,2025-12-01,refunded,android
1791,1153,2026-02-22,paid,web
1792,900,2025-12-15,refunded,web
1793,820,2025-11-10,paid,web
1794,10,2026-01-22,paid,web
1795,141,2025-10-01,cancelled,web
1796,64,2025-11-02,cancelled,web
1797,524,2025-11-11,cancelled,web
1798,693,2026-02-05,paid,ios
1799,1071,2025-12-18,refunded,web
1800,1087,2025-11-11,refunded,web
1801,924,2025-09-18,refunded,web
1802,739,2025-09-21,refunded,web
1803,1081,2026-02-20,paid,ios
1804,861,2025-10-27,cancelled,android
1805,728,2025-11-17,paid,ios
1806,346,2026-01-19,paid,phone
1807,916,2025-11-04,paid,web
1808,1054,2026-02-15,cancelled,ios
1809,953,2026-02-02,paid,web
1810,591,2026-03-12,paid,web
1811,831,2026-02-28,cancelled,ios
1812,1148,2025-10-16,paid,android
1813,616,2025-12-24,paid,web
1814,1034,2025-11-13,paid,android
1815,989,2025-11-26,refunded,ios
1816,1137,2025-09-20,refunded,phone
1817,40,2025-10-20,refunded,web
1818,1085,2025-10-17,paid,android
1819,968,2025-09-15,refunded,android
1820,999,2026-01-24,paid,web
1821,556,2026-02-12,paid,ios
1822,551,2025-12-09,cancelled,web
1823,1045,2025-10-24,refunded,web
1824,814,2026-02-16,paid,web
1825,761,2026-01-04,paid,web
1826,557,2026-02-11,paid,web
1827,430,2025-12-24,cancelled,ios
1828,266,2025-10-21,refunded,phone
1829,478,2025-11-10,cancelled,android
1830,426,2025-11-16,paid,web
1831,169,2025-10-15,paid,ios
1832,791,2025-11-27,paid,android
1833,323,2026-01-02,paid,web
1834,743,2026-02-17,paid,web
1835,936,2026-02-17,refunded,web
1836,62,2025-10-15,paid,web
1837,965,2026-01-19,refunded,ios
1838,781,2025-10-26,paid,web
1839,527,2026-02-17,paid,android
1840,754,2025-11-02,paid,web
1841,344,2026-01-30,cancelled,web
1842,438,2025-12-20,cancelled,ios
1843,69,2026-02-14,paid,web
1844,1143,2026-02-06,paid,ios
1845,750,2026-02-23,refunded,web
1846,1012,2025-11-06,paid,web
1847,621,2026-01-04,paid,ios
1848,491,2025-09-24,refunded,android
1849,383,2025-10-09,paid,web
1850,636,2025-12-29,refunded,web
1851,168,2025-12-31,paid,web
1852,487,2026-02-07,cancelled,ios
1853,1068,2025-11-07,paid,web
1854,987,2025-11-01,refunded,web
1855,725,2026-01-10,paid,phone
1856,789,2026-02-27,paid,ios
1857,1181,2026-02-06,paid,web
1858,208,2026-02-13,cancelled,web
1859,437,2026-01-13,paid,phone
1860,372,2025-12-28,paid,ios
1861,880,2025-12-03,cancelled,ios
1862,249,2026-03-02,paid,android
1863,1196,2026-01-21,cancelled,ios
1864,699,2026-02-13,cancelled,ios
1865,335,2025-10-05,paid,web
1866,13,2026-02-01,paid,android
1867,1155,2025-12-05,paid,web
1868,270,2026-03-09,cancelled,web
1869,294,2026-03-02,refunded,ios
1870,1093,2025-11-25,cancelled,web
1871,602,2026-03-04,cancelled,android
1872,174,2025-10-13,cancelled,web
1873,757,2025-12-18,paid,android
1874,303,2025-12-04,paid,web
1875,2,2026-01-24,paid,android
1876,467,2025-12-06,paid,android
1877,471,2025-11-25,paid,web
1878,1186,2025-11-21,paid,android
1879,64,2026-01-28,cancelled,web
1880,1115,2025-10-21,paid,web
1881,445,2026-01-16,refunded,phone
1882,892,2025-11-07,paid,web
1883,1012,2026-02-20,paid,web
1884,1141,2025-10-30,refunded,web
1885,472,2026-02-01,refunded,web
1886,1026,2026-01-05,paid,ios
1887,441,2025-12-21,refunded,web
1888,71,2026-01-14,paid,ios
1889,250,2025-09-16,cancelled,web
1890,420,2025-11-06,paid,ios
1891,52,2025-09-24,paid,android
1892,1087,2026-01-25,refunded,web
1893,450,2026-01-22,paid,web
1894,659,2025-12-17,cancelled,web
1895,941,2025-09-17,paid,web
1896,371,2026-03-07,refunded,web
1897,405,2025-11-28,paid,ios
1898,475,2025-10-07,paid,web
1899,887,2025-12-11,paid,web
1900,39,2025-11-30,refunded,ios
1901,842,2026-02-08,paid,android
1902,807,2025-12-08,refunded,web
1903,633,2026-01-13,refunded,web
1904,394,2025-11-03,refunded,ios
1905,376,2025-12-27,paid,web
1906,1075,2025-12-22,paid,android
1907,55,2025-12-19,cancelled,ios
1908,626,2025-11-09,paid,web
1909,322,2026-01-16,cancelled,web
1910,197,2026-01-10,cancelled,web
1911,833,2026-01-21,refunded,ios
1912,399,2025-12-27,paid,web
1913,1062,2026-01-04,cancelled,web
1914,908,2025-11-16,paid,ios
1915,12,2026-02-03,paid,ios
1916,768,2026-01-08,paid,ios
1917,1075,2025-09-23,paid,android
1918,114,2025-11-22,paid,web
1919,926,2026-02-21,refunded,web
1920,808,2026-01-01,paid,web
1921,688,2026-02-12,paid,android
1922,613,2026-01-23,paid,ios
1923,659,2026-03-05,paid,web
1924,60,2025-12-25,refunded,web
1925,448,2025-12-28,paid,web
1926,509,2026-02-14,cancelled,web
1927,74,2026-01-07,refunded,web
1928,673,2026-02-28,paid,ios
1929,265,2026-01-13,paid,web
1930,1030,2025-11-20,paid,phone
1931,442,2025-09-19,paid,phone
1932,701,2025-10-22,cancelled,ios
1933,78,2026-02-15,refunded,ios
1934,61,2026-01-03,refunded,ios
1935,124,2025-10-29,cancelled,web
1936,1144,2025-12-05,paid,web
1937,259,2025-09-27,paid,web
1938,115,2025-12-10,paid,web
1939,675,2026-02-23,paid,web
1940,996,2025-10-20,paid,android
1941,202,2026-01-20,paid,web
1942,500,2025-09-26,refunded,web
1943,603,2026-01-22,refunded,web
1944,1046,2026-02-06,paid,ios
1945,740,2025-12-10,paid,ios
1946,1040,2025-10-17,paid,web
1947,241,2025-10-15,paid,web
1948,35,2026-01-17,paid,ios
1949,544,2025-10-10,cancelled,web
1950,676,2025-12-15,refunded,web
1951,883,2026-01-05,paid,ios
1952,318,2025-10-22,cancelled,web
1953,102,2025-09-27,paid,web
1954,384,2025-10-14,cancelled,phone
1955,111,2026-02-28,paid,android
1956,163,2026-01-28,paid,ios
1957,1180,2026-01-23,refunded,web
1958,1131,2025-11-02,refunded,web
1959,332,2025-12-25,paid,web
1960,917,2026-01-23,paid,phone
1961,581,2026-01-06,refunded,web
1962,190,2025-10-30,paid,web
1963,341,2026-01-17,refunded,android
1964,1079,2026-01-05,paid,web
1965,896,2025-12-25,paid,ios
1966,1195,2025-09-15,refunded,phone
1967,1181,2025-10-20,paid,ios
1968,426,2025-11-10,cancelled,ios
1969,1067,2026-01-17,refunded,web
1970,762,2026-01-08,refunded,web
1971,270,2025-12-23,cancelled,ios
1972,753,2025-12-27,paid,web
1973,934,2025-10-08,paid,web
1974,45,2025-12-09,cancelled,web
1975,1121,2025-12-03,paid,web
1976,420,2025-10-30,cancelled,ios
1977,419,2025-12-12,cancelled,web
1978,833,2025-12-14,refunded,ios
1979,232,2025-11-26,paid,web
1980,314,2025-10-18,paid,web
1981,259,2026-01-04,paid,web
1982,720,2025-12-23,paid,web
1983,858,2025-10-20,paid,web
1984,969,2025-09-27,paid,web
1985,6,2025-12-03,cancelled,phone
1986,1071,2025-10-06,cancelled,web
1987,578,2026-02-09,paid,phone
1988,556,2025-10-28,cancelled,ios
1989,625,2026-01-30,refunded,web
1990,854,2025-11-03,paid,web
1991,920,2026-03-04,paid,web
1992,459,2025-11-06,refunded,android
1993,223,2026-01-07,cancelled,ios
1994,142,2025-09-27,paid,ios
1995,528,2025-11-28,paid,web
1996,1019,2025-12-19,paid,web
1997,1190,2026-03-01,paid,web
1998,894,2026-01-22,paid,android
1999,7,2026-02-10,paid,ios
2000,1073,2026-01-09,cancelled,android
2001,822,2025-11-30,cancelled,web
2002,247,2025-11-04,paid,web
2003,1076,2025-12-28,cancelled,web
2004,629,2025-11-07,refunded,web
2005,521,2025-12-31,refunded,web
2006,503,2026-02-02,cancelled,ios
2007,1056,2026-01-13,paid,web
2008,1006,2025-11-16,cancelled,web
2009,404,2025-11-26,paid,web
2010,170,2026-01-03,cancelled,web
2011,114,2025-12-02,paid,phone
2012,654,2025-11-04,paid,web
2013,65,2026-02-10,paid,android
2014,382,2026-02-16,paid,web
2015,218,2025-09-28,paid,web
2016,1198,2025-10-21,paid,android
2017,852,2026-02-16,refunded,ios
2018,629,2026-01-19,paid,web
2019,844,2025-11-25,paid,web
2020,473,2025-12-09,paid,android
2021,785,2025-09-28,refunded,android
2022,1184,2025-12-13,paid,web
2023,219,2026-01-15,paid,web
2024,404,2026-01-02,cancelled,web
2025,138,2026-02-05,paid,ios
2026,349,2025-10-04,refunded,android
2027,1194,2026-02-15,paid,web
2028,1191,2025-10-31,refunded,web
2029,63,2025-10-10,cancelled,web
2030,1037,2026-02-25,paid,ios
2031,790,2026-01-08,paid,phone
2032,560,2026-03-09,refunded,web
2033,1060,2025-12-02,paid,web
2034,26,2025-10-15,paid,android
2035,286,2025-12-02,paid,phone
2036,637,2025-10-17,refunded,android
2037,963,2025-11-29,paid,phone
2038,448,2025-12-16,paid,web
2039,895,2026-03-02,refunded,ios
2040,480,2026-02-08,refunded,web
2041,1048,2026-02-07,paid,android
2042,874,2026-01-23,paid,web
2043,476,2026-02-08,paid,web
2044,962,2026-02-27,paid,web
2045,1034,2025-12-28,cancelled,web
2046,1186,2025-12-13,paid,ios
2047,690,2025-10-08,paid,android
2048,1192,2025-12-27,paid,ios
2049,472,2025-12-31,paid,web
2050,292,2025-10-19,paid,web
2051,1117,2025-10-11,paid,web
2052,331,2026-01-03,paid,phone
2053,1096,2026-01-19,cancelled,web
2054,1191,2025-11-18,paid,web
2055,518,2025-09-19,refunded,web
2056,129,2025-12-30,refunded,web
2057,263,2025-09-18,paid,web
2058,740,2025-09-29,paid,android
2059,751,2025-12-07,cancelled,ios
2060,262,2026-03-05,paid,ios
2061,1146,2026-02-09,refunded,web
2062,437,2026-02-15,refunded,web
2063,174,2026-02-25,cancelled,android
2064,83,2025-11-15,paid,web
2065,68,2025-12-14,paid,android
2066,112,2026-01-10,paid,android
2067,714,2025-12-08,paid,ios
2068,278,2025-10-10,paid,android
2069,356,2025-12-25,cancelled,web
2070,1069,2025-12-29,paid,phone
2071,1020,2025-09-28,paid,ios
2072,97,2026-03-09,paid,ios
2073,771,2026-02-28,cancelled,android
2074,906,2026-01-19,refunded,ios
2075,393,2025-09-28,paid,web
2076,256,2025-10-25,cancelled,web
2077,504,2025-11-21,paid,android
2078,283,2025-12-02,paid,android
2079,137,2025-10-12,refunded,android
2080,24,2026-01-16,paid,web
2081,897,2026-02-27,paid,android
2082,839,2025-10-10,paid,ios
2083,316,2025-12-24,refunded,web
2084,423,2026-03-03,paid,android
2085,1019,2026-03-02,refunded,web
2086,561,2026-02-04,cancelled,web
2087,748,2025-11-05,cancelled,web
2088,778,2025-09-18,refunded,web
2089,322,2025-12-14,paid,android
2090,518,2026-01-10,paid,web
2091,608,2026-03-09,cancelled,android
2092,1198,2025-11-28,paid,ios
2093,542,2026-02-05,cancelled,ios
2094,396,2025-10-10,cancelled,ios
2095,574,2025-09-19,paid,web
2096,555,2025-09-20,paid,phone
2097,163,2025-09-17,paid,web
2098,598,2026-03-05,paid,ios
2099,559,2025-10-29,paid,ios
2100,1066,2025-11-07,refunded,web
2101,515,2026-03-10,refunded,web
2102,1148,2026-02-05,refunded,web
2103,395,2025-11-22,paid,android
2104,121,2026-01-11,paid,web
2105,78,2026-01-07,paid,android
2106,1129,2026-01-25,refunded,web
2107,453,2025-09-19,paid,web
2108,897,2025-10-28,paid,web
2109,554,2026-03-01,paid,android
2110,413,2025-11-25,paid,web
2111,155,2025-10-05,paid,web
2112,969,2025-09-26,paid,phone
2113,530,2025-11-15,cancelled,web
2114,916,2025-12-17,cancelled,android
2115,326,2026-01-11,paid,phone
2116,1037,2026-02-07,paid,android
2117,625,2025-10-29,paid,android
2118,421,2025-09-20,paid,android
2119,1056,2025-12-04,cancelled,android
2120,773,2025-10-08,paid,android
2121,163,2026-03-01,cancelled,phone
2122,163,2026-01-13,cancelled,android
2123,768,2026-01-02,cancelled,web
2124,1037,2025-12-14,paid,ios
2125,330,2025-10-17,paid,ios
2126,560,2026-01-21,paid,android
2127,778,2025-12-21,paid,web
2128,922,2025-12-24,paid,android
2129,287,2026-02-10,cancelled,web
2130,1144,2026-01-19,cancelled,phone
2131,349,2026-02-12,refunded,web
2132,779,2026-01-13,paid,web
2133,490,2025-11-13,paid,android
2134,1042,2025-11-19,paid,web
2135,1167,2025-12-22,paid,web
2136,928,2026-02-06,refunded,web
2137,1112,2026-02-07,paid,ios
2138,870,2026-02-14,paid,ios
2139,938,2025-10-31,cancelled,web
2140,385,2026-01-29,cancelled,web
2141,721,2025-12-19,paid,android
2142,483,2026-02-14,paid,phone
2143,1103,2025-10-06,paid,web
2144,1080,2025-11-24,paid,ios
2145,710,2025-09-25,cancelled,web
2146,506,2025-10-30,refunded,web
2147,198,2026-03-03,refunded,web
2148,727,2025-12-09,paid,web
2149,975,2025-11-09,paid,web
2150,368,2026-01-09,paid,android
2151,202,2025-11-05,paid,android
2152,1106,2026-02-16,paid,web
2153,230,2026-03-08,refunded,web
2154,383,2025-10-28,paid,android
2155,442,2025-12-22,paid,web
2156,16,2026-02-21,paid,web
2157,946,2026-01-21,paid,android
2158,89,2025-09-28,cancelled,web
2159,678,2025-11-24,cancelled,web
2160,588,2025-12-18,paid,ios
2161,643,2025-09-30,refunded,web
2162,469,2026-03-12,paid,web
2163,328,2025-10-30,paid,web
2164,813,2025-12-27,paid,web
2165,159,2025-11-08,cancelled,web
2166,626,2026-02-05,cancelled,android
2167,826,2026-01-08,refunded,web
2168,10,2026-03-06,refunded,ios
2169,34,2026-01-26,paid,web
2170,773,2025-12-19,refunded,android
2171,623,2025-12-27,refunded,android
2172,216,2025-09-24,paid,web
2173,1125,2026-02-16,refunded,phone
2174,178,2025-11-10,paid,web
2175,277,2026-02-25,paid,web
2176,752,2025-10-29,paid,web
2177,400,2025-11-14,cancelled,ios
2178,994,2025-09-24,paid,web
2179,656,2025-12-24,refunded,ios
2180,1192,2026-02-23,paid,phone
2181,1046,2026-01-14,paid,web
2182,624,2026-01-02,refunded,web
2183,487,2026-02-28,refunded,web
2184,156,2026-01-30,paid,web
2185,181,2025-11-08,paid,web
2186,171,2026-02-14,paid,web
2187,347,2026-01-01,cancelled,web
2188,1175,2025-11-28,paid,web
2189,1069,2025-11-23,paid,web
2190,846,2026-01-16,cancelled,web
2191,603,2025-09-23,paid,phone
2192,931,2026-02-24,refunded,phone
2193,1121,2025-11-12,paid,web
2194,396,2025-11-17,paid,web
2195,367,2025-11-29,paid,web
2196,560,2026-01-12,paid,ios
2197,522,2025-09-27,cancelled,android
2198,1024,2025-12-24,cancelled,web
2199,1157,2025-12-24,paid,web
2200,922,2025-12-30,paid,web
2201,626,2026-01-06,refunded,android
2202,1074,2026-02-04,refunded,web
2203,390,2025-11-07,paid,ios
2204,498,2026-02-07,refunded,web
2205,1142,2025-11-11,paid,ios
2206,683,2025-11-09,paid,android
2207,116,2025-10-09,cancelled,web
2208,816,2025-11-17,paid,web
2209,744,2025-10-13,paid,web
2210,1163,2025-12-07,cancelled,ios
2211,615,2026-02-14,paid,android
2212,836,2025-11-21,cancelled,ios
2213,904,2025-12-04,paid,ios
2214,452,2025-11-23,cancelled,android
2215,1143,2025-10-26,paid,web
2216,489,2026-01-13,refunded,ios
2217,798,2025-12-15,cancelled,android
2218,19,2025-12-30,paid,android
2219,392,2025-10-03,cancelled,web
2220,232,2025-10-27,paid,ios
2221,76,2026-01-09,refunded,web
2222,553,2025-10-17,paid,web
2223,660,2026-02-13,refunded,web
2224,59,2025-12-09,paid,web
2225,1097,2025-10-09,paid,web
2226,274,2026-01-26,paid,android
2227,996,2025-12-05,paid,android
2228,266,2025-12-21,paid,ios
2229,480,2025-12-04,cancelled,web
2230,916,2025-12-28,paid,android
2231,317,2025-12-06,paid,web
2232,348,2025-10-23,cancelled,ios
2233,814,2026-01-18,paid,ios
2234,702,2025-12-22,paid,web
2235,508,2025-12-07,paid,ios
2236,419,2026-02-02,paid,web
2237,788,2025-09-25,paid,web
2238,618,2026-03-05,cancelled,web
2239,1107,2025-09-25,paid,ios
2240,995,2025-12-27,cancelled,phone
2241,120,2025-11-05,paid,android
2242,101,2026-01-28,refunded,android
2243,144,2026-03-05,refunded,web
2244,513,2025-09-17,cancelled,web
2245,220,2025-12-29,paid,ios
2246,357,2026-02-09,paid,web
2247,1119,2025-10-29,refunded,web
2248,1196,2025-11-22,paid,android
2249,348,2025-11-29,paid,phone
2250,617,2025-12-18,cancelled,phone
2251,946,2026-01-14,paid,android
2252,999,2026-02-10,refunded,web
2253,663,2026-01-15,paid,web
2254,1029,2025-12-08,paid,phone
2255,1041,2025-09-30,paid,web
2256,1159,2025-11-13,cancelled,phone
2257,759,2025-12-02,paid,ios
2258,685,2025-12-28,paid,web
2259,264,2025-10-03,paid,ios
2260,175,2026-02-06,cancelled,android
2261,105,2025-11-18,paid,web
2262,273,2025-12-27,paid,web
2263,1029,2025-12-30,paid,web
2264,464,2025-12-21,paid,web
2265,423,2026-02-24,paid,web
2266,18,2025-09-22,paid,android
2267,1073,2025-10-27,cancelled,web
2268,498,2026-01-29,paid,ios
2269,132,2025-10-09,paid,ios
2270,429,2026-02-23,cancelled,web
2271,574,2025-12-08,paid,web
2272,406,2026-03-02,paid,ios
2273,676,2025-12-28,cancelled,android
2274,582,2026-02-19,paid,android
2275,550,2026-02-07,paid,web
2276,710,2025-10-18,refunded,android
2277,1155,2026-03-02,paid,android
2278,525,2025-12-03,cancelled,web
2279,1194,2025-10-06,paid,ios
2280,1187,2025-11-24,paid,web
2281,287,2025-09-20,paid,android
2282,1184,2026-02-18,cancelled,web
2283,990,2025-09-13,cancelled,ios
2284,923,2025-11-03,refunded,web
2285,103,2025-12-12,refunded,phone
2286,558,2026-01-17,refunded,android
2287,627,2025-09-16,paid,android
2288,72,2026-01-06,paid,web
2289,476,2026-02-22,paid,ios
2290,412,2025-09-16,paid,web
2291,341,2026-03-01,refunded,web
2292,468,2025-10-18,paid,ios
2293,635,2025-09-17,paid,ios
2294,1165,2026-03-02,paid,ios
2295,1129,2025-12-05,paid,web
2296,116,2025-12-09,cancelled,android
2297,910,2025-12-03,cancelled,web
2298,1002,2026-01-26,cancelled,web
2299,700,2026-01-10,paid,web
2300,364,2025-12-12,cancelled,ios
2301,1175,2025-09-25,paid,android
2302,476,2026-01-25,paid,web
2303,430,2025-09-30,refunded,web
2304,494,2025-11-04,refunded,ios
2305,695,2025-10-02,paid,android
2306,552,2026-03-05,paid,web
2307,369,2025-11-07,cancelled,web
2308,1172,2025-11-23,paid,android
2309,803,2025-10-30,paid,web
2310,476,2026-01-09,paid,web
2311,19,2025-11-30,cancelled,ios
2312,1106,2025-12-26,refunded,web
2313,1181,2026-01-27,refunded,web
2314,212,2026-01-11,paid,android
2315,830,2025-12-01,refunded,web
2316,491,2025-11-17,paid,android
2317,201,2025-12-21,cancelled,web
2318,679,2026-01-29,paid,web
2319,798,2025-11-27,cancelled,ios
2320,688,2025-11-03,refunded,android
2321,964,2025-11-08,paid,android
2322,29,2026-01-08,paid,android
2323,1057,2025-12-17,paid,web
2324,889,2026-01-04,paid,web
2325,649,2025-12-13,paid,android
2326,1186,2025-10-28,paid,web
2327,726,2025-10-18,paid,android
2328,467,2025-10-17,paid,android
2329,1036,2025-11-24,paid,web
2330,545,2025-10-22,refunded,android
2331,42,2025-12-07,paid,android
2332,257,2025-11-06,cancelled,web
2333,592,2025-11-17,cancelled,ios
2334,21,2025-09-20,paid,ios
2335,981,2025-11-27,paid,ios
2336,304,2025-09-14,refunded,web
2337,432,2026-01-19,paid,web
2338,748,2025-10-12,cancelled,web
2339,106,2025-11-07,paid,web
2340,1056,2025-11-10,refunded,web
2341,814,2025-09-23,refunded,ios
2342,521,2026-02-18,refunded,web
2343,82,2026-02-03,cancelled,web
2344,963,2025-11-04,cancelled,web
2345,65,2026-01-12,paid,android
2346,144,2026-01-14,refunded,android
2347,1125,2026-02-01,paid,android
2348,713,2026-03-05,refunded,android
2349,1085,2025-12-04,paid,ios
2350,122,2025-11-21,paid,android
2351,83,2026-01-04,refunded,web
2352,306,2025-12-17,paid,android
2353,499,2026-01-14,paid,android
2354,1144,2025-12-04,paid,ios
2355,460,2026-03-11,paid,web
2356,204,2025-12-26,cancelled,android
2357,668,2025-09-15,cancelled,android
2358,207,2026-01-15,cancelled,web
2359,713,2025-12-01,paid,phone
2360,580,2025-12-20,cancelled,phone
2361,133,2025-12-15,refunded,android
2362,662,2025-11-25,paid,web
2363,569,2025-11-08,paid,web
2364,25,2025-12-20,paid,phone
2365,274,2025-12-26,paid,web
2366,713,2026-03-02,paid,phone
2367,765,2025-09-22,refunded,web
2368,309,2025-12-24,paid,web
2369,686,2026-03-02,paid,web
2370,744,2025-10-02,refunded,web
2371,1009,2025-12-30,paid,web
2372,884,2025-12-07,paid,web
2373,1045,2025-10-07,paid,web
2374,823,2026-01-22,paid,web
2375,52,2025-12-09,paid,ios
2376,454,2025-12-09,refunded,ios
2377,857,2025-09-18,paid,phone
2378,918,2025-12-30,paid,web
2379,390,2025-12-23,paid,web
2380,1186,2025-10-21,paid,web
2381,757,2025-12-28,paid,web
2382,1006,2026-01-22,paid,web
2383,721,2025-09-23,refunded,web
2384,847,2025-10-08,paid,ios
2385,640,2025-09-22,refunded,web
2386,1045,2025-10-14,refunded,web
2387,849,2026-01-28,paid,web
2388,706,2025-12-08,cancelled,android
2389,37,2026-02-08,cancelled,web
2390,744,2025-09-17,paid,android
2391,489,2026-03-11,paid,android
2392,279,2025-09-26,paid,web
2393,1044,2025-11-16,paid,android
2394,665,2026-01-09,refunded,web
2395,695,2025-09-25,paid,phone
2396,1193,2025-12-23,refunded,web
2397,786,2026-02-07,paid,ios
2398,650,2025-12-01,cancelled,web
2399,1167,2026-01-23,cancelled,web
2400,1200,2025-10-17,paid,web
2401,403,2026-01-20,refunded,web
2402,277,2025-09-18,paid,ios
2403,524,2025-10-28,refunded,android
2404,815,2026-01-04,paid,ios
2405,544,2026-02-21,paid,web
2406,1058,2025-11-02,paid,phone
2407,525,2025-11-04,paid,web
2408,988,2026-01-07,paid,web
2409,1181,2026-02-11,paid,phone
2410,472,2025-12-16,cancelled,web
2411,793,2026-02-06,paid,ios
2412,192,2025-09-27,cancelled,web
2413,851,2026-03-05,paid,web
2414,611,2025-11-17,paid,ios
2415,690,2025-12-22,cancelled,web
2416,298,2025-10-13,paid,web
2417,1046,2026-01-09,paid,android
2418,989,2026-02-20,paid,android
2419,787,2026-02-15,refunded,phone
2420,445,2026-03-10,paid,web
2421,321,2025-09-29,paid,web
2422,724,2025-12-27,paid,web
2423,662,2026-02-02,cancelled,ios
2424,1113,2026-01-03,refunded,ios
2425,840,2025-11-28,cancelled,phone
2426,503,2025-10-09,paid,android
2427,101,2026-01-25,refunded,web
2428,1008,2025-11-18,paid,web
2429,1123,2025-12-31,cancelled,web
2430,407,2026-01-13,refunded,android
2431,153,2025-12-10,paid,web
2432,8,2025-11-16,cancelled,web
2433,1172,2026-01-27,paid,ios
2434,614,2026-01-20,refunded,ios
2435,541,2026-02-13,cancelled,web
2436,163,2026-02-14,paid,web
2437,1102,2025-11-08,paid,android
2438,583,2025-09-21,paid,ios
2439,379,2025-11-26,cancelled,web
2440,399,2025-12-16,refunded,phone
2441,1,2026-01-25,cancelled,ios
2442,871,2025-11-15,paid,ios
2443,668,2025-12-07,paid,android
2444,746,2026-03-01,paid,web
2445,36,2026-01-04,refunded,web
2446,325,2025-12-10,paid,web
2447,720,2025-12-30,cancelled,web
2448,675,2025-12-02,paid,ios
2449,694,2026-02-18,cancelled,web
2450,264,2026-01-27,paid,web
2451,982,2025-11-13,paid,android
2452,871,2026-01-23,paid,web
2453,818,2026-01-12,cancelled,web
2454,906,2026-03-06,paid,web
2455,1092,2026-02-26,refunded,android
2456,96,2026-01-25,paid,web
2457,122,2026-01-10,paid,ios
2458,244,2025-12-31,paid,web
2459,730,2025-09-24,paid,web
2460,1169,2026-02-19,paid,android
2461,807,2025-11-06,refunded,web
2462,1074,2025-11-08,paid,web
2463,73,2025-09-23,paid,web
2464,340,2025-12-02,paid,web
2465,37,2026-03-02,refunded,web
2466,229,2025-10-22,paid,web
2467,1026,2026-01-06,cancelled,web
2468,746,2025-09-22,refunded,web
2469,569,2025-10-27,cancelled,phone
2470,855,2025-12-07,paid,android
2471,849,2026-02-12,paid,ios
2472,994,2025-12-31,paid,web
2473,338,2025-12-01,paid,android
2474,349,2026-01-02,paid,web
2475,405,2026-02-05,paid,android
2476,19,2026-02-07,paid,web
2477,754,2025-12-24,refunded,web
2478,1077,2025-10-27,paid,web
2479,509,2026-02-10,paid,web
2480,880,2026-01-03,paid,web
2481,593,2025-11-20,refunded,ios
2482,1014,2025-10-23,cancelled,web
2483,1027,2025-11-05,paid,web
2484,423,2025-10-10,cancelled,web
2485,425,2026-02-18,paid,web
2486,197,2026-01-22,paid,web
2487,749,2025-11-01,paid,web
2488,178,2025-12-03,refunded,android
2489,26,2026-01-19,cancelled,android
2490,290,2026-03-05,paid,android
2491,873,2025-10-08,paid,web
2492,1073,2025-09-29,paid,ios
2493,1142,2026-03-04,paid,web
2494,402,2025-09-26,refunded,ios
2495,802,2025-10-28,cancelled,android
2496,345,2026-01-09,paid,web
2497,672,2025-11-17,paid,web
2498,931,2026-01-30,paid,web
2499,689,2026-01-30,paid,web
2500,237,2026-01-04,paid,web
2501,1025,2025-09-13,paid,web
2502,237,2025-09-25,paid,web
2503,428,2025-12-05,paid,web
2504,817,2025-11-10,paid,web
2505,320,2025-12-12,paid,web
2506,151,2026-02-13,paid,web
2507,756,2026-02-05,paid,web
2508,201,2025-09-26,cancelled,web
2509,1188,2025-09-24,paid,web
2510,952,2026-01-24,refunded,ios
2511,600,2026-03-11,refunded,web
2512,963,2025-11-19,paid,ios
2513,658,2025-12-01,paid,ios
2514,793,2025-10-09,paid,ios
2515,926,2025-11-06,refunded,web
2516,61,2025-11-14,paid,web
2517,118,2026-01-03,refunded,android
2518,354,2025-11-29,paid,android
2519,128,2026-02-24,cancelled,android
2520,713,2025-10-08,paid,ios
2521,1015,2025-11-25,cancelled,web
2522,554,2026-02-08,paid,web
2523,590,2025-10-09,paid,ios
2524,496,2026-02-21,paid,android
2525,94,2026-02-23,cancelled,web
2526,1001,2025-11-30,cancelled,web
2527,738,2025-10-22,paid,android
2528,655,2025-09-25,paid,phone
2529,44,2026-03-06,paid,web
2530,1035,2026-01-07,refunded,ios
2531,710,2025-11-20,paid,android
2532,242,2026-01-08,refunded,web
2533,167,2025-10-30,paid,web
2534,238,2025-11-18,paid,web
2535,1008,2025-11-11,cancelled,android
2536,25,2025-10-30,paid,web
2537,589,2025-10-19,paid,web
2538,1122,2026-01-16,cancelled,ios
2539,305,2025-10-04,paid,web
2540,425,2025-12-15,cancelled,web
2541,591,2025-10-09,paid,web
2542,1073,2025-12-04,cancelled,web
2543,348,2025-10-14,paid,phone
2544,111,2026-03-01,refunded,web
2545,153,2026-01-05,refunded,web
2546,197,2025-11-09,paid,web
2547,1000,2025-09-16,paid,web
2548,541,2026-02-01,paid,ios
2549,1056,2026-01-15,paid,web
2550,206,2025-12-04,paid,web
2551,853,2026-03-06,cancelled,web
2552,452,2025-09-19,refunded,web
2553,1010,2026-02-19,paid,phone
2554,433,2025-09-20,cancelled,web
2555,612,2025-10-15,paid,web
2556,276,2026-02-07,refunded,web
2557,923,2025-10-23,paid,ios
2558,849,2026-01-29,paid,web
2559,741,2025-10-04,paid,android
2560,648,2026-02-12,paid,web
2561,161,2025-12-16,paid,android
2562,602,2025-09-22,paid,web
2563,578,2026-02-01,refunded,ios
2564,964,2026-02-14,paid,android
2565,219,2025-12-20,paid,web
2566,693,2025-09-18,cancelled,android
2567,887,2026-03-07,paid,web
2568,250,2026-02-09,cancelled,web
2569,770,2026-02-15,paid,android
2570,1111,2025-11-10,paid,web
2571,496,2026-01-04,paid,web
2572,190,2025-11-20,paid,phone
2573,1031,2026-01-17,refunded,web
2574,659,2025-12-30,paid,web
2575,260,2026-01-28,refunded,web
2576,336,2025-12-19,paid,web
2577,240,2025-09-19,paid,android
2578,228,2025-11-21,paid,web
2579,578,2025-11-17,refunded,web
2580,690,2026-03-03,cancelled,web
2581,21,2026-03-07,cancelled,web
2582,323,2026-02-25,cancelled,android
2583,1107,2025-09-20,paid,android
2584,816,2026-01-01,paid,web
2585,798,2026-03-09,cancelled,ios
2586,703,2026-02-15,paid,web
2587,976,2026-01-26,paid,web
2588,365,2026-01-01,refunded,android
2589,185,2026-03-10,cancelled,ios
2590,539,2025-09-23,paid,web
2591,194,2025-11-19,cancelled,android
2592,520,2025-10-22,paid,ios
2593,1086,2026-01-19,paid,web
2594,163,2026-02-07,paid,android
2595,1047,2026-02-09,paid,web
2596,1020,2026-01-28,cancelled,android
2597,778,2026-03-12,paid,ios
2598,159,2026-03-12,paid,web
2599,574,2025-11-15,paid,web
2600,811,2025-11-08,paid,web
2601,130,2026-03-01,paid,web
2602,757,2025-12-23,cancelled,android
2603,95,2026-03-10,paid,phone
2604,912,2025-11-06,cancelled,web
2605,327,2026-03-05,paid,web
2606,781,2025-12-07,paid,android
2607,67,2025-11-29,paid,web
2608,310,2026-01-14,cancelled,ios
2609,896,2025-12-28,paid,android
2610,347,2025-10-28,paid,web
2611,529,2025-10-10,refunded,web
2612,677,2025-12-12,cancelled,web
2613,538,2025-11-21,paid,web
2614,39,2026-01-26,refunded,web
2615,363,2025-12-27,refunded,web
2616,22,2025-09-24,cancelled,web
2617,215,2026-03-06,paid,web
2618,661,2026-02-13,cancelled,web
2619,743,2026-01-07,cancelled,web
2620,477,2025-12-27,paid,web
2621,112,2026-01-25,refunded,web
2622,953,2026-02-20,cancelled,ios
2623,1106,2025-09-22,paid,web
2624,345,2025-09-25,cancelled,ios
2625,893,2026-03-12,cancelled,web
2626,386,2025-10-19,paid,ios
2627,550,2025-09-17,refunded,web
2628,10,2026-01-02,cancelled,web
2629,127,2025-11-09,paid,android
2630,958,2026-02-16,paid,ios
2631,1182,2025-09-19,paid,android
2632,1118,2025-12-05,cancelled,web
2633,6,2026-01-04,paid,web
2634,758,2025-09-27,paid,web
2635,971,2026-03-04,paid,web
2636,190,2025-11-26,paid,web
2637,86,2025-11-22,paid,web
2638,1196,2025-11-19,cancelled,web
2639,407,2025-12-27,paid,web
2640,609,2026-02-17,paid,web
2641,426,2025-12-31,paid,ios
2642,574,2025-12-17,cancelled,ios
2643,1196,2025-12-03,paid,android
2644,17,2025-11-23,paid,android
2645,1168,2025-12-20,paid,android
2646,1119,2026-01-02,cancelled,web
2647,977,2026-01-20,refunded,web
2648,89,2026-02-04,cancelled,web
2649,827,2026-01-08,refunded,phone
2650,775,2025-12-24,refunded,ios
2651,275,2026-01-17,paid,ios
2652,530,2025-11-17,refunded,phone
2653,278,2025-12-21,paid,web
2654,850,2026-01-21,refunded,android
2655,685,2026-03-12,paid,web
2656,656,2026-01-15,refunded,phone
2657,160,2025-11-24,paid,phone
2658,795,2025-10-18,paid,web
2659,277,2025-09-21,refunded,web
2660,822,2025-11-16,paid,android
2661,649,2025-12-31,paid,ios
2662,358,2026-02-16,paid,ios
2663,861,2026-01-11,refunded,web
2664,277,2025-11-03,refunded,ios
2665,1019,2025-11-20,refunded,web
2666,749,2025-09-14,cancelled,web
2667,585,2026-02-22,paid,ios
2668,662,2025-12-01,paid,phone
2669,267,2026-02-27,cancelled,ios
2670,268,2025-12-09,refunded,ios
2671,819,2026-02-05,paid,web
2672,301,2025-12-13,paid,phone
2673,883,2026-03-04,paid,web
2674,1042,2025-12-17,refunded,android
2675,1155,2025-10-30,paid,web
2676,336,2026-01-26,paid,android
2677,561,2025-11-11,paid,android
2678,572,2025-11-27,paid,web
2679,1022,2025-11-24,paid,web
2680,21,2025-12-26,cancelled,ios
2681,906,2026-01-18,paid,ios
2682,264,2026-01-19,paid,web
2683,1083,2025-11-18,paid,web
2684,958,2026-03-09,paid,web
2685,491,2026-02-11,paid,ios
2686,429,2026-03-08,paid,web
2687,312,2025-10-07,refunded,web
2688,58,2026-01-04,paid,ios
2689,789,2026-03-03,paid,web
2690,108,2025-11-17,cancelled,web
2691,400,2025-12-21,refunded,android
2692,721,2025-10-09,paid,ios
2693,914,2026-02-06,paid,web
2694,867,2025-10-07,cancelled,web
2695,42,2025-09-24,paid,web
2696,466,2026-01-22,paid,android
2697,1140,2026-01-10,refunded,android
2698,367,2025-12-23,refunded,ios
2699,54,2026-01-04,paid,web
2700,549,2025-10-12,refunded,ios
2701,915,2026-03-02,paid,android
2702,320,2026-03-04,paid,android
2703,1186,2025-10-09,paid,web
2704,189,2025-12-07,paid,ios
2705,762,2025-12-09,cancelled,web
2706,977,2026-01-13,paid,web
2707,665,2025-10-21,paid,web
2708,948,2025-11-08,paid,web
2709,415,2025-09-28,refunded,android
2710,942,2025-09-27,paid,ios
2711,584,2025-12-27,cancelled,web
2712,637,2026-01-11,cancelled,android
2713,1029,2025-10-30,paid,web
2714,665,2026-01-23,refunded,phone
2715,443,2025-12-20,cancelled,android
2716,1069,2025-09-29,paid,web
2717,244,2026-02-24,paid,web
2718,837,2026-02-23,paid,web
2719,623,2026-01-01,paid,web
2720,1157,2025-10-06,paid,ios
2721,103,2026-02-23,cancelled,android
2722,312,2026-02-15,paid,web
2723,62,2025-12-09,refunded,android
2724,362,2025-12-12,paid,web
2725,712,2026-02-10,refunded,ios
2726,206,2026-02-16,paid,ios
2727,280,2025-12-25,paid,web
2728,739,2025-12-16,paid,web
2729,695,2026-01-13,cancelled,ios
2730,211,2025-11-05,refunded,web
2731,442,2026-02-16,cancelled,web
2732,419,2026-02-11,refunded,android
2733,531,2026-03-08,paid,android
2734,369,2026-02-07,paid,android
2735,124,2025-12-16,paid,web
2736,943,2025-12-17,paid,web
2737,585,2026-01-04,cancelled,android
2738,64,2026-03-08,paid,web
2739,457,2026-02-28,refunded,web
2740,591,2026-01-01,paid,android
2741,836,2025-11-17,paid,android
2742,1145,2026-03-05,cancelled,web
2743,312,2026-02-17,paid,web
2744,765,2026-03-11,cancelled,android
2745,391,2026-02-22,paid,web
2746,1083,2026-01-30,refunded,ios
2747,1076,2025-09-30,paid,android
2748,358,2025-11-04,cancelled,web
2749,232,2025-11-02,paid,web
2750,478,2026-01-22,paid,ios
2751,1000,2025-12-06,cancelled,web
2752,341,2026-02-13,paid,ios
2753,903,2025-12-01,cancelled,web
2754,148,2026-01-16,refunded,web
2755,288,2026-01-17,paid,web
2756,812,2025-10-05,refunded,android
2757,88,2025-09-17,paid,web
2758,1113,2026-02-26,paid,web
2759,484,2025-09-22,cancelled,web
2760,424,2025-12-14,paid,web
2761,73,2025-12-14,paid,android
2762,307,2025-11-27,paid,web
2763,860,2025-12-28,paid,web
2764,612,2025-10-09,cancelled,web
2765,37,2026-01-13,paid,android
2766,217,2026-02-13,paid,web
2767,1122,2026-02-14,paid,web
2768,715,2025-09-21,cancelled,phone
2769,946,2026-01-12,paid,android
2770,884,2025-12-10,cancelled,web
2771,696,2025-11-10,paid,web
2772,691,2025-11-07,paid,android
2773,1194,2025-12-11,paid,web
2774,191,2025-09-22,refunded,web
2775,1008,2025-09-28,cancelled,web
2776,165,2025-10-31,paid,android
2777,920,2025-12-11,refunded,web
2778,832,2026-02-18,paid,web
2779,983,2025-12-18,paid,web
2780,627,2025-11-15,refunded,ios
2781,246,2025-09-15,paid,web
2782,505,2025-10-30,refunded,android
2783,421,2026-02-14,paid,android
2784,465,2026-02-03,refunded,web
2785,951,2025-12-24,refunded,web
2786,673,2025-09-16,cancelled,android
2787,507,2026-01-21,cancelled,android
2788,946,2026-02-19,paid,ios
2789,542,2025-11-10,cancelled,android
2790,831,2025-12-04,paid,android
2791,1183,2026-01-20,cancelled,web
2792,877,2026-01-04,paid,ios
2793,539,2025-11-01,paid,web
2794,588,2026-01-09,cancelled,android
2795,469,2025-12-10,paid,web
2796,201,2025-12-23,refunded,web
2797,214,2025-12-25,paid,android
2798,542,2025-09-30,refunded,ios
2799,824,2025-10-30,refunded,web
2800,1117,2026-01-08,paid,android
2801,15,2025-11-30,paid,web
2802,823,2025-11-25,cancelled,web
2803,1144,2025-10-09,refunded,web
2804,815,2026-01-15,paid,web
2805,932,2025-12-25,paid,web
2806,181,2025-12-28,cancelled,web
2807,1107,2025-12-06,refunded,web
2808,377,2026-01-05,refunded,web
2809,343,2026-02-21,paid,android
2810,61,2025-09-29,refunded,web
2811,1151,2025-11-03,cancelled,web
2812,941,2025-12-26,paid,ios
2813,1166,2025-09-25,cancelled,web
2814,761,2025-12-28,paid,android
2815,1098,2026-03-06,refunded,android
2816,773,2025-09-22,paid,web
2817,982,2026-01-23,paid,ios
2818,1041,2025-09-20,paid,web
2819,247,2025-09-16,refunded,web
2820,7,2026-01-17,refunded,web
2821,965,2026-02-10,paid,web
2822,747,2025-12-15,paid,web
2823,981,2025-11-05,refunded,ios
2824,836,2026-03-04,paid,ios
2825,768,2026-02-09,refunded,web
2826,793,2026-02-18,cancelled,web
2827,370,2025-12-28,paid,web
2828,892,2026-02-10,cancelled,web
2829,656,2026-01-23,refunded,web
2830,457,2025-11-30,refunded,web
2831,324,2026-02-27,refunded,web
2832,144,2025-10-04,paid,web
2833,1141,2026-01-15,paid,phone
2834,714,2026-01-05,refunded,phone
2835,778,2026-01-15,refunded,web
2836,673,2026-01-06,refunded,phone
2837,1103,2026-03-12,refunded,android
2838,483,2026-03-04,cancelled,web
2839,981,2026-01-23,cancelled,web
2840,491,2025-12-04,refunded,web
2841,984,2026-02-03,cancelled,web
2842,518,2025-12-19,paid,web
2843,962,2025-12-13,paid,web
2844,808,2025-11-14,paid,android
2845,1151,2025-12-22,paid,android
2846,292,2025-12-26,paid,web
2847,609,2025-11-20,paid,android
2848,1040,2025-12-13,paid,android
2849,347,2025-11-07,paid,web
2850,547,2026-03-09,paid,web
2851,41,2026-01-15,paid,android
2852,29,2025-11-06,paid,web
2853,370,2026-02-23,cancelled,web
2854,131,2025-10-15,paid,web
2855,431,2025-12-07,paid,web
2856,1047,2026-01-12,refunded,web
2857,650,2025-09-17,paid,ios
2858,883,2025-10-10,paid,ios
2859,647,2026-01-27,paid,web
2860,657,2025-11-17,paid,web
2861,98,2026-01-11,refunded,web
2862,1192,2025-09-19,paid,web
2863,678,2026-03-06,paid,android
2864,707,2026-01-04,refunded,ios
2865,720,2025-10-03,refunded,web
2866,1159,2025-12-09,cancelled,web
2867,599,2025-12-09,cancelled,web
2868,1095,2026-02-23,refunded,web
2869,589,2025-11-05,refunded,web
2870,524,2025-11-20,paid,ios
2871,371,2025-09-27,paid,android
2872,861,2025-11-22,cancelled,web
2873,908,2025-12-09,cancelled,web
2874,395,2025-12-12,paid,android
2875,677,2025-10-23,refunded,phone
2876,785,2025-12-18,paid,web
2877,608,2026-03-06,paid,web
2878,806,2025-09-28,cancelled,web
2879,251,2026-01-30,paid,web
2880,556,2026-01-10,cancelled,android
2881,573,2026-01-16,refunded,phone
2882,990,2026-01-26,paid,web
2883,1116,2025-10-27,paid,android
2884,960,2025-12-11,paid,web
2885,700,2025-10-03,paid,web
2886,184,2026-01-12,paid,phone
2887,529,2026-02-01,paid,web
2888,952,2026-01-14,paid,web
2889,195,2026-02-28,cancelled,phone
2890,26,2026-01-06,paid,phone
2891,1166,2026-03-03,cancelled,web
2892,1167,2026-02-23,cancelled,ios
2893,330,2026-03-03,paid,ios
2894,35,2026-02-17,paid,ios
2895,158,2025-12-11,paid,ios
2896,858,2025-10-02,paid,web
2897,837,2025-12-23,paid,ios
2898,442,2025-11-19,paid,web
2899,870,2026-01-09,cancelled,web
2900,353,2026-02-09,paid,web
2901,317,2025-12-18,paid,web
2902,1148,2026-01-10,cancelled,phone
2903,517,2025-11-18,cancelled,web
2904,679,2025-10-12,cancelled,ios
2905,214,2025-11-15,paid,ios
2906,670,2025-12-14,paid,android
2907,512,2025-10-13,paid,web
2908,587,2026-01-29,paid,ios
2909,32,2026-03-01,paid,android
2910,219,2025-11-19,paid,web
2911,17,2026-03-04,paid,web
2912,197,2026-03-06,cancelled,web
2913,92,2025-12-25,paid,android
2914,1075,2025-09-16,paid,web
2915,1130,2026-01-21,paid,web
2916,814,2026-01-25,cancelled,ios
2917,1111,2025-09-29,cancelled,ios
2918,802,2025-10-25,paid,web
2919,1150,2025-09-28,cancelled,web
2920,632,2025-10-22,refunded,web
2921,1194,2026-02-23,refunded,web
2922,737,2026-02-17,refunded,web
2923,200,2026-01-02,paid,ios
2924,1137,2026-01-15,paid,web
2925,610,2025-09-29,cancelled,web
2926,166,2025-10-01,refunded,phone
2927,691,2026-01-23,paid,web
2928,1011,2026-02-28,paid,phone
2929,43,2025-10-03,refunded,android
2930,766,2026-02-22,cancelled,web
2931,384,2025-11-27,refunded,ios
2932,919,2025-11-30,paid,android
2933,969,2026-03-08,cancelled,android
2934,1089,2025-11-06,paid,web
2935,276,2025-09-24,paid,web
2936,936,2025-11-15,paid,phone
2937,680,2026-01-21,cancelled,ios
2938,1045,2026-01-12,paid,web
2939,535,2025-12-25,paid,web
2940,544,2026-02-22,refunded,web
2941,876,2025-12-07,paid,android
2942,1178,2026-01-25,paid,ios
2943,947,2025-10-05,paid,web
2944,944,2025-11-27,paid,web
2945,529,2025-11-09,cancelled,ios
2946,1059,2026-01-27,refunded,web
2947,388,2025-10-03,refunded,web
2948,397,2026-03-01,paid,web
2949,905,2025-12-30,refunded,web
2950,629,2025-10-10,paid,android
2951,371,2025-11-25,paid,web
2952,1054,2025-12-27,paid,web
2953,526,2026-02-22,paid,web
2954,993,2025-12-21,paid,android
2955,751,2025-12-23,paid,web
2956,467,2025-12-11,paid,web
2957,348,2025-12-21,paid,ios
2958,346,2025-11-17,paid,android
2959,35,2025-09-14,paid,web
2960,750,2025-12-13,cancelled,web
2961,798,2025-12-17,paid,android
2962,258,2026-01-30,paid,ios
2963,32,2025-12-07,cancelled,ios
2964,273,2026-01-02,paid,web
2965,1155,2026-01-11,paid,android
2966,187,2025-11-29,paid,android
2967,1135,2025-12-27,paid,web
2968,320,2026-01-11,paid,web
2969,917,2026-01-25,refunded,web
2970,478,2025-12-07,paid,android
2971,1101,2026-02-12,cancelled,web
2972,111,2026-01-11,cancelled,web
2973,299,2025-11-26,paid,android
2974,328,2025-10-25,paid,phone
2975,1190,2026-03-12,paid,android
2976,613,2025-10-02,paid,web
2977,54,2026-01-24,refunded,web
2978,388,2025-11-02,cancelled,web
2979,1193,2025-12-15,refunded,web
2980,373,2026-03-10,paid,web
2981,717,2025-10-26,refunded,web
2982,682,2025-10-16,paid,android
2983,841,2025-10-28,paid,phone
2984,1167,2025-11-19,paid,android
2985,656,2025-11-21,paid,web
2986,246,2025-09-24,refunded,web
2987,745,2025-10-24,cancelled,web
2988,62,2026-01-08,refunded,web
2989,224,2025-10-17,paid,phone
2990,1043,2026-01-14,paid,ios
2991,143,2025-09-26,paid,web
2992,581,2026-02-05,refunded,web
2993,713,2025-12-16,paid,web
2994,912,2025-12-13,paid,web
2995,270,2026-01-08,cancelled,web
2996,686,2025-10-14,paid,web
2997,864,2025-12-05,paid,ios
2998,899,2025-10-20,paid,android
2999,263,2025-12-03,paid,android
3000,1035,2026-03-01,cancelled,phone
3001,379,2026-01-23,refunded,web
3002,678,2025-09-24,paid,web
3003,571,2025-12-22,paid,web
3004,556,2025-10-31,paid,android
3005,276,2025-11-16,paid,web
3006,199,2025-12-12,cancelled,ios
3007,886,2025-12-20,paid,android
3008,822,2025-09-27,refunded,android
3009,370,2026-02-28,cancelled,web
3010,1011,2025-12-31,paid,android
3011,110,2026-01-31,paid,web
3012,260,2025-11-18,paid,web
3013,636,2026-02-16,refunded,web
3014,980,2026-01-02,cancelled,web
3015,1012,2025-12-08,paid,android
3016,271,2025-10-28,refunded,web
3017,967,2025-12-16,paid,android
3018,1062,2025-10-09,paid,web
3019,491,2025-11-17,paid,android
3020,1153,2025-09-17,cancelled,android
3021,890,2026-02-25,paid,web
3022,551,2026-02-25,paid,web
3023,650,2025-12-20,refunded,web
3024,361,2025-11-11,refunded,web
3025,774,2026-02-25,paid,ios
3026,457,2026-01-10,refunded,web
3027,340,2026-02-24,cancelled,web
3028,874,2026-01-16,cancelled,android
3029,864,2025-12-14,refunded,web
3030,407,2025-11-16,cancelled,phone
3031,829,2025-12-06,paid,web
3032,1017,2026-01-23,cancelled,phone
3033,463,2025-11-13,paid,android
3034,516,2025-12-23,refunded,web
3035,273,2026-01-06,refunded,web
3036,877,2026-01-23,paid,web
3037,927,2025-11-05,paid,phone
3038,967,2025-11-23,paid,phone
3039,307,2026-02-17,paid,web
3040,321,2026-03-11,paid,ios
3041,140,2025-11-18,cancelled,web
3042,676,2026-02-13,cancelled,android
3043,965,2025-11-24,paid,web
3044,730,2026-02-25,cancelled,phone
3045,758,2025-11-16,paid,ios
3046,675,2025-11-12,cancelled,ios
3047,680,2025-11-17,paid,web
3048,128,2025-11-21,paid,web
3049,546,2025-11-09,paid,web
3050,1097,2025-09-14,paid,ios
3051,954,2025-10-09,paid,web
3052,481,2026-01-26,cancelled,web
3053,247,2025-12-30,paid,web
3054,1167,2026-02-21,paid,web
3055,1169,2025-12-13,cancelled,ios
3056,54,2026-02-18,paid,web
3057,699,2025-11-20,paid,phone
3058,1159,2025-12-07,paid,web
3059,610,2025-12-02,paid,ios
3060,457,2025-12-14,paid,web
3061,615,2026-01-06,paid,android
3062,258,2026-01-06,paid,web
3063,965,2026-01-22,paid,web
3064,398,2025-10-16,cancelled,android
3065,1189,2025-11-27,paid,ios
3066,538,2025-11-06,paid,web
3067,310,2026-02-11,refunded,web
3068,1145,2025-09-28,cancelled,web
3069,554,2025-12-29,refunded,web
3070,733,2026-01-17,paid,web
3071,705,2025-11-20,refunded,web
3072,853,2025-12-03,refunded,web
3073,153,2025-12-29,refunded,web
3074,853,2025-09-17,refunded,web
3075,1010,2025-11-05,paid,web
3076,1149,2026-01-30,refunded,ios
3077,580,2025-09-21,paid,android
3078,1187,2025-10-01,cancelled,android
3079,388,2026-02-15,paid,web
3080,1106,2026-02-22,paid,web
3081,966,2025-11-04,paid,web
3082,936,2025-11-16,refunded,web
3083,498,2025-12-20,paid,web
3084,1055,2025-12-13,paid,ios
3085,514,2026-01-20,paid,web
3086,1156,2026-01-29,cancelled,web
3087,249,2025-12-07,paid,ios
3088,198,2025-11-30,refunded,phone
3089,278,2026-03-05,cancelled,android
3090,124,2025-09-13,paid,web
3091,782,2026-01-28,cancelled,ios
3092,494,2025-11-30,paid,web
3093,115,2025-12-02,paid,web
3094,1008,2025-10-28,paid,web
3095,639,2026-02-11,paid,ios
3096,263,2026-02-01,paid,web
3097,218,2026-02-27,paid,ios
3098,501,2025-10-10,paid,web
3099,432,2025-09-29,paid,web
3100,761,2025-12-07,refunded,web
3101,627,2026-02-04,cancelled,web
3102,434,2025-12-11,paid,android
3103,83,2026-01-04,paid,android
3104,292,2025-10-15,paid,phone
3105,476,2026-02-02,paid,web
3106,230,2026-02-14,refunded,android
3107,1057,2025-12-24,paid,web
3108,1190,2025-11-04,cancelled,web
3109,942,2026-02-20,paid,web
3110,629,2025-11-11,cancelled,ios
3111,814,2026-01-08,paid,web
3112,257,2026-01-09,paid,ios
3113,1015,2025-12-05,paid,web
3114,898,2026-02-12,cancelled,ios
3115,125,2026-01-12,cancelled,ios
3116,213,2025-11-19,paid,web
3117,1136,2025-12-13,cancelled,web
3118,215,2026-01-18,cancelled,web
3119,49,2025-12-18,paid,web
3120,1052,2026-01-09,cancelled,web
3121,400,2025-10-28,paid,web
3122,1164,2025-12-21,paid,ios
3123,542,2025-10-01,paid,android
3124,350,2025-09-21,refunded,ios
3125,955,2025-12-02,paid,ios
3126,365,2025-10-28,paid,web
3127,93,2026-01-07,cancelled,web
3128,1161,2025-11-01,cancelled,web
3129,1086,2026-01-06,paid,android
3130,954,2026-01-17,paid,web
3131,818,2026-01-31,paid,web
3132,637,2025-10-16,cancelled,ios
3133,610,2026-03-03,cancelled,web
3134,752,2025-11-19,paid,web
3135,953,2025-09-21,paid,ios
3136,562,2025-12-23,paid,android
3137,482,2025-10-28,paid,ios
3138,366,2026-02-08,paid,web
3139,145,2026-02-01,cancelled,web
3140,1066,2025-11-12,cancelled,web
3141,231,2025-12-12,refunded,web
3142,102,2025-10-30,paid,web
3143,1148,2025-09-22,paid,android
3144,295,2026-03-07,cancelled,phone
3145,634,2025-09-20,cancelled,web
3146,426,2025-11-11,cancelled,ios
3147,275,2026-03-12,cancelled,web
3148,103,2025-10-07,cancelled,ios
3149,607,2026-02-11,paid,android
3150,699,2026-01-09,paid,android
3151,1175,2025-10-13,refunded,ios
3152,939,2025-12-29,paid,web
3153,628,2026-02-06,refunded,android
3154,516,2025-11-27,refunded,web
3155,381,2026-03-06,paid,web
3156,1052,2025-10-06,refunded,web
3157,362,2026-01-27,refunded,web
3158,874,2025-11-03,paid,phone
3159,133,2025-12-19,paid,android
3160,534,2025-11-06,paid,phone
3161,522,2025-12-09,refunded,ios
3162,856,2026-02-06,paid,android
3163,1060,2026-01-02,paid,android
3164,41,2026-03-07,paid,web
3165,991,2025-09-14,cancelled,ios
3166,795,2026-02-19,cancelled,web
3167,927,2025-12-02,refunded,web
3168,706,2025-11-15,paid,web
3169,1109,2025-11-21,paid,web
3170,729,2026-02-28,paid,ios
3171,431,2025-10-21,refunded,ios
3172,949,2026-01-10,cancelled,web
3173,830,2025-10-28,refunded,web
3174,896,2025-12-16,paid,phone
3175,1164,2026-01-24,refunded,web
3176,946,2026-03-12,paid,web
3177,175,2025-12-01,refunded,ios
3178,302,2025-12-01,paid,ios
3179,953,2025-09-18,paid,web
3180,1,2026-02-09,paid,web
3181,468,2025-11-23,cancelled,web
3182,129,2026-01-18,paid,web
3183,526,2026-03-04,cancelled,web
3184,1115,2025-11-24,paid,web
3185,596,2026-02-03,paid,android
3186,1160,2025-11-14,paid,android
3187,399,2025-11-04,paid,ios
3188,312,2025-10-08,refunded,web
3189,56,2026-01-30,paid,web
3190,288,2026-03-03,paid,web
3191,925,2026-03-09,paid,web
3192,475,2026-01-19,paid,phone
3193,536,2025-12-04,paid,ios
3194,985,2025-11-09,paid,web
3195,1178,2026-03-12,paid,web
3196,1128,2025-12-01,cancelled,ios
3197,215,2026-03-08,refunded,android
3198,1085,2025-11-13,refunded,web
3199,997,2025-10-16,refunded,android
3200,700,2026-01-05,paid,phone
3201,115,2026-02-24,paid,web
3202,357,2025-10-13,paid,web
3203,131,2026-02-08,paid,ios
3204,427,2026-01-03,cancelled,android
3205,895,2025-12-28,refunded,web
3206,1191,2025-12-27,paid,android
3207,11,2025-12-02,refunded,web
3208,1024,2025-09-24,refunded,web
3209,65,2025-11-27,paid,web
3210,358,2026-02-08,paid,web
3211,540,2026-02-11,cancelled,ios
3212,465,2025-12-06,refunded,android
3213,696,2025-10-19,paid,ios
3214,937,2025-11-15,paid,web
3215,111,2025-12-12,paid,ios
3216,742,2026-02-17,cancelled,web
3217,1053,2025-10-30,refunded,ios
3218,248,2026-02-06,paid,web
3219,868,2026-02-10,paid,web
3220,738,2026-02-10,paid,web
3221,852,2026-02-13,paid,android
3222,348,2025-11-09,paid,android
3223,685,2026-01-11,paid,ios
3224,1083,2026-01-18,paid,web
3225,341,2025-11-22,paid,ios
3226,84,2026-01-22,paid,web
3227,111,2026-02-16,paid,ios
3228,524,2026-02-10,paid,web
3229,698,2026-02-19,refunded,web
3230,255,2026-03-05,paid,android
3231,565,2025-11-05,paid,web
3232,969,2026-02-06,paid,web
3233,712,2026-01-24,paid,web
3234,926,2025-09-15,paid,web
3235,272,2025-11-20,paid,web
3236,682,2025-09-24,paid,web
3237,170,2026-01-25,paid,web
3238,514,2025-11-30,paid,ios
3239,625,2025-12-29,paid,web
3240,169,2026-01-12,refunded,web
3241,895,2026-03-11,refunded,ios
3242,742,2025-11-16,paid,web
3243,4,2025-11-04,refunded,ios
3244,90,2025-12-20,refunded,web
3245,484,2026-02-26,refunded,ios
3246,1119,2025-10-28,cancelled,phone
3247,125,2026-02-02,refunded,web
3248,5,2025-12-27,paid,web
3249,1158,2026-03-04,paid,web
3250,166,2026-03-06,cancelled,web
3251,1174,2025-09-20,cancelled,web
3252,160,2025-09-25,paid,web
3253,334,2025-11-23,paid,ios
3254,1159,2026-01-09,cancelled,web
3255,566,2025-11-27,paid,android
3256,40,2025-11-07,cancelled,android
3257,750,2026-01-19,paid,android
3258,394,2025-12-26,paid,phone
3259,780,2025-10-22,paid,web
3260,313,2026-01-22,paid,android
3261,110,2025-11-04,cancelled,web
3262,926,2025-12-20,paid,web
3263,350,2026-03-09,paid,web
3264,388,2025-11-26,refunded,ios
3265,703,2025-11-12,refunded,ios
3266,376,2025-12-23,paid,web
3267,55,2026-01-26,refunded,web
3268,716,2025-11-26,paid,ios
3269,1086,2025-10-25,cancelled,web
3270,1048,2025-10-10,paid,web
3271,1153,2026-02-17,refunded,web
3272,790,2025-10-31,paid,web
3273,639,2025-12-26,paid,android
3274,1156,2026-02-28,paid,web
3275,1087,2025-09-16,cancelled,ios
3276,389,2025-11-15,cancelled,web
3277,1170,2025-10-19,cancelled,web
3278,819,2026-02-23,refunded,android
3279,774,2026-02-17,paid,android
3280,1147,2025-11-07,refunded,web
3281,157,2026-01-30,paid,android
3282,226,2025-11-24,refunded,web
3283,368,2026-02-03,paid,android
3284,914,2025-10-20,paid,web
3285,565,2025-10-23,paid,android
3286,956,2025-12-10,refunded,android
3287,502,2025-10-28,paid,web
3288,185,2026-03-08,paid,ios
3289,947,2025-11-23,paid,web
3290,127,2025-09-24,paid,ios
3291,895,2025-10-27,refunded,web
3292,144,2026-02-23,paid,web
3293,946,2025-10-13,paid,ios
3294,300,2025-10-27,cancelled,android
3295,564,2026-02-25,paid,web
3296,206,2025-11-28,paid,web
3297,441,2025-10-17,paid,web
3298,992,2026-03-03,paid,web
3299,477,2026-01-10,cancelled,web
3300,315,2025-11-06,paid,web
3301,900,2026-02-15,paid,web
3302,941,2026-01-15,paid,web
3303,1159,2025-11-26,paid,web
3304,206,2025-10-05,paid,web
3305,1031,2026-01-12,paid,web
3306,771,2026-03-03,paid,android
3307,414,2026-01-20,paid,web
3308,532,2025-11-15,refunded,android
3309,684,2026-02-15,cancelled,android
3310,819,2025-10-13,paid,android
3311,263,2026-01-01,refunded,web
3312,262,2026-02-27,paid,android
3313,423,2026-01-07,cancelled,ios
3314,1003,2025-09-21,paid,web
3315,719,2025-10-14,cancelled,web
3316,362,2025-12-23,paid,web
3317,442,2025-12-11,refunded,ios
3318,571,2026-01-03,paid,web
3319,290,2025-12-29,refunded,ios
3320,901,2025-12-12,paid,android
3321,861,2025-11-25,refunded,web
3322,782,2026-01-29,paid,web
3323,257,2025-10-08,refunded,web
3324,838,2025-11-15,paid,web
3325,726,2025-12-24,paid,web
3326,493,2026-02-18,refunded,phone
3327,659,2025-11-30,paid,web
3328,710,2025-10-08,refunded,web
3329,949,2026-03-08,refunded,android
3330,740,2025-10-20,cancelled,web
3331,429,2025-10-17,cancelled,android
3332,533,2025-11-02,refunded,web
3333,1131,2026-02-28,paid,web
3334,1095,2026-01-13,refunded,web
3335,883,2026-01-03,paid,android
3336,1062,2026-02-17,paid,web
3337,691,2025-10-03,cancelled,phone
3338,1167,2025-11-14,paid,web
3339,706,2025-12-09,refunded,web
3340,440,2026-02-12,paid,web
3341,49,2026-01-17,cancelled,web
3342,519,2026-01-28,paid,web
3343,573,2025-09-23,paid,web
3344,777,2025-12-17,paid,web
3345,631,2025-10-05,paid,web
3346,755,2026-01-08,paid,ios
3347,478,2025-11-06,cancelled,web
3348,113,2025-09-16,paid,ios
3349,995,2025-11-02,paid,android
3350,896,2025-12-23,cancelled,web
3351,1026,2026-02-20,cancelled,ios
3352,602,2025-12-28,paid,ios
3353,872,2026-01-29,refunded,ios
3354,468,2025-09-25,paid,android
3355,457,2025-11-07,paid,web
3356,979,2025-09-26,paid,android
3357,1163,2026-01-05,cancelled,web
3358,140,2025-11-23,paid,phone
3359,1049,2026-02-20,paid,ios
3360,680,2026-02-07,paid,web
3361,924,2025-09-21,paid,web
3362,306,2025-12-01,paid,web
3363,603,2025-10-19,refunded,web
3364,1016,2025-11-20,refunded,android
3365,984,2025-12-08,paid,android
3366,860,2026-03-10,paid,web
3367,893,2025-10-24,paid,web
3368,1169,2025-11-01,refunded,android
3369,869,2025-11-22,paid,web
3370,588,2025-12-30,paid,android
3371,397,2026-03-10,paid,web
3372,588,2025-12-05,cancelled,ios
3373,308,2025-10-27,paid,phone
3374,765,2025-09-13,refunded,web
3375,869,2025-12-30,paid,web
3376,942,2026-02-27,refunded,web
3377,1135,2026-01-22,paid,ios
3378,210,2025-12-18,paid,web
3379,1005,2025-11-11,paid,web
3380,809,2026-01-09,paid,phone
3381,921,2025-12-25,cancelled,web
3382,93,2025-12-13,refunded,web
3383,525,2025-10-18,cancelled,web
3384,798,2026-02-17,refunded,web
3385,826,2025-11-04,refunded,ios
3386,17,2025-09-19,refunded,ios
3387,636,2026-01-19,cancelled,android
3388,782,2026-02-18,refunded,web
3389,1176,2026-02-14,cancelled,web
3390,174,2025-12-04,paid,web
3391,279,2026-01-08,paid,android
3392,222,2025-11-16,paid,web
3393,166,2025-12-11,paid,web
3394,694,2025-10-29,paid,web
3395,172,2025-10-31,refunded,android
3396,86,2026-01-14,paid,web
3397,1063,2026-01-15,paid,web
3398,903,2026-01-23,refunded,ios
3399,107,2026-01-05,paid,ios
3400,1082,2026-02-05,cancelled,web
3401,383,2026-01-18,paid,ios
3402,57,2025-09-25,paid,web
3403,802,2025-10-10,paid,web
3404,108,2025-12-28,cancelled,ios
3405,993,2026-01-28,refunded,web
3406,667,2025-10-22,paid,ios
3407,467,2025-10-26,paid,web
3408,539,2025-12-16,paid,web
3409,827,2026-02-01,cancelled,web
3410,763,2025-09-26,paid,android
3411,930,2026-02-18,paid,ios
3412,1065,2025-10-12,paid,ios
3413,833,2025-10-06,refunded,ios
3414,811,2025-12-22,cancelled,web
3415,1017,2025-12-30,cancelled,web
3416,879,2025-11-20,refunded,android
3417,424,2025-11-03,paid,ios
3418,404,2025-12-10,cancelled,web
3419,336,2026-01-15,refunded,web
3420,360,2026-03-01,paid,web
3421,247,2025-11-07,paid,ios
3422,860,2025-10-09,cancelled,web
3423,255,2025-12-16,refunded,web
3424,1121,2025-11-16,paid,web
3425,503,2026-01-17,paid,android
3426,196,2025-11-22,cancelled,phone
3427,719,2026-01-12,paid,web
3428,12,2026-01-15,paid,ios
3429,388,2026-01-29,cancelled,android
3430,495,2026-01-24,refunded,android
3431,36,2025-12-01,cancelled,web
3432,98,2026-01-21,paid,android
3433,424,2026-01-18,paid,android
3434,289,2025-10-25,cancelled,android
3435,626,2025-12-16,paid,web
3436,53,2026-02-16,refunded,ios
3437,142,2026-02-15,refunded,android
3438,321,2026-03-10,paid,android
3439,1067,2026-01-27,cancelled,ios
3440,555,2026-02-19,cancelled,web
3441,930,2025-09-27,paid,web
3442,147,2025-11-14,paid,ios
3443,930,2025-11-25,refunded,web
3444,762,2025-11-25,paid,web
3445,132,2025-12-12,paid,web
3446,524,2026-01-11,paid,phone
3447,333,2025-10-28,paid,ios
3448,856,2026-02-12,refunded,web
3449,260,2025-10-25,cancelled,android
3450,973,2025-10-10,paid,ios
3451,161,2026-02-23,paid,android
3452,612,2025-10-30,paid,android
3453,699,2026-01-04,paid,ios
3454,930,2026-02-03,cancelled,web
3455,583,2025-09-18,refunded,web
3456,222,2026-02-05,paid,android
3457,690,2025-10-11,cancelled,android
3458,970,2025-09-21,paid,web
3459,830,2025-12-12,paid,web
3460,420,2026-03-06,paid,phone
3461,925,2026-02-15,paid,phone
3462,285,2026-02-24,paid,android
3463,30,2026-03-02,paid,ios
3464,375,2025-10-26,cancelled,web
3465,434,2026-02-13,cancelled,web
3466,820,2026-01-26,paid,android
3467,201,2026-01-31,refunded,web
3468,1100,2025-09-23,refunded,android
3469,959,2026-02-10,paid,ios
3470,154,2026-01-11,paid,ios
3471,490,2026-01-18,refunded,web
3472,73,2026-03-07,paid,web
3473,784,2026-02-03,paid,web
3474,850,2026-02-28,paid,phone
3475,61,2025-11-04,paid,ios
3476,781,2026-02-23,paid,web
3477,278,2025-11-06,paid,android
3478,1164,2025-11-06,paid,ios
3479,794,2025-11-27,paid,phone
3480,1031,2025-11-04,paid,android
3481,34,2026-03-04,paid,web
3482,536,2026-03-07,paid,phone
3483,888,2026-01-20,cancelled,web
3484,183,2026-03-08,paid,web
3485,855,2026-03-02,cancelled,web
3486,1116,2025-11-24,refunded,phone
3487,1028,2026-01-08,refunded,web
3488,691,2026-01-06,refunded,ios
3489,101,2025-10-18,cancelled,web
3490,200,2026-03-09,paid,ios
3491,420,2025-11-14,paid,android
3492,1194,2026-01-18,cancelled,android
3493,959,2025-12-21,cancelled,phone
3494,785,2025-12-26,paid,web
3495,48,2025-12-19,refunded,web
3496,1061,2025-11-21,paid,android
3497,155,2026-03-11,cancelled,ios
3498,573,2026-02-06,paid,web
3499,1066,2025-11-23,paid,android
3500,774,2026-03-09,cancelled,android
3501,493,2026-01-20,paid,web
3502,603,2025-10-02,paid,web
3503,172,2026-01-01,paid,web
3504,121,2025-10-08,paid,android
3505,392,2025-12-16,paid,android
3506,818,2026-01-17,cancelled,web
3507,1137,2026-02-02,paid,android
3508,26,2026-02-25,paid,web
3509,1060,2025-10-25,paid,web
3510,354,2025-12-01,paid,android
3511,608,2026-01-22,refunded,web
3512,464,2025-11-15,paid,web
3513,183,2026-03-02,paid,web
3514,797,2025-12-21,paid,web
3515,64,2026-02-13,refunded,web
3516,758,2026-01-03,paid,android
3517,827,2025-10-22,paid,ios
3518,59,2025-09-29,cancelled,web
3519,1052,2025-11-16,paid,android
3520,651,2026-01-25,cancelled,android
3521,230,2025-10-04,paid,web
3522,839,2025-10-29,paid,ios
3523,1052,2026-02-25,paid,web
3524,254,2026-03-08,paid,web
3525,98,2025-11-15,cancelled,phone
3526,721,2026-01-06,refunded,web
3527,396,2026-01-24,cancelled,android
3528,933,2026-01-08,paid,web
3529,947,2026-01-29,refunded,ios
3530,79,2026-01-27,cancelled,web
3531,754,2025-09-19,paid,web
3532,1102,2025-12-01,paid,ios
3533,800,2025-10-28,paid,web
3534,1028,2026-03-01,refunded,web
3535,366,2025-09-29,paid,android
3536,156,2026-03-09,refunded,ios
3537,720,2025-12-25,paid,web
3538,526,2025-11-28,paid,web
3539,889,2025-10-22,paid,web
3540,367,2026-02-03,paid,ios
3541,241,2025-11-10,cancelled,ios
3542,444,2025-10-22,paid,web
3543,666,2025-11-04,paid,web
3544,586,2026-01-02,paid,web
3545,261,2026-02-27,refunded,ios
3546,178,2026-01-31,cancelled,web
3547,1197,2026-01-05,paid,phone
3548,899,2025-10-28,cancelled,web
3549,63,2026-03-02,paid,web
3550,829,2025-12-03,paid,web
3551,147,2026-03-05,paid,ios
3552,875,2025-12-02,paid,android
3553,850,2025-12-25,paid,web
3554,791,2025-12-17,paid,web
3555,170,2025-11-06,paid,web
3556,1063,2025-09-26,paid,ios
3557,136,2026-03-03,paid,web
3558,1046,2025-11-21,paid,web
3559,1110,2025-09-20,refunded,web
3560,680,2026-01-19,refunded,android
3561,1200,2025-11-14,refunded,android
3562,66,2025-12-05,paid,android
3563,422,2026-02-05,paid,web
3564,635,2025-12-30,paid,phone
3565,476,2026-03-06,paid,android
3566,729,2026-01-31,paid,web
3567,569,2025-12-09,refunded,phone
3568,1028,2026-02-17,refunded,web
3569,382,2025-11-28,paid,android
3570,766,2026-03-09,cancelled,android
3571,1172,2025-11-23,cancelled,web
3572,707,2026-01-19,cancelled,web
3573,146,2026-02-15,paid,web
3574,1058,2026-01-31,paid,web
3575,240,2026-02-04,cancelled,ios
3576,353,2025-10-01,paid,android
3577,482,2026-02-07,paid,web
3578,785,2025-10-01,cancelled,web
3579,1099,2026-02-09,paid,android
3580,880,2025-09-22,paid,web
3581,626,2025-12-09,paid,web
3582,716,2025-10-22,paid,android
3583,521,2025-12-27,refunded,android
3584,625,2025-09-15,paid,web
3585,909,2026-02-07,refunded,web
3586,366,2025-10-31,paid,web
3587,243,2026-01-11,cancelled,web
3588,781,2025-10-24,paid,web
3589,263,2025-12-23,refunded,ios
3590,694,2026-01-08,paid,web
3591,1006,2025-09-26,refunded,web
3592,752,2026-03-05,paid,android
3593,998,2026-03-01,paid,web
3594,1094,2025-10-22,cancelled,web
3595,737,2025-12-24,paid,android
3596,1010,2025-12-04,paid,phone
3597,973,2025-12-03,cancelled,web
3598,348,2025-10-27,paid,web
3599,504,2025-11-17,paid,ios
3600,595,2026-02-02,refunded,web
3601,336,2026-01-06,cancelled,web
3602,1028,2025-10-03,refunded,web
3603,1007,2026-01-02,paid,web
3604,128,2025-09-20,paid,android
3605,346,2025-10-13,paid,android
3606,302,2025-11-20,paid,web
3607,814,2025-12-06,refunded,android
3608,31,2025-11-09,paid,phone
3609,1096,2026-02-22,refunded,web
3610,1189,2025-10-13,cancelled,ios
3611,869,2026-02-26,cancelled,web
3612,947,2025-12-03,paid,android
3613,579,2026-03-08,paid,android
3614,504,2026-02-25,refunded,android
3615,431,2025-10-17,paid,web
3616,899,2026-03-06,refunded,ios
3617,66,2026-01-03,refunded,android
3618,386,2026-03-07,paid,web
3619,1119,2025-11-25,refunded,android
3620,97,2026-02-17,paid,web
3621,1036,2026-02-15,cancelled,web
3622,157,2026-01-21,cancelled,web
3623,1173,2026-02-13,paid,ios
3624,1128,2026-03-03,paid,web
3625,1194,2026-02-25,cancelled,web
3626,185,2026-01-12,paid,web
3627,423,2025-12-09,paid,ios
3628,1050,2025-12-27,paid,web
3629,3,2025-09-29,refunded,web
3630,983,2026-01-15,refunded,ios
3631,565,2026-01-31,cancelled,web
3632,776,2025-11-05,refunded,web
3633,71,2025-11-28,refunded,ios
3634,574,2025-11-12,refunded,web
3635,433,2025-11-13,refunded,ios
3636,1132,2025-12-31,paid,web
3637,1176,2025-10-10,paid,web
3638,231,2026-01-22,paid,android
3639,289,2026-02-16,paid,web
3640,344,2026-01-30,cancelled,ios
3641,915,2026-03-02,cancelled,web
3642,769,2025-10-16,refunded,web
3643,290,2025-10-24,paid,android
3644,161,2026-01-13,paid,web
3645,16,2025-11-23,paid,web
3646,560,2025-11-20,paid,web
3647,550,2025-11-28,paid,ios
3648,11,2026-01-31,refunded,web
3649,877,2026-01-25,paid,web
3650,975,2025-10-25,paid,web
3651,44,2026-02-24,refunded,android
3652,531,2026-01-16,refunded,web
3653,1190,2025-10-16,refunded,android
3654,514,2025-11-06,paid,web
3655,614,2025-09-25,refunded,web
3656,304,2025-11-27,cancelled,web
3657,1045,2025-12-28,cancelled,phone
3658,594,2026-02-07,paid,android
3659,1194,2025-09-28,paid,web
3660,470,2026-02-04,cancelled,web
3661,168,2026-02-08,paid,web
3662,305,2025-10-12,cancelled,web
3663,558,2026-03-02,paid,web
3664,623,2025-10-20,paid,web
3665,799,2025-12-30,paid,web
3666,1161,2026-01-30,paid,android
3667,338,2025-10-29,paid,android
3668,1053,2026-02-15,refunded,web
3669,438,2026-02-27,paid,web
3670,1108,2025-10-06,refunded,web
3671,345,2025-12-21,cancelled,web
3672,1177,2026-02-05,paid,ios
3673,37,2025-12-05,refunded,web
3674,1022,2026-01-15,paid,ios
3675,218,2025-10-20,cancelled,web
3676,1076,2025-10-13,cancelled,android
3677,239,2025-10-25,cancelled,web
3678,1118,2025-09-20,cancelled,phone
3679,707,2026-02-15,cancelled,android
3680,723,2025-10-05,refunded,web
3681,44,2026-03-04,paid,web
3682,99,2026-01-08,cancelled,web
3683,1012,2025-09-15,cancelled,android
3684,897,2026-01-31,paid,web
3685,942,2025-10-13,cancelled,web
3686,945,2026-02-21,cancelled,web
3687,927,2025-09-14,paid,ios
3688,633,2026-02-08,paid,web
3689,850,2026-02-21,cancelled,web
3690,485,2026-01-17,refunded,web
3691,429,2025-09-25,paid,phone
3692,172,2026-03-11,paid,web
3693,391,2026-03-09,paid,web
3694,623,2025-11-20,paid,ios
3695,89,2025-11-10,paid,phone
3696,268,2025-10-30,paid,phone
3697,445,2026-03-01,paid,android
3698,274,2026-02-17,paid,web
3699,864,2026-01-11,cancelled,ios
3700,503,2025-10-02,paid,web
3701,856,2026-01-27,cancelled,ios
3702,734,2025-11-05,cancelled,ios
3703,17,2025-10-25,paid,android
3704,893,2025-12-13,cancelled,web
3705,341,2026-02-27,paid,web
3706,832,2025-09-21,refunded,web
3707,619,2026-01-28,paid,web
3708,191,2025-11-17,paid,web
3709,1187,2025-10-04,paid,web
3710,1170,2025-10-11,paid,web
3711,904,2026-03-02,paid,web
3712,179,2026-02-28,refunded,phone
3713,660,2025-12-08,paid,web
3714,962,2026-03-12,cancelled,android
3715,719,2025-10-04,paid,ios
3716,684,2025-09-13,paid,web
3717,110,2025-12-13,refunded,web
3718,1024,2026-02-25,cancelled,web
3719,985,2026-01-15,paid,web
3720,446,2025-12-15,paid,android
3721,518,2026-03-07,paid,web
3722,612,2025-11-26,paid,web
3723,152,2026-02-18,paid,android
3724,813,2026-02-26,refunded,android
3725,1071,2025-11-05,cancelled,web
3726,1188,2025-10-21,refunded,ios
3727,401,2025-09-21,paid,web
3728,479,2026-02-27,cancelled,web
3729,716,2025-09-26,paid,ios
3730,1149,2026-01-22,paid,web
3731,607,2026-02-02,cancelled,web
3732,1023,2025-10-09,paid,web
3733,235,2026-02-25,paid,web
3734,205,2025-11-30,paid,android
3735,836,2025-12-18,cancelled,ios
3736,756,2026-01-28,paid,web
3737,180,2025-09-15,paid,android
3738,549,2026-02-06,paid,web
3739,94,2025-10-03,cancelled,android
3740,116,2025-10-30,paid,web
3741,89,2026-02-09,paid,web
3742,635,2026-03-05,cancelled,web
3743,894,2026-02-15,paid,android
3744,306,2025-10-16,paid,ios
3745,96,2026-01-31,paid,ios
3746,660,2025-12-21,refunded,web
3747,410,2025-12-29,paid,ios
3748,481,2026-01-16,refunded,web
3749,1106,2025-10-16,paid,ios
3750,1099,2026-03-03,cancelled,android
3751,656,2026-01-28,paid,android
3752,625,2025-11-18,paid,web
3753,393,2025-10-15,paid,web
3754,820,2025-11-02,paid,phone
3755,652,2026-03-06,paid,web
3756,541,2026-01-23,refunded,android
3757,1075,2025-11-06,cancelled,android
3758,10,2026-02-25,refunded,web
3759,192,2025-12-03,cancelled,android
3760,77,2025-10-30,paid,web
3761,1075,2025-10-13,paid,android
3762,1108,2025-09-22,refunded,android
3763,915,2025-10-21,paid,web
3764,677,2025-12-07,cancelled,web
3765,534,2026-03-09,refunded,android
3766,4,2025-09-15,refunded,web
3767,38,2025-11-02,refunded,ios
3768,21,2025-10-31,paid,web
3769,451,2026-02-23,paid,android
3770,1055,2026-02-20,refunded,web
3771,482,2026-03-11,refunded,android
3772,83,2025-11-08,refunded,web
3773,526,2025-11-21,paid,ios
3774,217,2026-03-07,paid,web
3775,96,2026-01-25,cancelled,web
3776,345,2026-01-15,paid,web
3777,139,2025-12-20,paid,web
3778,617,2025-12-22,paid,ios
3779,595,2025-12-24,paid,ios
3780,988,2026-01-11,refunded,web
3781,417,2026-01-13,paid,web
3782,529,2026-02-26,paid,android
3783,1013,2026-02-13,paid,web
3784,921,2026-02-05,refunded,android
3785,1090,2025-10-25,paid,web
3786,419,2026-01-30,cancelled,web
3787,1138,2025-10-11,paid,web
3788,797,2025-10-26,paid,ios
3789,859,2025-10-16,refunded,android
3790,204,2025-10-25,paid,android
3791,143,2026-01-29,paid,web
3792,814,2026-02-28,cancelled,web
3793,437,2026-01-15,cancelled,android
3794,315,2025-09-13,refunded,ios
3795,826,2026-01-29,paid,android
3796,946,2025-12-15,paid,web
3797,379,2026-01-12,paid,web
3798,650,2026-01-30,paid,web
3799,165,2025-12-26,paid,web
3800,348,2026-02-18,paid,web
3801,374,2026-02-12,paid,android
3802,672,2025-12-24,paid,ios
3803,999,2025-11-28,refunded,ios
3804,519,2025-12-22,paid,web
3805,135,2025-09-21,refunded,ios
3806,368,2025-12-29,paid,web
3807,859,2026-01-22,paid,ios
3808,172,2026-01-12,cancelled,phone
3809,701,2025-12-08,refunded,ios
3810,475,2025-10-25,cancelled,ios
3811,105,2025-10-04,paid,android
3812,488,2025-12-30,paid,phone
3813,1104,2025-11-05,refunded,web
3814,733,2025-11-25,refunded,web
3815,44,2026-02-18,paid,web
3816,818,2025-12-26,paid,web
3817,632,2026-03-09,refunded,android
3818,175,2025-10-22,paid,android
3819,770,2025-12-29,refunded,android
3820,972,2026-03-06,paid,web
3821,663,2026-02-20,paid,web
3822,464,2025-11-21,refunded,web
3823,454,2026-01-06,paid,web
3824,837,2026-03-09,cancelled,web
3825,847,2025-11-07,paid,web
3826,392,2025-12-08,refunded,web
3827,1166,2025-09-27,paid,android
3828,976,2025-09-13,cancelled,web
3829,966,2025-12-12,paid,web
3830,643,2025-11-28,paid,web
3831,660,2025-11-20,paid,android
3832,19,2025-12-19,paid,ios
3833,990,2025-09-18,paid,web
3834,349,2025-12-14,paid,web
3835,809,2025-10-24,paid,web
3836,842,2026-02-11,paid,android
3837,670,2025-10-04,refunded,web
3838,248,2025-09-18,paid,android
3839,495,2025-11-17,paid,ios
3840,720,2025-10-30,cancelled,web
3841,431,2025-10-20,paid,web
3842,728,2025-10-27,paid,web
3843,922,2025-10-02,paid,web
3844,935,2026-01-18,cancelled,ios
3845,503,2026-01-23,cancelled,ios
3846,720,2025-11-04,paid,android
3847,890,2025-12-03,refunded,web
3848,796,2026-02-19,refunded,phone
3849,657,2026-01-26,paid,android
3850,49,2025-12-22,paid,android
3851,1117,2025-10-14,refunded,web
3852,163,2025-12-28,refunded,web
3853,535,2025-10-30,paid,web
3854,506,2025-12-07,paid,android
3855,216,2025-09-21,cancelled,android
3856,371,2025-11-13,paid,android
3857,419,2025-10-03,cancelled,web
3858,574,2025-12-23,paid,android
3859,792,2026-01-07,paid,ios
3860,195,2026-01-18,cancelled,web
3861,989,2025-10-11,refunded,android
3862,577,2026-02-01,paid,android
3863,711,2026-03-02,refunded,web
3864,260,2025-12-07,paid,web
3865,252,2026-02-10,paid,web
3866,1004,2025-10-09,paid,ios
3867,935,2025-10-15,paid,phone
3868,373,2026-01-05,cancelled,web
3869,1012,2026-03-07,cancelled,ios
3870,93,2025-09-21,paid,web
3871,1117,2026-01-13,paid,ios
3872,843,2025-11-13,refunded,web
3873,658,2026-03-09,paid,android
3874,1007,2026-02-08,paid,android
3875,858,2025-12-24,paid,web
3876,353,2025-11-27,refunded,android
3877,554,2026-01-17,cancelled,web
3878,36,2026-01-08,paid,android
3879,667,2025-12-30,paid,web
3880,887,2025-10-04,paid,web
3881,338,2026-02-17,paid,android
3882,541,2025-11-19,cancelled,web
3883,515,2025-10-12,refunded,phone
3884,43,2025-12-11,paid,web
3885,1095,2026-02-22,paid,ios
3886,592,2025-10-26,cancelled,web
3887,344,2026-01-25,paid,android
3888,239,2025-09-22,paid,web
3889,467,2025-10-08,paid,web
3890,109,2025-11-20,paid,android
3891,794,2025-11-21,paid,android
3892,360,2026-01-11,paid,ios
3893,87,2026-03-12,cancelled,web
3894,228,2025-11-14,refunded,android
3895,108,2026-02-05,cancelled,web
3896,573,2026-01-22,paid,phone
3897,281,2025-11-30,refunded,web
3898,45,2025-11-15,refunded,android
3899,1075,2025-09-15,paid,web
3900,669,2025-12-18,paid,web
3901,293,2026-02-28,paid,android
3902,473,2026-01-16,refunded,android
3903,412,2025-12-07,cancelled,android
3904,50,2025-09-30,paid,web
3905,972,2025-11-20,paid,ios
3906,319,2026-01-28,paid,web
3907,447,2025-11-15,refunded,web
3908,829,2025-09-30,paid,ios
3909,157,2026-02-15,paid,android
3910,310,2026-02-08,paid,web
3911,1071,2026-02-08,paid,ios
3912,985,2025-10-23,paid,web
3913,71,2025-10-06,refunded,android
3914,598,2025-10-18,paid,ios
3915,1196,2025-10-16,refunded,ios
3916,192,2025-09-15,paid,ios
3917,95,2025-12-04,refunded,ios
3918,601,2025-11-24,paid,phone
3919,1154,2025-12-28,paid,ios
3920,1009,2025-12-15,refunded,ios
3921,633,2025-12-15,refunded,ios
3922,238,2026-01-13,cancelled,ios
3923,854,2025-09-19,paid,web
3924,580,2026-01-13,paid,android
3925,394,2025-12-04,refunded,ios
3926,31,2026-01-11,paid,web
3927,170,2025-12-16,cancelled,android
3928,451,2025-11-29,refunded,android
3929,33,2025-11-07,paid,ios
3930,881,2025-10-15,refunded,web
3931,420,2026-03-10,refunded,web
3932,1089,2025-09-17,paid,web
3933,574,2025-12-23,paid,web
3934,92,2025-10-12,paid,web
3935,205,2025-09-20,refunded,ios
3936,1157,2026-01-01,paid,web
3937,1013,2025-12-05,paid,android
3938,685,2026-01-29,paid,web
3939,1087,2026-02-11,cancelled,web
3940,637,2025-10-29,paid,ios
3941,853,2026-02-16,paid,ios
3942,953,2025-09-14,paid,android
3943,558,2026-02-02,paid,web
3944,24,2025-10-19,refunded,web
3945,16,2025-11-08,refunded,web
3946,706,2025-12-17,refunded,web
3947,617,2025-11-18,cancelled,phone
3948,165,2025-11-11,cancelled,ios
3949,626,2026-01-02,refunded,android
3950,342,2025-11-03,refunded,web
3951,288,2026-01-13,paid,web
3952,573,2026-01-28,paid,android
3953,1069,2025-10-28,cancelled,web
3954,296,2025-11-27,paid,web
3955,195,2026-01-25,paid,web
3956,801,2025-10-31,paid,ios
3957,724,2026-01-09,cancelled,ios
3958,531,2025-10-10,refunded,web
3959,843,2025-12-11,refunded,ios
3960,371,2025-10-08,paid,web
3961,119,2026-02-15,paid,web
3962,1105,2025-12-22,paid,web
3963,655,2026-01-18,paid,web
3964,1066,2025-11-15,paid,web
3965,336,2025-10-09,paid,web
3966,1195,2025-10-06,cancelled,web
3967,918,2025-12-11,refunded,web
3968,366,2025-09-19,paid,web
3969,935,2026-02-13,paid,ios
3970,839,2026-02-28,paid,android
3971,1138,2026-02-08,paid,web
3972,212,2025-12-20,paid,web
3973,5,2025-09-22,refunded,web
3974,1175,2025-10-16,refunded,web
3975,763,2025-10-15,cancelled,web
3976,23,2025-11-17,paid,ios
3977,306,2026-01-30,paid,web
3978,351,2026-02-01,paid,web
3979,737,2026-01-31,cancelled,phone
3980,1070,2025-11-19,paid,ios
3981,160,2026-01-07,cancelled,android
3982,317,2025-09-25,refunded,web
3983,227,2026-01-19,refunded,android
3984,90,2025-12-26,paid,web
3985,963,2025-12-24,cancelled,phone
3986,51,2026-02-25,paid,ios
3987,533,2025-12-08,cancelled,web
3988,529,2026-02-25,paid,ios
3989,825,2025-12-07,paid,web
3990,663,2026-02-26,paid,web
3991,485,2026-01-21,refunded,phone
3992,121,2026-01-17,paid,ios
3993,789,2026-01-27,refunded,web
3994,992,2026-02-18,paid,web
3995,1011,2025-11-03,paid,phone
3996,186,2025-11-17,paid,web
3997,29,2025-09-21,refunded,phone
3998,612,2025-10-25,paid,web
3999,513,2025-10-10,paid,android
4000,364,2025-11-23,paid,web
4001,81,2025-12-07,cancelled,web
4002,539,2025-10-12,paid,phone
4003,656,2025-09-27,refunded,phone
4004,1054,2025-12-26,paid,web
4005,688,2025-12-07,refunded,web
4006,741,2025-12-22,paid,web
4007,714,2025-12-03,paid,android
4008,815,2025-10-11,paid,web
4009,1099,2026-01-24,paid,web
4010,820,2025-12-03,paid,web
4011,104,2025-11-30,paid,ios
4012,750,2026-02-12,paid,web
4013,1018,2026-01-10,cancelled,web
4014,708,2025-10-19,refunded,web
4015,920,2025-12-25,paid,web
4016,36,2025-11-29,paid,web
4017,1054,2025-12-11,paid,web
4018,1014,2025-10-09,paid,android
4019,390,2026-01-17,paid,web
4020,612,2025-09-15,paid,web
4021,1139,2025-12-09,cancelled,phone
4022,747,2025-09-21,paid,web
4023,327,2026-01-26,cancelled,web
4024,579,2026-01-24,paid,web
4025,624,2025-12-19,paid,android
4026,474,2025-10-05,paid,phone
4027,885,2026-02-20,paid,phone
4028,284,2025-11-30,paid,android
4029,592,2025-12-25,paid,web
4030,195,2026-01-09,refunded,ios
4031,97,2025-10-30,paid,android
4032,609,2025-09-27,paid,web
4033,853,2025-12-02,cancelled,web
4034,828,2025-11-28,paid,web
4035,806,2025-12-21,paid,phone
4036,979,2025-12-18,cancelled,android
4037,148,2025-10-28,refunded,ios
4038,1162,2026-02-13,paid,ios
4039,1145,2025-12-30,cancelled,android
4040,62,2025-12-18,paid,web
4041,803,2026-02-17,paid,ios
4042,991,2025-09-14,paid,web
4043,148,2025-11-05,cancelled,web
4044,139,2025-12-14,paid,web
4045,45,2025-12-24,cancelled,android
4046,1165,2025-10-23,paid,web
4047,89,2025-10-24,refunded,ios
4048,890,2026-02-28,refunded,ios
4049,750,2025-11-18,refunded,ios
4050,403,2025-11-24,cancelled,ios
4051,954,2026-01-31,paid,android
4052,7,2026-02-12,cancelled,web
4053,877,2025-12-21,cancelled,phone
4054,965,2026-02-07,paid,android
4055,275,2026-01-18,paid,web
4056,1192,2026-03-09,refunded,web
4057,1142,2025-09-18,cancelled,android
4058,135,2025-12-09,cancelled,ios
4059,825,2025-11-07,refunded,android
4060,786,2025-12-15,refunded,android
4061,1190,2026-01-01,paid,phone
4062,313,2026-02-25,paid,android
4063,333,2026-01-07,refunded,ios
4064,409,2025-09-29,refunded,web
4065,759,2025-12-30,refunded,web
4066,600,2025-10-03,cancelled,web
4067,3,2026-01-01,cancelled,web
4068,962,2026-03-09,refunded,android
4069,980,2026-02-25,cancelled,web
4070,116,2025-10-04,refunded,ios
4071,3,2025-12-18,refunded,web
4072,968,2026-02-24,paid,phone
4073,814,2025-12-15,refunded,ios
4074,851,2025-12-13,refunded,android
4075,835,2026-03-11,paid,web
4076,286,2025-10-08,paid,android
4077,1085,2026-01-31,paid,ios
4078,637,2025-12-01,paid,android
4079,370,2026-02-18,paid,web
4080,680,2026-02-28,paid,ios
4081,498,2025-09-15,paid,web
4082,717,2025-10-23,cancelled,web
4083,720,2025-12-27,cancelled,android
4084,509,2026-01-23,paid,web
4085,1190,2026-02-14,paid,web
4086,176,2025-12-10,refunded,ios
4087,792,2025-09-29,refunded,web
4088,705,2025-10-02,refunded,web
4089,402,2025-10-21,paid,web
4090,458,2026-01-01,paid,ios
4091,1179,2025-10-23,refunded,web
4092,467,2026-01-13,paid,web
4093,163,2026-01-02,cancelled,web
4094,423,2025-10-30,paid,android
4095,141,2026-03-12,refunded,ios
4096,1108,2026-01-23,cancelled,android
4097,992,2026-03-04,cancelled,ios
4098,504,2026-02-10,refunded,phone
4099,944,2026-02-20,paid,web
4100,85,2025-10-27,paid,ios
4101,666,2025-11-14,paid,web
4102,1048,2026-01-31,paid,android
4103,310,2025-10-12,refunded,web
4104,236,2026-02-17,paid,web
4105,52,2025-12-19,cancelled,web
4106,608,2026-01-15,paid,ios
4107,697,2026-01-27,refunded,ios
4108,233,2025-11-12,paid,web
4109,857,2026-02-17,cancelled,ios
4110,324,2025-09-26,paid,web
4111,333,2026-01-24,paid,web
4112,760,2026-03-09,paid,phone
4113,476,2026-03-02,refunded,web
4114,389,2026-01-05,paid,android
4115,877,2025-12-09,cancelled,android
4116,157,2026-01-30,cancelled,web
4117,884,2026-03-05,paid,phone
4118,1012,2026-01-15,paid,web
4119,459,2025-10-29,paid,phone
4120,377,2025-11-09,paid,web
4121,217,2026-02-21,paid,phone
4122,682,2025-12-18,paid,web
4123,1056,2026-01-25,paid,ios
4124,319,2026-02-16,paid,web
4125,86,2025-11-09,paid,web
4126,311,2026-03-05,paid,web
4127,183,2026-02-11,paid,web
4128,705,2025-10-17,paid,web
4129,483,2026-02-23,cancelled,web
4130,259,2025-10-22,refunded,android
4131,1183,2025-09-13,refunded,phone
4132,464,2025-12-17,refunded,web
4133,760,2026-02-19,paid,web
4134,555,2026-03-03,paid,ios
4135,598,2025-09-17,paid,phone
4136,882,2025-10-25,refunded,ios
4137,616,2025-11-08,paid,web
4138,174,2026-03-04,refunded,web
4139,306,2025-11-05,paid,ios
4140,737,2026-03-09,paid,android
4141,1169,2025-12-09,paid,web
4142,111,2026-02-20,cancelled,web
4143,244,2025-11-28,paid,android
4144,680,2026-03-11,cancelled,ios
4145,35,2026-01-26,refunded,web
4146,797,2025-12-10,paid,web
4147,641,2025-09-26,paid,web
4148,413,2026-01-12,cancelled,web
4149,590,2025-12-21,paid,web
4150,896,2025-11-02,paid,ios
4151,394,2025-12-28,paid,android
4152,96,2026-02-02,paid,web
4153,1123,2025-09-19,paid,phone
4154,881,2026-01-21,refunded,web
4155,438,2026-02-18,paid,ios
4156,1059,2026-02-13,refunded,web
4157,998,2025-10-28,paid,ios
4158,756,2026-02-23,cancelled,web
4159,461,2025-09-22,paid,web
4160,1114,2025-10-06,cancelled,android
4161,7,2025-11-17,paid,web
4162,545,2025-10-18,paid,web
4163,734,2025-12-26,paid,web
4164,152,2026-02-18,paid,web
4165,363,2025-09-18,paid,android
4166,606,2025-11-28,paid,web
4167,589,2026-01-12,refunded,ios
4168,895,2025-09-30,cancelled,web
4169,632,2025-10-05,paid,web
4170,1068,2026-01-09,refunded,web
4171,474,2025-11-23,paid,android
4172,171,2026-01-28,paid,android
4173,1198,2025-12-12,refunded,web
4174,486,2025-12-17,paid,web
4175,178,2026-02-27,paid,android
4176,457,2026-01-03,paid,web
4177,905,2025-11-11,paid,web
4178,724,2025-12-07,paid,android
4179,890,2025-09-26,paid,web
4180,328,2025-10-27,paid,ios
4181,202,2026-01-31,paid,android
4182,39,2026-01-10,refunded,web
4183,949,2026-02-11,refunded,android
4184,157,2025-12-07,cancelled,android
4185,872,2026-01-31,paid,web
4186,171,2025-09-17,cancelled,web
4187,517,2026-02-17,cancelled,android
4188,589,2025-10-30,cancelled,ios
4189,299,2025-10-26,paid,android
4190,912,2026-01-28,refunded,ios
4191,106,2025-11-22,paid,ios
4192,1163,2025-12-13,paid,web
4193,912,2025-10-16,cancelled,android
4194,562,2026-02-08,paid,web
4195,821,2026-02-03,paid,ios
4196,435,2026-01-06,refunded,web
4197,917,2025-10-20,paid,web
4198,615,2025-11-20,paid,web
4199,445,2025-10-19,paid,web
4200,698,2026-03-02,paid,web
4201,1053,2025-10-14,refunded,web
4202,630,2025-12-10,paid,android
4203,320,2026-01-02,refunded,web
4204,995,2025-11-26,paid,web
4205,78,2025-10-23,paid,ios
4206,839,2025-09-26,cancelled,web
4207,334,2025-12-26,paid,web
4208,440,2025-10-29,refunded,web
4209,1007,2026-01-16,cancelled,android
4210,98,2025-12-01,paid,web
4211,590,2025-12-12,cancelled,web
4212,1144,2025-10-02,paid,phone
4213,235,2025-11-08,paid,web
4214,200,2025-12-29,paid,web
4215,540,2025-10-13,paid,web
4216,163,2025-09-23,paid,web
4217,1012,2025-12-13,refunded,ios
4218,813,2026-01-03,paid,phone
4219,212,2025-12-22,refunded,android
4220,524,2025-12-12,paid,ios
4221,1053,2025-11-01,paid,phone
4222,1029,2025-10-08,refunded,phone
4223,661,2025-12-22,refunded,android
4224,187,2025-09-17,refunded,web
4225,763,2025-10-11,paid,android
4226,1149,2025-12-07,refunded,web
4227,1175,2025-12-13,refunded,ios
4228,444,2025-12-19,paid,web
4229,420,2025-10-16,refunded,web
4230,588,2025-11-20,refunded,web
4231,365,2025-12-19,paid,web
4232,528,2025-12-11,paid,android
4233,416,2025-10-02,paid,web
4234,773,2025-10-28,paid,web
4235,577,2025-11-17,cancelled,web
4236,564,2025-09-29,cancelled,web
4237,407,2026-03-06,paid,android
4238,1084,2025-12-02,cancelled,phone
4239,438,2025-12-25,paid,ios
4240,735,2026-02-15,paid,android
4241,306,2026-01-27,refunded,web
4242,943,2026-01-09,paid,web
4243,1059,2025-12-01,paid,android
4244,297,2025-12-30,paid,web
4245,1029,2026-03-07,cancelled,web
4246,790,2025-12-14,refunded,web
4247,256,2026-02-04,paid,ios
4248,466,2025-12-24,paid,web
4249,916,2026-03-10,paid,ios
4250,1119,2025-10-17,refunded,web
4251,188,2026-01-29,refunded,ios
4252,978,2025-11-30,paid,android
4253,962,2025-09-19,paid,web
4254,772,2026-01-21,paid,web
4255,493,2026-02-17,cancelled,phone
4256,744,2026-02-12,paid,android
4257,1199,2025-11-24,paid,ios
4258,1184,2025-10-11,paid,ios
4259,903,2025-10-04,refunded,phone
4260,245,2025-12-22,cancelled,web
4261,105,2025-11-12,paid,web
4262,1030,2025-11-18,paid,web
4263,668,2025-10-29,paid,web
4264,766,2026-02-03,refunded,web
4265,102,2025-12-31,paid,phone
4266,590,2025-12-29,paid,web
4267,742,2026-02-01,paid,web
4268,391,2025-10-11,paid,android
4269,984,2025-10-02,paid,web
4270,594,2025-09-20,paid,web
4271,208,2026-01-07,paid,android
4272,534,2025-10-03,paid,android
4273,1160,2025-10-17,cancelled,web
4274,840,2026-01-19,refunded,web
4275,550,2025-12-05,cancelled,web
4276,213,2025-10-29,paid,ios
4277,1029,2025-11-19,paid,ios
4278,479,2025-09-27,cancelled,android
4279,157,2026-01-20,paid,web
4280,549,2025-11-22,paid,web
4281,132,2026-02-04,paid,web
4282,271,2025-12-24,paid,android
4283,1050,2026-01-29,refunded,ios
4284,880,2026-02-08,paid,web
4285,950,2025-12-28,paid,ios
4286,653,2026-02-08,paid,web
4287,939,2026-02-19,refunded,web
4288,97,2026-01-03,cancelled,android
4289,1097,2026-02-28,cancelled,phone
4290,898,2026-01-10,cancelled,ios
4291,962,2025-11-06,cancelled,android
4292,893,2025-10-29,refunded,web
4293,1111,2025-12-05,paid,web
4294,1080,2026-02-07,paid,phone
4295,431,2025-11-28,refunded,android
4296,597,2025-10-07,cancelled,phone
4297,590,2025-10-07,cancelled,web
4298,33,2025-11-17,cancelled,web
4299,1026,2025-09-19,refunded,android
4300,289,2025-11-22,paid,phone
4301,463,2025-11-23,refunded,web
4302,797,2025-12-11,paid,web
4303,1052,2025-12-29,cancelled,web
4304,449,2025-10-17,paid,ios
4305,683,2025-11-14,refunded,android
4306,339,2025-11-24,paid,web
4307,416,2025-10-21,refunded,ios
4308,466,2026-01-09,paid,android
4309,793,2025-10-07,refunded,phone
4310,328,2025-09-30,paid,web
4311,735,2026-01-09,paid,web
4312,692,2026-02-15,paid,android
4313,485,2026-02-11,refunded,android
4314,524,2025-10-15,paid,web
4315,803,2025-11-03,paid,web
4316,876,2026-03-02,paid,web
4317,424,2026-03-10,cancelled,web
4318,1058,2026-02-09,paid,phone
4319,1152,2025-12-30,paid,web
4320,757,2026-01-20,refunded,web
4321,325,2025-11-03,paid,phone
4322,524,2025-10-20,paid,android
4323,390,2026-02-25,refunded,android
4324,505,2025-11-21,refunded,android
4325,390,2025-11-07,paid,web
4326,597,2025-11-30,cancelled,web
4327,439,2026-02-23,paid,android
4328,556,2026-01-27,refunded,android
4329,901,2025-12-02,cancelled,web
4330,1039,2026-02-08,cancelled,phone
4331,72,2026-01-10,cancelled,web
4332,61,2025-10-11,paid,web
4333,866,2025-10-07,refunded,phone
4334,1067,2025-10-21,cancelled,web
4335,1054,2026-03-08,refunded,web
4336,180,2025-10-06,refunded,web
4337,153,2026-01-19,paid,web
4338,1148,2025-10-18,cancelled,web
4339,214,2026-01-27,refunded,web
4340,933,2026-02-12,paid,web
4341,899,2025-11-14,refunded,ios
4342,809,2025-11-21,paid,web
4343,695,2025-11-18,refunded,web
4344,8,2026-03-07,refunded,ios
4345,1160,2025-10-30,cancelled,android
4346,86,2026-02-05,cancelled,android
4347,267,2025-11-23,paid,web
4348,776,2025-11-18,cancelled,web
4349,625,2026-02-26,cancelled,web
4350,1168,2025-10-21,paid,web
4351,583,2025-11-01,refunded,ios
4352,945,2025-10-28,paid,ios
4353,224,2025-10-28,paid,web
4354,12,2025-10-28,paid,web
4355,838,2025-11-23,paid,ios
4356,387,2025-10-27,paid,web
4357,996,2025-09-27,paid,web
4358,202,2025-12-17,paid,phone
4359,589,2025-10-11,paid,ios
4360,367,2025-11-01,paid,ios
4361,1107,2025-12-02,refunded,android
4362,174,2025-12-22,paid,web
4363,291,2025-10-06,paid,web
4364,624,2026-03-08,paid,ios
4365,429,2025-10-12,cancelled,ios
4366,3,2025-11-29,refunded,web
4367,780,2025-10-20,paid,ios
4368,646,2025-12-18,paid,web
4369,39,2025-10-07,paid,web
4370,872,2026-01-31,refunded,web
4371,550,2025-09-16,paid,web
4372,1065,2026-02-28,paid,web
4373,267,2025-10-25,paid,android
4374,1125,2026-02-10,paid,web
4375,500,2025-11-09,paid,phone
4376,930,2026-01-20,refunded,ios
4377,313,2026-01-27,cancelled,web
4378,708,2025-09-21,paid,phone
4379,574,2025-12-03,paid,web
4380,1052,2025-11-12,paid,ios
4381,623,2026-01-04,refunded,ios
4382,1155,2025-10-24,paid,web
4383,502,2025-10-04,cancelled,phone
4384,396,2025-11-03,paid,ios
4385,605,2025-09-16,cancelled,ios
4386,908,2025-11-05,paid,ios
4387,755,2026-01-12,cancelled,web
4388,868,2025-12-15,cancelled,ios
4389,803,2025-10-12,cancelled,web
4390,800,2026-02-13,paid,ios
4391,412,2025-12-30,refunded,android
4392,507,2025-12-28,paid,web
4393,673,2026-01-31,paid,web
4394,1136,2026-01-17,cancelled,web
4395,883,2025-12-25,paid,web
4396,459,2025-12-26,cancelled,android
4397,326,2026-01-18,cancelled,android
4398,886,2025-12-27,paid,ios
4399,1193,2026-03-12,paid,android
4400,377,2025-12-30,paid,web
4401,26,2025-11-08,paid,android
4402,673,2025-10-05,refunded,web
4403,1112,2026-02-10,cancelled,android
4404,201,2025-11-03,paid,web
4405,1055,2025-09-18,refunded,ios
4406,1194,2026-01-24,cancelled,web
4407,1103,2026-02-13,refunded,android
4408,897,2025-11-03,paid,phone
4409,823,2025-12-30,paid,web
4410,172,2025-12-27,paid,android
4411,123,2025-12-06,paid,android
4412,363,2025-11-03,paid,web
4413,399,2025-11-13,paid,phone
4414,661,2026-02-28,paid,android
4415,924,2025-10-17,refunded,web
4416,478,2025-10-13,paid,web
4417,1010,2025-10-01,cancelled,ios
4418,872,2025-11-04,paid,web
4419,1018,2025-10-23,cancelled,web
4420,90,2026-02-14,refunded,web
4421,640,2025-11-15,cancelled,web
4422,818,2026-01-26,paid,ios
4423,30,2025-11-13,refunded,phone
4424,545,2025-12-08,paid,web
4425,933,2026-02-11,paid,android
4426,1132,2025-12-14,cancelled,web
4427,688,2025-11-26,refunded,android
4428,163,2026-03-08,cancelled,web
4429,1135,2025-09-28,paid,ios
4430,588,2026-01-30,paid,ios
4431,985,2025-12-21,refunded,web
4432,243,2025-09-20,paid,web
4433,66,2025-10-29,paid,android
4434,58,2025-11-08,paid,android
4435,1151,2025-12-31,paid,web
4436,842,2026-03-10,paid,web
4437,337,2026-03-10,refunded,web
4438,1003,2025-12-02,refunded,android
4439,1175,2025-12-21,refunded,android
4440,407,2026-01-25,paid,ios
4441,1144,2025-11-11,paid,android
4442,1138,2026-01-29,refunded,web
4443,1124,2025-11-26,paid,android
4444,695,2026-01-01,cancelled,web
4445,416,2026-01-16,paid,web
4446,613,2025-12-01,paid,ios
4447,608,2026-02-09,paid,web
4448,344,2026-01-21,paid,ios
4449,723,2025-12-25,paid,web
4450,78,2026-01-25,paid,web
4451,105,2026-02-04,paid,phone
4452,422,2025-12-25,cancelled,ios
4453,827,2026-02-18,paid,ios
4454,421,2026-01-10,refunded,web
4455,998,2026-03-12,paid,android
4456,397,2026-01-04,paid,android
4457,356,2026-02-14,paid,web
4458,322,2026-02-19,paid,web
4459,1026,2025-12-22,paid,phone
4460,801,2026-03-08,refunded,web
4461,383,2026-03-04,cancelled,web
4462,444,2025-11-06,refunded,web
4463,1086,2026-01-11,paid,web
4464,394,2025-10-29,paid,phone
4465,324,2026-02-24,paid,ios
4466,963,2025-10-08,cancelled,android
4467,623,2025-12-09,cancelled,ios
4468,341,2025-12-23,refunded,android
4469,247,2025-10-24,paid,web
4470,1047,2026-01-20,paid,web
4471,1012,2025-11-20,refunded,ios
4472,1171,2026-02-21,refunded,ios
4473,615,2026-02-15,paid,phone
4474,125,2025-11-14,paid,web
4475,203,2026-01-15,paid,phone
4476,241,2025-12-14,paid,web
4477,500,2026-03-08,refunded,web
4478,1006,2025-12-12,cancelled,android
4479,193,2025-12-19,paid,android
4480,337,2026-01-18,cancelled,web
4481,1031,2026-03-11,paid,ios
4482,315,2026-02-03,paid,web
4483,905,2026-01-09,paid,ios
4484,262,2025-11-08,paid,web
4485,182,2026-01-29,paid,android
4486,157,2026-02-21,paid,web
4487,262,2025-10-07,paid,web
4488,946,2025-10-12,paid,web
4489,156,2025-10-12,paid,android
4490,505,2026-02-02,paid,web
4491,1102,2026-01-19,paid,android
4492,491,2025-12-08,refunded,web
4493,969,2026-02-17,refunded,android
4494,1183,2025-09-30,cancelled,ios
4495,678,2026-01-20,refunded,web
4496,799,2025-10-09,paid,web
4497,715,2025-11-11,refunded,web
4498,20,2026-01-10,refunded,web
4499,128,2026-01-24,paid,web
4500,345,2025-12-24,cancelled,web
4501,468,2026-01-27,paid,web
4502,843,2025-10-13,cancelled,web
4503,1009,2026-01-19,cancelled,web
4504,1136,2025-11-28,paid,android
4505,383,2026-02-22,paid,web
4506,374,2025-12-15,paid,android
4507,248,2026-03-08,paid,web
4508,66,2026-02-05,paid,web
4509,329,2025-12-06,paid,android
4510,1001,2025-10-13,paid,android
4511,454,2026-01-21,paid,web
4512,221,2025-10-19,cancelled,phone
4513,1009,2025-12-02,cancelled,web
4514,1194,2025-11-18,refunded,ios
4515,1143,2025-10-03,cancelled,web
4516,146,2026-02-18,paid,ios
4517,839,2025-12-14,refunded,phone
4518,774,2025-12-29,paid,ios
4519,981,2026-01-28,paid,android
4520,641,2026-02-11,refunded,phone
4521,1001,2025-12-02,cancelled,web
4522,1065,2025-11-03,paid,web
4523,1199,2026-02-27,cancelled,ios
4524,1096,2026-01-17,cancelled,ios
4525,1009,2025-10-10,refunded,phone
4526,855,2025-12-15,refunded,web
4527,925,2025-11-01,cancelled,web
4528,721,2026-01-12,paid,web
4529,776,2026-01-25,paid,android
4530,887,2026-01-15,paid,web
4531,158,2025-11-07,paid,web
4532,590,2026-02-14,paid,web
4533,594,2025-12-06,cancelled,web
4534,357,2026-01-30,paid,web
4535,1200,2026-02-11,paid,web
4536,356,2025-12-17,paid,web
4537,181,2025-12-20,refunded,web
4538,503,2026-02-18,refunded,web
4539,105,2025-12-14,refunded,web
4540,565,2025-12-28,paid,ios
4541,553,2025-12-24,cancelled,web
4542,440,2026-01-29,paid,web
4543,133,2026-01-20,paid,web
4544,126,2026-03-10,paid,web
4545,995,2025-09-19,paid,android
4546,345,2026-02-12,paid,android
4547,1005,2025-11-23,paid,web
4548,437,2025-12-03,cancelled,web
4549,353,2025-10-18,paid,android
4550,776,2025-09-24,paid,web
4551,725,2026-01-26,paid,web
4552,1177,2025-10-19,paid,android
4553,1009,2025-12-16,paid,web
4554,1093,2025-12-16,paid,web
4555,1002,2025-10-20,cancelled,ios
4556,416,2026-01-15,paid,web
4557,798,2025-12-26,paid,android
4558,981,2025-10-06,paid,ios
4559,464,2025-11-11,paid,web
4560,498,2025-11-18,paid,web
4561,171,2026-01-07,paid,phone
4562,847,2025-11-24,refunded,phone
4563,166,2025-10-05,paid,web
4564,1026,2025-12-23,paid,android
4565,662,2025-11-02,paid,web
4566,517,2025-12-27,paid,ios
4567,886,2026-02-09,paid,web
4568,408,2025-10-30,paid,web
4569,389,2025-10-03,paid,ios
4570,1084,2026-02-25,refunded,web
4571,297,2025-11-12,cancelled,web
4572,1008,2025-10-20,refunded,ios
4573,742,2025-10-08,paid,android
4574,620,2026-02-04,cancelled,ios
4575,831,2025-12-31,paid,web
4576,158,2026-02-12,paid,web
4577,987,2026-03-09,paid,ios
4578,939,2025-12-17,paid,ios
4579,439,2025-12-28,paid,android
4580,1050,2026-01-12,cancelled,web
4581,334,2025-10-21,paid,web
4582,1138,2026-01-24,paid,web
4583,291,2026-02-28,paid,web
4584,290,2025-12-12,paid,web
4585,488,2025-12-27,paid,web
4586,206,2026-01-02,refunded,web
4587,211,2026-01-05,cancelled,ios
4588,1155,2025-10-23,cancelled,web
4589,932,2026-03-10,paid,web
4590,927,2026-03-03,refunded,phone
4591,792,2026-01-21,paid,web
4592,355,2025-09-24,paid,web
4593,974,2025-10-17,cancelled,android
4594,100,2026-01-15,cancelled,ios
4595,267,2025-10-05,paid,android
4596,21,2025-12-31,paid,web
4597,68,2026-03-02,cancelled,web
4598,133,2025-10-13,paid,web
4599,973,2025-12-24,paid,ios
4600,846,2025-09-27,paid,ios
4601,505,2026-01-11,paid,android
4602,788,2026-02-24,cancelled,web
4603,550,2026-02-16,refunded,web
4604,665,2026-01-23,cancelled,android
4605,90,2026-02-28,paid,web
4606,28,2025-12-23,cancelled,android
4607,253,2025-11-14,paid,web
4608,387,2025-10-28,cancelled,web
4609,324,2026-02-22,refunded,web
4610,956,2025-11-29,paid,ios
4611,544,2026-01-31,refunded,android
4612,39,2025-10-29,paid,ios
4613,169,2025-12-25,paid,web
4614,711,2025-09-29,paid,android
4615,61,2025-10-27,cancelled,android
4616,432,2025-12-30,refunded,web
4617,1127,2025-09-22,paid,android
4618,915,2025-10-09,paid,web
4619,1031,2025-11-26,paid,ios
4620,454,2026-03-08,paid,ios
4621,341,2026-02-17,paid,web
4622,163,2026-01-20,cancelled,android
4623,635,2025-11-14,paid,android
4624,7,2026-01-03,paid,ios
4625,576,2025-10-28,cancelled,web
4626,208,2026-01-27,refunded,android
4627,1115,2025-11-02,paid,android
4628,1045,2025-09-18,paid,android
4629,1140,2026-02-18,paid,web
4630,308,2026-01-02,cancelled,web
4631,912,2025-12-03,paid,ios
4632,237,2026-01-20,paid,ios
4633,209,2026-02-02,paid,web
4634,974,2025-11-11,cancelled,ios
4635,142,2026-02-27,paid,web
4636,349,2025-12-10,refunded,android
4637,449,2025-10-13,paid,android
4638,560,2026-01-24,cancelled,web
4639,669,2026-01-24,paid,web
4640,520,2025-12-09,refunded,web
4641,233,2026-02-18,cancelled,web
4642,403,2026-01-10,paid,web
4643,1103,2025-09-16,cancelled,web
4644,455,2025-09-30,paid,android
4645,375,2026-01-12,paid,web
4646,764,2025-12-11,paid,ios
4647,846,2025-12-28,refunded,android
4648,347,2026-01-26,paid,android
4649,1189,2025-11-24,paid,ios
4650,220,2025-09-25,paid,android
4651,115,2025-09-28,refunded,web
4652,533,2026-02-19,paid,ios
4653,849,2026-02-07,refunded,web
4654,798,2026-01-07,paid,ios
4655,114,2025-12-25,refunded,ios
4656,941,2025-11-01,paid,web
4657,655,2025-12-26,paid,web
4658,766,2025-12-20,paid,web
4659,69,2026-01-11,paid,web
4660,653,2026-03-10,paid,web
4661,333,2026-01-17,paid,ios
4662,334,2025-10-26,paid,web
4663,830,2026-01-08,paid,ios
4664,745,2026-02-08,cancelled,web
4665,910,2026-02-26,paid,ios
4666,531,2025-10-19,cancelled,web
4667,774,2026-02-10,paid,web
4668,1029,2026-01-07,cancelled,web
4669,298,2026-03-07,paid,ios
4670,862,2025-11-20,paid,web
4671,801,2025-09-30,paid,ios
4672,310,2026-01-13,cancelled,web
4673,322,2025-12-29,paid,phone
4674,179,2025-11-19,paid,android
4675,832,2025-10-19,cancelled,web
4676,242,2025-11-10,paid,ios
4677,727,2025-12-27,paid,ios
4678,30,2025-12-24,refunded,web
4679,465,2026-01-12,paid,web
4680,797,2026-03-11,paid,web
4681,688,2026-02-12,paid,ios
4682,846,2026-01-06,paid,web
4683,35,2026-01-07,paid,web
4684,565,2025-09-28,paid,android
4685,311,2026-01-23,cancelled,web
4686,798,2026-03-05,refunded,web
4687,743,2026-01-13,paid,phone
4688,547,2025-11-30,cancelled,android
4689,671,2026-02-22,cancelled,web
4690,131,2025-10-21,paid,android
4691,669,2025-12-22,cancelled,android
4692,1055,2026-01-31,paid,android
4693,270,2025-09-20,paid,web
4694,521,2025-10-21,cancelled,phone
4695,885,2026-01-20,refunded,web
4696,193,2025-11-03,cancelled,web
4697,1116,2025-12-09,refunded,ios
4698,594,2025-11-24,paid,android
4699,873,2026-02-26,cancelled,web
4700,783,2025-10-06,paid,android
4701,529,2026-02-20,refunded,ios
4702,859,2026-02-17,refunded,android
4703,672,2026-01-05,paid,web
4704,129,2025-11-24,paid,web
4705,126,2025-12-13,cancelled,web
4706,275,2025-12-09,paid,web
4707,959,2025-09-21,paid,web
4708,861,2026-02-01,refunded,android
4709,889,2026-01-17,paid,web
4710,109,2025-11-11,paid,android
4711,631,2026-02-11,paid,web
4712,1193,2026-02-26,paid,web
4713,281,2025-12-13,cancelled,web
4714,101,2026-01-01,paid,web
4715,828,2026-02-05,cancelled,web
4716,508,2025-09-22,paid,ios
4717,971,2025-10-13,paid,web
4718,322,2025-09-29,paid,web
4719,487,2025-12-29,paid,ios
4720,1066,2025-12-31,paid,web
4721,618,2026-02-09,cancelled,web
4722,167,2025-11-28,paid,web
4723,283,2026-01-13,paid,web
4724,376,2025-09-15,cancelled,web
4725,1061,2025-12-20,paid,ios
4726,118,2025-11-20,paid,android
4727,1111,2026-01-05,paid,web
4728,955,2025-11-24,paid,android
4729,512,2026-02-24,paid,phone
4730,906,2026-03-03,paid,android
4731,1198,2025-12-04,paid,ios
4732,607,2025-10-29,paid,ios
4733,82,2026-01-10,refunded,phone
4734,549,2026-01-11,cancelled,ios
4735,144,2025-12-18,refunded,android
4736,875,2025-10-08,cancelled,web
4737,1060,2026-02-22,paid,web
4738,290,2025-10-07,paid,phone
4739,1139,2025-09-26,paid,web
4740,432,2025-12-20,paid,android
4741,949,2026-02-13,paid,web
4742,926,2025-10-17,paid,android
4743,981,2025-10-15,paid,web
4744,828,2026-01-03,cancelled,android
4745,290,2025-12-17,paid,web
4746,757,2025-09-21,paid,web
4747,1111,2025-11-08,paid,web
4748,150,2025-11-21,refunded,android
4749,1077,2026-01-25,paid,ios
4750,1079,2025-09-29,cancelled,android
4751,720,2025-12-04,paid,android
4752,395,2026-02-23,cancelled,android
4753,233,2026-02-24,paid,android
4754,788,2025-09-18,paid,web
4755,602,2026-01-09,paid,web
4756,411,2025-09-16,cancelled,web
4757,527,2026-02-18,paid,web
4758,602,2026-02-19,paid,web
4759,262,2025-11-12,paid,android
4760,1198,2026-03-01,paid,web
4761,751,2026-01-13,paid,android
4762,5,2025-11-04,paid,web
4763,303,2026-02-15,paid,android
4764,241,2026-03-07,cancelled,phone
4765,164,2025-11-26,paid,android
4766,1043,2025-09-16,paid,web
4767,765,2025-11-17,paid,ios
4768,796,2025-12-26,paid,phone
4769,837,2025-11-07,paid,web
4770,247,2025-10-14,paid,android
4771,659,2026-02-14,paid,web
4772,312,2025-11-07,refunded,ios
4773,1164,2025-12-16,paid,android
4774,649,2026-01-19,refunded,android
4775,541,2026-02-03,refunded,ios
4776,27,2025-10-09,cancelled,web
4777,243,2025-09-25,paid,ios
4778,441,2026-03-10,paid,web
4779,907,2025-10-10,paid,web
4780,792,2025-11-11,paid,android
4781,404,2026-03-12,paid,web
4782,229,2025-12-10,paid,web
4783,422,2025-10-29,paid,android
4784,1199,2026-02-15,cancelled,android
4785,362,2025-10-09,refunded,android
4786,1057,2026-01-02,cancelled,web
4787,933,2026-02-26,paid,web
4788,850,2026-01-25,refunded,web
4789,1171,2025-11-20,paid,ios
4790,221,2026-02-13,paid,android
4791,310,2026-01-18,paid,web
4792,477,2026-01-26,paid,web
4793,1053,2025-10-14,paid,web
4794,657,2026-03-07,paid,web
4795,418,2026-01-26,cancelled,web
4796,514,2026-02-01,paid,web
4797,813,2025-11-03,cancelled,web
4798,1070,2026-02-10,paid,web
4799,1145,2025-11-24,paid,android
4800,478,2025-11-01,paid,web
4801,1161,2026-03-03,paid,phone
4802,1200,2026-01-26,refunded,ios
4803,375,2026-01-09,paid,web
4804,1108,2026-02-16,paid,ios
4805,19,2025-11-02,cancelled,web
4806,201,2026-01-17,refunded,ios
4807,918,2025-11-07,paid,web
4808,143,2025-11-10,cancelled,web
4809,1155,2025-09-15,paid,web
4810,140,2026-02-02,cancelled,web
4811,632,2025-10-03,refunded,web
4812,716,2025-11-03,paid,web
4813,1106,2025-09-29,paid,web
4814,616,2026-03-01,paid,android
4815,1127,2025-09-20,paid,web
4816,1082,2025-12-30,paid,phone
4817,736,2025-10-22,paid,ios
4818,239,2026-03-12,paid,android
4819,1197,2026-02-05,cancelled,ios
4820,955,2025-11-30,cancelled,web
4821,485,2026-03-05,paid,web
4822,20,2025-11-18,paid,web
4823,486,2025-10-19,paid,android
4824,203,2025-09-18,paid,ios
4825,439,2026-02-21,paid,web
4826,357,2026-02-05,paid,web
4827,713,2025-09-21,paid,ios
4828,238,2025-10-27,paid,web
4829,592,2025-09-22,refunded,web
4830,836,2025-09-17,paid,web
4831,1128,2025-11-30,paid,web
4832,608,2026-02-14,cancelled,web
4833,917,2025-12-12,paid,web
4834,509,2026-02-12,refunded,web
4835,253,2025-10-19,paid,ios
4836,889,2025-09-20,paid,ios
4837,50,2025-12-20,refunded,android
4838,826,2025-11-27,paid,web
4839,184,2026-01-03,paid,phone
4840,182,2026-02-08,paid,web
4841,228,2025-09-21,paid,android
4842,141,2025-12-22,refunded,web
4843,885,2025-12-05,cancelled,web
4844,532,2025-11-25,refunded,web
4845,176,2026-03-09,cancelled,web
4846,758,2025-11-03,paid,android
4847,822,2025-10-21,paid,ios
4848,892,2025-10-19,paid,web
4849,599,2026-02-09,paid,ios
4850,629,2025-11-17,paid,ios
4851,759,2025-11-30,paid,ios
4852,1101,2026-01-16,paid,web
4853,622,2026-01-12,paid,web
4854,316,2025-09-24,paid,web
4855,607,2026-03-09,paid,web
4856,11,2025-11-18,paid,phone
4857,175,2026-02-14,paid,web
4858,830,2025-10-19,paid,ios
4859,962,2026-02-15,paid,android
4860,184,2025-11-10,paid,android
4861,642,2025-10-03,paid,android
4862,997,2025-11-10,cancelled,web
4863,951,2025-12-28,paid,web
4864,128,2025-12-13,paid,web
4865,208,2026-02-17,refunded,web
4866,52,2025-11-01,paid,web
4867,757,2026-01-13,refunded,web
4868,117,2026-02-17,refunded,android
4869,1087,2026-01-07,paid,web
4870,1063,2025-09-17,refunded,web
4871,187,2025-09-15,refunded,web
4872,283,2026-01-05,refunded,web
4873,1116,2025-12-01,paid,android
4874,130,2026-01-29,paid,ios
4875,711,2025-10-04,cancelled,android
4876,931,2026-03-11,paid,web
4877,448,2026-02-23,paid,web
4878,254,2025-09-14,paid,web
4879,662,2026-02-22,cancelled,android
4880,934,2025-09-22,cancelled,web
4881,966,2026-02-27,refunded,web
4882,502,2026-01-05,cancelled,web
4883,1153,2026-01-13,paid,web
4884,291,2026-01-09,paid,web
4885,497,2026-01-16,paid,ios
4886,880,2025-10-18,paid,web
4887,173,2025-10-27,paid,web
4888,968,2025-09-27,cancelled,web
4889,510,2026-01-01,paid,ios
4890,1195,2026-01-04,paid,android
4891,784,2025-12-21,paid,web
4892,633,2025-12-01,paid,android
4893,1081,2025-10-01,refunded,web
4894,416,2025-11-24,cancelled,ios
4895,811,2025-09-29,paid,web
4896,986,2025-12-08,paid,web
4897,34,2026-01-21,refunded,ios
4898,1181,2026-02-11,paid,web
4899,735,2025-10-26,cancelled,web
4900,891,2026-02-21,paid,android
4901,556,2025-12-29,paid,web
4902,1019,2025-10-23,paid,ios
4903,1191,2025-12-02,refunded,android
4904,61,2025-11-04,paid,ios
4905,1129,2025-10-18,refunded,web
4906,1178,2026-03-08,refunded,ios
4907,1015,2026-02-28,paid,ios
4908,941,2026-01-26,refunded,ios
4909,485,2025-11-10,refunded,android
4910,754,2026-01-08,paid,ios
4911,525,2026-02-24,paid,ios
4912,250,2025-11-17,paid,android
4913,806,2025-10-10,paid,phone
4914,871,2025-11-25,paid,phone
4915,711,2025-10-09,paid,web
4916,1115,2025-10-02,paid,android
4917,659,2026-03-11,refunded,web
4918,1023,2025-12-12,refunded,ios
4919,425,2025-12-23,refunded,web
4920,935,2025-12-26,refunded,web
4921,664,2025-11-23,cancelled,web
4922,565,2025-11-20,cancelled,ios
4923,799,2026-02-13,refunded,ios
4924,884,2025-09-20,paid,web
4925,746,2026-03-10,refunded,web
4926,292,2025-12-19,paid,android
4927,831,2026-02-10,cancelled,web
4928,1045,2026-01-01,paid,web
4929,960,2025-11-17,refunded,ios
4930,852,2026-02-03,refunded,web
4931,51,2025-12-10,cancelled,ios
4932,1114,2025-10-24,cancelled,web
4933,41,2025-12-25,refunded,web
4934,517,2026-01-28,refunded,ios
4935,311,2025-11-23,paid,web
4936,284,2026-01-09,paid,web
4937,672,2025-09-27,paid,web
4938,443,2025-10-29,refunded,ios
4939,73,2026-01-31,paid,web
4940,1129,2025-11-24,paid,web
4941,1076,2025-10-07,paid,web
4942,1024,2025-12-23,paid,web
4943,1189,2026-01-11,cancelled,web
4944,923,2026-01-03,paid,ios
4945,474,2025-12-21,paid,web
4946,770,2025-12-21,paid,android
4947,1099,2026-02-22,cancelled,ios
4948,306,2026-02-25,cancelled,android
4949,436,2026-03-02,paid,web
4950,972,2025-11-09,paid,android
4951,709,2025-11-25,paid,android
4952,535,2026-02-20,paid,android
4953,580,2025-12-27,cancelled,web
4954,808,2026-03-03,cancelled,web
4955,1200,2026-02-13,paid,web
4956,711,2025-12-19,paid,web
4957,491,2026-01-07,paid,web
4958,646,2025-09-27,cancelled,ios
4959,144,2026-01-06,paid,ios
4960,883,2026-01-19,paid,web
4961,333,2026-01-10,paid,web
4962,1001,2025-09-27,refunded,web
4963,991,2025-10-05,cancelled,android
4964,456,2026-01-06,paid,web
4965,1046,2025-09-14,paid,web
4966,865,2025-12-21,cancelled,web
4967,907,2026-03-04,paid,android
4968,601,2025-12-31,cancelled,android
4969,1036,2026-02-16,paid,web
4970,706,2025-12-16,cancelled,ios
4971,322,2026-01-16,cancelled,web
4972,309,2025-11-17,cancelled,web
4973,1132,2026-01-07,paid,web
4974,418,2026-03-06,cancelled,web
4975,564,2025-12-06,paid,android
4976,1194,2026-03-08,paid,ios
4977,344,2026-02-11,refunded,phone
4978,855,2025-09-19,paid,android
4979,817,2025-12-12,paid,web
4980,1132,2025-10-09,refunded,ios
4981,729,2025-12-30,cancelled,web
4982,560,2025-11-06,refunded,web
4983,480,2026-01-17,refunded,web
4984,928,2025-10-26,paid,ios
4985,669,2025-11-02,paid,web
4986,922,2025-10-03,cancelled,android
4987,223,2026-01-30,cancelled,phone
4988,528,2026-02-15,paid,ios
4989,15,2025-10-19,paid,web
4990,287,2026-01-16,cancelled,android
4991,991,2026-02-27,paid,web
4992,912,2026-02-23,refunded,web
4993,449,2026-01-07,paid,android
4994,817,2025-10-04,paid,web
4995,981,2026-02-02,paid,phone
4996,548,2026-03-01,paid,android
4997,383,2025-10-15,cancelled,android
4998,382,2026-02-05,paid,ios
4999,563,2025-12-12,refunded,phone
5000,1116,2025-11-26,paid,web
5001,472,2025-09-22,paid,ios
5002,4,2026-02-08,paid,android
5003,805,2026-02-12,paid,web
5004,503,2025-09-14,paid,web
5005,470,2026-02-22,paid,web
5006,17,2025-11-11,cancelled,web
5007,633,2026-02-28,paid,web
5008,384,2026-01-28,paid,web
5009,101,2025-11-25,paid,web
5010,278,2025-10-13,refunded,web
5011,475,2026-03-02,paid,ios
5012,1108,2026-03-09,paid,android
5013,684,2025-12-15,cancelled,web
5014,1126,2025-11-27,cancelled,android
5015,570,2026-02-07,paid,web
5016,130,2026-03-07,paid,web
5017,917,2025-09-29,paid,web
5018,1045,2025-09-17,paid,android
5019,843,2025-09-28,cancelled,android
5020,246,2026-01-12,paid,android
5021,1198,2025-11-26,refunded,web
5022,579,2026-01-23,paid,web
5023,907,2025-11-06,paid,android
5024,60,2026-01-14,paid,ios
5025,492,2026-03-05,paid,web
5026,720,2026-01-24,paid,web
5027,116,2026-01-25,cancelled,phone
5028,1113,2025-10-31,paid,ios
5029,859,2025-09-15,cancelled,web
5030,293,2025-11-11,cancelled,phone
5031,270,2025-12-01,paid,web
5032,216,2026-01-08,paid,web
5033,967,2025-10-13,cancelled,web
5034,321,2026-01-04,paid,ios
5035,186,2025-12-16,cancelled,web
5036,850,2025-10-23,refunded,web
5037,151,2026-03-09,paid,android
5038,1002,2025-09-26,cancelled,ios
5039,184,2025-09-17,paid,web
5040,1052,2025-12-07,paid,web
5041,872,2026-02-26,paid,web
5042,90,2025-12-31,refunded,web
5043,499,2026-01-25,refunded,android
5044,422,2025-12-19,cancelled,android
5045,221,2026-02-26,paid,web
5046,495,2025-11-09,refunded,web
5047,221,2026-02-27,refunded,ios
5048,47,2026-02-06,refunded,android
5049,864,2026-02-22,paid,web
5050,766,2025-11-06,cancelled,web
5051,839,2026-02-17,cancelled,web
5052,1030,2025-11-05,refunded,web
5053,871,2025-11-06,paid,ios
5054,1013,2025-12-13,paid,web
5055,431,2025-12-16,paid,web
5056,925,2025-12-21,paid,web
5057,834,2026-02-11,paid,android
5058,641,2026-02-03,refunded,web
5059,646,2026-02-11,paid,ios
5060,455,2026-02-21,refunded,web
5061,1132,2025-12-10,paid,web
5062,67,2025-10-02,paid,web
5063,1044,2025-10-19,paid,web
5064,1143,2025-12-15,paid,android
5065,817,2025-09-14,refunded,web
5066,768,2026-02-10,refunded,web
5067,653,2025-12-26,refunded,android
5068,99,2025-10-07,paid,android
5069,1111,2025-10-06,paid,web
5070,1166,2026-01-02,paid,android
5071,504,2026-02-21,paid,web
5072,943,2026-01-30,paid,ios
5073,268,2026-03-10,paid,android
5074,46,2025-12-22,paid,web
5075,613,2026-01-10,paid,web
5076,1120,2026-02-25,refunded,web
5077,105,2025-12-13,cancelled,ios
5078,326,2025-10-18,paid,web
5079,1001,2025-09-16,paid,web
5080,238,2026-02-04,paid,ios
5081,1014,2026-02-17,paid,web
5082,856,2026-01-31,paid,android
5083,1045,2025-11-24,paid,android
5084,67,2025-11-05,refunded,web
5085,655,2025-09-24,paid,web
5086,1021,2026-01-16,paid,web
5087,280,2026-01-15,paid,web
5088,731,2025-12-12,refunded,android
5089,617,2026-01-18,refunded,android
5090,826,2025-10-01,paid,android
5091,389,2026-01-28,cancelled,android
5092,728,2025-09-20,cancelled,web
5093,743,2026-03-06,paid,android
5094,234,2025-10-24,paid,android
5095,224,2025-11-25,paid,ios
5096,435,2026-02-06,paid,web
5097,500,2025-12-06,paid,ios
5098,108,2026-03-05,cancelled,web
5099,845,2026-03-07,paid,phone
5100,1190,2025-11-22,paid,web
5101,824,2025-11-09,paid,web
5102,1078,2025-10-30,cancelled,web
5103,1063,2025-12-06,refunded,web
5104,738,2026-01-06,paid,web
5105,371,2026-02-17,paid,web
5106,916,2025-10-10,paid,android
5107,433,2025-09-30,paid,ios
5108,523,2026-01-06,paid,ios
5109,69,2026-02-13,paid,web
5110,320,2026-02-05,paid,web
5111,246,2026-02-03,paid,web
5112,989,2025-12-11,cancelled,web
5113,824,2026-02-06,paid,web
5114,981,2026-02-01,paid,web
5115,722,2026-03-07,refunded,android
5116,85,2025-10-18,refunded,web
5117,615,2026-02-13,refunded,ios
5118,496,2026-02-04,cancelled,android
5119,466,2025-10-14,cancelled,web
5120,1016,2026-01-02,cancelled,android
5121,1073,2026-01-29,paid,android
5122,726,2025-11-08,refunded,web
5123,911,2025-11-12,paid,web
5124,436,2025-10-05,paid,web
5125,130,2025-09-13,paid,web
5126,1087,2026-01-24,cancelled,web
5127,430,2025-12-22,paid,web
5128,527,2025-09-15,refunded,web
5129,393,2025-11-13,paid,phone
5130,458,2026-01-02,refunded,ios
5131,398,2025-11-11,paid,web
5132,1057,2025-11-30,cancelled,web
5133,397,2026-02-15,cancelled,android
5134,663,2025-10-12,paid,web
5135,918,2026-01-01,refunded,android
5136,952,2025-10-20,cancelled,ios
5137,584,2025-12-18,paid,web
5138,745,2025-10-24,paid,web
5139,668,2025-11-16,refunded,phone
5140,638,2025-11-14,paid,web
5141,1097,2025-11-16,paid,web
5142,403,2026-01-10,paid,ios
5143,1172,2025-09-27,paid,web
5144,654,2026-01-28,paid,web
5145,1000,2026-02-08,cancelled,ios
5146,896,2026-01-23,paid,android
5147,1091,2026-01-19,cancelled,ios
5148,799,2025-12-14,paid,web
5149,251,2025-10-22,refunded,ios
5150,854,2026-01-22,paid,web
5151,539,2025-12-19,refunded,android
5152,446,2026-02-19,refunded,web
5153,305,2025-12-08,paid,web
5154,773,2025-11-10,refunded,web
5155,529,2026-02-07,paid,web
5156,929,2025-10-29,paid,android
5157,882,2025-12-08,cancelled,ios
5158,632,2025-11-05,paid,web
5159,144,2026-01-28,refunded,web
5160,476,2026-01-28,paid,android
5161,478,2026-02-04,paid,web
5162,1188,2025-12-28,refunded,web
5163,646,2025-12-25,paid,web
5164,1080,2026-01-13,refunded,web
5165,937,2026-01-29,paid,ios
5166,675,2026-01-16,paid,web
5167,127,2025-11-29,refunded,phone
5168,1084,2026-02-21,paid,web
5169,276,2025-11-23,refunded,web
5170,815,2025-10-30,refunded,android
5171,14,2025-10-01,cancelled,web
5172,959,2026-02-28,cancelled,web
5173,76,2025-11-22,paid,android
5174,43,2025-09-30,cancelled,android
5175,178,2025-10-01,paid,web
5176,456,2025-11-18,refunded,web
5177,823,2025-11-14,paid,android
5178,862,2025-12-03,paid,web
5179,83,2025-09-16,paid,ios
5180,929,2025-12-30,paid,phone
5181,681,2026-01-14,paid,web
5182,448,2025-10-29,paid,phone
5183,413,2026-01-19,paid,web
5184,588,2026-02-16,paid,web
5185,104,2025-09-16,paid,web
5186,547,2025-11-27,paid,web
5187,352,2026-03-05,refunded,web
5188,104,2025-11-09,cancelled,android
5189,1195,2026-01-07,refunded,web
5190,409,2025-10-04,paid,web
5191,756,2026-02-08,paid,web
5192,301,2025-09-14,paid,web
5193,119,2026-02-13,paid,android
5194,76,2025-10-06,cancelled,android
5195,1132,2025-10-31,refunded,ios
5196,1059,2025-11-21,paid,web
5197,984,2026-03-10,cancelled,web
5198,995,2025-11-19,paid,android
5199,496,2025-11-18,paid,web
5200,915,2026-02-26,cancelled,android
5201,285,2025-10-05,refunded,web
5202,617,2025-09-15,paid,android
5203,739,2025-11-02,refunded,web
5204,33,2025-09-13,cancelled,ios
5205,850,2025-12-18,cancelled,android
5206,46,2025-10-08,paid,ios
5207,327,2025-11-15,paid,ios
5208,881,2026-03-11,paid,web
5209,810,2026-02-15,paid,web
5210,779,2026-03-10,paid,android
5211,759,2025-11-03,paid,ios
5212,309,2026-02-26,paid,ios
5213,854,2025-11-19,refunded,android
5214,936,2026-02-10,refunded,web
5215,888,2026-02-17,refunded,ios
5216,558,2025-11-30,paid,android
5217,745,2025-10-04,paid,web
5218,265,2026-02-10,cancelled,web
5219,199,2026-01-13,cancelled,web
5220,311,2026-02-19,cancelled,android
5221,266,2025-12-21,refunded,web
5222,711,2025-09-23,refunded,web
5223,455,2025-10-27,paid,web
5224,299,2025-12-04,paid,web
5225,981,2025-12-30,paid,android
5226,130,2025-10-18,refunded,ios
5227,801,2026-02-09,paid,android
5228,1099,2026-03-01,paid,android
5229,545,2026-03-05,paid,phone
5230,1078,2025-11-26,paid,web
5231,634,2026-02-01,paid,phone
5232,109,2025-10-07,paid,web
5233,1018,2025-09-16,paid,web
5234,1103,2025-12-29,paid,phone
5235,132,2025-11-20,paid,web
5236,1182,2025-09-19,paid,web
5237,72,2026-02-26,refunded,web
5238,853,2025-12-17,refunded,web
5239,248,2025-12-20,paid,web
5240,1013,2026-01-01,paid,ios
5241,901,2026-01-05,paid,web
5242,783,2026-01-04,paid,web
5243,466,2026-02-03,cancelled,web
5244,203,2025-11-07,paid,android
5245,1172,2025-11-16,cancelled,ios
5246,833,2026-03-09,paid,ios
5247,459,2026-01-12,paid,web
5248,362,2026-03-12,paid,web
5249,1018,2026-03-08,cancelled,android
5250,569,2026-01-25,refunded,ios
5251,886,2025-09-16,paid,ios
5252,854,2026-03-03,cancelled,web
5253,576,2025-10-05,paid,web
5254,607,2025-11-13,refunded,web
5255,331,2025-12-30,cancelled,web
5256,1150,2025-10-19,paid,phone
5257,357,2025-12-12,paid,web
5258,610,2025-12-26,cancelled,web
5259,707,2025-09-30,paid,web
5260,4,2025-12-30,refunded,android
5261,978,2025-12-22,paid,web
5262,246,2025-11-26,paid,ios
5263,210,2026-02-14,refunded,web
5264,436,2025-12-30,paid,web
5265,1032,2026-03-02,paid,web
5266,305,2025-12-05,cancelled,web
5267,75,2025-09-30,refunded,web
5268,590,2025-11-01,cancelled,web
5269,1090,2026-02-24,paid,web
5270,1001,2025-10-08,cancelled,ios
5271,405,2026-01-19,paid,web
5272,517,2025-10-19,paid,ios
5273,176,2025-10-31,cancelled,web
5274,209,2026-02-19,paid,web
5275,879,2025-09-27,paid,phone
5276,172,2025-12-23,paid,web
5277,27,2025-11-12,paid,phone
5278,952,2025-09-18,paid,web
5279,892,2025-10-25,paid,ios
5280,263,2025-12-14,cancelled,web
5281,52,2025-11-01,paid,web
5282,374,2026-01-03,refunded,web
5283,170,2025-09-14,paid,ios
5284,697,2025-11-05,refunded,web
5285,793,2026-03-04,cancelled,ios
5286,153,2026-01-17,paid,ios
5287,671,2026-01-22,paid,web
5288,532,2025-12-11,paid,android
5289,601,2025-11-01,paid,android
5290,677,2025-09-20,refunded,ios
5291,1051,2025-12-17,paid,web
5292,585,2026-01-17,paid,android
5293,79,2025-10-13,refunded,web
5294,18,2025-09-14,cancelled,web
5295,198,2025-10-27,refunded,phone
5296,794,2025-10-11,refunded,android
5297,1028,2025-12-02,paid,web
5298,41,2026-01-10,paid,ios
5299,333,2025-11-20,refunded,web
5300,310,2025-10-18,paid,android
5301,90,2025-12-12,refunded,web
5302,120,2025-09-19,refunded,ios
5303,537,2026-01-16,paid,android
5304,1119,2026-02-08,cancelled,web
5305,592,2025-10-04,cancelled,web
5306,681,2026-01-16,paid,web
5307,429,2025-11-02,paid,web
5308,51,2025-12-08,cancelled,ios
5309,132,2026-02-07,cancelled,android
5310,900,2025-12-27,refunded,web
5311,37,2026-03-07,paid,web
5312,1139,2025-10-23,paid,web
5313,600,2026-01-24,cancelled,web
5314,109,2026-03-07,refunded,web
5315,2,2026-01-24,paid,web
5316,837,2025-09-14,cancelled,web
5317,825,2026-01-20,paid,web
5318,254,2026-02-20,paid,web
5319,713,2025-12-07,paid,android
5320,211,2026-01-29,refunded,android
5321,1048,2025-12-19,paid,web
5322,1010,2025-11-24,paid,web
5323,673,2026-03-02,cancelled,web
5324,222,2025-11-15,refunded,web
5325,20,2025-12-31,paid,web
5326,878,2026-02-15,cancelled,ios
5327,509,2026-01-14,paid,web
5328,794,2026-02-21,paid,web
5329,166,2026-01-12,refunded,web
5330,126,2026-01-27,paid,android
5331,9,2026-03-08,cancelled,web
5332,1098,2026-02-02,cancelled,android
5333,544,2025-09-21,cancelled,ios
5334,467,2026-02-19,paid,android
5335,509,2026-01-08,paid,web
5336,963,2025-09-23,paid,android
5337,1155,2026-01-22,paid,ios
5338,350,2026-03-04,cancelled,web
5339,750,2025-12-06,paid,android
5340,466,2026-01-08,paid,ios
5341,862,2026-03-11,paid,web
5342,712,2026-03-09,paid,web
5343,795,2025-12-13,refunded,android
5344,685,2025-11-30,refunded,android
5345,688,2025-11-14,paid,android
5346,461,2026-02-12,refunded,android
5347,595,2025-12-14,paid,web
5348,1029,2026-03-09,refunded,web
5349,91,2026-01-10,refunded,ios
5350,474,2025-10-10,paid,web
5351,444,2025-11-19,paid,web
5352,1030,2025-11-25,refunded,web
5353,998,2025-12-14,refunded,ios
5354,939,2025-11-29,paid,web
5355,50,2025-11-02,paid,android
5356,201,2026-01-09,paid,web
5357,1034,2025-11-13,cancelled,android
5358,1035,2026-03-04,paid,ios
5359,1143,2026-01-17,paid,web
5360,865,2026-01-28,refunded,android
5361,275,2026-02-02,paid,web
5362,544,2026-03-11,paid,android
5363,1146,2026-02-21,paid,ios
5364,787,2026-02-05,paid,web
5365,178,2026-01-24,refunded,ios
5366,446,2025-12-31,paid,web
5367,862,2026-02-26,paid,phone
5368,1002,2025-10-09,paid,phone
5369,1041,2026-01-01,paid,web
5370,724,2026-01-06,paid,phone
5371,689,2025-11-22,refunded,web
5372,544,2026-01-06,paid,android
5373,760,2025-11-07,paid,android
5374,349,2026-02-05,cancelled,ios
5375,405,2025-12-10,paid,web
5376,705,2025-11-14,paid,phone
5377,338,2026-02-22,paid,ios
5378,484,2026-02-19,paid,web
5379,993,2025-10-15,cancelled,ios
5380,134,2025-09-19,refunded,web
5381,513,2025-09-17,paid,android
5382,656,2025-10-26,refunded,android
5383,561,2025-10-31,paid,android
5384,15,2026-02-04,paid,web
5385,215,2026-01-14,paid,web
5386,879,2025-12-19,paid,web
5387,657,2026-02-04,paid,web
5388,657,2026-02-07,paid,phone
5389,95,2025-10-26,cancelled,web
5390,976,2025-12-23,paid,android
5391,355,2025-10-31,cancelled,android
5392,353,2026-01-01,paid,web
5393,662,2026-02-06,paid,web
5394,1160,2025-10-11,paid,android
5395,1111,2025-10-21,cancelled,phone
5396,656,2025-09-17,paid,web
5397,1009,2025-09-16,refunded,ios
5398,474,2026-01-24,paid,web
5399,927,2026-01-16,paid,ios
5400,1079,2025-11-23,paid,ios
5401,426,2025-09-15,paid,ios
5402,516,2026-02-20,refunded,web
5403,500,2026-03-03,refunded,web
5404,317,2025-09-14,refunded,phone
5405,32,2026-02-11,refunded,android
5406,229,2025-12-26,paid,web
5407,1114,2026-02-14,cancelled,web
5408,284,2026-02-24,cancelled,ios
5409,1183,2025-09-30,paid,web
5410,775,2026-01-15,paid,android
5411,452,2025-09-18,paid,ios
5412,444,2025-12-12,cancelled,web
5413,38,2025-10-10,paid,ios
5414,1169,2025-12-16,refunded,ios
5415,840,2025-11-22,paid,ios
5416,821,2025-12-16,paid,web
5417,1077,2026-02-28,paid,ios
5418,210,2025-12-04,paid,web
5419,414,2026-03-10,refunded,ios
5420,689,2026-03-09,cancelled,android
5421,1020,2025-09-30,paid,web
5422,957,2025-09-28,cancelled,web
5423,180,2025-09-27,paid,android
5424,907,2026-01-22,paid,web
5425,231,2025-11-19,paid,web
5426,319,2025-12-16,paid,android
5427,352,2025-12-21,paid,ios
5428,1175,2025-10-18,paid,android
5429,25,2026-01-07,paid,web
5430,990,2025-11-29,refunded,web
5431,1049,2026-01-19,paid,web
5432,96,2026-03-04,refunded,web
5433,339,2026-03-06,refunded,web
5434,108,2025-10-02,paid,web
5435,680,2026-02-19,paid,web
5436,624,2025-12-08,cancelled,web
5437,1131,2025-09-30,refunded,ios
5438,683,2025-10-20,paid,web
5439,414,2026-02-15,refunded,phone
5440,86,2025-09-19,paid,android
5441,890,2026-01-07,refunded,phone
5442,43,2026-03-06,paid,web
5443,25,2025-10-11,paid,ios
5444,345,2025-10-11,paid,web
5445,807,2025-10-28,paid,android
5446,359,2025-09-26,paid,web
5447,988,2026-01-13,refunded,web
5448,640,2026-01-15,paid,ios
5449,53,2026-01-01,cancelled,ios
5450,28,2026-01-03,paid,web
5451,1111,2026-02-23,refunded,web
5452,494,2026-02-05,refunded,web
5453,307,2026-02-01,cancelled,web
5454,292,2025-11-18,paid,ios
5455,408,2026-03-11,refunded,web
5456,58,2025-12-07,paid,web
5457,864,2025-10-07,paid,ios
5458,323,2026-01-24,cancelled,web
5459,816,2025-12-13,paid,web
5460,133,2025-11-01,paid,web
5461,548,2025-11-12,paid,ios
5462,505,2025-10-09,paid,web
5463,869,2025-09-13,paid,ios
5464,690,2025-10-23,paid,web
5465,238,2025-12-10,paid,web
5466,125,2025-11-15,cancelled,web
5467,934,2025-10-02,paid,web
5468,1197,2025-11-21,paid,web
5469,1164,2025-10-10,paid,web
5470,802,2025-11-17,paid,android
5471,54,2025-11-15,paid,web
5472,776,2026-01-22,refunded,phone
5473,544,2025-11-22,paid,ios
5474,296,2026-02-20,paid,web
5475,280,2025-12-12,refunded,web
5476,1010,2025-09-16,paid,web
5477,1004,2025-11-12,paid,ios
5478,1107,2025-12-28,refunded,web
5479,986,2026-01-23,cancelled,android
5480,43,2026-03-09,paid,web
5481,201,2025-11-26,refunded,android
5482,495,2025-10-17,cancelled,android
5483,1051,2025-11-24,refunded,web
5484,547,2025-11-07,paid,android
5485,298,2026-01-10,refunded,web
5486,54,2025-12-16,paid,android
5487,1147,2026-01-18,paid,ios
5488,896,2025-09-27,paid,android
5489,1147,2026-02-10,refunded,web
5490,39,2026-01-14,paid,web
5491,178,2026-02-24,refunded,web
5492,739,2026-02-18,paid,web
5493,588,2025-09-28,cancelled,android
5494,1188,2025-09-14,refunded,web
5495,1073,2026-03-07,paid,ios
5496,138,2026-02-07,paid,web
5497,480,2026-02-20,paid,android
5498,997,2025-12-02,paid,web
5499,811,2026-01-19,cancelled,web
5500,1092,2025-12-14,refunded,web
5501,799,2025-10-10,paid,phone
5502,766,2025-10-15,refunded,ios
5503,223,2025-11-25,paid,android
5504,999,2026-02-02,paid,web
5505,760,2025-10-08,paid,ios
5506,291,2025-11-06,paid,web
5507,1111,2026-03-07,paid,android
5508,1166,2026-02-05,paid,ios
5509,116,2026-01-20,cancelled,web
5510,367,2026-02-09,paid,android
5511,1069,2026-01-16,cancelled,web
5512,528,2025-10-09,paid,android
5513,58,2025-10-28,refunded,web
5514,909,2025-12-19,paid,web
5515,1169,2025-12-21,cancelled,web
5516,407,2026-01-26,paid,phone
5517,197,2025-10-31,cancelled,ios
5518,727,2026-03-09,paid,web
5519,236,2025-09-23,paid,web
5520,19,2026-01-30,refunded,ios
5521,185,2025-12-08,paid,web
5522,113,2025-09-28,cancelled,web
5523,1199,2026-02-18,paid,web
5524,760,2025-11-14,cancelled,ios
5525,921,2026-02-17,paid,ios
5526,910,2025-12-20,cancelled,web
5527,574,2026-03-05,cancelled,android
5528,1011,2025-11-01,paid,phone
5529,247,2025-09-20,refunded,web
5530,1023,2025-11-09,paid,android
5531,1026,2025-10-12,paid,web
5532,354,2026-01-01,paid,android
5533,718,2026-02-03,paid,android
5534,15,2026-01-21,paid,web
5535,840,2025-10-09,paid,phone
5536,362,2026-01-31,refunded,phone
5537,424,2025-12-11,cancelled,android
5538,363,2026-01-03,paid,web
5539,153,2026-03-07,paid,android
5540,631,2026-01-16,paid,web
5541,342,2025-12-08,paid,ios
5542,548,2025-10-29,paid,web
5543,768,2025-12-27,paid,android
5544,845,2026-03-03,paid,ios
5545,851,2026-01-19,paid,android
5546,648,2026-02-15,refunded,web
5547,1156,2025-10-26,paid,ios
5548,604,2026-02-01,paid,web
5549,688,2026-03-01,paid,web
5550,776,2026-03-07,cancelled,android
5551,671,2026-02-19,paid,web
5552,36,2025-10-10,paid,web
5553,797,2025-11-13,paid,ios
5554,177,2025-10-29,paid,android
5555,821,2025-09-21,paid,web
5556,621,2025-11-17,paid,ios
5557,428,2026-02-22,paid,web
5558,626,2025-11-22,cancelled,web
5559,994,2026-02-06,paid,ios
5560,499,2026-02-27,paid,android
5561,31,2025-09-19,cancelled,phone
5562,494,2026-02-11,paid,web
5563,424,2025-11-17,paid,web
5564,774,2025-12-12,paid,web
5565,146,2025-09-28,paid,android
5566,1106,2026-01-03,refunded,ios
5567,252,2025-10-03,cancelled,ios
5568,843,2026-03-01,refunded,android
5569,500,2026-01-17,refunded,android
5570,730,2026-01-15,cancelled,web
5571,312,2025-09-19,paid,phone
5572,512,2026-02-26,paid,web
5573,534,2025-11-16,cancelled,web
5574,660,2026-02-28,paid,phone
5575,830,2026-02-24,refunded,web
5576,830,2025-09-26,cancelled,phone
5577,186,2025-09-23,refunded,web
5578,681,2026-03-11,cancelled,android
5579,159,2026-03-10,paid,phone
5580,404,2025-12-19,paid,web
5581,69,2025-11-29,refunded,web
5582,1031,2025-12-24,refunded,web
5583,954,2025-10-02,refunded,web
5584,1018,2025-12-22,cancelled,web
5585,165,2025-11-07,cancelled,web
5586,216,2025-11-13,cancelled,web
5587,266,2026-01-22,refunded,web
5588,194,2026-02-23,refunded,web
5589,539,2026-02-25,paid,web
5590,69,2025-09-22,paid,web
5591,985,2026-01-02,refunded,web
5592,659,2026-02-14,paid,phone
5593,1106,2026-03-12,cancelled,web
5594,923,2025-12-23,paid,web
5595,204,2026-02-28,cancelled,web
5596,1094,2025-09-24,refunded,web
5597,236,2025-10-06,refunded,web
5598,700,2025-12-23,paid,android
5599,1179,2025-09-30,paid,web
5600,846,2025-10-26,paid,ios
5601,802,2025-12-03,paid,web
5602,125,2026-02-06,paid,web
5603,1024,2026-02-09,cancelled,web
5604,181,2025-10-10,refunded,web
5605,440,2026-01-26,paid,android
5606,650,2025-12-15,cancelled,ios
5607,676,2026-02-24,refunded,phone
5608,73,2025-12-11,paid,android
5609,758,2026-01-21,paid,web
5610,930,2025-11-17,cancelled,ios
5611,1129,2025-11-01,cancelled,android
5612,1013,2025-11-05,paid,web
5613,20,2026-02-24,paid,web
5614,274,2026-01-19,paid,web
5615,1002,2025-12-20,paid,ios
5616,591,2026-02-13,paid,ios
5617,7,2026-01-20,cancelled,web
5618,567,2025-12-20,paid,ios
5619,641,2025-10-03,paid,android
5620,1141,2025-11-25,paid,web
5621,606,2025-10-04,paid,web
5622,1116,2025-12-17,refunded,ios
5623,1156,2025-10-13,paid,web
5624,296,2025-10-24,paid,ios
5625,159,2025-12-02,cancelled,web
5626,424,2025-09-21,paid,web
5627,375,2026-02-06,refunded,web
5628,335,2026-02-05,paid,web
5629,575,2026-01-19,paid,web
5630,405,2026-01-30,refunded,web
5631,279,2025-12-24,paid,web
5632,316,2026-01-06,paid,web
5633,358,2025-11-10,paid,ios
5634,52,2025-12-17,cancelled,ios
5635,884,2025-10-16,paid,web
5636,211,2025-09-26,paid,web
5637,331,2025-12-02,paid,ios
5638,1029,2025-12-05,paid,web
5639,279,2026-01-16,paid,web
5640,1092,2026-03-08,paid,android
5641,557,2025-12-11,paid,web
5642,648,2026-01-17,refunded,web
5643,444,2025-10-30,cancelled,web
5644,902,2026-01-19,cancelled,web
5645,882,2025-10-29,cancelled,web
5646,1097,2025-11-02,paid,web
5647,323,2026-01-06,paid,android
5648,355,2025-11-16,paid,web
5649,327,2025-09-20,cancelled,ios
5650,789,2026-03-05,cancelled,web
5651,1069,2025-12-14,paid,android
5652,53,2025-10-11,paid,android
5653,829,2025-12-04,paid,web
5654,1129,2025-09-17,paid,web
5655,1154,2025-11-06,refunded,web
5656,45,2025-10-25,paid,web
5657,206,2025-09-18,cancelled,web
5658,694,2026-02-09,paid,web
5659,558,2025-10-06,paid,web
5660,406,2025-10-12,paid,web
5661,1012,2025-12-22,paid,web
5662,111,2025-12-16,cancelled,phone
5663,531,2025-10-22,paid,android
5664,1011,2026-01-09,cancelled,phone
5665,1152,2026-01-16,paid,web
5666,765,2025-11-24,refunded,phone
5667,1127,2025-11-05,paid,android
5668,163,2025-12-13,paid,web
5669,1143,2026-02-08,paid,ios
5670,45,2026-02-04,cancelled,web
5671,4,2026-01-06,paid,android
5672,494,2026-01-04,refunded,android
5673,327,2025-09-28,paid,web
5674,70,2025-12-06,paid,android
5675,202,2025-10-09,paid,ios
5676,602,2026-03-06,paid,android
5677,636,2025-10-29,paid,ios
5678,1092,2025-12-08,paid,android
5679,244,2025-10-28,cancelled,phone
5680,657,2025-09-18,cancelled,web
5681,67,2025-10-06,paid,android
5682,75,2025-10-09,paid,web
5683,802,2026-01-06,refunded,ios
5684,545,2025-10-03,paid,android
5685,511,2025-11-10,paid,phone
5686,954,2025-11-22,paid,android
5687,311,2025-12-25,paid,ios
5688,1032,2026-02-10,refunded,android
5689,788,2025-11-22,refunded,ios
5690,215,2025-12-26,cancelled,web
5691,1109,2025-10-29,cancelled,web
5692,871,2026-02-27,paid,web
5693,879,2025-10-13,paid,android
5694,568,2025-10-28,paid,web
5695,1020,2025-11-07,paid,web
5696,1056,2025-09-24,paid,ios
5697,900,2026-01-07,refunded,web
5698,580,2026-01-19,refunded,web
5699,854,2026-02-02,paid,android
5700,513,2025-12-27,paid,android
5701,591,2026-01-23,cancelled,ios
5702,904,2025-09-13,paid,web
5703,994,2025-10-11,paid,android
5704,549,2025-09-19,refunded,phone
5705,179,2025-10-14,paid,android
5706,1060,2025-11-01,paid,web
5707,1198,2025-11-08,paid,web
5708,1018,2026-02-11,cancelled,android
5709,244,2025-12-28,refunded,web
5710,87,2025-12-05,paid,android
5711,136,2025-10-11,paid,web
5712,784,2026-02-25,paid,android
5713,675,2025-11-23,refunded,phone
5714,1158,2026-02-20,cancelled,web
5715,62,2026-01-07,paid,android
5716,1108,2026-02-20,paid,android
5717,594,2025-09-22,cancelled,web
5718,596,2026-02-06,paid,ios
5719,309,2026-01-13,paid,ios
5720,798,2026-02-04,paid,android
5721,513,2025-11-01,paid,web
5722,925,2026-02-20,paid,phone
5723,630,2026-01-14,paid,web
5724,564,2025-11-01,paid,web
5725,80,2025-12-07,paid,ios
5726,95,2026-01-02,refunded,web
5727,1030,2025-09-20,paid,ios
5728,953,2025-10-14,paid,ios
5729,475,2025-12-18,paid,web
5730,909,2026-02-08,cancelled,web
5731,360,2026-02-19,paid,phone
5732,1154,2026-01-19,refunded,android
5733,144,2026-03-10,paid,android
5734,110,2025-11-23,paid,web
5735,1144,2026-02-24,cancelled,android
5736,1000,2025-09-14,paid,android
5737,859,2026-03-12,cancelled,ios
5738,514,2026-02-28,refunded,phone
5739,298,2025-10-13,paid,web
5740,224,2026-02-04,paid,web
5741,88,2025-12-24,paid,web
5742,417,2026-01-06,refunded,ios
5743,247,2026-03-11,paid,ios
5744,62,2025-12-31,cancelled,web
5745,540,2026-01-27,paid,ios
5746,735,2025-12-28,paid,ios
5747,878,2026-02-26,cancelled,android
5748,18,2026-01-17,cancelled,web
5749,620,2026-01-29,paid,android
5750,1098,2026-02-13,cancelled,web
5751,1124,2025-12-04,paid,android
5752,601,2025-12-27,paid,web
5753,947,2026-02-05,paid,web
5754,337,2026-02-18,refunded,android
5755,783,2025-10-14,refunded,web
5756,353,2025-09-13,paid,web
5757,1158,2026-01-23,cancelled,web
5758,892,2025-12-28,cancelled,web
5759,988,2026-01-26,paid,web
5760,391,2025-12-29,paid,web
5761,366,2025-10-09,refunded,web
5762,934,2026-02-18,cancelled,android
5763,231,2025-12-17,paid,android
5764,1071,2025-09-19,cancelled,web
5765,576,2026-02-17,refunded,web
5766,364,2025-10-31,paid,web
5767,524,2025-10-04,paid,android
5768,80,2025-09-16,refunded,web
5769,1027,2025-10-18,cancelled,web
5770,371,2025-11-20,paid,android
5771,884,2025-11-12,paid,web
5772,362,2025-12-11,paid,web
5773,81,2025-10-05,paid,web
5774,1020,2025-12-19,paid,web
5775,1024,2025-10-24,paid,web
5776,433,2026-01-01,cancelled,android
5777,1152,2026-01-15,refunded,web
5778,1054,2025-10-10,paid,ios
5779,165,2025-09-23,paid,ios
5780,253,2025-11-01,paid,android
5781,1156,2025-10-01,paid,android
5782,311,2026-03-08,cancelled,web
5783,1080,2025-12-20,cancelled,android
5784,411,2026-01-06,paid,android
5785,807,2025-12-16,paid,android
5786,180,2026-02-17,refunded,web
5787,117,2026-01-03,paid,web
5788,25,2026-01-11,paid,web
5789,695,2025-10-08,paid,ios
5790,674,2026-02-07,paid,web
5791,288,2025-10-05,paid,web
5792,100,2025-10-04,refunded,web
5793,588,2025-12-11,cancelled,web
5794,344,2026-03-01,paid,web
5795,336,2026-02-17,paid,android
5796,483,2026-01-07,paid,phone
5797,707,2026-02-07,refunded,ios
5798,213,2026-01-02,paid,web
5799,224,2025-10-23,refunded,web
5800,1064,2025-10-07,refunded,web
5801,497,2026-02-27,paid,web
5802,1153,2026-03-01,paid,android
5803,84,2026-02-22,refunded,web
5804,968,2025-11-24,refunded,web
5805,959,2026-03-10,paid,phone
5806,1182,2026-02-17,paid,web
5807,1106,2026-01-06,paid,web
5808,747,2026-03-04,paid,ios
5809,59,2025-11-09,refunded,android
5810,1154,2025-10-17,paid,ios
5811,315,2026-01-16,paid,web
5812,427,2026-02-15,paid,web
5813,628,2026-02-05,paid,android
5814,420,2025-12-01,paid,web
5815,602,2025-12-14,paid,web
5816,983,2025-12-16,cancelled,web
5817,493,2025-10-27,paid,ios
5818,932,2025-09-15,paid,android
5819,925,2025-11-30,refunded,web
5820,463,2026-01-10,paid,ios
5821,1031,2026-01-30,cancelled,ios
5822,977,2025-11-18,cancelled,android
5823,758,2025-12-11,paid,web
5824,682,2025-11-13,cancelled,phone
5825,151,2025-10-11,cancelled,android
5826,740,2026-02-23,cancelled,web
5827,7,2026-01-20,paid,web
5828,1141,2026-01-20,cancelled,android
5829,813,2026-03-11,paid,android
5830,960,2026-01-16,refunded,phone
5831,892,2026-01-07,cancelled,web
5832,571,2025-12-21,cancelled,web
5833,267,2025-11-29,cancelled,web
5834,855,2026-03-07,paid,web
5835,700,2025-12-19,paid,android
5836,946,2026-03-11,paid,phone
5837,574,2026-01-08,refunded,android
5838,1038,2026-03-11,paid,android
5839,336,2025-12-05,refunded,android
5840,1160,2025-12-09,paid,android
5841,270,2026-01-24,cancelled,web
5842,127,2026-01-31,refunded,web
5843,70,2026-01-29,cancelled,web
5844,12,2026-02-27,paid,web
5845,468,2025-10-01,cancelled,android
5846,162,2025-09-15,refunded,android
5847,73,2025-12-04,cancelled,ios
5848,587,2025-09-24,paid,android
5849,745,2025-10-16,paid,web
5850,478,2025-11-06,paid,ios
5851,587,2026-01-24,paid,ios
5852,389,2026-02-02,paid,phone
5853,108,2025-09-16,paid,web
5854,300,2026-01-24,paid,android
5855,802,2025-11-23,paid,android
5856,30,2025-12-06,cancelled,web
5857,514,2026-01-15,paid,web
5858,833,2026-02-20,paid,ios
5859,1112,2025-11-29,cancelled,web
5860,796,2026-03-09,paid,ios
5861,1080,2025-10-29,cancelled,web
5862,514,2025-09-15,paid,ios
5863,767,2025-12-09,paid,ios
5864,280,2026-02-12,paid,web
5865,607,2025-09-21,paid,web
5866,290,2026-01-04,paid,web
5867,1055,2026-02-05,cancelled,phone
5868,909,2026-01-17,cancelled,web
5869,122,2025-12-08,paid,web
5870,1058,2025-12-29,paid,android
5871,214,2025-10-31,paid,phone
5872,614,2026-02-09,cancelled,ios
5873,763,2025-10-06,cancelled,web
5874,413,2026-01-17,paid,web
5875,462,2026-03-11,paid,phone
5876,792,2025-10-25,refunded,web
5877,751,2025-11-18,paid,android
5878,464,2026-01-29,paid,ios
5879,536,2025-12-26,paid,phone
5880,1008,2025-10-11,paid,android
5881,399,2025-10-07,paid,web
5882,1062,2025-11-12,paid,web
5883,394,2025-09-22,refunded,web
5884,620,2026-01-26,paid,ios
5885,56,2025-11-03,paid,ios
5886,411,2026-02-27,cancelled,web
5887,651,2026-03-04,paid,web
5888,1129,2026-01-19,paid,android
5889,575,2025-11-26,paid,web
5890,1033,2026-02-19,paid,web
5891,9,2026-01-11,paid,android
5892,390,2026-03-10,paid,ios
5893,604,2025-12-28,paid,ios
5894,1012,2026-02-26,paid,android
5895,1058,2026-02-03,paid,phone
5896,876,2026-01-06,paid,web
5897,760,2025-11-06,cancelled,web
5898,638,2026-01-10,paid,web
5899,1014,2026-01-27,cancelled,web
5900,759,2025-11-10,paid,web
5901,317,2026-01-26,refunded,web
5902,1192,2025-12-21,cancelled,android
5903,700,2026-01-06,refunded,web
5904,283,2025-12-29,paid,phone
5905,285,2025-12-17,paid,web
5906,124,2025-12-24,paid,web
5907,333,2026-03-02,paid,android
5908,358,2026-01-14,paid,web
5909,949,2025-10-04,paid,web
5910,950,2026-01-30,paid,ios
5911,351,2026-02-10,cancelled,android
5912,720,2025-12-11,paid,android
5913,952,2026-01-30,refunded,android
5914,909,2026-03-07,refunded,web
5915,150,2026-03-09,cancelled,web
5916,115,2026-03-05,paid,web
5917,826,2026-01-22,paid,web
5918,993,2026-02-22,cancelled,web
5919,194,2025-10-18,refunded,android
5920,793,2025-11-06,refunded,phone
5921,10,2026-01-19,refunded,web
5922,207,2025-10-13,paid,ios
5923,483,2026-02-11,refunded,web
5924,1022,2026-01-26,refunded,web
5925,752,2025-12-28,paid,phone
5926,701,2025-12-28,paid,android
5927,1019,2025-10-02,refunded,web
5928,267,2025-10-13,refunded,web
5929,251,2025-10-16,paid,ios
5930,102,2025-10-01,paid,web
5931,920,2026-01-10,paid,android
5932,623,2025-10-21,refunded,web
5933,418,2026-03-09,cancelled,web
5934,1114,2025-10-21,cancelled,web
5935,888,2026-03-03,paid,ios
5936,705,2025-12-18,paid,web
5937,122,2025-10-19,paid,web
5938,466,2025-11-03,paid,ios
5939,493,2026-02-27,paid,web
5940,5,2025-10-03,cancelled,web
5941,1095,2025-12-25,paid,ios
5942,339,2026-02-09,paid,android
5943,500,2025-12-18,cancelled,ios
5944,1083,2025-10-24,paid,web
5945,1025,2025-10-01,paid,web
5946,691,2025-12-03,cancelled,ios
5947,113,2025-09-14,paid,web
5948,436,2025-12-03,cancelled,web
5949,97,2026-02-04,paid,ios
5950,202,2025-12-11,paid,web
5951,566,2025-09-13,paid,web
5952,282,2026-01-07,refunded,android
5953,52,2026-01-18,cancelled,web
5954,768,2025-11-09,cancelled,android
5955,281,2025-11-07,cancelled,phone
5956,609,2025-11-20,paid,ios
5957,160,2025-10-03,paid,web
5958,756,2026-01-03,paid,web
5959,145,2026-01-17,paid,ios
5960,35,2026-03-06,paid,ios
5961,1008,2026-01-20,paid,web
5962,262,2025-09-20,cancelled,web
5963,1067,2026-01-22,paid,android
5964,338,2026-01-25,paid,web
5965,474,2026-01-01,paid,android
5966,703,2026-02-27,paid,web
5967,53,2026-01-14,paid,web
5968,1170,2025-12-11,refunded,android
5969,371,2025-11-01,refunded,web
5970,396,2025-10-21,refunded,web
5971,824,2025-10-10,refunded,android
5972,1021,2025-11-21,refunded,web
5973,1119,2025-10-14,paid,web
5974,576,2025-09-18,cancelled,ios
5975,1171,2025-10-27,paid,ios
5976,711,2025-11-09,paid,web
5977,783,2025-10-19,paid,android
5978,671,2025-10-02,paid,web
5979,359,2025-09-30,cancelled,ios
5980,153,2025-12-26,paid,web
5981,274,2026-02-06,paid,web
5982,433,2026-02-18,paid,web
5983,579,2025-11-22,cancelled,web
5984,302,2025-11-03,refunded,ios
5985,316,2026-01-26,cancelled,web
5986,503,2025-12-16,refunded,ios
5987,1128,2026-01-29,cancelled,web
5988,760,2025-11-07,cancelled,android
5989,588,2026-01-07,paid,web
5990,932,2025-11-16,paid,ios
5991,1174,2025-12-22,paid,web
5992,379,2026-01-10,paid,web
5993,1007,2026-02-12,paid,web
5994,160,2025-12-24,cancelled,web
5995,931,2026-01-09,cancelled,android
5996,840,2026-01-14,paid,web
5997,2,2025-11-18,cancelled,web
5998,29,2026-01-16,paid,android
5999,116,2026-01-01,paid,web
6000,321,2025-11-13,paid,ios
6001,16,2025-10-25,cancelled,ios
6002,90,2026-01-22,paid,android
6003,365,2025-12-28,paid,ios
6004,282,2026-02-16,refunded,ios
6005,1105,2025-12-13,paid,ios
6006,196,2025-10-06,refunded,web
6007,795,2026-02-22,cancelled,web
6008,175,2025-11-30,refunded,web
6009,425,2026-01-17,refunded,ios
6010,1175,2026-02-01,cancelled,phone
6011,246,2025-11-11,paid,ios
6012,341,2026-02-04,paid,ios
6013,506,2025-12-04,paid,android
6014,946,2025-09-19,paid,web
6015,909,2026-03-05,paid,android
6016,140,2025-12-19,refunded,web
6017,5,2025-12-15,cancelled,android
6018,66,2026-01-16,paid,web
6019,229,2026-03-04,refunded,web
6020,745,2025-10-27,refunded,web
6021,360,2025-12-12,refunded,web
6022,567,2025-10-28,paid,phone
6023,360,2026-02-18,paid,phone
6024,271,2025-10-03,paid,ios
6025,1025,2025-11-30,paid,web
6026,386,2026-02-10,cancelled,web
6027,756,2026-02-23,paid,android
6028,1007,2026-02-17,paid,web
6029,836,2026-02-08,paid,ios
6030,676,2025-12-25,cancelled,ios
6031,844,2026-01-11,paid,web
6032,869,2026-01-21,paid,android
6033,138,2026-02-15,paid,web
6034,1146,2025-09-22,paid,phone
6035,72,2025-12-09,paid,web
6036,785,2025-11-02,cancelled,web
6037,988,2026-02-11,paid,ios
6038,843,2025-09-15,paid,phone
6039,384,2026-01-03,paid,web
6040,369,2025-12-04,paid,web
6041,258,2025-12-16,cancelled,web
6042,427,2025-11-27,cancelled,phone
6043,201,2026-03-04,paid,web
6044,479,2025-11-29,cancelled,android
6045,828,2026-01-16,paid,ios
6046,682,2025-11-03,refunded,ios
6047,1043,2025-10-20,paid,web
6048,33,2025-10-23,paid,ios
6049,586,2025-12-28,refunded,web
6050,644,2026-02-08,paid,web
6051,72,2025-12-22,paid,android
6052,1197,2026-01-19,paid,android
6053,547,2025-11-06,paid,web
6054,813,2026-01-21,paid,web
6055,921,2026-01-04,paid,web
6056,84,2026-01-29,paid,web
6057,1004,2025-12-28,paid,web
6058,316,2025-09-22,paid,ios
6059,646,2026-01-30,paid,web
6060,833,2026-01-09,paid,ios
6061,66,2025-10-05,paid,android
6062,183,2026-01-06,cancelled,web
6063,370,2025-10-25,refunded,web
6064,1080,2026-02-04,cancelled,ios
6065,1083,2026-01-05,cancelled,android
6066,907,2026-02-27,paid,ios
6067,1,2025-10-28,cancelled,web
6068,735,2026-01-15,paid,android
6069,643,2026-01-14,paid,web
6070,1014,2025-11-02,paid,phone
6071,334,2025-10-01,paid,web
6072,185,2025-12-23,cancelled,web
6073,261,2025-11-27,paid,web
6074,287,2025-11-16,cancelled,web
6075,679,2025-11-03,refunded,phone
6076,35,2026-02-13,refunded,phone
6077,745,2025-09-29,cancelled,ios
6078,844,2025-10-10,paid,web
6079,1094,2025-12-10,refunded,phone
6080,291,2026-03-12,paid,android
6081,1041,2025-12-01,paid,ios
6082,665,2025-10-05,paid,web
6083,512,2026-03-11,refunded,web
6084,358,2025-12-14,refunded,android
6085,475,2025-11-25,cancelled,phone
6086,740,2025-11-10,refunded,android
6087,1002,2026-03-04,paid,web
6088,302,2025-12-02,paid,web
6089,1084,2025-10-09,paid,web
6090,1039,2026-03-06,cancelled,ios
6091,1005,2025-12-28,paid,ios
6092,45,2025-10-24,paid,ios
6093,85,2025-10-12,paid,web
6094,330,2026-02-25,paid,android
6095,841,2026-02-12,paid,ios
6096,372,2026-03-09,refunded,web
6097,293,2025-10-25,paid,phone
6098,99,2026-01-04,paid,web
6099,1053,2025-12-20,cancelled,web
6100,792,2026-03-08,paid,web
6101,211,2026-02-07,paid,web
6102,681,2026-02-04,refunded,ios
6103,1152,2026-02-26,paid,web
6104,870,2025-10-12,paid,web
6105,388,2026-01-28,cancelled,android
6106,505,2025-10-14,paid,android
6107,103,2025-12-24,refunded,web
6108,502,2025-11-06,refunded,web
6109,703,2025-09-22,paid,ios
6110,1111,2025-10-01,refunded,web
6111,848,2025-12-03,paid,ios
6112,416,2025-11-20,paid,web
6113,814,2025-11-15,paid,android
6114,703,2026-02-18,cancelled,web
6115,936,2026-03-01,paid,ios
6116,425,2026-02-12,cancelled,android
6117,130,2025-09-28,cancelled,android
6118,532,2025-12-14,paid,android
6119,288,2025-11-04,paid,ios
6120,404,2025-12-20,cancelled,android
6121,105,2026-01-27,paid,web
6122,774,2026-02-26,cancelled,ios
6123,1153,2025-10-19,paid,android
6124,830,2025-11-16,paid,phone
6125,966,2025-12-16,refunded,ios
6126,688,2025-10-22,refunded,web
6127,733,2025-12-04,paid,web
6128,162,2025-12-24,paid,web
6129,978,2026-03-04,paid,android
6130,483,2026-02-17,refunded,web
6131,65,2026-02-06,refunded,ios
6132,67,2025-11-05,refunded,web
6133,1144,2026-02-18,paid,web
6134,1188,2025-12-12,refunded,web
6135,64,2025-10-15,paid,phone
6136,205,2025-10-19,refunded,ios
6137,1071,2025-10-27,cancelled,web
6138,638,2026-01-07,cancelled,web
6139,445,2025-10-11,paid,web
6140,80,2026-01-23,refunded,web
6141,19,2025-10-31,cancelled,web
6142,980,2026-02-20,cancelled,phone
6143,425,2025-12-28,paid,web
6144,628,2025-12-12,refunded,web
6145,610,2026-02-10,paid,web
6146,648,2026-01-28,paid,phone
6147,1045,2025-12-10,refunded,android
6148,825,2025-11-26,cancelled,android
6149,841,2025-09-22,paid,web
6150,429,2025-09-26,cancelled,web
6151,98,2025-10-30,refunded,phone
6152,53,2025-11-25,paid,android
6153,445,2026-01-15,refunded,android
6154,717,2025-12-11,paid,web
6155,92,2025-10-26,cancelled,android
6156,919,2026-03-07,cancelled,android
6157,846,2026-02-09,refunded,phone
6158,246,2025-12-24,paid,web
6159,327,2026-02-23,refunded,web
6160,613,2026-01-06,refunded,android
6161,760,2025-11-04,paid,android
6162,202,2026-03-09,paid,web
6163,223,2025-11-20,paid,web
6164,684,2025-09-16,refunded,phone
6165,687,2025-12-10,cancelled,web
6166,1149,2026-01-07,refunded,ios
6167,1153,2026-02-01,cancelled,web
6168,708,2026-01-05,paid,web
6169,436,2026-01-08,refunded,web
6170,347,2026-03-06,cancelled,ios
6171,123,2026-02-23,cancelled,web
6172,665,2026-03-08,paid,ios
6173,909,2025-12-23,cancelled,web
6174,45,2026-01-22,refunded,android
6175,1149,2026-03-06,paid,web
6176,735,2026-02-20,cancelled,web
6177,581,2026-03-03,paid,web
6178,551,2025-10-13,refunded,ios
6179,970,2025-11-03,refunded,web
6180,575,2025-12-19,paid,web
6181,476,2025-12-12,refunded,android
6182,683,2026-01-19,cancelled,android
6183,870,2025-10-11,cancelled,web
6184,241,2026-03-08,paid,ios
6185,316,2026-02-11,cancelled,web
6186,265,2025-11-23,paid,phone
6187,781,2025-10-25,paid,web
6188,627,2025-12-29,cancelled,phone
6189,571,2025-12-27,paid,ios
6190,340,2026-02-09,refunded,web
6191,1072,2026-03-03,paid,web
6192,127,2025-11-25,cancelled,phone
6193,846,2025-12-28,refunded,web
6194,799,2025-10-26,paid,android
6195,758,2025-12-11,paid,web
6196,300,2026-02-05,cancelled,ios
6197,716,2025-12-23,paid,web
6198,810,2026-03-08,cancelled,web
6199,975,2026-02-03,paid,phone
6200,11,2025-11-24,cancelled,android
6201,894,2025-12-23,paid,ios
6202,1149,2025-11-23,paid,ios
6203,421,2026-03-04,refunded,web
6204,698,2025-10-05,cancelled,web
6205,744,2026-02-05,cancelled,android
6206,563,2025-11-03,refunded,android
6207,473,2025-10-20,cancelled,ios
6208,872,2026-01-26,refunded,android
6209,149,2026-01-05,paid,web
6210,708,2026-01-06,refunded,web
6211,838,2025-11-13,cancelled,web
6212,1125,2026-03-07,cancelled,web
6213,1148,2025-12-17,paid,web
6214,40,2026-01-28,refunded,web
6215,543,2025-11-28,refunded,ios
6216,1073,2025-12-09,cancelled,web
6217,756,2026-02-20,paid,web
6218,912,2026-02-18,cancelled,android
6219,339,2025-09-28,cancelled,ios
6220,994,2025-09-18,refunded,ios
6221,1181,2025-12-03,paid,ios
6222,963,2026-02-10,refunded,android
6223,1185,2025-12-05,paid,web
6224,1165,2026-03-09,cancelled,ios
6225,86,2026-02-13,refunded,android
6226,928,2025-10-01,paid,phone
6227,254,2026-01-10,refunded,web
6228,552,2025-11-30,refunded,android
6229,721,2026-03-04,paid,android
6230,1135,2025-09-13,paid,web
6231,584,2026-01-04,paid,web
6232,748,2025-09-16,paid,ios
6233,591,2026-01-26,paid,android
6234,1098,2025-10-30,cancelled,ios
6235,182,2025-11-27,refunded,web
6236,99,2025-12-03,paid,web
6237,337,2025-10-09,cancelled,android
6238,974,2025-11-16,refunded,web
6239,289,2025-10-23,refunded,web
6240,457,2026-02-11,paid,web
6241,971,2025-11-03,cancelled,web
6242,910,2025-12-06,refunded,web
6243,1115,2025-09-17,cancelled,ios
6244,690,2025-10-08,paid,ios
6245,224,2026-03-10,paid,web
6246,1104,2026-01-28,paid,ios
6247,1189,2025-10-02,refunded,web
6248,280,2025-11-05,paid,ios
6249,428,2025-10-02,paid,ios
6250,165,2026-01-22,paid,web
6251,961,2026-03-05,paid,android
6252,175,2025-10-24,refunded,android
6253,424,2025-10-08,paid,ios
6254,231,2025-12-25,cancelled,android
6255,1060,2025-10-05,paid,ios
6256,993,2025-10-24,cancelled,web
6257,588,2025-12-11,refunded,android
6258,915,2025-12-28,paid,web
6259,573,2026-02-06,paid,ios
6260,1084,2026-01-21,paid,web
6261,35,2025-12-07,paid,web
6262,1049,2025-09-23,refunded,web
6263,527,2025-10-08,paid,phone
6264,349,2026-02-10,paid,ios
6265,36,2026-02-08,paid,android
6266,756,2026-03-09,paid,web
6267,778,2026-02-15,paid,web
6268,188,2026-01-26,refunded,ios
6269,413,2026-02-09,paid,phone
6270,1010,2026-01-04,paid,web
6271,109,2025-11-12,paid,web
6272,220,2025-12-17,refunded,web
6273,1141,2025-10-21,paid,web
6274,525,2025-10-14,paid,web
6275,556,2025-11-01,paid,web
6276,818,2025-09-30,paid,web
6277,613,2025-11-12,paid,web
6278,449,2025-09-24,paid,ios
6279,847,2025-11-23,paid,web
6280,902,2026-02-10,paid,ios
6281,177,2026-03-10,cancelled,web
6282,946,2025-10-18,cancelled,web
6283,653,2025-12-07,cancelled,web
6284,575,2025-12-07,refunded,ios
6285,552,2025-09-20,paid,phone
6286,991,2026-01-20,paid,ios
6287,236,2025-11-17,refunded,web
6288,306,2025-12-14,paid,web
6289,682,2026-01-23,refunded,web
6290,210,2026-01-04,cancelled,web
6291,1104,2025-12-16,cancelled,android
6292,236,2025-12-08,cancelled,web
6293,698,2025-09-19,refunded,android
6294,967,2025-12-20,cancelled,android
6295,576,2025-11-30,paid,web
6296,75,2025-11-08,paid,web
6297,370,2025-10-16,cancelled,web
6298,551,2026-01-26,refunded,web
6299,143,2025-11-30,paid,web
6300,1036,2025-11-30,cancelled,web
6301,387,2025-12-05,paid,ios
6302,43,2025-12-08,paid,web
6303,928,2025-11-14,refunded,android
6304,214,2025-09-27,paid,web
6305,478,2026-03-04,paid,phone
6306,319,2025-09-15,paid,web
6307,577,2025-09-25,paid,web
6308,921,2026-01-27,paid,web
6309,672,2025-09-21,paid,ios
6310,1153,2025-10-11,paid,web
6311,110,2025-11-22,refunded,web
6312,455,2026-01-26,paid,phone
6313,339,2026-02-21,refunded,web
6314,1171,2025-12-07,paid,web
6315,1012,2026-02-10,refunded,android
6316,1143,2025-12-18,paid,web
6317,181,2026-01-12,refunded,android
6318,54,2026-02-28,paid,ios
6319,586,2026-01-01,paid,web
6320,742,2026-02-17,paid,web
6321,333,2026-01-23,paid,ios
6322,223,2025-09-17,paid,web
6323,247,2026-01-02,paid,ios
6324,1165,2026-01-02,cancelled,web
6325,444,2025-10-10,refunded,android
6326,283,2025-10-23,paid,web
6327,1158,2025-10-09,refunded,web
6328,638,2026-02-01,cancelled,web
6329,1038,2026-01-19,refunded,android
6330,578,2026-03-05,paid,web
6331,286,2025-12-20,cancelled,web
6332,1002,2026-02-11,paid,android
6333,52,2025-10-29,paid,ios
6334,774,2026-01-06,refunded,android
6335,774,2026-02-02,cancelled,web
6336,861,2025-11-21,paid,ios
6337,343,2025-12-12,refunded,android
6338,810,2025-12-20,refunded,phone
6339,990,2026-01-30,cancelled,ios
6340,970,2025-11-16,paid,ios
6341,991,2025-11-06,paid,ios
6342,857,2026-01-14,paid,web
6343,766,2025-12-16,paid,android
6344,227,2026-02-22,paid,phone
6345,375,2025-09-24,paid,ios
6346,363,2025-12-02,paid,web
6347,226,2025-10-07,cancelled,ios
6348,109,2026-03-08,paid,web
6349,827,2025-11-03,paid,web
6350,345,2025-09-27,cancelled,web
6351,679,2026-02-07,paid,android
6352,981,2025-09-25,cancelled,phone
6353,385,2026-01-27,paid,ios
6354,827,2026-02-24,paid,android
6355,828,2026-02-03,refunded,web
6356,696,2025-12-23,refunded,web
6357,556,2025-09-17,paid,web
6358,1126,2025-11-22,paid,web
6359,989,2026-02-04,paid,web
6360,422,2026-03-09,paid,android
6361,269,2025-12-03,cancelled,android
6362,73,2025-09-22,paid,ios
6363,226,2025-10-27,cancelled,ios
6364,151,2025-10-18,refunded,web
6365,522,2025-12-19,paid,phone
6366,466,2025-11-17,paid,ios
6367,10,2026-01-04,paid,phone
6368,566,2025-12-04,paid,ios
6369,347,2026-03-06,paid,web
6370,639,2026-02-15,refunded,web
6371,199,2025-10-06,paid,web
6372,1015,2025-10-18,paid,web
6373,89,2026-01-27,paid,phone
6374,1184,2026-03-09,paid,ios
6375,239,2025-12-17,refunded,web
6376,443,2026-02-02,refunded,web
6377,573,2025-11-20,cancelled,web
6378,697,2025-10-25,refunded,web
6379,598,2025-11-11,paid,ios
6380,454,2025-10-31,paid,phone
6381,714,2026-01-16,paid,web
6382,51,2025-10-12,cancelled,web
6383,749,2025-09-29,paid,android
6384,963,2026-01-22,cancelled,web
6385,326,2025-12-22,refunded,web
6386,927,2025-09-28,paid,ios
6387,1134,2026-02-15,cancelled,web
6388,689,2026-01-27,cancelled,web
6389,75,2026-02-18,refunded,web
6390,434,2025-10-02,paid,web
6391,172,2025-12-01,cancelled,android
6392,785,2025-11-19,paid,android
6393,1103,2025-10-19,paid,web
6394,362,2026-02-26,cancelled,web
6395,490,2026-01-03,cancelled,web
6396,330,2026-01-21,paid,web
6397,18,2026-02-23,paid,web
6398,1111,2025-10-18,cancelled,web
6399,887,2026-01-14,paid,ios
6400,420,2026-01-08,cancelled,web
6401,68,2026-01-25,cancelled,web
6402,602,2026-02-08,cancelled,android
6403,405,2025-12-19,cancelled,web
6404,220,2025-09-13,refunded,web
6405,1200,2025-12-27,paid,web
6406,211,2025-10-08,paid,android
6407,602,2025-09-13,cancelled,android
6408,253,2025-10-27,paid,ios
6409,1193,2025-11-07,cancelled,android
6410,1032,2026-01-14,cancelled,ios
6411,1179,2025-12-26,refunded,web
6412,791,2025-12-31,paid,web
6413,233,2026-03-04,refunded,ios
6414,459,2026-01-14,paid,web
6415,132,2025-11-08,paid,web
6416,110,2026-02-20,paid,web
6417,529,2026-02-21,paid,web
6418,254,2025-12-02,refunded,web
6419,925,2026-01-22,refunded,phone
6420,895,2025-10-10,refunded,web
6421,717,2026-02-23,cancelled,web
6422,584,2025-11-04,refunded,ios
6423,438,2026-02-14,cancelled,web
6424,1151,2025-11-21,paid,ios
6425,1135,2025-11-01,cancelled,web
6426,687,2026-02-24,paid,web
6427,105,2026-01-23,paid,web
6428,1054,2025-10-10,cancelled,android
6429,262,2025-11-25,paid,android
6430,974,2025-12-13,paid,android
6431,463,2026-01-22,refunded,web
6432,1039,2025-12-10,paid,web
6433,3,2025-09-25,paid,ios
6434,82,2026-01-05,paid,web
6435,1181,2026-02-16,refunded,ios
6436,404,2025-10-14,paid,web
6437,736,2026-02-05,paid,phone
6438,663,2026-01-03,paid,android
6439,1063,2026-02-03,paid,web
6440,918,2025-10-16,paid,web
6441,577,2025-09-16,cancelled,android
6442,1136,2025-11-17,paid,ios
6443,1173,2026-02-27,cancelled,web
6444,1167,2025-10-26,cancelled,android
6445,5,2025-11-21,refunded,android
6446,1072,2026-02-23,paid,web
6447,803,2025-11-22,paid,ios
6448,337,2026-03-03,paid,web
6449,128,2026-02-23,refunded,web
6450,59,2025-11-03,paid,web
6451,21,2026-03-11,paid,web
6452,673,2026-02-21,cancelled,web
6453,68,2026-02-03,paid,android
6454,646,2025-11-03,paid,web
6455,747,2025-11-17,paid,web
6456,649,2026-01-24,paid,web
6457,913,2025-12-11,paid,ios
6458,305,2026-01-13,refunded,web
6459,1045,2025-10-01,cancelled,web
6460,494,2026-02-26,paid,ios
6461,901,2025-09-24,cancelled,web
6462,445,2025-11-24,refunded,web
6463,467,2025-09-17,paid,android
6464,1050,2025-10-18,cancelled,android
6465,707,2026-02-10,paid,web
6466,226,2025-09-17,paid,web
6467,144,2026-01-16,paid,android
6468,74,2025-12-07,paid,ios
6469,973,2025-10-25,paid,web
6470,1152,2026-01-16,refunded,web
6471,472,2025-11-05,paid,ios
6472,653,2026-01-26,paid,web
6473,1110,2026-02-12,paid,web
6474,887,2025-12-09,paid,web
6475,44,2025-12-27,paid,web
6476,438,2025-12-17,cancelled,android
6477,176,2025-09-16,paid,web
6478,146,2026-03-10,refunded,web
6479,1075,2025-11-04,refunded,ios
6480,32,2025-10-13,cancelled,android
6481,437,2025-10-07,cancelled,ios
6482,229,2025-11-30,paid,web
6483,1029,2026-02-06,refunded,web
6484,800,2025-10-13,refunded,web
6485,189,2025-12-28,paid,web
6486,443,2025-10-07,paid,ios
6487,1119,2025-11-26,paid,ios
6488,130,2026-01-18,paid,ios
6489,1150,2026-02-23,refunded,android
6490,1000,2025-09-25,refunded,ios
6491,179,2025-12-12,cancelled,web
6492,491,2026-02-20,paid,phone
6493,1005,2025-09-21,paid,web
6494,1023,2025-12-01,paid,web
6495,67,2025-11-21,cancelled,web
6496,936,2026-02-25,paid,android
6497,1126,2025-09-18,paid,web
6498,330,2026-02-24,paid,ios
6499,366,2026-02-03,paid,ios
6500,1175,2026-01-13,paid,web
6501,453,2025-11-04,cancelled,web
6502,954,2025-11-01,paid,web
6503,1105,2025-11-14,refunded,android
6504,816,2026-03-07,paid,ios
6505,375,2026-01-22,refunded,ios
6506,228,2025-10-22,paid,web
6507,668,2026-01-17,paid,android
6508,925,2025-10-29,paid,web
6509,758,2025-10-09,refunded,web
6510,726,2026-01-23,paid,ios
6511,370,2025-10-08,cancelled,web
6512,101,2026-01-21,cancelled,web
6513,526,2025-12-23,paid,web
6514,900,2025-11-14,refunded,android
6515,217,2026-02-16,refunded,android
6516,19,2026-02-28,paid,web
6517,296,2025-11-05,paid,android
6518,933,2025-11-26,refunded,ios
6519,409,2025-12-06,cancelled,web
6520,209,2026-02-14,paid,ios
6521,563,2025-10-10,paid,web
6522,951,2026-01-19,paid,android
6523,7,2026-01-15,paid,android
6524,914,2025-10-26,paid,web
6525,1079,2026-01-31,refunded,web
6526,315,2026-01-27,paid,web
6527,952,2026-02-17,cancelled,phone
6528,435,2025-12-06,paid,phone
6529,1080,2025-11-21,paid,ios
6530,1146,2025-10-21,paid,ios
6531,937,2026-01-14,paid,web
6532,128,2025-10-26,paid,web
6533,1050,2025-12-30,paid,web
6534,1143,2025-12-29,cancelled,ios
6535,520,2025-11-29,refunded,web
6536,1031,2025-11-22,paid,android
6537,291,2025-11-06,refunded,ios
6538,595,2026-02-06,refunded,phone
6539,681,2025-10-09,cancelled,web
6540,88,2025-10-13,paid,android
6541,269,2025-12-13,refunded,web
6542,108,2025-10-29,paid,web
6543,101,2026-02-26,paid,ios
6544,884,2026-01-19,paid,web
6545,929,2025-11-09,cancelled,android
6546,916,2025-11-19,cancelled,phone
6547,334,2025-11-12,paid,web
6548,898,2025-10-17,cancelled,web
6549,1130,2026-03-09,paid,web
6550,575,2026-02-27,refunded,ios
6551,1038,2025-09-19,cancelled,web
6552,448,2026-01-17,paid,ios
6553,1055,2025-09-22,paid,web
6554,1163,2025-10-10,paid,web
6555,870,2026-03-10,cancelled,web
6556,2,2025-12-27,refunded,web
6557,730,2025-11-08,refunded,web
6558,11,2025-10-20,refunded,web
6559,300,2025-10-15,paid,phone
6560,737,2025-10-12,paid,web
6561,357,2025-10-10,cancelled,web
6562,578,2025-11-18,paid,web
6563,111,2026-01-15,refunded,ios
6564,525,2025-10-25,paid,ios
6565,388,2025-09-14,paid,ios
6566,1020,2025-12-15,paid,web
6567,960,2025-12-21,paid,web
6568,587,2026-02-04,cancelled,ios
6569,40,2026-03-09,paid,phone
6570,175,2025-11-19,refunded,android
6571,533,2026-01-05,cancelled,web
6572,94,2025-10-20,cancelled,web
6573,1038,2025-12-23,refunded,android
6574,118,2025-10-30,paid,web
6575,371,2025-10-21,paid,android
6576,1015,2026-02-24,paid,android
6577,304,2025-12-05,refunded,web
6578,823,2026-01-20,refunded,web
6579,1012,2025-10-06,paid,android
6580,568,2025-12-08,paid,android
6581,76,2025-12-17,paid,web
6582,240,2026-02-14,refunded,phone
6583,509,2026-02-11,paid,android
6584,994,2025-09-14,paid,phone
6585,355,2025-10-23,cancelled,ios
6586,966,2026-02-25,paid,web
6587,242,2026-01-26,paid,phone
6588,518,2025-11-14,paid,web
6589,693,2025-09-15,cancelled,ios
6590,706,2026-01-11,paid,web
6591,814,2025-12-25,refunded,web
6592,688,2025-11-10,refunded,web
6593,1185,2025-11-10,paid,web
6594,891,2026-02-27,refunded,web
6595,433,2025-10-04,cancelled,android
6596,381,2025-09-22,paid,web
6597,56,2025-11-15,paid,web
6598,498,2025-10-20,refunded,ios
6599,789,2025-11-28,paid,web
6600,819,2026-01-03,paid,web
6601,599,2025-09-30,paid,web
6602,748,2026-02-14,paid,web
6603,212,2025-12-03,paid,web
6604,776,2025-12-08,paid,ios
6605,736,2026-02-21,paid,android
6606,628,2026-01-14,refunded,phone
6607,200,2026-02-02,refunded,ios
6608,151,2025-10-19,paid,web
6609,1193,2025-10-07,paid,android
6610,163,2025-12-03,paid,web
6611,1140,2026-02-01,cancelled,web
6612,947,2025-09-27,paid,web
6613,175,2026-03-06,paid,android
6614,811,2026-02-21,paid,web
6615,1092,2026-02-24,paid,phone
6616,822,2025-12-03,paid,web
6617,368,2025-12-25,paid,web
6618,864,2026-02-27,paid,ios
6619,4,2026-03-09,paid,web
6620,248,2025-12-16,paid,web
6621,347,2025-11-25,paid,web
6622,990,2025-11-05,paid,web
6623,1174,2026-01-13,refunded,web
6624,19,2026-01-20,paid,ios
6625,885,2026-01-05,cancelled,ios
6626,1026,2026-01-31,paid,web
6627,794,2025-12-04,cancelled,web
6628,352,2026-02-19,refunded,web
6629,804,2025-12-07,cancelled,ios
6630,205,2025-10-31,cancelled,web
6631,707,2026-01-06,paid,android
6632,94,2026-01-12,paid,ios
6633,112,2025-11-17,cancelled,web
6634,1095,2025-11-18,paid,android
6635,613,2025-09-20,paid,web
6636,499,2026-01-27,paid,web
6637,278,2025-11-28,refunded,android
6638,562,2025-09-28,paid,android
6639,969,2026-01-31,paid,web
6640,1123,2025-09-24,cancelled,web
6641,244,2025-10-05,paid,android
6642,485,2026-01-29,paid,web
6643,997,2025-09-17,cancelled,ios
6644,368,2025-11-18,refunded,web
6645,1091,2025-10-30,paid,web
6646,574,2026-02-12,refunded,web
6647,767,2025-11-09,paid,android
6648,26,2025-11-09,paid,web
6649,616,2025-12-24,paid,android
6650,536,2026-01-02,refunded,ios
6651,82,2026-02-10,cancelled,android
6652,439,2025-12-02,paid,android
6653,656,2026-02-10,paid,web
6654,928,2025-12-30,cancelled,android
6655,111,2025-12-31,paid,web
6656,593,2026-01-22,cancelled,android
6657,477,2025-12-31,cancelled,web
6658,480,2025-12-21,paid,web
6659,702,2026-01-21,cancelled,phone
6660,550,2025-10-27,paid,web
6661,213,2026-01-19,paid,ios
6662,63,2025-10-24,paid,web
6663,606,2026-03-08,paid,android
6664,942,2025-10-25,paid,phone
6665,532,2026-02-24,paid,web
6666,167,2026-02-19,paid,web
6667,287,2025-09-25,paid,ios
6668,519,2026-01-07,paid,web
6669,307,2025-09-19,refunded,web
6670,923,2025-10-07,paid,web
6671,61,2025-09-29,paid,web
6672,180,2025-09-28,refunded,ios
6673,106,2025-10-14,paid,web
6674,1157,2026-03-01,paid,ios
6675,1109,2026-02-05,paid,phone
6676,1171,2025-09-25,paid,web
6677,1007,2025-12-20,paid,android
6678,1021,2026-02-27,paid,web
6679,985,2026-01-16,cancelled,web
6680,505,2025-11-16,paid,web
6681,202,2025-11-19,cancelled,android
6682,725,2026-02-13,paid,web
6683,596,2026-01-22,refunded,web
6684,229,2025-11-19,cancelled,web
6685,446,2026-01-17,paid,android
6686,632,2025-09-24,paid,ios
6687,332,2025-11-22,cancelled,web
6688,534,2026-01-03,paid,web
6689,825,2025-11-10,paid,web
6690,310,2025-11-20,refunded,ios
6691,1173,2025-12-22,refunded,ios
6692,43,2026-02-12,cancelled,android
6693,36,2026-02-04,cancelled,web
6694,1145,2025-11-27,refunded,web
6695,730,2025-09-25,refunded,web
6696,905,2025-12-21,cancelled,android
6697,1066,2025-11-05,paid,web
6698,629,2026-03-01,paid,android
6699,531,2026-01-04,refunded,ios
6700,962,2025-09-17,cancelled,android
6701,1049,2025-09-26,refunded,web
6702,888,2026-02-12,cancelled,web
6703,174,2025-10-14,refunded,ios
6704,62,2026-01-13,paid,web
6705,562,2025-11-22,paid,web
6706,264,2025-12-19,paid,web
6707,922,2025-12-17,paid,phone
6708,1129,2026-01-31,cancelled,web
6709,992,2025-11-14,paid,android
6710,851,2026-01-25,paid,web
6711,948,2025-10-16,paid,web
6712,678,2026-02-16,paid,web
6713,499,2025-12-29,paid,web
6714,399,2026-01-19,paid,android
6715,1028,2026-03-05,paid,web
6716,1162,2025-11-05,paid,web
6717,458,2026-02-17,paid,web
6718,971,2026-03-01,cancelled,web
6719,256,2026-01-30,paid,web
6720,694,2025-10-06,cancelled,web
6721,372,2026-02-22,cancelled,web
6722,194,2025-10-16,cancelled,web
6723,1184,2025-10-09,cancelled,web
6724,332,2026-01-15,paid,web
6725,315,2025-09-14,cancelled,web
6726,162,2025-11-05,paid,web
6727,395,2026-01-21,paid,ios
6728,714,2025-10-25,refunded,web
6729,172,2026-01-09,cancelled,web
6730,194,2025-10-11,paid,web
6731,962,2025-12-24,cancelled,web
6732,489,2026-01-16,paid,phone
6733,918,2025-12-15,paid,web
6734,623,2026-01-21,paid,android
6735,1041,2025-11-01,refunded,ios
6736,929,2026-01-05,cancelled,web
6737,702,2025-09-19,paid,android
6738,207,2026-01-26,paid,web
6739,85,2025-10-16,cancelled,web
6740,539,2026-02-03,paid,web
6741,63,2025-11-15,paid,android
6742,244,2025-10-20,paid,phone
6743,773,2026-02-22,cancelled,web
6744,906,2026-01-25,paid,phone
6745,1040,2026-01-11,paid,android
6746,1160,2025-12-02,refunded,ios
6747,516,2025-10-13,paid,android
6748,602,2026-02-03,paid,android
6749,1133,2026-01-27,paid,web
6750,1002,2026-03-03,paid,android
6751,1029,2026-01-05,paid,web
6752,1078,2025-11-25,paid,android
6753,580,2025-09-22,refunded,android
6754,505,2025-10-08,paid,ios
6755,807,2025-12-15,paid,android
6756,466,2026-02-02,paid,phone
6757,635,2025-09-21,cancelled,ios
6758,604,2025-09-26,paid,web
6759,1144,2026-02-06,paid,android
6760,138,2026-01-14,paid,ios
6761,164,2026-01-04,cancelled,android
6762,338,2025-12-20,paid,android
6763,765,2025-12-09,refunded,android
6764,117,2025-11-24,cancelled,web
6765,1163,2025-11-11,paid,ios
6766,635,2026-02-02,cancelled,web
6767,1149,2025-10-06,paid,web
6768,301,2025-12-20,paid,web
6769,922,2025-10-24,paid,web
6770,1004,2025-10-30,paid,web
6771,1001,2025-10-04,cancelled,android
6772,629,2026-01-24,paid,web
6773,382,2026-02-16,paid,web
6774,469,2025-12-04,paid,web
6775,1058,2025-11-03,paid,web
6776,5,2026-01-22,cancelled,android
6777,93,2026-02-03,paid,android
6778,281,2026-01-15,paid,web
6779,1148,2025-12-04,paid,web
6780,707,2025-12-05,paid,web
6781,197,2026-03-08,paid,phone
6782,783,2025-11-10,paid,ios
6783,522,2026-01-17,cancelled,android
6784,669,2025-10-25,paid,android
6785,766,2025-12-04,paid,android
6786,238,2025-09-15,paid,ios
6787,254,2026-03-10,refunded,web
6788,549,2026-03-12,refunded,android
6789,838,2026-02-28,refunded,web
6790,426,2025-11-25,paid,web
6791,802,2025-10-19,paid,web
6792,652,2026-02-13,cancelled,web
6793,792,2026-01-06,cancelled,android
6794,877,2026-02-11,cancelled,web
6795,994,2025-11-09,cancelled,web
6796,894,2025-10-20,paid,android
6797,1193,2025-09-16,refunded,web
6798,675,2025-12-22,paid,web
6799,158,2026-03-11,refunded,web
6800,123,2026-02-13,paid,phone
6801,90,2026-03-08,cancelled,web
6802,807,2025-12-21,paid,web
6803,789,2026-01-03,cancelled,web
6804,415,2026-01-23,paid,web
6805,197,2025-10-26,cancelled,android
6806,632,2025-10-29,paid,ios
6807,1199,2025-11-17,cancelled,web
6808,351,2026-01-06,refunded,phone
6809,1030,2026-01-16,paid,web
6810,1085,2025-10-06,paid,ios
6811,168,2025-10-03,paid,phone
6812,674,2026-03-12,paid,web
6813,777,2025-12-15,refunded,web
6814,391,2025-10-30,refunded,ios
6815,1150,2025-12-02,paid,phone
6816,883,2025-11-21,cancelled,web
6817,819,2025-12-09,cancelled,web
6818,1116,2025-10-14,paid,android
6819,498,2026-02-21,refunded,web
6820,413,2026-03-04,paid,web
6821,262,2026-01-15,cancelled,ios
6822,293,2026-01-22,paid,web
6823,173,2026-03-04,refunded,web
6824,188,2025-12-03,paid,web
6825,1166,2026-02-03,paid,ios
6826,126,2025-11-16,paid,web
6827,1145,2026-01-01,paid,phone
6828,475,2025-12-05,paid,phone
6829,908,2025-11-13,cancelled,android
6830,149,2025-10-13,paid,android
6831,596,2025-11-10,paid,android
6832,233,2026-02-20,refunded,web
6833,582,2026-02-21,refunded,web
6834,450,2025-11-04,cancelled,web
6835,296,2025-12-04,paid,web
6836,802,2026-01-19,refunded,phone
6837,684,2026-01-01,paid,web
6838,13,2025-12-06,paid,phone
6839,638,2026-03-02,paid,web
6840,918,2025-09-15,paid,ios
6841,240,2026-02-15,paid,web
6842,160,2026-03-10,paid,android
6843,298,2025-10-07,paid,android
6844,569,2026-02-28,paid,ios
6845,896,2025-10-24,cancelled,ios
6846,915,2025-12-02,paid,ios
6847,549,2026-01-28,refunded,web
6848,240,2026-01-30,cancelled,web
6849,413,2026-01-11,paid,web
6850,273,2026-02-28,refunded,web
6851,179,2025-12-14,paid,ios
6852,439,2026-02-07,refunded,web
6853,441,2025-11-09,paid,web
6854,823,2025-12-06,paid,android
6855,846,2025-11-02,refunded,web
6856,312,2025-09-16,paid,web
6857,385,2026-02-16,cancelled,web
6858,1176,2026-02-22,paid,web
6859,294,2025-09-17,cancelled,web
6860,828,2026-02-20,paid,web
6861,654,2026-01-20,cancelled,web
6862,268,2025-12-09,paid,web
6863,1128,2026-01-01,paid,web
6864,955,2025-11-02,paid,web
6865,396,2025-09-16,paid,android
6866,435,2025-12-07,refunded,ios
6867,230,2025-10-17,paid,web
6868,19,2025-12-23,paid,web
6869,1178,2025-12-07,paid,web
6870,740,2025-12-03,cancelled,android
6871,1006,2025-10-25,paid,web
6872,586,2026-02-03,cancelled,web
6873,1171,2025-12-19,paid,web
6874,240,2025-10-08,paid,android
6875,1104,2025-11-06,cancelled,web
6876,112,2025-11-28,paid,ios
6877,301,2026-03-01,paid,android
6878,821,2025-11-14,paid,android
6879,1023,2026-02-02,paid,android
6880,956,2025-11-24,cancelled,android
6881,734,2026-01-24,cancelled,web
6882,1122,2026-01-29,cancelled,android
6883,248,2026-01-13,refunded,ios
6884,447,2026-01-29,refunded,web
6885,779,2026-02-15,paid,web
6886,355,2026-02-24,paid,web
6887,1171,2025-11-17,paid,web
6888,769,2025-10-24,paid,web
6889,565,2025-09-13,paid,ios
6890,852,2026-02-17,paid,web
6891,586,2025-09-25,paid,android
6892,860,2026-02-21,paid,web
6893,382,2025-11-27,refunded,web
6894,181,2025-11-09,paid,android
6895,1000,2025-12-22,paid,web
6896,239,2026-01-07,paid,web
6897,778,2026-01-14,paid,android
6898,574,2025-11-16,cancelled,web
6899,240,2025-09-25,cancelled,web
6900,75,2025-11-12,refunded,web
6901,1185,2025-10-10,refunded,web
6902,755,2025-11-12,paid,web
6903,542,2025-11-25,paid,web
6904,1048,2025-11-17,paid,web
6905,931,2025-09-23,cancelled,ios
6906,1055,2025-12-22,paid,web
6907,673,2025-09-26,refunded,web
6908,471,2025-11-10,paid,web
6909,573,2026-01-27,cancelled,android
6910,308,2026-02-24,paid,web
6911,718,2026-02-02,cancelled,android
6912,1148,2025-09-23,cancelled,web
6913,397,2025-11-27,paid,web
6914,857,2025-12-05,paid,web
6915,768,2026-01-26,refunded,android
6916,559,2026-01-15,refunded,ios
6917,672,2025-10-31,paid,web
6918,831,2025-09-14,paid,web
6919,824,2026-01-17,cancelled,web
6920,872,2025-10-24,paid,android
6921,16,2026-02-21,paid,web
6922,692,2026-03-09,paid,web
6923,1166,2026-01-11,paid,web
6924,507,2026-03-11,paid,android
6925,1187,2026-01-19,refunded,phone
6926,989,2025-10-10,cancelled,web
6927,15,2025-09-15,paid,web
6928,240,2025-10-31,paid,web
6929,3,2025-10-10,paid,web
6930,324,2025-11-28,paid,web
6931,625,2026-02-21,paid,web
6932,643,2025-09-29,paid,ios
6933,126,2025-10-23,paid,web
6934,808,2025-11-12,paid,android
6935,182,2025-11-22,cancelled,android
6936,528,2025-11-04,refunded,web
6937,421,2025-10-11,paid,web
6938,470,2025-12-14,cancelled,web
6939,649,2025-10-14,paid,web
6940,844,2025-11-19,paid,android
6941,762,2025-09-20,refunded,android
6942,921,2025-10-26,refunded,web
6943,1075,2025-10-21,paid,web
6944,115,2026-03-11,paid,ios
6945,851,2025-10-20,paid,web
6946,899,2026-02-06,paid,android
6947,479,2026-03-08,cancelled,web
6948,640,2026-01-29,paid,phone
6949,45,2026-01-12,paid,web
6950,4,2025-11-18,cancelled,web
6951,645,2025-11-11,paid,android
6952,228,2026-01-22,paid,ios
6953,104,2026-02-03,paid,android
6954,653,2025-12-14,paid,web
6955,838,2025-11-12,paid,web
6956,968,2026-01-28,paid,web
6957,58,2025-11-23,refunded,android
6958,1137,2025-10-17,paid,web
6959,548,2026-01-16,refunded,android
6960,607,2025-09-21,refunded,web
6961,1140,2026-02-26,paid,web
6962,111,2026-02-11,refunded,web
6963,225,2026-01-30,paid,web
6964,549,2025-12-18,cancelled,web
6965,348,2026-01-14,paid,web
6966,106,2025-09-14,paid,web
6967,543,2026-03-07,paid,android
6968,1105,2026-02-10,paid,web
6969,905,2025-11-27,cancelled,web
6970,939,2025-11-07,paid,android
6971,564,2025-10-11,cancelled,ios
6972,884,2025-11-11,paid,ios
6973,1021,2025-10-08,paid,android
6974,307,2026-01-31,paid,web
6975,821,2025-10-28,paid,ios
6976,526,2025-12-28,cancelled,phone
6977,526,2025-11-09,paid,web
6978,1132,2025-10-11,refunded,web
6979,688,2026-01-22,paid,web
6980,626,2025-12-15,paid,web
6981,1122,2026-01-21,paid,web
6982,970,2025-12-14,paid,web
6983,993,2026-01-22,refunded,phone
6984,1060,2025-12-25,refunded,web
6985,853,2026-02-24,refunded,web
6986,1131,2026-03-08,cancelled,android
6987,906,2026-03-09,paid,web
6988,363,2026-02-27,paid,web
6989,458,2025-11-21,paid,phone
6990,696,2026-01-16,refunded,android
6991,333,2025-09-20,paid,android
6992,333,2025-10-18,paid,web
6993,218,2026-01-05,paid,web
6994,379,2025-10-12,paid,android
6995,1027,2025-11-15,paid,phone
6996,368,2026-02-12,paid,android
6997,663,2025-10-07,paid,phone
6998,902,2025-10-31,cancelled,web
6999,376,2026-02-16,paid,web
7000,190,2025-11-14,cancelled,ios
7001,960,2025-11-05,paid,android
7002,809,2025-10-30,paid,ios
7003,359,2026-01-20,paid,web
7004,12,2025-10-09,paid,web
7005,810,2026-01-31,refunded,web
7006,246,2026-02-04,cancelled,web
7007,1023,2026-01-12,paid,android
7008,1136,2025-11-30,paid,android
7009,392,2025-12-30,paid,web
7010,1108,2025-10-31,cancelled,web
7011,484,2026-01-10,paid,android
7012,393,2025-11-15,paid,web
7013,856,2025-11-21,paid,web
7014,479,2026-02-09,cancelled,phone
7015,617,2026-01-19,cancelled,web
7016,728,2026-02-27,cancelled,ios
7017,762,2026-01-18,cancelled,phone
7018,380,2025-11-10,paid,web
7019,519,2025-10-13,cancelled,ios
7020,86,2026-02-11,refunded,web
7021,1043,2026-02-12,paid,android
7022,697,2025-12-21,paid,web
7023,1086,2026-02-09,paid,ios
7024,1036,2025-11-13,paid,web
7025,88,2025-09-24,paid,android
7026,565,2025-09-14,cancelled,web
7027,443,2025-10-30,cancelled,android
7028,263,2025-12-20,paid,web
7029,288,2025-11-30,refunded,web
7030,412,2026-01-22,paid,web
7031,1198,2025-10-10,paid,android
7032,125,2025-12-27,cancelled,web
7033,373,2025-10-06,paid,web
7034,550,2026-02-03,cancelled,ios
7035,143,2025-10-07,cancelled,android
7036,899,2026-01-21,cancelled,android
7037,417,2025-10-06,paid,ios
7038,23,2026-03-01,paid,android
7039,1119,2025-10-30,refunded,ios
7040,579,2026-02-15,paid,phone
7041,407,2026-02-26,cancelled,ios
7042,241,2025-09-29,paid,android
7043,666,2025-12-30,cancelled,web
7044,1032,2025-11-10,paid,ios
7045,492,2025-11-30,refunded,android
7046,1005,2026-01-08,cancelled,web
7047,124,2025-09-22,refunded,web
7048,975,2026-01-13,paid,web
7049,377,2026-01-19,paid,ios
7050,163,2026-03-08,paid,web
7051,485,2025-12-31,paid,android
7052,9,2025-11-25,cancelled,web
7053,851,2025-10-06,paid,web
7054,747,2025-12-08,paid,web
7055,1156,2025-09-15,cancelled,android
7056,1120,2026-01-31,paid,android
7057,1026,2026-01-31,paid,web
7058,163,2026-02-11,paid,web
7059,442,2026-01-26,cancelled,android
7060,658,2026-02-27,refunded,web
7061,742,2026-01-23,paid,android
7062,992,2026-01-20,paid,ios
7063,274,2025-10-21,paid,android
7064,971,2025-12-09,refunded,phone
7065,1149,2025-09-19,paid,android
7066,1122,2026-01-05,paid,web
7067,1094,2026-01-03,paid,web
7068,577,2025-12-23,paid,web
7069,1084,2026-02-20,refunded,ios
7070,819,2026-03-05,refunded,web
7071,240,2025-12-30,paid,web
7072,791,2025-12-16,refunded,ios
7073,1177,2026-02-13,paid,android
7074,1025,2025-11-18,cancelled,web
7075,1194,2026-03-10,paid,web
7076,354,2025-09-18,refunded,web
7077,619,2025-10-30,paid,web
7078,1049,2026-02-19,cancelled,phone
7079,578,2025-10-23,cancelled,android
7080,384,2026-02-02,cancelled,phone
7081,513,2025-11-27,paid,web
7082,103,2025-12-23,paid,android
7083,588,2026-03-12,paid,android
7084,160,2026-01-06,paid,ios
7085,623,2026-02-03,paid,web
7086,957,2026-03-10,paid,web
7087,373,2025-12-09,paid,ios
7088,349,2025-12-25,paid,android
7089,303,2025-11-17,paid,web
7090,175,2026-03-12,paid,web
7091,1111,2025-11-16,paid,web
7092,724,2026-02-15,paid,android
7093,318,2025-10-27,paid,phone
7094,954,2025-11-12,paid,phone
7095,1079,2026-02-25,cancelled,web
7096,609,2025-11-10,cancelled,web
7097,1106,2026-01-09,refunded,web
7098,1113,2025-12-07,paid,web
7099,1091,2025-10-19,paid,web
7100,605,2025-11-27,cancelled,web
7101,991,2026-02-28,refunded,android
7102,998,2025-09-30,paid,android
7103,260,2026-03-02,paid,web
7104,501,2026-01-29,paid,web
7105,738,2025-10-26,cancelled,web
7106,69,2026-01-09,paid,web
7107,518,2025-10-27,paid,android
7108,1002,2025-09-18,refunded,android
7109,461,2025-10-14,paid,web
7110,625,2025-11-20,paid,ios
7111,259,2025-11-10,cancelled,phone
7112,578,2026-01-22,paid,web
7113,449,2026-01-25,paid,ios
7114,386,2025-10-16,paid,android
7115,1044,2026-01-11,refunded,ios
7116,744,2025-12-21,paid,ios
7117,376,2025-10-31,cancelled,android
7118,1166,2025-11-15,cancelled,android
7119,31,2026-02-24,paid,web
7120,1028,2025-12-20,refunded,web
7121,521,2026-03-05,paid,web
7122,1199,2025-12-19,cancelled,ios
7123,835,2025-10-28,paid,web
7124,132,2026-02-14,paid,ios
7125,511,2025-11-03,paid,android
7126,394,2026-01-15,paid,android
7127,235,2025-12-03,paid,ios
7128,631,2025-12-24,paid,web
7129,183,2025-10-21,paid,web
7130,8,2026-02-02,paid,android
7131,1098,2026-02-19,paid,web
7132,132,2025-12-28,paid,web
7133,705,2025-09-15,refunded,ios
7134,132,2026-02-05,paid,android
7135,1003,2026-03-07,cancelled,web
7136,415,2025-11-19,paid,web
7137,1092,2026-01-19,paid,web
7138,916,2025-12-28,paid,android
7139,763,2026-01-30,cancelled,web
7140,1079,2026-01-02,refunded,web
7141,180,2026-02-20,paid,web
7142,1003,2025-10-31,cancelled,android
7143,1037,2025-11-16,refunded,web
7144,1044,2026-02-04,paid,android
7145,66,2025-12-22,cancelled,android
7146,937,2025-11-09,refunded,web
7147,744,2026-01-12,paid,web
7148,630,2026-02-09,paid,web
7149,923,2025-10-08,paid,web
7150,302,2026-01-17,paid,web
7151,890,2026-01-23,refunded,android
7152,549,2025-09-18,cancelled,ios
7153,675,2026-01-16,paid,web
7154,415,2025-10-02,paid,web
7155,965,2026-02-18,paid,web
7156,516,2026-01-15,paid,web
7157,667,2025-11-14,paid,web
7158,159,2025-10-19,cancelled,android
7159,1082,2025-11-01,cancelled,web
7160,120,2025-11-08,paid,web
7161,508,2025-11-05,paid,web
7162,1116,2026-03-12,cancelled,web
7163,970,2025-10-27,paid,web
7164,1138,2026-02-03,paid,ios
7165,78,2026-02-27,paid,android
7166,123,2025-12-30,paid,android
7167,470,2025-12-24,cancelled,android
7168,364,2025-12-25,paid,web
7169,242,2025-12-23,cancelled,web
7170,1055,2025-11-09,cancelled,web
7171,799,2025-12-15,cancelled,web
7172,183,2025-11-24,paid,web
7173,436,2025-12-14,paid,web
7174,1156,2025-11-10,paid,web
7175,868,2026-03-08,refunded,ios
7176,1019,2025-10-22,refunded,web
7177,1147,2026-03-02,paid,web
7178,488,2026-01-29,refunded,android
7179,1171,2025-10-07,paid,android
7180,1067,2025-12-09,paid,web
7181,1200,2025-10-31,cancelled,web
7182,1167,2025-12-13,paid,android
7183,763,2025-11-26,cancelled,web
7184,1200,2025-12-20,paid,ios
7185,1117,2025-09-16,paid,web
7186,732,2026-03-10,paid,ios
7187,1051,2026-02-01,paid,phone
7188,929,2026-01-27,paid,web
7189,461,2026-02-15,cancelled,android
7190,398,2025-10-20,paid,ios
7191,355,2026-02-22,paid,web
7192,55,2025-11-30,cancelled,ios
7193,95,2025-10-28,paid,web
7194,970,2026-01-29,paid,ios
7195,1081,2025-11-24,paid,web
7196,1140,2026-03-12,cancelled,android
7197,842,2026-02-20,paid,web
7198,659,2026-02-26,paid,web
7199,405,2026-02-05,cancelled,ios
7200,100,2025-11-30,refunded,android
7201,1189,2025-11-10,cancelled,android
7202,942,2025-10-10,cancelled,android
7203,679,2025-12-30,paid,web
7204,602,2025-12-07,refunded,web
7205,765,2025-10-14,paid,web
7206,131,2025-12-13,paid,ios
7207,961,2025-11-28,cancelled,web
7208,258,2026-01-31,paid,web
7209,243,2025-12-19,cancelled,android
7210,1055,2026-02-10,paid,web
7211,916,2026-01-13,refunded,phone
7212,399,2025-12-25,paid,phone
7213,635,2026-01-09,paid,phone
7214,410,2026-02-23,paid,android
7215,419,2026-02-12,paid,phone
7216,8,2025-09-26,cancelled,web
7217,26,2026-03-05,paid,web
7218,267,2026-01-24,paid,web
7219,219,2025-12-22,cancelled,web
7220,510,2026-01-26,paid,web
7221,1195,2026-02-18,paid,web
7222,1157,2025-11-25,cancelled,web
7223,733,2025-11-26,refunded,web
7224,739,2026-01-08,paid,web
7225,554,2025-12-19,cancelled,ios
7226,113,2026-02-21,paid,web
7227,148,2025-12-13,paid,android
7228,1169,2025-10-24,paid,web
7229,96,2025-12-22,refunded,android
7230,493,2025-10-21,paid,web
7231,916,2026-01-12,paid,android
7232,610,2026-01-30,paid,web
7233,566,2025-10-14,paid,web
7234,656,2026-01-30,cancelled,phone
7235,274,2025-12-17,cancelled,android
7236,174,2026-02-17,paid,ios
7237,961,2025-09-21,paid,web
7238,179,2025-09-24,refunded,android
7239,901,2025-09-25,refunded,web
7240,606,2025-12-29,paid,web
7241,150,2026-02-19,cancelled,web
7242,781,2025-12-24,paid,ios
7243,571,2026-02-17,refunded,web
7244,155,2025-11-12,paid,ios
7245,795,2025-12-22,paid,web
7246,1067,2025-09-14,paid,web
7247,1031,2026-02-23,refunded,web
7248,1104,2025-12-19,refunded,web
7249,128,2025-11-19,refunded,web
7250,584,2025-10-19,paid,web
7251,445,2026-02-08,paid,ios
7252,556,2026-01-29,paid,web
7253,801,2025-09-21,paid,android
7254,251,2026-02-21,cancelled,web
7255,526,2026-01-07,refunded,web
7256,464,2026-02-14,paid,web
7257,645,2025-12-20,paid,web
7258,267,2025-11-22,paid,ios
7259,954,2025-09-25,paid,android
7260,892,2025-12-10,paid,android
7261,1110,2026-03-12,paid,phone
7262,241,2025-11-30,refunded,android
7263,176,2026-03-08,paid,web
7264,184,2025-09-27,paid,web
7265,215,2025-12-24,paid,web
7266,1059,2026-02-25,paid,web
7267,748,2026-02-14,paid,ios
7268,128,2025-09-20,cancelled,web
7269,925,2026-01-31,paid,web
7270,929,2025-11-16,cancelled,web
7271,923,2025-12-07,paid,web
7272,613,2025-10-13,refunded,web
7273,186,2025-12-16,refunded,web
7274,352,2025-12-12,refunded,phone
7275,697,2025-10-27,cancelled,web
7276,853,2025-11-13,paid,web
7277,1076,2025-12-24,refunded,web
7278,54,2025-12-26,refunded,ios
7279,666,2025-12-02,paid,ios
7280,1119,2025-12-26,paid,ios
7281,657,2026-01-04,paid,phone
7282,761,2026-01-23,paid,android
7283,58,2025-10-05,cancelled,ios
7284,141,2025-09-24,paid,web
7285,472,2026-01-03,paid,web
7286,60,2026-02-18,cancelled,web
7287,381,2026-02-21,refunded,android
7288,1183,2026-03-12,paid,web
7289,319,2025-12-31,paid,android
7290,22,2025-12-19,refunded,android
7291,417,2026-01-29,paid,web
7292,570,2026-03-08,cancelled,web
7293,1196,2026-02-15,refunded,phone
7294,1138,2025-09-22,paid,android
7295,1060,2025-11-14,paid,web
7296,1078,2026-02-24,paid,android
7297,212,2025-09-21,paid,web
7298,1079,2025-12-05,cancelled,web
7299,819,2025-10-10,refunded,web
7300,1027,2025-11-23,paid,web
7301,1054,2025-09-30,paid,web
7302,183,2026-03-09,refunded,ios
7303,715,2025-09-24,paid,ios
7304,528,2026-02-05,paid,ios
7305,758,2025-12-22,paid,web
7306,146,2026-02-13,refunded,android
7307,135,2026-03-12,cancelled,web
7308,828,2025-09-20,paid,web
7309,887,2026-01-28,paid,android
7310,191,2025-09-18,paid,android
7311,278,2026-03-02,refunded,web
7312,1157,2026-02-13,refunded,web
7313,92,2026-02-12,paid,android
7314,599,2025-12-23,paid,web
7315,436,2025-10-17,paid,web
7316,127,2025-12-02,paid,web
7317,260,2026-02-01,refunded,web
7318,369,2026-02-09,refunded,ios
7319,1099,2025-12-22,cancelled,web
7320,850,2026-03-07,paid,web
7321,471,2025-11-25,cancelled,ios
7322,1001,2025-12-09,paid,ios
7323,161,2026-02-03,refunded,web
7324,416,2025-11-26,refunded,web
7325,479,2025-12-12,refunded,web
7326,1136,2026-03-03,cancelled,android
7327,846,2025-11-27,cancelled,web
7328,166,2025-09-13,refunded,phone
7329,304,2026-02-10,paid,phone
7330,140,2026-01-24,refunded,phone
7331,502,2025-12-17,paid,web
7332,949,2026-03-08,paid,android
7333,496,2025-09-20,paid,web
7334,69,2025-11-30,paid,web
7335,518,2025-09-23,refunded,web
7336,668,2025-10-14,paid,phone
7337,305,2025-12-15,refunded,web
7338,427,2025-11-28,paid,web
7339,1150,2025-12-12,paid,android
7340,1189,2026-02-11,cancelled,ios
7341,760,2026-03-03,paid,phone
7342,782,2026-01-11,paid,android
7343,177,2025-12-23,refunded,phone
7344,281,2026-02-02,paid,web
7345,61,2025-11-05,paid,web
7346,339,2026-01-06,paid,web
7347,1194,2025-09-25,cancelled,web
7348,437,2025-11-13,paid,android
7349,963,2025-11-29,paid,android
7350,705,2026-02-09,paid,phone
7351,12,2025-09-22,paid,web
7352,104,2025-10-11,cancelled,android
7353,1151,2026-01-04,paid,web
7354,309,2025-10-08,cancelled,android
7355,324,2025-11-20,refunded,web
7356,767,2025-09-27,cancelled,web
7357,1146,2025-11-01,paid,ios
7358,843,2026-01-26,cancelled,web
7359,81,2026-03-12,refunded,web
7360,512,2025-11-25,paid,android
7361,252,2026-02-06,paid,ios
7362,558,2025-11-18,paid,web
7363,1127,2025-11-22,paid,web
7364,672,2025-12-23,refunded,ios
7365,967,2025-09-28,paid,web
7366,934,2026-02-16,paid,web
7367,1042,2025-11-07,paid,web
7368,205,2025-11-01,cancelled,web
7369,1178,2025-09-24,paid,phone
7370,239,2026-01-03,refunded,android
7371,635,2025-11-21,paid,web
7372,792,2025-10-31,paid,web
7373,431,2025-11-02,paid,web
7374,187,2026-01-19,refunded,web
7375,320,2026-01-10,paid,web
7376,1145,2026-01-26,paid,ios
7377,1113,2025-12-12,cancelled,ios
7378,1152,2026-01-03,paid,web
7379,483,2025-11-25,cancelled,web
7380,521,2025-10-10,paid,android
7381,491,2025-11-04,refunded,android
7382,535,2025-11-04,paid,phone
7383,583,2026-03-12,paid,web
7384,1045,2026-01-03,cancelled,ios
7385,476,2026-02-10,paid,web
7386,273,2026-01-21,cancelled,phone
7387,375,2025-12-04,cancelled,web
7388,972,2025-10-25,paid,web
7389,325,2025-11-01,refunded,android
7390,789,2025-10-24,paid,web
7391,921,2025-12-08,paid,web
7392,393,2025-12-18,paid,web
7393,417,2025-11-15,cancelled,web
7394,307,2025-10-13,cancelled,web
7395,873,2026-01-31,cancelled,web
7396,1045,2026-03-11,refunded,web
7397,1017,2025-09-13,paid,android
7398,490,2026-03-10,paid,phone
7399,350,2025-12-23,paid,web
7400,721,2026-02-10,refunded,android
7401,513,2025-11-25,refunded,ios
7402,891,2025-11-20,refunded,phone
7403,892,2025-10-04,paid,ios
7404,98,2026-03-07,cancelled,android
7405,1048,2025-10-17,paid,web
7406,748,2025-11-08,paid,web
7407,619,2025-12-24,cancelled,web
7408,1167,2025-10-24,paid,web
7409,696,2026-02-13,cancelled,web
7410,428,2025-10-03,paid,ios
7411,290,2025-12-23,refunded,web
7412,799,2025-10-19,paid,web
7413,423,2025-12-30,paid,android
7414,172,2026-03-02,paid,web
7415,734,2026-02-01,cancelled,web
7416,844,2026-01-04,refunded,web
7417,1002,2025-10-12,paid,ios
7418,239,2026-03-05,refunded,web
7419,570,2025-09-13,paid,android
7420,1019,2026-01-24,paid,web
7421,255,2026-01-13,refunded,web
7422,150,2025-10-24,paid,android
7423,98,2026-01-28,cancelled,ios
7424,500,2025-12-15,paid,web
7425,437,2025-10-29,paid,web
7426,553,2026-01-01,cancelled,web
7427,799,2025-09-19,cancelled,phone
7428,84,2026-02-20,refunded,phone
7429,123,2025-10-12,paid,ios
7430,202,2026-02-06,paid,ios
7431,998,2025-11-09,paid,android
7432,1004,2026-02-21,paid,ios
7433,49,2026-01-30,paid,android
7434,1103,2025-12-05,refunded,web
7435,1158,2025-10-22,refunded,web
7436,869,2026-01-07,paid,web
7437,606,2025-10-02,paid,web
7438,843,2026-02-04,refunded,web
7439,286,2025-11-21,paid,web
7440,88,2026-02-24,paid,phone
7441,467,2025-09-21,refunded,web
7442,988,2025-12-19,cancelled,web
7443,594,2025-12-28,cancelled,web
7444,1183,2026-01-28,refunded,android
7445,1063,2025-11-02,cancelled,android
7446,793,2025-12-21,paid,web
7447,653,2026-02-20,paid,android
7448,588,2025-10-14,cancelled,web
7449,1196,2026-01-15,paid,ios
7450,229,2025-09-13,paid,web
7451,445,2025-12-01,paid,web
7452,929,2026-01-15,cancelled,ios
7453,558,2025-11-11,paid,web
7454,503,2025-10-27,paid,web
7455,222,2026-03-09,paid,web
7456,348,2025-12-12,paid,ios
7457,488,2026-02-19,refunded,web
7458,369,2025-12-07,paid,web
7459,895,2025-09-17,paid,phone
7460,20,2026-01-27,cancelled,phone
7461,1113,2026-02-14,paid,web
7462,741,2025-12-20,paid,web
7463,774,2026-01-23,paid,web
7464,815,2026-02-03,refunded,web
7465,135,2026-01-09,paid,android
7466,217,2025-11-18,paid,web
7467,951,2026-02-25,paid,android
7468,255,2026-02-07,paid,android
7469,268,2025-09-21,refunded,web
7470,1008,2025-12-17,paid,android
7471,1144,2026-03-01,paid,web
7472,350,2025-12-08,paid,ios
7473,1090,2026-02-14,paid,web
7474,41,2026-03-10,paid,web
7475,209,2026-02-12,paid,android
7476,276,2026-01-30,cancelled,web
7477,289,2026-01-21,cancelled,phone
7478,1124,2025-10-22,refunded,web
7479,919,2026-01-21,paid,ios
7480,556,2025-12-30,paid,web
7481,1099,2025-10-19,paid,android
7482,406,2025-11-09,paid,web
7483,947,2025-12-19,cancelled,web
7484,124,2025-11-06,paid,android
7485,892,2025-10-11,cancelled,web
7486,488,2026-02-21,paid,web
7487,881,2026-01-27,paid,web
7488,64,2025-11-18,paid,web
7489,378,2025-09-16,paid,web
7490,645,2026-01-16,cancelled,web
7491,588,2025-10-29,cancelled,web
7492,1120,2025-10-17,cancelled,web
7493,11,2025-10-20,paid,web
7494,214,2026-01-27,paid,web
7495,14,2025-12-08,paid,android
7496,306,2025-09-17,refunded,phone
7497,1128,2025-09-19,paid,ios
7498,465,2026-03-02,paid,phone
7499,323,2025-12-30,paid,web
7500,878,2026-03-05,paid,web
7501,961,2025-12-15,paid,android
7502,187,2025-11-08,paid,phone
7503,489,2025-12-24,paid,android
7504,892,2025-11-22,refunded,phone
7505,245,2025-09-25,paid,android
7506,532,2025-09-25,cancelled,web
7507,753,2025-10-08,paid,ios
7508,770,2026-02-22,refunded,web
7509,1108,2025-09-25,paid,ios
7510,430,2025-11-23,refunded,web
7511,603,2025-11-13,paid,android
7512,1112,2025-10-16,refunded,web
7513,1103,2025-11-14,paid,ios
7514,502,2026-02-07,paid,android
7515,694,2026-01-25,refunded,android
7516,351,2026-02-04,paid,ios
7517,699,2025-12-19,paid,phone
7518,345,2026-01-17,paid,web
7519,1158,2026-02-26,cancelled,web
7520,16,2025-12-18,cancelled,web
7521,1045,2025-12-02,refunded,web
7522,709,2025-11-20,paid,web
7523,792,2025-09-20,cancelled,android
7524,727,2025-12-29,paid,web
7525,34,2026-02-01,paid,web
7526,344,2025-12-18,paid,ios
7527,1159,2026-02-07,paid,android
7528,67,2026-02-11,paid,web
7529,878,2026-02-05,cancelled,web
7530,132,2026-02-09,paid,web
7531,513,2026-01-08,paid,web
7532,623,2026-02-01,refunded,web
7533,1032,2026-01-04,paid,web
7534,716,2025-12-15,paid,web
7535,596,2025-11-16,paid,android
7536,713,2025-09-30,refunded,web
7537,282,2025-12-27,paid,ios
7538,748,2026-03-11,paid,web
7539,128,2026-03-11,paid,web
7540,614,2025-09-20,cancelled,web
7541,876,2026-02-01,paid,web
7542,305,2025-11-29,paid,web
7543,652,2026-03-10,refunded,web
7544,8,2025-11-18,refunded,web
7545,826,2025-11-29,paid,web
7546,614,2026-01-10,paid,web
7547,162,2025-10-30,refunded,android
7548,861,2025-10-03,paid,phone
7549,1063,2025-12-27,paid,ios
7550,634,2025-11-07,paid,android
7551,390,2026-01-17,paid,web
7552,1012,2026-02-20,paid,web
7553,810,2025-12-12,refunded,android
7554,212,2025-12-07,paid,web
7555,461,2025-11-27,paid,android
7556,1095,2026-01-15,cancelled,ios
7557,44,2026-02-08,paid,android
7558,296,2025-10-23,paid,android
7559,697,2025-10-19,cancelled,web
7560,581,2026-01-15,paid,ios
7561,1148,2026-01-03,paid,android
7562,352,2026-02-04,paid,android
7563,759,2025-11-15,paid,phone
7564,957,2025-11-09,refunded,web
7565,14,2025-11-06,paid,web
7566,310,2026-01-29,cancelled,web
7567,758,2025-11-15,paid,web
7568,434,2026-01-07,paid,phone
7569,86,2026-01-10,paid,web
7570,137,2025-12-06,paid,ios
7571,1149,2025-10-23,paid,web
7572,1177,2026-03-07,paid,ios
7573,568,2026-01-23,refunded,web
7574,1013,2025-09-27,cancelled,android
7575,154,2025-10-27,paid,web
7576,888,2026-02-18,refunded,ios
7577,664,2026-02-13,cancelled,web
7578,61,2026-03-04,refunded,web
7579,680,2025-11-02,cancelled,android
7580,334,2025-10-29,paid,web
7581,592,2025-09-22,cancelled,ios
7582,204,2026-01-10,cancelled,android
7583,309,2025-10-22,paid,phone
7584,1115,2025-10-13,paid,web
7585,45,2025-10-16,refunded,ios
7586,759,2025-10-16,cancelled,web
7587,700,2025-11-02,paid,web
7588,1027,2025-11-02,paid,android
7589,330,2025-10-08,paid,web
7590,304,2026-01-05,cancelled,web
7591,43,2025-11-04,paid,web
7592,469,2025-10-15,paid,android
7593,595,2026-02-12,paid,android
7594,1151,2025-09-20,cancelled,web
7595,332,2025-11-21,paid,web
7596,1162,2025-12-18,paid,phone
7597,317,2025-12-02,refunded,web
7598,291,2025-11-29,paid,web
7599,979,2025-12-10,cancelled,web
7600,201,2025-11-06,paid,android
7601,588,2026-01-24,cancelled,ios
7602,130,2025-10-18,paid,web
7603,247,2026-01-22,paid,web
7604,864,2026-02-03,cancelled,web
7605,480,2025-11-02,refunded,web
7606,211,2025-12-26,paid,web
7607,327,2026-02-25,paid,android
7608,293,2025-11-14,cancelled,web
7609,706,2025-11-12,paid,phone
7610,792,2025-10-24,paid,android
7611,362,2025-12-13,paid,web
7612,131,2025-12-04,paid,ios
7613,493,2026-01-26,paid,web
7614,230,2026-01-23,refunded,phone
7615,1186,2026-02-22,paid,ios
7616,948,2025-12-27,cancelled,web
7617,639,2026-03-06,paid,web
7618,300,2026-02-08,refunded,web
7619,256,2026-01-06,cancelled,web
7620,876,2026-01-25,paid,web
7621,269,2025-10-06,cancelled,web
7622,724,2026-02-17,cancelled,web
7623,1028,2025-11-11,paid,phone
7624,177,2025-11-17,paid,web
7625,212,2026-02-17,refunded,android
7626,621,2026-02-08,paid,web
7627,25,2025-10-11,paid,web
7628,467,2025-10-01,paid,web
7629,1172,2025-12-20,cancelled,phone
7630,778,2025-10-22,paid,phone
7631,866,2026-03-09,paid,web
7632,1032,2026-01-25,paid,android
7633,219,2025-11-30,refunded,web
7634,258,2026-03-05,paid,web
7635,133,2026-01-24,refunded,android
7636,148,2026-02-05,refunded,web
7637,693,2026-01-22,refunded,web
7638,429,2026-01-25,paid,web
7639,1125,2025-12-16,refunded,web
7640,935,2025-11-25,cancelled,web
7641,1024,2026-02-03,paid,web
7642,905,2026-01-27,refunded,phone
7643,504,2025-11-28,cancelled,web
7644,331,2025-10-02,paid,web
7645,1168,2025-11-05,paid,web
7646,127,2025-11-09,paid,web
7647,959,2025-09-13,paid,phone
7648,488,2026-02-01,paid,web
7649,896,2026-01-06,cancelled,web
7650,939,2026-01-05,cancelled,ios
7651,1101,2025-12-11,cancelled,web
7652,421,2025-12-10,cancelled,web
7653,191,2026-01-05,paid,web
7654,940,2026-02-02,cancelled,phone
7655,370,2025-10-29,paid,web
7656,118,2025-11-11,refunded,web
7657,516,2025-12-25,cancelled,ios
7658,1159,2025-09-30,paid,phone
7659,1097,2026-02-26,paid,web
7660,728,2025-10-26,refunded,phone
7661,1105,2025-12-26,refunded,ios
7662,339,2025-11-08,refunded,web
7663,673,2025-10-02,cancelled,web
7664,796,2026-02-14,paid,ios
7665,863,2026-02-17,paid,phone
7666,249,2025-09-19,paid,web
7667,988,2025-10-03,cancelled,ios
7668,426,2025-11-20,paid,web
7669,858,2025-12-16,paid,ios
7670,59,2026-02-07,paid,android
7671,1193,2026-01-30,paid,android
7672,332,2025-09-24,paid,web
7673,518,2026-02-28,paid,web
7674,580,2025-12-30,refunded,android
7675,1122,2025-11-27,cancelled,web
7676,177,2026-03-12,refunded,web
7677,498,2025-10-19,refunded,web
7678,812,2025-12-02,cancelled,ios
7679,19,2026-01-20,paid,ios
7680,315,2025-11-15,paid,phone
7681,538,2025-11-01,paid,ios
7682,917,2026-02-20,refunded,phone
7683,734,2025-11-29,paid,web
7684,43,2025-10-08,cancelled,web
7685,6,2025-11-24,cancelled,ios
7686,178,2025-12-17,paid,web
7687,1065,2026-03-03,paid,web
7688,167,2026-01-09,refunded,ios
7689,698,2025-10-02,cancelled,web
7690,133,2025-10-18,paid,web
7691,396,2025-10-20,paid,ios
7692,1180,2025-12-09,cancelled,web
7693,641,2025-12-12,paid,web
7694,204,2026-02-01,paid,ios
7695,461,2025-12-20,paid,web
7696,1116,2025-11-04,paid,web
7697,1112,2025-11-15,paid,phone
7698,615,2025-12-05,paid,web
7699,1099,2026-02-14,paid,web
7700,952,2025-10-15,cancelled,android
7701,209,2025-11-28,paid,ios
7702,680,2025-10-27,paid,web
7703,22,2025-09-17,paid,ios
7704,875,2025-10-23,paid,android
7705,588,2025-10-08,cancelled,android
7706,27,2025-09-30,paid,web
7707,384,2025-11-23,cancelled,phone
7708,823,2025-12-05,refunded,web
7709,687,2025-12-26,cancelled,phone
7710,1022,2026-01-21,paid,android
7711,18,2025-12-20,paid,web
7712,115,2025-10-08,cancelled,web
7713,73,2025-11-29,paid,web
7714,564,2025-09-17,cancelled,web
7715,530,2025-10-05,paid,android
7716,979,2026-01-04,paid,android
7717,856,2025-11-10,paid,web
7718,1177,2026-01-09,paid,web
7719,284,2025-09-16,cancelled,android
7720,294,2026-03-12,paid,web
7721,299,2025-12-04,paid,ios
7722,587,2025-12-17,paid,ios
7723,618,2026-01-25,refunded,ios
7724,90,2026-02-09,cancelled,ios
7725,711,2025-10-13,refunded,web
7726,1171,2025-10-14,paid,web
7727,223,2025-12-25,paid,ios
7728,700,2026-02-04,paid,ios
7729,374,2025-12-17,paid,android
7730,1162,2025-10-14,paid,ios
7731,61,2025-10-31,paid,android
7732,47,2025-11-14,cancelled,phone
7733,1194,2026-01-28,paid,web
7734,84,2026-01-26,paid,android
7735,238,2025-10-27,paid,ios
7736,831,2026-02-25,refunded,android
7737,1118,2025-11-19,paid,android
7738,1165,2025-09-29,paid,web
7739,1016,2026-03-10,paid,web
7740,351,2025-10-30,paid,android
7741,1180,2026-02-23,refunded,phone
7742,924,2025-12-28,paid,web
7743,295,2025-12-28,paid,phone
7744,449,2026-01-27,refunded,web
7745,1141,2025-09-26,refunded,web
7746,60,2026-02-17,cancelled,ios
7747,398,2025-11-29,refunded,android
7748,997,2025-09-23,refunded,web
7749,512,2025-11-26,paid,web
7750,254,2025-09-27,paid,web
7751,1117,2025-09-14,refunded,phone
7752,266,2025-10-24,paid,web
7753,181,2025-10-15,cancelled,web
7754,812,2025-10-14,paid,ios
7755,728,2025-11-18,paid,web
7756,420,2026-01-30,refunded,ios
7757,178,2026-02-09,paid,ios
7758,549,2026-02-20,paid,android
7759,618,2026-01-10,paid,web
7760,248,2025-10-09,cancelled,ios
7761,561,2025-09-17,refunded,web
7762,545,2026-01-01,refunded,web
7763,1095,2026-01-22,paid,web
7764,71,2025-10-17,refunded,phone
7765,770,2026-03-02,paid,ios
7766,531,2025-12-07,paid,ios
7767,971,2025-12-01,paid,web
7768,1197,2025-10-17,paid,web
7769,234,2026-02-04,cancelled,web
7770,983,2026-01-03,cancelled,web
7771,797,2026-01-25,refunded,web
7772,301,2025-09-19,refunded,ios
7773,210,2025-11-14,paid,web
7774,160,2025-11-11,cancelled,android
7775,927,2026-01-20,refunded,web
7776,795,2026-02-22,paid,android
7777,125,2025-11-04,cancelled,android
7778,191,2025-11-24,paid,web
7779,908,2025-11-30,refunded,android
7780,495,2026-01-28,refunded,web
7781,311,2026-03-04,refunded,android
7782,194,2025-11-15,paid,ios
7783,1107,2025-10-05,refunded,web
7784,1058,2025-12-16,paid,web
7785,1144,2025-11-03,refunded,phone
7786,914,2026-03-09,cancelled,web
7787,1034,2026-03-02,refunded,phone
7788,629,2025-11-02,paid,android
7789,1111,2026-01-25,cancelled,web
7790,796,2025-11-15,cancelled,web
7791,1174,2025-11-02,refunded,web
7792,349,2025-10-06,paid,android
7793,969,2026-02-13,paid,ios
7794,56,2026-02-13,paid,web
7795,120,2025-11-06,cancelled,web
7796,28,2026-01-17,paid,ios
7797,740,2025-12-17,paid,android
7798,1036,2025-11-21,refunded,web
7799,828,2026-01-29,refunded,android
7800,119,2025-10-25,cancelled,web
7801,1165,2026-01-08,cancelled,web
7802,391,2025-12-21,paid,web
7803,999,2025-12-30,paid,web
7804,936,2025-10-24,paid,web
7805,359,2025-12-01,paid,web
7806,241,2025-10-28,paid,ios
7807,850,2026-01-24,paid,web
7808,194,2025-10-25,refunded,android
7809,97,2025-10-03,paid,web
7810,719,2026-02-17,paid,web
7811,998,2025-11-08,paid,web
7812,413,2025-12-22,paid,web
7813,229,2025-12-20,paid,web
7814,863,2025-11-22,paid,web
7815,702,2026-01-14,paid,ios
7816,693,2025-11-26,paid,web
7817,68,2026-01-18,paid,web
7818,68,2025-12-20,paid,web
7819,500,2025-12-12,paid,web
7820,943,2025-11-06,paid,android
7821,1061,2026-02-28,refunded,web
7822,162,2026-03-07,paid,web
7823,158,2025-12-28,paid,web
7824,1055,2025-11-09,paid,ios
7825,333,2025-09-19,paid,web
7826,651,2025-12-22,refunded,ios
7827,158,2025-12-30,paid,ios
7828,258,2026-02-23,paid,android
7829,48,2025-10-20,paid,web
7830,1107,2025-11-08,paid,ios
7831,732,2025-10-17,paid,android
7832,694,2025-09-18,cancelled,android
7833,272,2026-02-11,refunded,ios
7834,948,2025-10-29,paid,web
7835,522,2025-10-07,refunded,android
7836,587,2025-12-20,paid,ios
7837,778,2025-10-01,paid,ios
7838,437,2026-03-04,paid,web
7839,183,2025-11-19,refunded,android
7840,173,2025-12-13,paid,web
7841,746,2026-03-09,refunded,web
7842,957,2025-12-23,paid,android
7843,955,2026-02-23,cancelled,android
7844,792,2025-12-12,refunded,web
7845,839,2025-11-05,refunded,android
7846,314,2026-02-13,paid,web
7847,674,2025-12-19,refunded,web
7848,154,2026-01-05,paid,web
7849,1196,2026-01-25,paid,ios
7850,66,2026-01-23,paid,android
7851,296,2025-12-21,cancelled,web
7852,635,2026-01-24,paid,web
7853,414,2026-02-11,paid,android
7854,674,2026-02-10,paid,web
7855,1023,2026-03-06,paid,web
7856,1008,2026-02-11,paid,ios
7857,941,2025-10-03,cancelled,web
7858,136,2025-09-22,paid,web
7859,116,2025-10-29,paid,web
7860,892,2026-03-07,cancelled,web
7861,359,2026-02-05,paid,web
7862,22,2026-01-12,cancelled,web
7863,512,2026-01-04,paid,ios
7864,307,2025-12-21,refunded,web
7865,867,2026-01-19,paid,ios
7866,293,2026-02-27,paid,web
7867,768,2025-12-30,paid,web
7868,1003,2025-09-16,refunded,ios
7869,627,2026-02-28,cancelled,android
7870,525,2025-12-03,refunded,phone
7871,59,2026-02-10,paid,web
7872,1164,2025-10-12,refunded,ios
7873,498,2025-10-28,refunded,web
7874,1112,2026-01-28,paid,android
7875,1166,2025-12-13,paid,ios
7876,621,2026-01-06,paid,phone
7877,60,2025-10-17,paid,ios
7878,227,2025-10-16,cancelled,web
7879,492,2025-11-16,paid,web
7880,200,2026-02-28,paid,web
7881,651,2025-12-23,refunded,web
7882,459,2025-09-26,refunded,phone
7883,291,2025-11-10,paid,ios
7884,93,2026-01-21,paid,phone
7885,193,2026-01-14,paid,web
7886,499,2025-12-22,paid,web
7887,1029,2026-02-24,paid,web
7888,766,2025-11-24,paid,web
7889,347,2025-10-16,cancelled,android
7890,931,2026-02-16,paid,web
7891,443,2026-03-10,paid,web
7892,452,2026-02-16,paid,web
7893,705,2026-02-05,refunded,android
7894,333,2025-10-14,cancelled,web
7895,325,2025-10-07,refunded,phone
7896,1127,2025-12-23,paid,web
7897,732,2026-01-29,paid,ios
7898,665,2026-01-22,paid,web
7899,884,2025-11-19,refunded,web
7900,565,2026-02-03,paid,web
7901,1025,2025-11-30,refunded,android
7902,367,2025-10-30,paid,ios
7903,1110,2026-02-26,refunded,web
7904,162,2025-12-27,cancelled,ios
7905,585,2026-01-13,paid,ios
7906,644,2026-01-07,refunded,android
7907,467,2025-10-24,paid,web
7908,854,2025-10-02,cancelled,web
7909,1192,2025-12-01,refunded,web
7910,695,2026-02-06,paid,web
7911,269,2025-11-21,cancelled,web
7912,289,2025-11-27,paid,android
7913,863,2026-01-10,paid,android
7914,233,2025-10-08,cancelled,ios
7915,1051,2026-01-10,paid,ios
7916,398,2025-12-23,paid,web
7917,708,2025-09-26,refunded,android
7918,945,2026-02-12,paid,android
7919,307,2025-10-06,paid,web
7920,579,2025-11-06,refunded,ios
7921,197,2026-02-11,paid,web
7922,888,2026-01-20,paid,web
7923,617,2026-02-18,paid,phone
7924,518,2025-12-23,paid,android
7925,1196,2025-10-16,paid,ios
7926,56,2026-02-19,cancelled,android
7927,1094,2025-09-29,paid,web
7928,258,2026-03-08,paid,web
7929,904,2026-01-19,refunded,web
7930,657,2025-10-10,cancelled,android
7931,188,2025-10-05,paid,web
7932,907,2025-10-13,cancelled,android
7933,586,2025-09-27,paid,web
7934,973,2025-10-17,cancelled,ios
7935,445,2026-01-08,paid,web
7936,799,2026-02-09,paid,web
7937,868,2025-10-18,paid,web
7938,789,2025-09-21,paid,web
7939,259,2025-12-01,cancelled,web
7940,433,2025-10-13,refunded,web
7941,114,2026-02-07,refunded,web
7942,614,2026-02-23,paid,web
7943,109,2026-02-07,cancelled,web
7944,589,2025-12-07,paid,ios
7945,718,2025-10-26,paid,web
7946,773,2025-11-14,cancelled,web
7947,747,2025-11-03,cancelled,web
7948,746,2025-10-27,refunded,ios
7949,725,2025-11-06,refunded,ios
7950,5,2025-12-07,paid,ios
7951,1152,2026-02-01,paid,web
7952,333,2025-10-01,paid,web
7953,1095,2026-01-11,paid,web
7954,1034,2026-02-18,cancelled,android
7955,895,2025-11-10,paid,web
7956,76,2026-01-18,paid,ios
7957,805,2026-02-18,paid,web
7958,1111,2026-03-06,cancelled,phone
7959,852,2025-10-16,cancelled,web
7960,754,2025-09-27,paid,web
7961,1102,2026-01-15,paid,web
7962,716,2026-01-07,cancelled,web
7963,296,2025-11-19,refunded,web
7964,812,2025-12-28,refunded,web
7965,611,2026-02-09,paid,ios
7966,506,2026-01-30,paid,web
7967,734,2025-12-08,paid,android
7968,590,2026-02-14,paid,web
7969,663,2026-03-12,cancelled,ios
7970,950,2025-12-21,cancelled,web
7971,45,2026-01-29,paid,web
7972,161,2026-03-07,paid,web
7973,2,2025-11-12,paid,web
7974,1139,2025-11-06,paid,android
7975,363,2025-10-05,paid,web
7976,1186,2025-12-12,paid,web
7977,876,2026-02-11,paid,web
7978,952,2026-02-27,paid,web
7979,108,2026-02-16,paid,web
7980,463,2025-10-28,cancelled,web
7981,85,2026-01-31,cancelled,web
7982,1024,2026-01-30,cancelled,web
7983,391,2025-09-19,paid,web
7984,1138,2025-11-10,cancelled,web
7985,1160,2025-09-30,paid,web
7986,365,2026-03-04,paid,web
7987,836,2025-10-24,cancelled,ios
7988,482,2025-09-25,paid,android
7989,1189,2025-11-17,paid,web
7990,20,2025-09-17,cancelled,ios
7991,29,2025-11-24,paid,web
7992,1016,2026-02-08,paid,ios
7993,760,2025-11-03,paid,android
7994,171,2025-09-29,cancelled,android
7995,337,2025-11-03,paid,web
7996,83,2025-11-06,paid,web
7997,442,2026-03-02,paid,web
7998,157,2026-01-30,paid,ios
7999,620,2026-01-17,paid,ios
8000,1069,2025-10-11,refunded,web
8001,828,2025-12-24,refunded,ios
8002,155,2026-03-08,paid,android
8003,615,2026-02-12,paid,web
8004,705,2025-12-11,paid,android
8005,434,2026-01-21,paid,web
8006,151,2025-12-07,refunded,web
8007,943,2025-11-30,paid,web
8008,969,2025-10-09,paid,web
8009,940,2026-01-21,refunded,web
8010,1142,2025-12-07,paid,ios
8011,101,2025-11-29,paid,android
8012,322,2026-01-01,refunded,web
8013,396,2025-10-22,paid,web
8014,567,2025-12-06,refunded,web
8015,629,2025-12-06,cancelled,web
8016,801,2025-11-14,paid,web
8017,647,2026-02-03,refunded,android
8018,369,2025-10-07,paid,web
8019,837,2025-11-06,refunded,web
8020,879,2025-11-16,cancelled,web
8021,117,2026-03-06,refunded,android
8022,497,2025-10-23,paid,web
8023,464,2025-11-08,paid,web
8024,250,2025-11-08,refunded,ios
8025,379,2025-11-17,paid,ios
8026,600,2025-09-29,cancelled,android
8027,390,2025-10-28,paid,ios
8028,832,2026-01-15,paid,web
8029,705,2026-01-21,refunded,android
8030,661,2025-12-16,paid,web
8031,100,2026-02-23,paid,android
8032,679,2026-01-09,refunded,web
8033,287,2026-02-19,refunded,web
8034,654,2025-10-30,refunded,ios
8035,800,2025-12-08,cancelled,web
8036,1110,2025-12-23,paid,web
8037,254,2025-09-23,cancelled,android
8038,68,2025-09-22,refunded,ios
8039,1116,2026-02-17,refunded,ios
8040,814,2025-09-15,refunded,web
8041,849,2025-09-27,paid,ios
8042,1131,2025-12-18,paid,web
8043,1110,2026-01-10,refunded,web
8044,465,2025-11-12,cancelled,web
8045,487,2026-02-13,cancelled,ios
8046,662,2025-09-17,paid,web
8047,780,2026-01-06,paid,web
8048,669,2025-09-24,cancelled,android
8049,993,2026-01-28,refunded,android
8050,678,2025-12-07,paid,ios
8051,793,2025-11-26,refunded,ios
8052,265,2026-02-09,paid,android
8053,636,2025-10-11,paid,web
8054,256,2025-10-27,refunded,web
8055,197,2025-12-02,paid,web
8056,970,2025-12-16,cancelled,web
8057,725,2026-02-16,paid,web
8058,293,2026-03-12,paid,web
8059,27,2026-02-19,paid,web
8060,42,2025-12-05,paid,web
8061,967,2026-01-27,cancelled,web
8062,811,2025-10-01,paid,web
8063,1028,2026-02-17,refunded,android
8064,868,2025-11-19,paid,web
8065,517,2025-09-13,paid,web
8066,1114,2026-01-22,refunded,web
8067,155,2025-12-06,paid,web
8068,943,2025-12-15,paid,web
8069,492,2025-12-09,refunded,web
8070,142,2026-02-04,refunded,web
8071,190,2025-12-20,paid,android
8072,435,2025-11-01,refunded,phone
8073,427,2026-03-05,cancelled,ios
8074,1188,2026-02-14,cancelled,android
8075,222,2026-01-13,refunded,web
8076,952,2026-02-24,paid,web
8077,691,2025-11-16,cancelled,android
8078,586,2026-03-05,refunded,android
8079,1157,2026-02-22,refunded,web
8080,879,2026-01-13,paid,web
8081,59,2025-10-09,paid,web
8082,232,2025-11-25,paid,web
8083,1113,2026-02-15,refunded,web
8084,1124,2025-12-06,cancelled,android
8085,444,2026-02-28,refunded,ios
8086,230,2026-02-07,paid,android
8087,375,2025-11-13,paid,web
8088,805,2025-09-26,cancelled,android
8089,281,2025-12-10,cancelled,web
8090,910,2025-12-18,refunded,web
8091,261,2026-02-14,paid,android
8092,79,2026-01-23,paid,web
8093,324,2026-01-03,cancelled,web
8094,33,2026-02-12,paid,web
8095,1156,2025-12-10,cancelled,android
8096,977,2025-12-22,paid,ios
8097,624,2025-12-30,cancelled,web
8098,129,2026-02-16,paid,ios
8099,1195,2025-12-02,cancelled,web
8100,577,2025-11-14,paid,ios
8101,1066,2025-09-29,refunded,android
8102,1165,2025-10-17,paid,web
8103,108,2025-09-27,paid,web
8104,375,2025-12-14,paid,android
8105,565,2025-10-31,paid,web
8106,293,2026-03-10,cancelled,android
8107,1148,2025-11-26,refunded,android
8108,66,2026-02-28,paid,phone
8109,1167,2026-02-26,paid,ios
8110,751,2026-01-26,paid,web
8111,1163,2025-12-02,refunded,android
8112,339,2025-11-10,cancelled,web
8113,732,2026-02-25,refunded,ios
8114,1118,2025-11-14,paid,web
8115,347,2026-01-27,paid,android
8116,148,2025-12-06,paid,web
8117,87,2026-03-03,paid,android
8118,527,2025-10-20,paid,web
8119,393,2025-10-31,cancelled,web
8120,90,2026-02-14,paid,web
8121,839,2025-10-07,paid,android
8122,525,2025-09-18,paid,android
8123,914,2025-12-18,paid,web
8124,908,2025-11-13,paid,android
8125,758,2025-09-28,paid,web
8126,17,2025-10-13,paid,ios
8127,1000,2026-03-12,cancelled,ios
8128,381,2025-11-27,paid,web
8129,220,2025-09-21,paid,web
8130,191,2025-10-29,refunded,web
8131,507,2025-10-09,refunded,web
8132,1145,2025-10-17,refunded,phone
8133,833,2025-10-12,paid,web
8134,1012,2025-09-28,paid,web
8135,1133,2025-10-09,paid,web
8136,134,2026-02-20,paid,android
8137,1005,2026-01-22,paid,ios
8138,577,2026-01-03,refunded,ios
8139,457,2026-01-25,cancelled,android
8140,929,2026-01-14,paid,web
8141,1042,2026-02-18,paid,ios
8142,189,2026-02-08,paid,web
8143,576,2026-02-14,refunded,web
8144,850,2025-11-19,paid,ios
8145,775,2025-11-11,cancelled,web
8146,253,2026-01-13,cancelled,web
8147,814,2026-02-15,cancelled,web
8148,1095,2025-11-30,cancelled,web
8149,145,2025-12-14,cancelled,android
8150,455,2025-09-28,refunded,web
8151,1055,2026-02-28,refunded,web
8152,743,2025-12-04,paid,web
8153,665,2025-12-23,refunded,web
8154,69,2025-11-16,refunded,web
8155,629,2026-02-04,paid,web
8156,792,2025-10-06,paid,web
8157,982,2026-01-04,paid,android
8158,215,2026-01-28,refunded,android
8159,412,2025-10-06,refunded,ios
8160,457,2025-10-10,paid,web
8161,800,2026-01-12,refunded,ios
8162,1193,2026-01-12,cancelled,web
8163,796,2026-02-18,paid,web
8164,61,2026-01-31,cancelled,ios
8165,47,2025-10-09,paid,web
8166,676,2025-09-16,paid,web
8167,703,2026-02-22,paid,web
8168,1159,2025-11-26,cancelled,web
8169,172,2026-02-26,cancelled,web
8170,690,2025-11-01,paid,web
8171,225,2026-01-11,paid,web
8172,1041,2025-12-05,paid,android
8173,210,2026-01-31,paid,android
8174,727,2026-02-28,paid,web
8175,788,2025-09-13,refunded,web
8176,726,2026-01-30,paid,web
8177,413,2025-12-30,cancelled,web
8178,926,2026-01-26,refunded,web
8179,527,2025-12-16,cancelled,web
8180,1129,2025-09-22,cancelled,android
8181,903,2026-03-12,refunded,web
8182,586,2026-02-22,paid,web
8183,524,2025-10-17,cancelled,web
8184,452,2026-03-06,paid,web
8185,253,2026-01-13,paid,ios
8186,432,2025-12-22,cancelled,android
8187,885,2025-11-25,paid,web
8188,228,2026-01-27,paid,web
8189,56,2026-02-24,paid,web
8190,1036,2026-01-21,paid,ios
8191,192,2025-12-21,paid,web
8192,26,2025-12-15,paid,android
8193,1040,2026-03-06,paid,android
8194,732,2026-02-05,paid,web
8195,752,2026-01-28,paid,web
8196,287,2025-10-08,paid,ios
8197,341,2026-02-13,paid,android
8198,695,2025-10-14,cancelled,web
8199,488,2026-02-10,paid,android
8200,921,2026-01-24,paid,phone
8201,366,2025-12-25,paid,ios
8202,913,2026-01-09,cancelled,web
8203,134,2026-02-21,paid,web
8204,918,2026-02-24,paid,ios
8205,1026,2026-02-06,paid,web
8206,957,2025-09-19,paid,android
8207,1182,2026-01-08,paid,ios
8208,182,2026-03-12,refunded,ios
8209,822,2025-11-09,paid,android
8210,369,2025-11-29,cancelled,android
8211,567,2026-01-22,paid,web
8212,687,2025-10-01,cancelled,web
8213,168,2025-12-07,paid,web
8214,1132,2025-09-22,paid,web
8215,664,2025-12-01,refunded,web
8216,1043,2026-02-08,paid,web
8217,498,2025-11-10,paid,web
8218,382,2025-12-18,paid,android
8219,997,2026-01-06,paid,web
8220,55,2026-01-10,cancelled,android
8221,19,2025-09-28,paid,web
8222,709,2025-11-06,paid,web
8223,28,2026-01-15,cancelled,web
8224,1010,2026-01-01,refunded,web
8225,157,2025-10-10,refunded,android
8226,703,2025-12-14,paid,web
8227,45,2026-03-11,refunded,phone
8228,1086,2025-11-21,paid,web
8229,798,2026-01-06,paid,ios
8230,286,2025-09-17,paid,ios
8231,631,2025-12-20,refunded,web
8232,1060,2026-01-13,paid,web
8233,577,2026-01-08,cancelled,android
8234,129,2025-10-07,refunded,android
8235,510,2026-02-03,paid,web
8236,568,2026-01-17,cancelled,android
8237,583,2026-01-09,paid,web
8238,454,2025-10-21,paid,web
8239,651,2026-01-19,refunded,web
8240,637,2025-09-13,paid,web
8241,332,2025-12-30,refunded,android
8242,549,2025-11-27,paid,phone
8243,190,2025-11-29,cancelled,web
8244,624,2025-11-22,cancelled,web
8245,1073,2025-11-25,cancelled,web
8246,873,2026-02-22,paid,web
8247,818,2025-10-25,paid,web
8248,709,2026-01-14,paid,web
8249,539,2026-01-18,refunded,web
8250,251,2025-10-30,paid,web
8251,495,2026-01-24,paid,web
8252,404,2025-12-19,refunded,web
8253,89,2025-11-04,cancelled,web
8254,138,2025-12-22,cancelled,web
8255,479,2025-12-21,refunded,web
8256,971,2025-10-28,cancelled,web
8257,503,2025-10-06,paid,web
8258,572,2025-11-30,refunded,ios
8259,766,2025-10-26,paid,android
8260,117,2026-01-21,refunded,web
8261,204,2025-12-20,paid,web
8262,167,2025-09-20,paid,web
8263,53,2025-11-13,refunded,ios
8264,153,2026-03-07,paid,android
8265,410,2025-10-28,paid,phone
8266,136,2026-01-15,cancelled,web
8267,981,2025-10-23,paid,android
8268,354,2026-01-01,paid,ios
8269,417,2026-01-19,paid,web
8270,526,2025-10-05,refunded,phone
8271,82,2025-12-21,paid,ios
8272,853,2026-03-01,paid,android
8273,636,2026-02-14,paid,web
8274,549,2025-12-10,cancelled,web
8275,191,2025-09-26,cancelled,phone
8276,762,2025-12-21,cancelled,web
8277,887,2026-01-05,paid,web
8278,891,2025-12-17,paid,phone
8279,795,2026-01-22,refunded,web
8280,913,2025-11-29,paid,web
8281,811,2026-03-10,paid,phone
8282,283,2025-09-15,refunded,ios
8283,525,2026-01-15,paid,phone
8284,658,2025-12-09,refunded,android
8285,816,2025-12-19,paid,android
8286,886,2025-12-31,cancelled,web
8287,15,2025-12-21,cancelled,web
8288,206,2026-03-07,refunded,web
8289,529,2025-10-17,paid,web
8290,621,2026-02-01,cancelled,android
8291,676,2025-12-26,paid,web
8292,263,2026-01-22,refunded,android
8293,285,2026-02-16,cancelled,web
8294,229,2025-09-13,cancelled,ios
8295,863,2026-01-30,paid,web
8296,176,2025-11-01,paid,web
8297,82,2025-12-26,paid,ios
8298,706,2026-01-07,paid,android
8299,780,2025-09-15,cancelled,web
8300,517,2025-11-03,cancelled,web
8301,289,2026-02-27,paid,android
8302,1007,2025-12-31,paid,android
8303,1022,2026-01-15,paid,ios
8304,694,2026-02-23,paid,web
8305,829,2026-02-10,refunded,ios
8306,875,2025-09-18,refunded,android
8307,245,2025-12-08,refunded,web
8308,1172,2025-10-23,refunded,android
8309,212,2026-03-04,cancelled,web
8310,215,2025-11-28,paid,web
8311,392,2025-09-21,paid,web
8312,1185,2025-09-13,cancelled,phone
8313,151,2026-02-16,paid,web
8314,615,2026-01-22,refunded,web
8315,887,2025-11-29,paid,phone
8316,87,2025-10-02,paid,ios
8317,849,2025-11-01,paid,web
8318,1032,2025-10-06,refunded,web
8319,342,2026-03-08,paid,web
8320,452,2026-01-24,paid,web
8321,1168,2025-11-10,paid,ios
8322,240,2026-01-08,cancelled,web
8323,600,2025-11-18,paid,web
8324,898,2025-11-30,paid,web
8325,105,2025-12-24,refunded,web
8326,43,2025-10-31,paid,web
8327,251,2025-10-05,refunded,web
8328,555,2026-02-05,paid,web
8329,492,2025-09-20,paid,web
8330,816,2026-01-08,paid,android
8331,933,2026-01-16,cancelled,web
8332,256,2025-10-03,refunded,ios
8333,942,2026-03-09,paid,web
8334,158,2025-12-31,paid,android
8335,125,2026-02-21,paid,web
8336,1133,2026-02-27,paid,web
8337,171,2025-10-03,cancelled,web
8338,796,2026-03-04,paid,web
8339,1093,2025-09-19,paid,android
8340,326,2025-10-27,paid,web
8341,703,2025-10-12,paid,android
8342,1199,2026-01-31,cancelled,android
8343,558,2025-09-13,cancelled,web
8344,63,2026-01-18,paid,web
8345,978,2025-12-28,cancelled,web
8346,870,2026-01-26,paid,web
8347,667,2026-02-26,paid,web
8348,77,2025-12-02,refunded,web
8349,367,2025-09-16,paid,web
8350,654,2025-10-12,cancelled,android
8351,415,2025-12-02,paid,web
8352,610,2026-01-27,paid,ios
8353,204,2026-03-07,paid,web
8354,581,2025-10-11,paid,ios
8355,373,2025-09-17,paid,android
8356,398,2026-02-23,paid,phone
8357,1117,2025-11-05,paid,phone
8358,480,2025-10-14,paid,phone
8359,193,2025-09-14,paid,android
8360,884,2026-03-06,cancelled,ios
8361,315,2025-10-29,refunded,android
8362,250,2026-01-30,paid,web
8363,533,2025-12-19,paid,phone
8364,305,2026-02-20,paid,web
8365,956,2026-03-05,refunded,android
8366,899,2026-02-08,paid,android
8367,1116,2025-12-15,refunded,phone
8368,812,2025-12-01,paid,web
8369,274,2025-11-15,paid,android
8370,202,2025-10-17,paid,web
8371,928,2025-12-28,cancelled,android
8372,480,2025-09-14,paid,phone
8373,397,2026-03-02,paid,phone
8374,138,2026-02-15,refunded,ios
8375,586,2026-01-17,paid,web
8376,1130,2025-12-23,paid,web
8377,1158,2026-02-22,cancelled,web
8378,558,2026-02-14,paid,ios
8379,392,2025-10-09,refunded,web
8380,1194,2025-10-20,paid,web
8381,892,2025-11-11,refunded,android
8382,90,2026-02-01,paid,android
8383,443,2026-01-27,paid,ios
8384,1188,2025-12-24,paid,web
8385,83,2025-12-08,cancelled,web
8386,237,2026-02-23,paid,web
8387,788,2025-12-29,paid,phone
8388,1169,2025-11-19,cancelled,web
8389,1172,2026-01-26,cancelled,web
8390,526,2026-02-26,paid,web
8391,351,2026-01-04,cancelled,ios
8392,277,2025-11-08,cancelled,ios
8393,349,2026-02-20,paid,ios
8394,177,2026-01-02,paid,android
8395,223,2026-01-25,paid,ios
8396,1017,2026-01-20,paid,web
8397,526,2025-12-26,paid,ios
8398,174,2025-12-20,paid,web
8399,935,2026-01-13,paid,web
8400,268,2025-11-11,refunded,web
8401,978,2025-11-14,cancelled,android
8402,1119,2025-10-19,refunded,phone
8403,1116,2025-11-13,paid,web
8404,22,2025-10-17,cancelled,android
8405,489,2026-01-15,refunded,phone
8406,123,2026-02-09,paid,android
8407,642,2025-09-26,paid,android
8408,962,2025-10-15,paid,web
8409,518,2026-02-22,paid,ios
8410,704,2025-11-11,paid,web
8411,565,2025-10-29,refunded,android
8412,105,2025-09-15,cancelled,web
8413,280,2026-03-06,paid,web
8414,529,2025-12-13,paid,web
8415,1062,2026-02-16,paid,web
8416,500,2025-12-06,paid,web
8417,181,2025-12-14,refunded,web
8418,380,2026-01-13,cancelled,web
8419,147,2025-10-03,refunded,web
8420,422,2025-12-07,cancelled,android
8421,1029,2025-12-03,paid,web
8422,905,2026-02-25,paid,android
8423,310,2026-01-05,cancelled,android
8424,470,2025-12-24,paid,ios
8425,657,2025-12-13,refunded,web
8426,499,2026-02-07,paid,web
8427,571,2026-03-10,paid,android
8428,52,2026-02-28,paid,web
8429,99,2026-03-02,paid,web
8430,1181,2025-12-26,paid,web
8431,166,2025-11-22,cancelled,web
8432,478,2025-10-20,refunded,phone
8433,520,2025-11-13,paid,web
8434,777,2025-11-02,paid,web
8435,531,2025-10-07,paid,web
8436,287,2026-02-19,paid,web
8437,437,2025-09-14,refunded,web
8438,78,2025-12-21,paid,ios
8439,391,2026-02-09,refunded,web
8440,4,2025-11-24,paid,ios
8441,558,2026-01-01,refunded,android
8442,439,2025-10-06,paid,web
8443,453,2026-02-01,paid,web
8444,76,2025-10-06,paid,ios
8445,697,2026-02-25,paid,android
8446,23,2025-12-23,cancelled,web
8447,922,2025-12-21,refunded,web
8448,676,2026-03-11,refunded,ios
8449,610,2025-10-04,paid,ios
8450,973,2026-01-16,cancelled,web
8451,389,2026-01-10,paid,ios
8452,415,2026-03-10,refunded,ios
8453,934,2026-03-12,paid,ios
8454,113,2025-10-30,cancelled,ios
8455,509,2026-02-08,paid,web
8456,1152,2025-12-25,refunded,android
8457,56,2025-10-06,cancelled,web
8458,344,2026-01-08,refunded,android
8459,836,2025-11-19,cancelled,phone
8460,643,2025-09-30,paid,phone
8461,349,2025-12-13,paid,phone
8462,730,2025-11-11,paid,android
8463,187,2026-02-24,paid,web
8464,719,2026-03-09,paid,web
8465,171,2025-12-21,paid,web
8466,843,2025-09-23,paid,web
8467,569,2025-11-11,paid,phone
8468,489,2026-01-12,paid,ios
8469,21,2026-03-06,paid,android
8470,230,2025-11-26,paid,android
8471,438,2026-02-18,refunded,ios
8472,601,2026-02-25,paid,web
8473,904,2026-03-03,cancelled,web
8474,502,2026-02-19,paid,web
8475,949,2025-12-15,cancelled,web
8476,244,2025-11-17,paid,web
8477,377,2025-11-25,paid,web
8478,437,2025-12-23,paid,phone
8479,699,2025-11-15,paid,web
8480,573,2025-09-28,paid,phone
8481,796,2026-03-03,paid,android
8482,276,2025-12-10,refunded,ios
8483,344,2025-12-03,paid,web
8484,96,2026-02-17,paid,web
8485,159,2025-11-01,refunded,ios
8486,896,2026-03-06,paid,web
8487,509,2026-01-13,paid,web
8488,997,2026-02-26,paid,ios
8489,1005,2025-12-16,paid,web
8490,1095,2025-11-15,paid,ios
8491,605,2025-12-18,paid,web
8492,756,2026-02-01,paid,phone
8493,312,2026-01-07,cancelled,web
8494,207,2026-02-19,refunded,web
8495,890,2025-12-22,paid,web
8496,130,2025-12-24,paid,web
8497,253,2025-11-08,paid,web
8498,450,2026-02-13,paid,web
8499,630,2025-12-02,cancelled,web
8500,1044,2026-01-31,cancelled,web
8501,41,2026-02-01,paid,ios
8502,886,2025-12-08,paid,web
8503,1136,2025-10-30,paid,web
8504,876,2026-02-03,refunded,web
8505,409,2026-02-24,paid,web
8506,307,2026-01-03,cancelled,web
8507,912,2025-11-03,paid,web
8508,897,2026-01-20,paid,android
8509,949,2026-02-26,refunded,web
8510,477,2026-01-13,paid,android
8511,979,2025-11-10,paid,android
8512,278,2025-11-28,paid,web
8513,151,2026-02-07,paid,ios
8514,842,2026-01-11,paid,android
8515,774,2025-12-20,paid,android
8516,678,2026-02-18,cancelled,ios
8517,1168,2026-02-06,paid,web
8518,556,2025-11-26,paid,web
8519,778,2025-11-13,cancelled,web
8520,481,2025-10-28,paid,android
8521,1187,2025-11-26,cancelled,ios
8522,1122,2025-10-07,paid,web
8523,1027,2025-10-13,cancelled,android
8524,176,2026-02-02,paid,android
8525,336,2025-09-21,refunded,ios
8526,538,2026-01-28,paid,web
8527,1047,2026-03-05,paid,android
8528,855,2025-11-25,paid,web
8529,859,2025-11-23,paid,web
8530,557,2026-03-09,cancelled,web
8531,262,2026-02-11,refunded,web
8532,1024,2026-01-24,paid,web
8533,70,2025-11-29,paid,android
8534,618,2026-01-26,cancelled,web
8535,353,2025-10-23,refunded,web
8536,172,2025-11-24,cancelled,web
8537,726,2025-12-20,refunded,web
8538,515,2026-02-27,paid,android
8539,1112,2025-11-22,paid,web
8540,1118,2026-01-24,refunded,android
8541,886,2026-02-16,paid,phone
8542,800,2025-11-11,paid,web
8543,48,2026-01-12,refunded,ios
8544,957,2026-01-13,refunded,phone
8545,957,2026-01-01,paid,phone
8546,318,2025-10-28,paid,web
8547,676,2025-11-17,paid,web
8548,636,2025-09-15,paid,phone
8549,178,2025-10-23,paid,phone
8550,701,2025-12-28,paid,phone
8551,1028,2025-11-30,paid,phone
8552,753,2026-02-05,paid,ios
8553,741,2025-12-27,cancelled,ios
8554,356,2026-01-28,cancelled,ios
8555,77,2025-11-05,paid,ios
8556,880,2025-10-08,cancelled,web
8557,942,2025-10-29,cancelled,ios
8558,256,2026-02-05,paid,ios
8559,933,2025-11-09,refunded,web
8560,52,2026-02-02,refunded,phone
8561,2,2026-01-01,paid,android
8562,396,2026-02-25,cancelled,web
8563,1194,2025-12-09,paid,web
8564,989,2025-12-21,refunded,android
8565,894,2025-10-27,paid,web
8566,285,2025-11-09,paid,web
8567,987,2025-11-11,paid,ios
8568,169,2025-12-04,paid,web
8569,686,2026-02-04,paid,web
8570,254,2025-10-24,paid,ios
8571,1189,2026-01-09,refunded,web
8572,293,2025-11-19,refunded,ios
8573,534,2025-10-06,refunded,web
8574,717,2025-11-26,refunded,ios
8575,19,2026-02-21,paid,android
8576,1072,2025-11-15,paid,web
8577,1039,2025-10-17,paid,ios
8578,329,2025-09-18,paid,android
8579,589,2025-09-22,cancelled,ios
8580,196,2025-11-23,paid,ios
8581,831,2025-11-01,paid,android
8582,52,2026-01-15,paid,phone
8583,300,2026-01-26,paid,web
8584,649,2026-01-25,paid,phone
8585,784,2026-01-20,paid,android
8586,158,2025-11-30,paid,ios
8587,576,2025-12-10,refunded,android
8588,168,2026-02-11,paid,ios
8589,772,2026-02-06,cancelled,web
8590,273,2026-02-19,paid,web
8591,775,2026-01-23,cancelled,web
8592,214,2026-01-19,paid,web
8593,958,2026-03-09,paid,android
8594,364,2025-10-12,cancelled,ios
8595,63,2025-11-05,paid,phone
8596,698,2025-11-09,paid,phone
8597,180,2025-10-14,paid,web
8598,364,2025-11-25,refunded,web
8599,517,2025-11-23,paid,web
8600,548,2025-12-09,paid,android
8601,760,2026-02-26,paid,android
8602,740,2025-11-25,paid,web
8603,1,2026-02-27,refunded,android
8604,862,2025-10-24,paid,web
8605,1140,2025-12-24,cancelled,web
8606,1043,2026-01-20,cancelled,web
8607,590,2025-09-19,paid,android
8608,1127,2025-10-08,refunded,phone
8609,792,2026-02-27,paid,web
8610,496,2025-10-12,paid,ios
8611,843,2025-12-13,paid,ios
8612,200,2025-12-21,paid,web
8613,585,2026-01-20,cancelled,android
8614,1114,2025-11-04,paid,ios
8615,476,2026-02-09,paid,web
8616,872,2026-01-03,paid,android
8617,885,2026-02-26,refunded,android
8618,886,2026-01-04,paid,android
8619,19,2026-03-08,cancelled,web
8620,722,2025-10-08,refunded,phone
8621,313,2025-12-25,cancelled,ios
8622,698,2025-11-02,paid,ios
8623,880,2025-12-08,refunded,web
8624,54,2025-11-20,paid,android
8625,627,2025-10-13,cancelled,web
8626,906,2025-12-22,paid,android
8627,856,2026-03-11,cancelled,web
8628,980,2025-12-20,paid,web
8629,389,2026-01-16,cancelled,android
8630,704,2025-11-18,refunded,ios
8631,614,2026-01-01,paid,ios
8632,376,2026-02-03,paid,web
8633,609,2025-10-25,refunded,web
8634,55,2026-01-03,paid,ios
8635,1069,2025-10-14,refunded,web
8636,87,2025-09-25,paid,web
8637,105,2025-09-30,paid,web
8638,353,2025-09-24,cancelled,web
8639,546,2025-10-24,refunded,ios
8640,825,2026-02-08,paid,android
8641,544,2025-12-15,paid,android
8642,958,2025-09-30,cancelled,android
8643,136,2026-01-27,cancelled,ios
8644,1168,2025-12-07,paid,web
8645,135,2026-01-29,paid,android
8646,347,2025-09-16,refunded,web
8647,1132,2025-12-26,paid,web
8648,645,2026-02-11,paid,phone
8649,494,2025-12-02,paid,ios
8650,257,2025-12-07,paid,web
8651,977,2025-12-07,cancelled,web
8652,162,2026-03-03,paid,phone
8653,304,2025-12-21,paid,web
8654,176,2026-01-07,paid,web
8655,513,2025-11-04,paid,web
8656,787,2025-12-13,paid,android
8657,812,2025-12-01,paid,ios
8658,356,2026-02-25,paid,web
8659,455,2025-09-20,refunded,web
8660,501,2026-02-16,refunded,android
8661,4,2026-01-09,paid,ios
8662,552,2026-01-15,refunded,web
8663,1133,2026-01-04,refunded,android
8664,371,2026-02-25,paid,web
8665,1050,2025-09-13,paid,web
8666,1183,2025-11-09,cancelled,ios
8667,614,2025-11-29,refunded,phone
8668,913,2025-11-04,paid,phone
8669,295,2025-12-16,paid,web
8670,260,2025-09-13,refunded,web
8671,157,2025-10-26,refunded,web
8672,1077,2025-12-22,paid,web
8673,51,2026-01-01,paid,web
8674,331,2025-10-12,refunded,web
8675,804,2026-01-01,cancelled,phone
8676,1014,2026-02-10,paid,ios
8677,987,2025-12-27,cancelled,web
8678,392,2025-12-22,cancelled,web
8679,792,2025-12-17,refunded,web
8680,1095,2025-12-07,paid,ios
8681,1168,2025-12-02,paid,web
8682,124,2026-01-05,paid,web
8683,874,2025-10-23,paid,web
8684,5,2025-12-02,paid,ios
8685,171,2026-02-08,cancelled,ios
8686,600,2026-03-09,paid,web
8687,684,2025-11-15,paid,web
8688,550,2026-02-26,cancelled,android
8689,666,2025-11-01,refunded,web
8690,1090,2026-01-03,cancelled,web
8691,522,2026-01-22,cancelled,ios
8692,763,2026-01-19,refunded,phone
8693,946,2025-09-27,paid,web
8694,1057,2026-01-13,cancelled,android
8695,99,2025-12-14,paid,android
8696,803,2025-10-03,cancelled,phone
8697,410,2026-01-13,paid,web
8698,846,2025-12-07,paid,android
8699,748,2026-03-02,paid,web
8700,716,2025-11-23,refunded,android
8701,106,2026-03-08,paid,web
8702,622,2025-11-13,paid,android
8703,561,2025-11-12,paid,web
8704,989,2025-09-26,cancelled,ios
8705,732,2026-02-07,refunded,ios
8706,894,2026-01-27,paid,android
8707,627,2025-12-16,cancelled,web
8708,1074,2026-02-03,refunded,web
8709,681,2026-01-31,paid,web
8710,946,2025-11-19,paid,android
8711,350,2025-10-16,paid,android
8712,1111,2025-12-19,paid,web
8713,18,2025-12-04,paid,phone
8714,1157,2026-01-14,cancelled,web
8715,502,2026-01-17,paid,phone
8716,633,2025-12-29,paid,phone
8717,850,2026-03-11,cancelled,android
8718,594,2026-02-21,paid,web
8719,720,2025-10-27,refunded,android
8720,167,2026-03-11,paid,ios
8721,547,2025-11-24,refunded,web
8722,463,2026-01-08,paid,web
8723,35,2026-01-30,cancelled,web
8724,126,2025-11-20,paid,android
8725,542,2026-01-26,cancelled,web
8726,1200,2026-03-11,cancelled,web
8727,855,2026-01-03,paid,web
8728,1018,2025-10-27,paid,web
8729,858,2026-02-16,refunded,ios
8730,520,2026-01-06,refunded,web
8731,957,2026-01-05,paid,web
8732,489,2026-02-03,paid,android
8733,19,2026-01-11,refunded,ios
8734,457,2026-01-21,refunded,android
8735,1080,2026-01-17,paid,web
8736,778,2025-09-29,paid,ios
8737,1058,2026-02-17,paid,ios
8738,667,2026-01-20,paid,web
8739,1076,2026-01-17,paid,web
8740,1014,2025-12-28,refunded,web
8741,1078,2025-11-12,paid,web
8742,332,2025-12-16,cancelled,ios
8743,176,2025-11-12,cancelled,web
8744,45,2026-02-21,paid,web
8745,1146,2026-02-05,paid,ios
8746,184,2025-11-16,cancelled,phone
8747,157,2026-02-22,paid,android
8748,505,2025-12-05,paid,web
8749,1036,2026-02-24,paid,web
8750,975,2026-01-22,paid,ios
8751,679,2025-11-20,paid,android
8752,1030,2025-12-23,paid,phone
8753,310,2025-10-03,refunded,web
8754,511,2026-01-05,paid,web
8755,602,2026-01-30,paid,web
8756,43,2026-02-13,paid,web
8757,734,2026-01-04,cancelled,web
8758,1179,2025-11-15,cancelled,ios
8759,942,2025-11-14,paid,phone
8760,886,2026-01-29,paid,web
8761,580,2026-03-12,paid,phone
8762,32,2025-12-14,cancelled,android
8763,338,2026-01-20,cancelled,phone
8764,860,2026-03-09,paid,android
8765,289,2025-11-25,paid,web
8766,1197,2026-02-23,cancelled,ios
8767,1120,2025-10-12,cancelled,web
8768,335,2025-10-06,paid,ios
8769,1108,2025-12-08,paid,web
8770,165,2026-01-05,paid,web
8771,603,2026-02-12,paid,web
8772,131,2025-09-27,paid,android
8773,624,2025-10-17,cancelled,web
8774,307,2026-01-16,paid,web
8775,788,2025-12-16,paid,web
8776,360,2026-01-18,paid,web
8777,976,2025-11-26,paid,web
8778,1102,2025-12-02,refunded,web
8779,967,2026-01-23,paid,web
8780,334,2026-02-19,refunded,ios
8781,415,2025-12-27,paid,web
8782,534,2025-09-25,refunded,phone
8783,404,2026-01-29,paid,web
8784,306,2025-12-03,paid,ios
8785,1091,2025-11-22,paid,web
8786,1028,2026-01-16,paid,web
8787,998,2025-11-28,paid,web
8788,829,2026-02-21,refunded,ios
8789,1067,2026-02-17,paid,web
8790,809,2026-01-27,paid,phone
8791,554,2026-01-14,cancelled,android
8792,590,2025-12-13,refunded,web
8793,628,2026-02-11,refunded,web
8794,835,2025-11-19,refunded,web
8795,765,2025-11-28,paid,ios
8796,1037,2026-02-11,cancelled,web
8797,929,2025-11-06,paid,phone
8798,212,2025-12-15,paid,ios
8799,1125,2025-10-04,paid,ios
8800,550,2025-10-16,refunded,web
8801,590,2025-12-03,paid,ios
8802,599,2025-11-22,paid,phone
8803,632,2025-12-11,refunded,ios
8804,704,2025-12-20,cancelled,web
8805,769,2026-03-02,cancelled,ios
8806,1107,2025-10-04,cancelled,web
8807,727,2026-02-19,paid,ios
8808,99,2025-12-04,paid,web
8809,264,2025-10-30,cancelled,web
8810,844,2025-10-09,paid,android
8811,927,2026-01-31,paid,web
8812,178,2025-09-25,paid,web
8813,1096,2025-12-11,paid,ios
8814,529,2025-12-02,paid,web
8815,281,2025-10-19,paid,web
8816,240,2025-11-13,paid,ios
8817,185,2026-02-24,cancelled,web
8818,768,2026-02-12,paid,web
8819,952,2025-09-15,paid,web
8820,266,2026-01-25,paid,web
8821,1061,2026-02-13,paid,web
8822,838,2026-01-15,paid,ios
8823,131,2025-09-30,paid,android
8824,945,2026-02-20,paid,web
8825,503,2025-12-05,cancelled,ios
8826,307,2025-11-30,cancelled,android
8827,846,2025-11-06,paid,web
8828,1069,2026-03-09,paid,web
8829,641,2025-10-12,paid,phone
8830,910,2026-02-05,cancelled,web
8831,782,2026-01-29,cancelled,android
8832,195,2026-02-22,paid,android
8833,602,2026-01-01,paid,ios
8834,829,2025-12-15,refunded,android
8835,824,2026-02-20,paid,web
8836,96,2025-12-29,paid,android
8837,366,2026-01-21,paid,phone
8838,390,2026-03-11,paid,android
8839,531,2025-09-22,cancelled,web
8840,207,2026-01-18,paid,web
8841,625,2026-02-23,paid,ios
8842,180,2026-02-15,refunded,web
8843,1128,2025-09-26,paid,ios
8844,369,2025-10-09,paid,web
8845,398,2026-02-10,refunded,web
8846,664,2025-09-28,refunded,web
8847,81,2025-10-15,paid,web
8848,721,2025-12-03,paid,android
8849,488,2026-01-21,paid,web
8850,1181,2026-01-23,paid,ios
8851,176,2025-11-29,refunded,web
8852,283,2025-09-20,cancelled,android
8853,981,2025-11-09,cancelled,android
8854,1105,2026-01-16,paid,android
8855,244,2025-11-05,paid,web
8856,1193,2025-10-18,cancelled,web
8857,397,2025-12-29,paid,ios
8858,1153,2025-12-24,paid,ios
8859,608,2025-09-19,paid,android
8860,19,2026-02-06,cancelled,web
8861,1112,2025-11-22,paid,android
8862,256,2025-12-31,refunded,ios
8863,787,2025-12-18,paid,ios
8864,966,2026-02-10,paid,ios
8865,484,2025-10-13,paid,web
8866,1197,2025-10-14,refunded,web
8867,945,2025-09-29,refunded,web
8868,999,2025-11-23,paid,ios
8869,489,2025-11-09,cancelled,android
8870,466,2025-12-20,paid,web
8871,872,2026-02-11,paid,web
8872,251,2025-09-30,paid,web
8873,158,2025-11-29,paid,web
8874,462,2025-11-12,refunded,web
8875,119,2025-09-13,paid,web
8876,1180,2025-09-26,paid,ios
8877,207,2025-12-30,paid,web
8878,768,2026-03-12,paid,web
8879,965,2026-02-18,paid,web
8880,112,2026-01-01,cancelled,web
8881,1004,2026-01-26,refunded,phone
8882,818,2025-12-17,paid,ios
8883,476,2025-12-01,paid,phone
8884,742,2025-12-28,paid,web
8885,260,2025-11-30,paid,web
8886,1034,2025-10-02,paid,web
8887,670,2025-10-30,paid,android
8888,1166,2025-10-09,paid,web
8889,581,2025-11-27,cancelled,web
8890,505,2025-12-11,paid,android
8891,441,2025-10-28,refunded,ios
8892,8,2025-11-08,cancelled,web
8893,824,2026-03-07,paid,android
8894,878,2026-02-23,refunded,ios
8895,382,2025-10-30,refunded,android
8896,13,2026-03-02,paid,android
8897,86,2025-09-26,cancelled,web
8898,305,2025-11-28,cancelled,ios
8899,591,2026-01-28,refunded,android
8900,663,2025-12-12,cancelled,ios
8901,481,2025-12-14,refunded,web
8902,845,2026-02-28,refunded,web
8903,164,2026-03-04,paid,web
8904,938,2025-09-20,refunded,phone
8905,104,2025-09-28,paid,android
8906,274,2026-03-01,paid,web
8907,188,2026-01-25,cancelled,android
8908,618,2025-12-18,paid,web
8909,582,2025-10-02,paid,android
8910,1159,2025-09-30,paid,android
8911,1092,2026-01-09,paid,web
8912,981,2026-02-20,cancelled,android
8913,736,2025-12-09,refunded,web
8914,252,2025-12-14,paid,ios
8915,654,2026-03-02,refunded,android
8916,1082,2025-10-27,cancelled,ios
8917,657,2025-10-05,paid,ios
8918,728,2025-09-22,paid,web
8919,1075,2025-12-31,paid,phone
8920,1072,2026-01-28,cancelled,ios
8921,539,2026-02-18,refunded,android
8922,1,2026-01-14,paid,ios
8923,6,2025-10-21,refunded,web
8924,919,2026-01-31,paid,web
8925,740,2025-10-23,paid,web
8926,1197,2026-02-18,paid,android
8927,50,2026-02-21,paid,android
8928,360,2025-11-25,paid,ios
8929,748,2026-01-30,paid,ios
8930,303,2026-01-30,refunded,web
8931,474,2025-12-27,paid,web
8932,1121,2025-09-22,paid,web
8933,1097,2026-02-13,cancelled,android
8934,161,2026-02-28,cancelled,web
8935,1189,2025-10-26,cancelled,web
8936,897,2025-12-20,refunded,web
8937,1163,2025-11-14,paid,phone
8938,1166,2026-01-13,cancelled,web
8939,1101,2025-12-25,paid,web
8940,947,2025-09-18,paid,android
8941,275,2026-02-26,paid,web
8942,446,2026-03-03,paid,web
8943,77,2025-12-09,paid,web
8944,529,2026-03-07,cancelled,phone
8945,494,2026-01-02,paid,ios
8946,1124,2025-09-14,cancelled,web
8947,110,2026-02-06,paid,web
8948,182,2025-11-30,paid,web
8949,587,2025-10-11,paid,web
8950,15,2025-11-11,paid,web
8951,509,2025-12-30,refunded,ios
8952,1111,2026-02-23,paid,web
8953,953,2025-09-17,paid,web
8954,459,2026-01-18,refunded,ios
8955,185,2025-12-13,cancelled,web
8956,617,2025-10-14,paid,web
8957,1131,2026-02-11,paid,web
8958,520,2025-11-01,paid,web
8959,533,2025-12-24,paid,web
8960,1199,2026-02-08,paid,ios
8961,483,2026-01-03,paid,ios
8962,71,2026-03-02,cancelled,android
8963,152,2025-12-18,paid,web
8964,294,2025-10-16,paid,android
8965,494,2026-01-22,paid,web
8966,60,2025-12-02,refunded,ios
8967,708,2025-11-25,cancelled,web
8968,405,2025-12-20,paid,android
8969,214,2026-01-30,paid,android
8970,537,2025-11-29,paid,web
8971,315,2025-10-07,refunded,web
8972,303,2025-12-09,paid,phone
8973,603,2026-02-13,paid,web
8974,96,2025-10-25,paid,web
8975,13,2026-03-04,paid,web
8976,1019,2025-10-30,paid,web
8977,468,2026-01-26,refunded,web
8978,349,2026-01-31,paid,web
8979,756,2026-01-27,paid,web
8980,47,2025-11-09,paid,web
8981,993,2026-02-14,paid,ios
8982,138,2026-03-07,paid,web
8983,206,2025-10-28,paid,web
8984,414,2026-02-18,paid,web
8985,728,2025-10-09,refunded,web
8986,456,2026-02-05,paid,android
8987,412,2026-01-11,paid,ios
8988,621,2026-02-10,refunded,web
8989,54,2026-01-03,cancelled,android
8990,322,2025-11-26,paid,ios
8991,1020,2025-09-30,paid,web
8992,693,2026-01-27,paid,web
8993,585,2026-01-07,refunded,web
8994,151,2025-11-18,paid,phone
8995,492,2025-10-17,paid,web
8996,56,2026-02-03,paid,web
8997,812,2025-10-05,paid,android
8998,609,2026-01-02,refunded,web
8999,223,2025-11-08,paid,web
9000,1141,2026-01-18,paid,web
