ticket_id,event_ts,new_status,actor_user_id
1,2025-10-12 08:00:00,closed,1449
1,2025-10-13 18:00:00,open,1449
1,2025-10-12 20:00:00,closed,1449
1,2025-10-13 20:00:00,closed,1449
1,2025-10-15 08:00:00,open,1449
1,2025-10-15 11:00:00,open,1449
1,2025-10-13 02:00:00,open,1449
1,2025-10-12 22:00:00,closed,1449
2,2025-12-25 09:00:00,open,1606
2,2025-12-26 14:00:00,open,1606
2,2025-12-27 07:00:00,open,1606
2,2025-12-29 18:00:00,open,1606
2,2025-12-31 05:00:00,pending,1606
2,2025-12-25 14:00:00,open,1606
2,2025-12-31 15:00:00,closed,1606
3,2026-01-30 06:00:00,solved,351
3,2026-01-30 09:00:00,closed,351
3,2026-01-30 20:00:00,pending,351
4,2025-10-12 00:00:00,solved,2411
4,2025-10-12 16:00:00,closed,2411
4,2025-10-14 20:00:00,solved,2411
4,2025-10-12 15:00:00,pending,2411
4,2025-10-13 00:00:00,solved,2411
4,2025-10-13 06:00:00,open,2411
4,2025-10-13 18:00:00,solved,2411
4,2025-10-18 10:00:00,open,2411
5,2025-12-01 01:00:00,pending,1580
5,2025-12-02 10:00:00,closed,1580
5,2025-12-02 05:00:00,solved,1580
5,2025-12-01 07:00:00,open,1580
5,2025-12-02 05:00:00,pending,1580
5,2025-12-01 11:00:00,closed,1580
5,2025-12-04 13:00:00,closed,1580
6,2026-02-10 05:00:00,open,1553
6,2026-02-11 08:00:00,open,1553
6,2026-02-11 21:00:00,closed,1553
6,2026-02-10 11:00:00,open,1553
6,2026-02-15 13:00:00,pending,1553
7,2026-02-28 11:00:00,open,1096
7,2026-02-28 14:00:00,open,1096
7,2026-03-03 03:00:00,solved,1096
7,2026-03-01 02:00:00,pending,1096
7,2026-03-06 03:00:00,closed,1096
8,2025-11-20 09:00:00,solved,2454
8,2025-11-20 18:00:00,pending,2454
8,2025-11-21 05:00:00,pending,2454
8,2025-11-20 18:00:00,closed,2454
8,2025-11-20 17:00:00,closed,2454
9,2025-11-23 09:00:00,open,2251
9,2025-11-23 22:00:00,open,2251
9,2025-11-24 17:00:00,closed,2251
10,2025-10-16 05:00:00,open,1240
10,2025-10-16 12:00:00,pending,1240
10,2025-10-18 03:00:00,closed,1240
11,2025-11-02 03:00:00,pending,1859
11,2025-11-02 22:00:00,open,1859
11,2025-11-02 15:00:00,pending,1859
11,2025-11-05 18:00:00,pending,1859
11,2025-11-04 07:00:00,open,1859
12,2025-10-11 04:00:00,pending,702
12,2025-10-11 19:00:00,pending,702
12,2025-10-12 22:00:00,solved,702
13,2025-12-17 03:00:00,closed,1772
13,2025-12-17 13:00:00,pending,1772
13,2025-12-20 03:00:00,pending,1772
13,2025-12-19 15:00:00,pending,1772
13,2025-12-22 03:00:00,closed,1772
14,2026-01-28 06:00:00,solved,1638
14,2026-01-28 12:00:00,closed,1638
15,2026-01-11 06:00:00,open,710
15,2026-01-11 13:00:00,closed,710
16,2025-11-15 01:00:00,pending,2044
16,2025-11-15 12:00:00,pending,2044
16,2025-11-15 19:00:00,open,2044
16,2025-11-19 01:00:00,open,2044
16,2025-11-16 13:00:00,pending,2044
17,2025-11-15 12:00:00,closed,2121
17,2025-11-15 16:00:00,open,2121
17,2025-11-16 06:00:00,pending,2121
17,2025-11-19 00:00:00,pending,2121
17,2025-11-16 20:00:00,closed,2121
18,2026-02-22 06:00:00,open,121
18,2026-02-22 22:00:00,closed,121
19,2026-02-24 08:00:00,closed,1907
19,2026-02-25 14:00:00,solved,1907
19,2026-02-24 14:00:00,open,1907
19,2026-02-26 20:00:00,closed,1907
20,2025-10-17 01:00:00,pending,71
20,2025-10-17 08:00:00,solved,71
20,2025-10-18 17:00:00,solved,71
20,2025-10-18 22:00:00,closed,71
21,2026-01-19 06:00:00,pending,2353
21,2026-01-20 09:00:00,open,2353
22,2026-01-20 02:00:00,solved,827
22,2026-01-20 08:00:00,pending,827
22,2026-01-21 10:00:00,solved,827
22,2026-01-23 23:00:00,pending,827
22,2026-01-22 18:00:00,open,827
22,2026-01-22 09:00:00,closed,827
23,2026-01-26 07:00:00,pending,1895
23,2026-01-27 17:00:00,closed,1895
23,2026-01-26 13:00:00,solved,1895
23,2026-01-28 22:00:00,closed,1895
24,2025-10-25 11:00:00,pending,983
24,2025-10-26 14:00:00,open,983
24,2025-10-26 09:00:00,pending,983
24,2025-10-28 20:00:00,solved,983
24,2025-10-25 23:00:00,pending,983
24,2025-10-29 05:00:00,closed,983
24,2025-10-27 05:00:00,solved,983
24,2025-10-27 19:00:00,closed,983
25,2026-02-22 06:00:00,closed,255
25,2026-02-22 12:00:00,solved,255
25,2026-02-23 04:00:00,open,255
25,2026-02-25 00:00:00,open,255
25,2026-02-22 18:00:00,solved,255
25,2026-02-27 06:00:00,open,255
25,2026-02-27 00:00:00,closed,255
25,2026-02-26 08:00:00,closed,255
26,2025-12-04 11:00:00,open,575
26,2025-12-04 23:00:00,solved,575
26,2025-12-07 03:00:00,closed,575
27,2025-10-09 05:00:00,pending,290
27,2025-10-10 12:00:00,open,290
27,2025-10-10 23:00:00,solved,290
27,2025-10-13 11:00:00,closed,290
28,2025-11-06 06:00:00,closed,252
28,2025-11-07 04:00:00,solved,252
28,2025-11-07 22:00:00,pending,252
28,2025-11-08 12:00:00,closed,252
29,2026-01-02 12:00:00,solved,2480
29,2026-01-02 16:00:00,open,2480
29,2026-01-03 22:00:00,pending,2480
29,2026-01-06 15:00:00,open,2480
29,2026-01-05 12:00:00,pending,2480
29,2026-01-04 09:00:00,pending,2480
29,2026-01-05 00:00:00,closed,2480
30,2026-02-05 00:00:00,pending,1739
30,2026-02-05 01:00:00,solved,1739
30,2026-02-05 06:00:00,open,1739
30,2026-02-07 15:00:00,open,1739
30,2026-02-10 12:00:00,closed,1739
31,2026-02-05 04:00:00,open,2319
31,2026-02-05 08:00:00,solved,2319
31,2026-02-07 20:00:00,closed,2319
32,2025-12-28 07:00:00,closed,1162
32,2025-12-29 06:00:00,open,1162
33,2026-02-17 09:00:00,closed,2101
33,2026-02-17 10:00:00,solved,2101
33,2026-02-19 15:00:00,pending,2101
33,2026-02-19 09:00:00,open,2101
33,2026-02-22 17:00:00,solved,2101
33,2026-02-18 05:00:00,solved,2101
33,2026-02-22 03:00:00,pending,2101
34,2025-10-31 08:00:00,solved,479
34,2025-11-01 13:00:00,open,479
34,2025-11-01 04:00:00,closed,479
34,2025-11-04 08:00:00,pending,479
34,2025-11-04 20:00:00,open,479
34,2025-11-05 13:00:00,closed,479
35,2025-10-30 05:00:00,pending,1895
35,2025-10-30 11:00:00,closed,1895
35,2025-11-01 09:00:00,closed,1895
35,2025-11-02 17:00:00,open,1895
35,2025-11-02 01:00:00,closed,1895
36,2026-02-16 03:00:00,solved,797
36,2026-02-17 12:00:00,pending,797
36,2026-02-16 05:00:00,solved,797
36,2026-02-16 15:00:00,solved,797
36,2026-02-17 03:00:00,pending,797
36,2026-02-21 08:00:00,closed,797
37,2025-11-20 08:00:00,solved,1081
37,2025-11-21 05:00:00,open,1081
37,2025-11-21 00:00:00,pending,1081
37,2025-11-21 20:00:00,closed,1081
37,2025-11-22 12:00:00,closed,1081
37,2025-11-26 04:00:00,closed,1081
38,2025-11-18 05:00:00,closed,2329
38,2025-11-19 13:00:00,pending,2329
38,2025-11-19 23:00:00,open,2329
38,2025-11-21 17:00:00,open,2329
38,2025-11-19 21:00:00,closed,2329
39,2026-01-30 01:00:00,pending,1398
39,2026-01-30 16:00:00,open,1398
39,2026-01-31 09:00:00,open,1398
39,2026-01-30 19:00:00,open,1398
40,2025-10-18 11:00:00,open,1218
40,2025-10-19 15:00:00,closed,1218
40,2025-10-19 23:00:00,closed,1218
41,2026-02-07 11:00:00,pending,385
41,2026-02-08 09:00:00,pending,385
41,2026-02-09 11:00:00,open,385
41,2026-02-10 23:00:00,open,385
41,2026-02-09 23:00:00,open,385
41,2026-02-11 05:00:00,closed,385
42,2025-11-23 09:00:00,pending,1638
42,2025-11-24 01:00:00,pending,1638
42,2025-11-23 11:00:00,open,1638
42,2025-11-27 03:00:00,closed,1638
42,2025-11-27 21:00:00,solved,1638
42,2025-11-30 16:00:00,open,1638
42,2025-11-29 21:00:00,closed,1638
43,2025-10-02 08:00:00,closed,1312
43,2025-10-03 05:00:00,open,1312
43,2025-10-02 20:00:00,open,1312
43,2025-10-03 23:00:00,open,1312
43,2025-10-07 08:00:00,open,1312
43,2025-10-03 14:00:00,closed,1312
43,2025-10-06 08:00:00,closed,1312
44,2025-09-26 01:00:00,open,2188
44,2025-09-26 07:00:00,pending,2188
44,2025-09-27 03:00:00,pending,2188
44,2025-09-27 10:00:00,pending,2188
44,2025-09-29 09:00:00,solved,2188
44,2025-10-02 07:00:00,closed,2188
45,2025-11-04 12:00:00,pending,1239
45,2025-11-04 19:00:00,closed,1239
46,2025-10-31 07:00:00,open,1478
46,2025-10-31 10:00:00,pending,1478
46,2025-11-02 15:00:00,closed,1478
46,2025-11-03 16:00:00,closed,1478
46,2025-11-06 07:00:00,closed,1478
46,2025-11-05 07:00:00,open,1478
46,2025-11-04 19:00:00,closed,1478
47,2026-02-21 00:00:00,open,856
47,2026-02-22 06:00:00,open,856
47,2026-02-22 12:00:00,open,856
47,2026-02-25 00:00:00,solved,856
47,2026-02-24 08:00:00,pending,856
47,2026-02-26 00:00:00,closed,856
48,2025-12-18 10:00:00,pending,494
48,2025-12-18 11:00:00,open,494
48,2025-12-18 20:00:00,closed,494
48,2025-12-21 01:00:00,closed,494
48,2025-12-23 10:00:00,open,494
48,2025-12-24 01:00:00,pending,494
48,2025-12-25 22:00:00,closed,494
48,2025-12-19 14:00:00,closed,494
49,2025-09-26 09:00:00,pending,1024
49,2025-09-27 17:00:00,pending,1024
49,2025-09-29 03:00:00,pending,1024
49,2025-09-26 21:00:00,open,1024
49,2025-09-30 17:00:00,open,1024
49,2025-09-27 20:00:00,open,1024
49,2025-10-02 15:00:00,open,1024
49,2025-09-28 10:00:00,closed,1024
50,2025-11-16 12:00:00,open,1054
50,2025-11-17 12:00:00,open,1054
50,2025-11-18 06:00:00,solved,1054
50,2025-11-18 00:00:00,closed,1054
50,2025-11-17 12:00:00,open,1054
50,2025-11-17 08:00:00,pending,1054
50,2025-11-21 12:00:00,open,1054
50,2025-11-21 04:00:00,closed,1054
51,2025-11-22 07:00:00,pending,2028
51,2025-11-22 23:00:00,pending,2028
51,2025-11-23 17:00:00,open,2028
51,2025-11-24 16:00:00,solved,2028
51,2025-11-22 23:00:00,closed,2028
52,2025-09-27 11:00:00,open,2014
52,2025-09-28 18:00:00,open,2014
53,2026-01-01 09:00:00,pending,2216
53,2026-01-01 10:00:00,solved,2216
53,2026-01-02 03:00:00,solved,2216
53,2026-01-05 15:00:00,closed,2216
53,2026-01-03 21:00:00,closed,2216
53,2026-01-05 08:00:00,closed,2216
53,2026-01-07 09:00:00,closed,2216
54,2026-01-12 02:00:00,open,1844
54,2026-01-13 01:00:00,closed,1844
54,2026-01-13 10:00:00,closed,1844
54,2026-01-13 08:00:00,solved,1844
54,2026-01-16 14:00:00,closed,1844
55,2026-02-25 10:00:00,open,82
55,2026-02-26 21:00:00,open,82
55,2026-02-28 02:00:00,closed,82
56,2026-02-24 05:00:00,solved,841
56,2026-02-24 21:00:00,solved,841
56,2026-02-24 07:00:00,open,841
56,2026-02-24 08:00:00,solved,841
56,2026-02-28 17:00:00,closed,841
56,2026-03-02 01:00:00,pending,841
56,2026-02-26 23:00:00,closed,841
57,2025-12-08 10:00:00,pending,176
57,2025-12-08 15:00:00,open,176
57,2025-12-11 00:00:00,closed,176
58,2026-02-14 09:00:00,open,2093
58,2026-02-14 16:00:00,solved,2093
58,2026-02-15 07:00:00,solved,2093
58,2026-02-16 00:00:00,closed,2093
59,2025-09-25 12:00:00,open,2192
59,2025-09-26 00:00:00,pending,2192
59,2025-09-27 04:00:00,pending,2192
59,2025-09-26 21:00:00,open,2192
59,2025-09-27 16:00:00,closed,2192
59,2025-10-01 18:00:00,closed,2192
60,2025-12-08 06:00:00,closed,1596
60,2025-12-09 14:00:00,closed,1596
60,2025-12-09 20:00:00,closed,1596
60,2025-12-09 03:00:00,closed,1596
60,2025-12-10 22:00:00,closed,1596
61,2025-11-05 11:00:00,pending,616
61,2025-11-05 18:00:00,open,616
61,2025-11-08 03:00:00,pending,616
61,2025-11-09 11:00:00,closed,616
61,2025-11-07 03:00:00,open,616
61,2025-11-10 11:00:00,solved,616
62,2026-02-20 12:00:00,open,637
62,2026-02-21 10:00:00,solved,637
62,2026-02-20 20:00:00,pending,637
62,2026-02-21 09:00:00,pending,637
62,2026-02-20 16:00:00,closed,637
63,2025-12-17 12:00:00,closed,2186
63,2025-12-17 23:00:00,open,2186
63,2025-12-18 20:00:00,closed,2186
63,2025-12-20 15:00:00,open,2186
63,2025-12-22 00:00:00,closed,2186
63,2025-12-23 18:00:00,solved,2186
63,2025-12-18 12:00:00,closed,2186
63,2025-12-27 17:00:00,closed,2186
64,2025-12-18 10:00:00,closed,1063
64,2025-12-19 04:00:00,open,1063
64,2025-12-21 10:00:00,pending,1063
64,2025-12-22 13:00:00,pending,1063
64,2025-12-20 10:00:00,open,1063
64,2025-12-22 19:00:00,closed,1063
64,2025-12-20 10:00:00,solved,1063
65,2026-02-26 07:00:00,solved,1588
65,2026-02-27 19:00:00,open,1588
65,2026-02-28 11:00:00,pending,1588
65,2026-02-28 10:00:00,pending,1588
65,2026-03-04 03:00:00,pending,1588
65,2026-03-05 04:00:00,open,1588
65,2026-02-26 19:00:00,closed,1588
66,2025-11-13 07:00:00,open,952
66,2025-11-14 18:00:00,pending,952
66,2025-11-15 13:00:00,closed,952
66,2025-11-14 13:00:00,closed,952
67,2025-11-17 10:00:00,solved,1790
67,2025-11-18 22:00:00,pending,1790
67,2025-11-18 16:00:00,closed,1790
68,2025-12-01 05:00:00,pending,2337
68,2025-12-01 19:00:00,solved,2337
68,2025-12-03 11:00:00,open,2337
68,2025-12-02 14:00:00,pending,2337
69,2025-12-09 04:00:00,pending,403
69,2025-12-09 19:00:00,pending,403
69,2025-12-11 16:00:00,pending,403
69,2025-12-13 16:00:00,pending,403
69,2025-12-14 08:00:00,solved,403
69,2025-12-14 19:00:00,open,403
69,2025-12-17 10:00:00,closed,403
70,2025-09-22 08:00:00,solved,410
70,2025-09-22 13:00:00,pending,410
70,2025-09-22 18:00:00,closed,410
70,2025-09-25 14:00:00,closed,410
70,2025-09-25 00:00:00,solved,410
70,2025-09-28 19:00:00,closed,410
70,2025-09-22 20:00:00,open,410
70,2025-09-28 11:00:00,closed,410
71,2026-01-18 02:00:00,solved,1230
71,2026-01-18 03:00:00,open,1230
71,2026-01-19 20:00:00,open,1230
71,2026-01-22 05:00:00,solved,1230
71,2026-01-18 22:00:00,pending,1230
71,2026-01-25 04:00:00,closed,1230
72,2025-09-28 03:00:00,pending,1559
72,2025-09-28 08:00:00,closed,1559
72,2025-10-01 01:00:00,solved,1559
72,2025-10-02 09:00:00,closed,1559
72,2025-10-02 19:00:00,open,1559
72,2025-09-30 20:00:00,open,1559
72,2025-10-02 21:00:00,open,1559
72,2025-10-03 09:00:00,closed,1559
73,2025-09-22 00:00:00,pending,2320
73,2025-09-22 12:00:00,closed,2320
74,2025-10-23 11:00:00,pending,505
74,2025-10-24 03:00:00,pending,505
74,2025-10-24 03:00:00,pending,505
74,2025-10-24 20:00:00,closed,505
75,2026-02-02 01:00:00,solved,780
75,2026-02-02 18:00:00,open,780
75,2026-02-02 21:00:00,pending,780
75,2026-02-05 01:00:00,open,780
75,2026-02-06 09:00:00,pending,780
75,2026-02-06 15:00:00,pending,780
75,2026-02-05 13:00:00,closed,780
76,2026-02-26 02:00:00,pending,212
76,2026-02-27 12:00:00,closed,212
77,2026-01-14 08:00:00,open,19
77,2026-01-15 07:00:00,closed,19
77,2026-01-15 00:00:00,closed,19
77,2026-01-17 08:00:00,pending,19
77,2026-01-15 08:00:00,pending,19
77,2026-01-15 19:00:00,closed,19
78,2025-10-03 10:00:00,open,602
78,2025-10-04 19:00:00,solved,602
78,2025-10-04 14:00:00,pending,602
78,2025-10-04 16:00:00,pending,602
78,2025-10-03 18:00:00,solved,602
78,2025-10-07 19:00:00,closed,602
79,2025-12-06 06:00:00,closed,876
79,2025-12-07 18:00:00,pending,876
79,2025-12-07 20:00:00,closed,876
79,2025-12-10 00:00:00,closed,876
79,2025-12-09 18:00:00,pending,876
79,2025-12-10 00:00:00,solved,876
79,2025-12-15 00:00:00,open,876
79,2025-12-15 14:00:00,closed,876
80,2026-03-03 08:00:00,closed,2064
80,2026-03-04 12:00:00,closed,2064
80,2026-03-04 02:00:00,closed,2064
81,2025-10-06 06:00:00,open,847
81,2025-10-06 14:00:00,solved,847
81,2025-10-06 18:00:00,solved,847
81,2025-10-10 06:00:00,closed,847
82,2025-11-13 11:00:00,closed,1642
82,2025-11-14 14:00:00,open,1642
82,2025-11-16 03:00:00,open,1642
82,2025-11-17 17:00:00,open,1642
82,2025-11-18 07:00:00,closed,1642
82,2025-11-14 22:00:00,solved,1642
82,2025-11-16 11:00:00,closed,1642
83,2025-11-06 00:00:00,solved,387
83,2025-11-07 04:00:00,open,387
83,2025-11-08 02:00:00,closed,387
84,2026-02-15 01:00:00,solved,938
84,2026-02-15 12:00:00,pending,938
85,2025-10-18 09:00:00,open,1729
85,2025-10-18 19:00:00,open,1729
85,2025-10-18 17:00:00,pending,1729
85,2025-10-22 06:00:00,open,1729
85,2025-10-19 09:00:00,pending,1729
85,2025-10-23 09:00:00,closed,1729
85,2025-10-19 15:00:00,pending,1729
85,2025-10-21 07:00:00,closed,1729
86,2025-12-14 11:00:00,open,547
86,2025-12-14 19:00:00,closed,547
86,2025-12-15 15:00:00,open,547
86,2025-12-18 08:00:00,closed,547
86,2025-12-19 15:00:00,pending,547
86,2025-12-15 02:00:00,pending,547
86,2025-12-18 05:00:00,closed,547
87,2025-10-14 06:00:00,pending,183
87,2025-10-15 17:00:00,pending,183
87,2025-10-14 20:00:00,solved,183
87,2025-10-18 00:00:00,open,183
87,2025-10-16 14:00:00,open,183
88,2025-09-18 00:00:00,closed,1189
88,2025-09-19 07:00:00,closed,1189
89,2025-10-14 02:00:00,solved,719
89,2025-10-15 14:00:00,open,719
89,2025-10-16 04:00:00,open,719
89,2025-10-18 02:00:00,closed,719
89,2025-10-15 14:00:00,closed,719
89,2025-10-16 19:00:00,solved,719
89,2025-10-16 02:00:00,closed,719
90,2026-01-26 09:00:00,open,563
90,2026-01-26 16:00:00,open,563
90,2026-01-28 05:00:00,open,563
90,2026-01-29 09:00:00,closed,563
91,2026-01-22 10:00:00,open,2238
91,2026-01-23 18:00:00,solved,2238
91,2026-01-25 04:00:00,solved,2238
91,2026-01-26 07:00:00,open,2238
91,2026-01-24 02:00:00,pending,2238
91,2026-01-23 06:00:00,open,2238
91,2026-01-28 04:00:00,open,2238
91,2026-01-25 08:00:00,closed,2238
92,2025-09-15 01:00:00,closed,836
92,2025-09-16 12:00:00,solved,836
92,2025-09-16 15:00:00,closed,836
92,2025-09-16 16:00:00,pending,836
92,2025-09-17 17:00:00,pending,836
92,2025-09-19 00:00:00,open,836
93,2026-01-05 06:00:00,solved,299
93,2026-01-06 17:00:00,pending,299
94,2026-01-29 06:00:00,open,386
94,2026-01-30 12:00:00,closed,386
95,2026-02-02 10:00:00,solved,1719
95,2026-02-02 17:00:00,closed,1719
95,2026-02-03 22:00:00,pending,1719
95,2026-02-06 10:00:00,open,1719
95,2026-02-05 06:00:00,solved,1719
95,2026-02-05 03:00:00,open,1719
95,2026-02-06 10:00:00,pending,1719
95,2026-02-07 02:00:00,closed,1719
96,2025-12-30 09:00:00,pending,934
96,2025-12-31 13:00:00,pending,934
96,2025-12-31 09:00:00,pending,934
96,2026-01-02 21:00:00,open,934
96,2026-01-01 17:00:00,solved,934
96,2026-01-04 19:00:00,solved,934
96,2026-01-01 09:00:00,open,934
96,2026-01-04 08:00:00,closed,934
97,2026-01-26 09:00:00,open,585
97,2026-01-26 18:00:00,solved,585
97,2026-01-27 03:00:00,pending,585
97,2026-01-30 00:00:00,closed,585
97,2026-01-29 01:00:00,pending,585
97,2026-01-26 19:00:00,open,585
97,2026-02-02 15:00:00,open,585
98,2025-11-02 05:00:00,closed,1804
98,2025-11-03 03:00:00,pending,1804
98,2025-11-04 09:00:00,open,1804
98,2025-11-03 17:00:00,solved,1804
98,2025-11-07 01:00:00,pending,1804
98,2025-11-09 12:00:00,pending,1804
98,2025-11-06 11:00:00,open,1804
99,2025-12-03 02:00:00,pending,1235
99,2025-12-04 05:00:00,closed,1235
99,2025-12-03 10:00:00,pending,1235
99,2025-12-04 20:00:00,pending,1235
99,2025-12-04 02:00:00,closed,1235
99,2025-12-07 21:00:00,open,1235
99,2025-12-07 14:00:00,open,1235
99,2025-12-08 22:00:00,closed,1235
100,2025-12-19 05:00:00,closed,2065
100,2025-12-19 23:00:00,solved,2065
100,2025-12-20 17:00:00,pending,2065
100,2025-12-23 14:00:00,closed,2065
101,2025-11-11 06:00:00,closed,1148
101,2025-11-12 16:00:00,open,1148
101,2025-11-12 18:00:00,solved,1148
101,2025-11-12 06:00:00,pending,1148
101,2025-11-12 10:00:00,pending,1148
101,2025-11-17 02:00:00,open,1148
101,2025-11-14 18:00:00,closed,1148
102,2026-03-03 10:00:00,solved,865
102,2026-03-03 13:00:00,pending,865
103,2025-10-07 10:00:00,solved,689
103,2025-10-07 19:00:00,pending,689
103,2025-10-07 14:00:00,pending,689
103,2025-10-07 16:00:00,closed,689
103,2025-10-12 22:00:00,pending,689
103,2025-10-13 16:00:00,closed,689
104,2026-03-07 01:00:00,open,2434
104,2026-03-07 05:00:00,open,2434
104,2026-03-09 09:00:00,solved,2434
105,2026-02-08 00:00:00,pending,1607
105,2026-02-09 02:00:00,closed,1607
105,2026-02-08 14:00:00,pending,1607
105,2026-02-11 06:00:00,closed,1607
106,2025-09-16 01:00:00,closed,426
106,2025-09-16 20:00:00,open,426
106,2025-09-18 13:00:00,closed,426
106,2025-09-20 01:00:00,closed,426
107,2026-02-10 04:00:00,closed,2240
107,2026-02-11 00:00:00,open,2240
107,2026-02-12 14:00:00,closed,2240
108,2026-01-23 04:00:00,closed,2058
108,2026-01-24 11:00:00,pending,2058
108,2026-01-24 10:00:00,pending,2058
108,2026-01-25 16:00:00,open,2058
109,2026-02-21 02:00:00,solved,2110
109,2026-02-21 14:00:00,pending,2110
109,2026-02-23 00:00:00,pending,2110
109,2026-02-22 08:00:00,solved,2110
109,2026-02-21 14:00:00,solved,2110
109,2026-02-26 12:00:00,open,2110
109,2026-03-01 02:00:00,closed,2110
109,2026-02-28 16:00:00,closed,2110
110,2025-10-17 01:00:00,solved,1337
110,2025-10-18 12:00:00,closed,1337
110,2025-10-18 17:00:00,open,1337
110,2025-10-17 19:00:00,open,1337
110,2025-10-19 21:00:00,open,1337
110,2025-10-21 10:00:00,pending,1337
111,2026-02-05 03:00:00,solved,224
111,2026-02-06 01:00:00,solved,224
111,2026-02-07 21:00:00,closed,224
112,2026-01-05 12:00:00,closed,1670
112,2026-01-06 07:00:00,open,1670
112,2026-01-05 20:00:00,solved,1670
112,2026-01-09 12:00:00,open,1670
113,2025-11-04 01:00:00,open,1098
113,2025-11-04 18:00:00,closed,1098
113,2025-11-05 01:00:00,pending,1098
113,2025-11-07 13:00:00,closed,1098
114,2025-11-06 09:00:00,pending,193
114,2025-11-06 15:00:00,solved,193
114,2025-11-06 13:00:00,pending,193
114,2025-11-06 12:00:00,solved,193
114,2025-11-06 21:00:00,open,193
114,2025-11-13 16:00:00,open,193
114,2025-11-08 09:00:00,open,193
114,2025-11-09 07:00:00,closed,193
115,2026-01-01 10:00:00,solved,635
115,2026-01-01 22:00:00,open,635
115,2026-01-03 10:00:00,open,635
115,2026-01-01 19:00:00,solved,635
115,2026-01-06 14:00:00,open,635
115,2026-01-08 12:00:00,solved,635
115,2026-01-08 16:00:00,closed,635
116,2026-03-05 03:00:00,open,1018
116,2026-03-06 08:00:00,open,1018
116,2026-03-05 23:00:00,open,1018
116,2026-03-08 21:00:00,closed,1018
116,2026-03-08 23:00:00,open,1018
116,2026-03-05 23:00:00,open,1018
117,2026-02-11 02:00:00,solved,189
117,2026-02-11 05:00:00,pending,189
117,2026-02-11 04:00:00,pending,189
117,2026-02-11 23:00:00,closed,189
118,2026-02-23 04:00:00,closed,1751
118,2026-02-23 20:00:00,pending,1751
118,2026-02-23 22:00:00,pending,1751
118,2026-02-25 19:00:00,open,1751
118,2026-02-23 16:00:00,open,1751
118,2026-02-28 19:00:00,pending,1751
119,2025-12-05 12:00:00,pending,203
119,2025-12-05 19:00:00,pending,203
119,2025-12-06 22:00:00,pending,203
119,2025-12-08 03:00:00,open,203
119,2025-12-09 08:00:00,open,203
119,2025-12-05 17:00:00,pending,203
120,2025-10-16 12:00:00,open,295
120,2025-10-16 20:00:00,pending,295
120,2025-10-18 10:00:00,pending,295
120,2025-10-18 18:00:00,pending,295
120,2025-10-18 08:00:00,open,295
120,2025-10-22 23:00:00,open,295
120,2025-10-20 12:00:00,closed,295
121,2025-09-23 06:00:00,solved,179
121,2025-09-24 13:00:00,open,179
121,2025-09-25 02:00:00,open,179
121,2025-09-25 00:00:00,closed,179
121,2025-09-28 22:00:00,closed,179
122,2026-01-16 05:00:00,closed,1021
122,2026-01-16 08:00:00,closed,1021
122,2026-01-16 19:00:00,open,1021
122,2026-01-17 11:00:00,open,1021
122,2026-01-16 09:00:00,closed,1021
123,2025-12-28 10:00:00,open,1274
123,2025-12-28 13:00:00,closed,1274
123,2025-12-28 12:00:00,pending,1274
123,2025-12-31 04:00:00,open,1274
123,2025-12-30 22:00:00,solved,1274
123,2026-01-02 05:00:00,open,1274
123,2025-12-29 10:00:00,closed,1274
124,2026-02-03 09:00:00,pending,526
124,2026-02-03 10:00:00,open,526
125,2025-11-19 02:00:00,open,996
125,2025-11-19 06:00:00,pending,996
125,2025-11-19 18:00:00,pending,996
126,2025-10-20 11:00:00,open,2106
126,2025-10-20 14:00:00,closed,2106
127,2025-10-19 11:00:00,pending,2324
127,2025-10-19 17:00:00,pending,2324
127,2025-10-20 21:00:00,closed,2324
128,2025-10-04 09:00:00,open,798
128,2025-10-04 20:00:00,closed,798
129,2026-01-20 08:00:00,solved,894
129,2026-01-20 18:00:00,closed,894
129,2026-01-21 20:00:00,solved,894
129,2026-01-24 08:00:00,open,894
130,2026-01-15 04:00:00,open,1802
130,2026-01-15 09:00:00,pending,1802
130,2026-01-16 08:00:00,pending,1802
130,2026-01-18 13:00:00,closed,1802
130,2026-01-16 04:00:00,open,1802
130,2026-01-17 16:00:00,solved,1802
130,2026-01-15 10:00:00,open,1802
130,2026-01-23 08:00:00,closed,1802
131,2025-11-11 00:00:00,open,524
131,2025-11-12 11:00:00,pending,524
131,2025-11-13 20:00:00,open,524
131,2025-11-11 03:00:00,pending,524
131,2025-11-11 04:00:00,solved,524
131,2025-11-17 01:00:00,closed,524
131,2025-11-18 00:00:00,closed,524
131,2025-11-17 03:00:00,closed,524
132,2025-12-13 03:00:00,pending,2376
132,2025-12-14 00:00:00,open,2376
132,2025-12-14 19:00:00,pending,2376
132,2025-12-13 06:00:00,closed,2376
133,2025-11-29 01:00:00,closed,1246
133,2025-11-29 16:00:00,open,1246
133,2025-12-01 07:00:00,pending,1246
133,2025-12-01 07:00:00,solved,1246
133,2025-11-29 13:00:00,closed,1246
133,2025-12-04 06:00:00,closed,1246
134,2025-11-18 06:00:00,pending,198
134,2025-11-18 20:00:00,closed,198
134,2025-11-19 00:00:00,closed,198
134,2025-11-19 00:00:00,open,198
134,2025-11-20 10:00:00,closed,198
134,2025-11-23 06:00:00,closed,198
135,2025-12-18 09:00:00,pending,653
135,2025-12-19 18:00:00,open,653
135,2025-12-18 13:00:00,pending,653
136,2025-10-14 09:00:00,solved,794
136,2025-10-15 07:00:00,solved,794
136,2025-10-14 23:00:00,solved,794
136,2025-10-15 00:00:00,solved,794
136,2025-10-15 01:00:00,closed,794
136,2025-10-19 09:00:00,open,794
136,2025-10-20 03:00:00,pending,794
136,2025-10-21 02:00:00,solved,794
137,2026-03-12 05:00:00,pending,638
137,2026-03-13 13:00:00,open,638
137,2026-03-14 11:00:00,open,638
137,2026-03-16 05:00:00,open,638
137,2026-03-17 17:00:00,closed,638
138,2025-10-28 09:00:00,open,912
138,2025-10-29 08:00:00,closed,912
138,2025-10-31 07:00:00,pending,912
138,2025-10-30 03:00:00,closed,912
139,2025-10-09 07:00:00,pending,653
139,2025-10-10 13:00:00,pending,653
140,2025-11-24 03:00:00,open,294
140,2025-11-25 10:00:00,open,294
140,2025-11-25 01:00:00,closed,294
140,2025-11-24 21:00:00,closed,294
141,2025-12-04 03:00:00,pending,1065
141,2025-12-04 23:00:00,solved,1065
141,2025-12-05 05:00:00,pending,1065
141,2025-12-08 00:00:00,open,1065
141,2025-12-09 03:00:00,closed,1065
141,2025-12-11 00:00:00,open,1065
142,2026-01-11 01:00:00,pending,443
142,2026-01-12 05:00:00,open,443
142,2026-01-13 11:00:00,pending,443
142,2026-01-14 07:00:00,open,443
142,2026-01-15 13:00:00,closed,443
143,2025-12-14 02:00:00,closed,1512
143,2025-12-15 06:00:00,open,1512
143,2025-12-15 18:00:00,open,1512
143,2025-12-14 23:00:00,closed,1512
143,2025-12-14 06:00:00,solved,1512
143,2025-12-18 11:00:00,pending,1512
143,2025-12-18 20:00:00,pending,1512
143,2025-12-17 21:00:00,closed,1512
144,2025-12-12 00:00:00,open,839
144,2025-12-12 12:00:00,pending,839
144,2025-12-14 02:00:00,open,839
144,2025-12-16 12:00:00,closed,839
145,2026-03-06 04:00:00,open,2425
145,2026-03-07 15:00:00,open,2425
145,2026-03-09 04:00:00,closed,2425
146,2026-02-23 03:00:00,closed,1046
146,2026-02-23 11:00:00,open,1046
146,2026-02-25 01:00:00,open,1046
146,2026-02-24 12:00:00,closed,1046
146,2026-02-28 19:00:00,closed,1046
147,2026-02-17 03:00:00,solved,176
147,2026-02-18 02:00:00,closed,176
148,2026-02-23 09:00:00,pending,852
148,2026-02-24 00:00:00,open,852
148,2026-02-25 03:00:00,solved,852
148,2026-02-24 06:00:00,closed,852
148,2026-02-28 01:00:00,closed,852
148,2026-02-25 16:00:00,closed,852
149,2025-10-21 02:00:00,closed,127
149,2025-10-22 05:00:00,solved,127
149,2025-10-21 04:00:00,solved,127
149,2025-10-24 08:00:00,pending,127
149,2025-10-22 02:00:00,closed,127
149,2025-10-27 13:00:00,solved,127
149,2025-10-23 20:00:00,open,127
150,2026-03-12 12:00:00,closed,1204
150,2026-03-12 19:00:00,solved,1204
150,2026-03-14 06:00:00,pending,1204
150,2026-03-16 21:00:00,pending,1204
150,2026-03-14 00:00:00,open,1204
150,2026-03-16 06:00:00,pending,1204
151,2026-03-11 09:00:00,open,1381
151,2026-03-11 12:00:00,pending,1381
151,2026-03-13 03:00:00,solved,1381
151,2026-03-11 15:00:00,solved,1381
151,2026-03-13 09:00:00,solved,1381
152,2025-12-19 02:00:00,solved,2150
152,2025-12-20 03:00:00,closed,2150
153,2025-11-09 12:00:00,solved,1410
153,2025-11-09 21:00:00,open,1410
153,2025-11-10 12:00:00,open,1410
153,2025-11-14 00:00:00,open,1410
153,2025-11-13 04:00:00,solved,1410
153,2025-11-11 19:00:00,closed,1410
154,2026-02-10 02:00:00,pending,1483
154,2026-02-11 07:00:00,closed,1483
154,2026-02-10 16:00:00,open,1483
154,2026-02-12 11:00:00,open,1483
154,2026-02-12 18:00:00,pending,1483
154,2026-02-11 18:00:00,solved,1483
154,2026-02-13 02:00:00,closed,1483
155,2025-12-29 04:00:00,pending,1089
155,2025-12-29 21:00:00,solved,1089
156,2025-10-24 01:00:00,solved,117
156,2025-10-24 07:00:00,closed,117
156,2025-10-25 07:00:00,open,117
156,2025-10-25 01:00:00,closed,117
157,2026-02-07 04:00:00,open,2463
157,2026-02-07 16:00:00,pending,2463
157,2026-02-10 04:00:00,pending,2463
157,2026-02-08 01:00:00,open,2463
157,2026-02-08 08:00:00,pending,2463
158,2025-12-08 11:00:00,solved,1976
158,2025-12-08 17:00:00,pending,1976
158,2025-12-08 19:00:00,open,1976
158,2025-12-09 23:00:00,open,1976
158,2025-12-11 07:00:00,closed,1976
159,2025-12-05 07:00:00,open,874
159,2025-12-06 15:00:00,solved,874
160,2026-03-06 00:00:00,solved,933
160,2026-03-07 10:00:00,open,933
160,2026-03-08 22:00:00,closed,933
160,2026-03-07 21:00:00,closed,933
160,2026-03-07 16:00:00,open,933
160,2026-03-10 19:00:00,open,933
160,2026-03-07 06:00:00,pending,933
160,2026-03-14 11:00:00,closed,933
161,2026-02-13 08:00:00,open,594
161,2026-02-14 16:00:00,pending,594
161,2026-02-16 08:00:00,solved,594
161,2026-02-15 14:00:00,solved,594
161,2026-02-16 08:00:00,closed,594
162,2025-12-05 01:00:00,pending,2391
162,2025-12-06 07:00:00,open,2391
162,2025-12-06 13:00:00,pending,2391
162,2025-12-09 07:00:00,open,2391
162,2025-12-06 09:00:00,open,2391
162,2025-12-06 17:00:00,closed,2391
162,2025-12-13 01:00:00,solved,2391
162,2025-12-06 19:00:00,closed,2391
163,2025-12-24 03:00:00,open,2410
163,2025-12-24 08:00:00,pending,2410
163,2025-12-26 23:00:00,solved,2410
163,2025-12-26 09:00:00,closed,2410
163,2025-12-28 11:00:00,pending,2410
163,2025-12-27 01:00:00,open,2410
163,2025-12-25 03:00:00,closed,2410
164,2026-02-11 11:00:00,pending,1213
164,2026-02-11 23:00:00,pending,1213
164,2026-02-13 01:00:00,closed,1213
165,2025-12-13 06:00:00,pending,455
165,2025-12-13 23:00:00,closed,455
166,2026-02-08 00:00:00,closed,613
166,2026-02-08 06:00:00,closed,613
167,2026-02-13 09:00:00,open,2252
167,2026-02-14 02:00:00,solved,2252
167,2026-02-14 17:00:00,closed,2252
167,2026-02-16 21:00:00,pending,2252
167,2026-02-18 09:00:00,open,2252
167,2026-02-18 04:00:00,pending,2252
168,2026-02-27 05:00:00,closed,2427
168,2026-02-28 00:00:00,pending,2427
168,2026-03-01 15:00:00,solved,2427
168,2026-03-01 14:00:00,pending,2427
168,2026-02-27 21:00:00,closed,2427
169,2025-12-03 04:00:00,pending,200
169,2025-12-03 11:00:00,closed,200
170,2025-10-26 11:00:00,pending,2397
170,2025-10-27 12:00:00,open,2397
170,2025-10-28 17:00:00,solved,2397
170,2025-10-29 23:00:00,open,2397
170,2025-10-26 23:00:00,open,2397
170,2025-10-27 12:00:00,solved,2397
170,2025-10-27 05:00:00,pending,2397
170,2025-10-28 05:00:00,closed,2397
171,2025-10-17 06:00:00,pending,1832
171,2025-10-17 11:00:00,closed,1832
172,2025-12-15 03:00:00,open,1343
172,2025-12-16 09:00:00,pending,1343
172,2025-12-16 05:00:00,open,1343
172,2025-12-17 09:00:00,pending,1343
172,2025-12-17 11:00:00,pending,1343
172,2025-12-17 10:00:00,open,1343
172,2025-12-23 21:00:00,closed,1343
172,2025-12-19 19:00:00,closed,1343
173,2025-09-18 12:00:00,solved,454
173,2025-09-18 15:00:00,solved,454
173,2025-09-19 14:00:00,closed,454
174,2025-12-20 08:00:00,open,512
174,2025-12-21 01:00:00,closed,512
175,2026-01-08 06:00:00,pending,1737
175,2026-01-08 07:00:00,solved,1737
175,2026-01-10 20:00:00,closed,1737
176,2026-02-02 12:00:00,solved,919
176,2026-02-02 20:00:00,solved,919
176,2026-02-03 10:00:00,closed,919
177,2025-11-20 08:00:00,open,741
177,2025-11-21 03:00:00,solved,741
177,2025-11-21 00:00:00,closed,741
178,2026-02-10 04:00:00,open,1055
178,2026-02-11 13:00:00,closed,1055
178,2026-02-10 10:00:00,solved,1055
178,2026-02-12 10:00:00,closed,1055
179,2025-12-16 08:00:00,pending,1528
179,2025-12-17 06:00:00,closed,1528
180,2026-01-12 02:00:00,pending,1881
180,2026-01-12 12:00:00,closed,1881
181,2026-03-04 12:00:00,pending,672
181,2026-03-04 15:00:00,open,672
182,2026-01-03 04:00:00,solved,1817
182,2026-01-04 05:00:00,open,1817
182,2026-01-04 08:00:00,pending,1817
182,2026-01-04 10:00:00,closed,1817
182,2026-01-08 04:00:00,pending,1817
182,2026-01-08 19:00:00,solved,1817
182,2026-01-05 16:00:00,closed,1817
182,2026-01-11 22:00:00,open,1817
183,2026-01-19 12:00:00,pending,1630
183,2026-01-20 06:00:00,open,1630
183,2026-01-20 06:00:00,solved,1630
183,2026-01-23 03:00:00,pending,1630
183,2026-01-21 12:00:00,pending,1630
183,2026-01-19 17:00:00,open,1630
183,2026-01-26 18:00:00,pending,1630
183,2026-01-27 23:00:00,closed,1630
184,2026-02-10 08:00:00,closed,959
184,2026-02-11 15:00:00,solved,959
184,2026-02-10 18:00:00,pending,959
184,2026-02-13 11:00:00,pending,959
184,2026-02-15 08:00:00,pending,959
184,2026-02-13 06:00:00,closed,959
185,2026-01-26 06:00:00,closed,1381
185,2026-01-26 11:00:00,closed,1381
186,2025-12-29 01:00:00,pending,1666
186,2025-12-29 07:00:00,open,1666
186,2025-12-30 05:00:00,open,1666
186,2025-12-29 19:00:00,open,1666
186,2026-01-01 01:00:00,open,1666
186,2026-01-02 05:00:00,open,1666
186,2026-01-01 07:00:00,open,1666
186,2025-12-29 15:00:00,closed,1666
187,2025-12-13 11:00:00,pending,2228
187,2025-12-14 21:00:00,closed,2228
188,2026-03-07 04:00:00,closed,1785
188,2026-03-07 21:00:00,closed,1785
189,2025-12-04 02:00:00,open,47
189,2025-12-04 13:00:00,solved,47
189,2025-12-04 14:00:00,closed,47
190,2026-01-21 09:00:00,solved,1098
190,2026-01-21 19:00:00,open,1098
190,2026-01-24 07:00:00,pending,1098
190,2026-01-23 18:00:00,closed,1098
191,2026-02-09 05:00:00,open,1159
191,2026-02-10 11:00:00,pending,1159
191,2026-02-11 17:00:00,open,1159
191,2026-02-12 05:00:00,open,1159
191,2026-02-10 05:00:00,closed,1159
192,2026-02-13 09:00:00,open,528
192,2026-02-14 11:00:00,closed,528
193,2026-02-21 06:00:00,open,962
193,2026-02-21 23:00:00,closed,962
193,2026-02-22 20:00:00,open,962
193,2026-02-24 21:00:00,solved,962
193,2026-02-25 14:00:00,pending,962
193,2026-02-23 13:00:00,solved,962
193,2026-02-25 18:00:00,closed,962
194,2025-12-12 04:00:00,solved,1378
194,2025-12-13 14:00:00,closed,1378
195,2026-02-24 11:00:00,pending,434
195,2026-02-25 01:00:00,pending,434
195,2026-02-26 13:00:00,open,434
195,2026-02-25 20:00:00,open,434
195,2026-02-27 03:00:00,open,434
195,2026-03-01 01:00:00,open,434
195,2026-02-26 17:00:00,pending,434
195,2026-03-04 08:00:00,closed,434
196,2025-09-30 06:00:00,pending,1540
196,2025-10-01 04:00:00,solved,1540
196,2025-10-01 08:00:00,pending,1540
197,2025-10-03 03:00:00,solved,1995
197,2025-10-03 09:00:00,open,1995
197,2025-10-03 19:00:00,open,1995
197,2025-10-05 06:00:00,pending,1995
197,2025-10-07 23:00:00,closed,1995
197,2025-10-07 07:00:00,closed,1995
197,2025-10-07 03:00:00,closed,1995
198,2026-02-20 05:00:00,pending,2165
198,2026-02-20 15:00:00,pending,2165
198,2026-02-21 03:00:00,pending,2165
198,2026-02-22 11:00:00,solved,2165
198,2026-02-25 21:00:00,open,2165
198,2026-02-23 23:00:00,closed,2165
199,2026-01-03 03:00:00,open,1805
199,2026-01-04 14:00:00,closed,1805
200,2026-02-06 05:00:00,pending,246
200,2026-02-07 09:00:00,pending,246
200,2026-02-08 17:00:00,pending,246
200,2026-02-09 17:00:00,open,246
200,2026-02-09 17:00:00,closed,246
200,2026-02-08 07:00:00,closed,246
201,2025-09-28 06:00:00,closed,2316
201,2025-09-28 20:00:00,open,2316
201,2025-09-30 10:00:00,closed,2316
201,2025-10-02 12:00:00,solved,2316
201,2025-09-29 18:00:00,open,2316
201,2025-10-03 16:00:00,open,2316
201,2025-10-02 12:00:00,pending,2316
201,2025-09-30 07:00:00,closed,2316
202,2026-03-02 06:00:00,open,1419
202,2026-03-02 11:00:00,open,1419
202,2026-03-03 16:00:00,pending,1419
202,2026-03-02 15:00:00,open,1419
202,2026-03-06 18:00:00,closed,1419
202,2026-03-06 10:00:00,closed,1419
203,2026-03-05 08:00:00,open,1706
203,2026-03-06 02:00:00,open,1706
203,2026-03-07 04:00:00,open,1706
203,2026-03-06 11:00:00,closed,1706
204,2026-02-26 05:00:00,open,1067
204,2026-02-27 00:00:00,closed,1067
204,2026-02-26 19:00:00,open,1067
204,2026-02-27 14:00:00,open,1067
204,2026-02-28 09:00:00,pending,1067
205,2025-12-30 12:00:00,solved,1605
205,2025-12-30 20:00:00,pending,1605
205,2026-01-01 14:00:00,pending,1605
205,2026-01-01 18:00:00,pending,1605
205,2026-01-02 20:00:00,closed,1605
206,2025-11-27 03:00:00,closed,508
206,2025-11-27 09:00:00,closed,508
206,2025-11-29 11:00:00,pending,508
206,2025-11-28 18:00:00,closed,508
207,2025-11-15 01:00:00,open,846
207,2025-11-15 22:00:00,pending,846
207,2025-11-15 09:00:00,open,846
207,2025-11-19 04:00:00,open,846
207,2025-11-20 01:00:00,open,846
207,2025-11-21 02:00:00,closed,846
208,2025-09-22 07:00:00,closed,2310
208,2025-09-22 23:00:00,pending,2310
208,2025-09-25 03:00:00,solved,2310
208,2025-09-25 07:00:00,open,2310
208,2025-09-25 11:00:00,closed,2310
209,2025-10-28 12:00:00,closed,2017
209,2025-10-29 04:00:00,open,2017
209,2025-10-30 14:00:00,pending,2017
209,2025-11-01 15:00:00,closed,2017
209,2025-10-30 00:00:00,closed,2017
210,2025-11-24 07:00:00,solved,1043
210,2025-11-25 01:00:00,solved,1043
210,2025-11-27 05:00:00,solved,1043
210,2025-11-28 04:00:00,pending,1043
210,2025-11-29 15:00:00,open,1043
210,2025-11-28 16:00:00,closed,1043
211,2025-09-25 09:00:00,pending,216
211,2025-09-26 20:00:00,solved,216
211,2025-09-27 17:00:00,closed,216
212,2025-09-15 00:00:00,open,2388
212,2025-09-16 01:00:00,pending,2388
212,2025-09-15 14:00:00,open,2388
212,2025-09-16 06:00:00,closed,2388
213,2025-12-30 12:00:00,pending,704
213,2025-12-31 20:00:00,closed,704
213,2025-12-30 18:00:00,closed,704
214,2025-12-01 01:00:00,solved,588
214,2025-12-01 09:00:00,closed,588
214,2025-12-01 05:00:00,solved,588
214,2025-12-05 13:00:00,open,588
214,2025-12-06 05:00:00,pending,588
214,2025-12-07 12:00:00,closed,588
215,2025-12-16 11:00:00,closed,786
215,2025-12-17 12:00:00,solved,786
215,2025-12-19 09:00:00,solved,786
215,2025-12-19 17:00:00,closed,786
216,2026-03-07 00:00:00,solved,215
216,2026-03-08 03:00:00,open,215
216,2026-03-10 00:00:00,pending,215
216,2026-03-10 18:00:00,solved,215
216,2026-03-12 08:00:00,closed,215
216,2026-03-12 00:00:00,open,215
217,2025-10-03 02:00:00,open,2064
217,2025-10-03 11:00:00,closed,2064
217,2025-10-03 14:00:00,closed,2064
218,2026-02-27 01:00:00,pending,654
218,2026-02-28 12:00:00,closed,654
218,2026-03-01 07:00:00,closed,654
218,2026-03-02 16:00:00,pending,654
218,2026-03-02 13:00:00,closed,654
219,2026-01-30 11:00:00,closed,306
219,2026-01-31 13:00:00,pending,306
219,2026-02-01 01:00:00,solved,306
219,2026-01-30 20:00:00,solved,306
219,2026-01-30 15:00:00,pending,306
219,2026-02-03 20:00:00,closed,306
219,2026-02-07 11:00:00,solved,306
219,2026-02-07 15:00:00,closed,306
220,2025-12-25 01:00:00,pending,281
220,2025-12-25 08:00:00,open,281
220,2025-12-27 03:00:00,closed,281
221,2025-09-22 01:00:00,closed,1631
221,2025-09-23 03:00:00,pending,1631
221,2025-09-24 19:00:00,open,1631
221,2025-09-26 01:00:00,pending,1631
221,2025-09-24 13:00:00,open,1631
221,2025-09-25 04:00:00,closed,1631
222,2025-09-14 04:00:00,pending,1074
222,2025-09-15 01:00:00,solved,1074
222,2025-09-16 22:00:00,open,1074
222,2025-09-15 01:00:00,pending,1074
222,2025-09-18 08:00:00,closed,1074
223,2026-01-02 01:00:00,open,670
223,2026-01-02 23:00:00,solved,670
223,2026-01-03 05:00:00,pending,670
223,2026-01-06 13:00:00,open,670
223,2026-01-05 05:00:00,solved,670
223,2026-01-05 14:00:00,closed,670
224,2026-02-18 04:00:00,closed,1746
224,2026-02-19 12:00:00,closed,1746
224,2026-02-20 12:00:00,closed,1746
225,2025-09-20 04:00:00,solved,2321
225,2025-09-20 21:00:00,solved,2321
225,2025-09-22 14:00:00,pending,2321
225,2025-09-22 22:00:00,solved,2321
225,2025-09-21 00:00:00,closed,2321
225,2025-09-27 01:00:00,solved,2321
226,2026-03-06 00:00:00,pending,129
226,2026-03-06 06:00:00,closed,129
227,2025-10-17 05:00:00,pending,2438
227,2025-10-18 03:00:00,open,2438
227,2025-10-17 17:00:00,open,2438
227,2025-10-20 23:00:00,solved,2438
227,2025-10-17 09:00:00,closed,2438
228,2025-09-17 10:00:00,pending,1843
228,2025-09-18 03:00:00,pending,1843
228,2025-09-17 14:00:00,pending,1843
228,2025-09-18 01:00:00,pending,1843
228,2025-09-21 22:00:00,closed,1843
229,2026-02-12 04:00:00,open,322
229,2026-02-12 10:00:00,pending,322
229,2026-02-13 22:00:00,pending,322
229,2026-02-13 01:00:00,pending,322
229,2026-02-17 20:00:00,closed,322
230,2025-12-28 09:00:00,open,2302
230,2025-12-28 22:00:00,pending,2302
230,2025-12-30 23:00:00,solved,2302
230,2026-01-01 00:00:00,pending,2302
230,2025-12-29 01:00:00,solved,2302
230,2025-12-29 15:00:00,pending,2302
230,2025-12-29 21:00:00,open,2302
230,2026-01-07 07:00:00,closed,2302
231,2025-09-24 00:00:00,open,692
231,2025-09-24 05:00:00,pending,692
231,2025-09-26 20:00:00,closed,692
232,2025-12-15 04:00:00,open,1710
232,2025-12-15 18:00:00,pending,1710
232,2025-12-16 12:00:00,closed,1710
232,2025-12-17 22:00:00,closed,1710
232,2025-12-19 04:00:00,open,1710
232,2025-12-21 10:00:00,open,1710
232,2025-12-22 04:00:00,closed,1710
233,2026-02-24 12:00:00,open,1215
233,2026-02-25 00:00:00,pending,1215
233,2026-02-24 16:00:00,closed,1215
233,2026-02-26 06:00:00,closed,1215
234,2025-12-25 01:00:00,pending,263
234,2025-12-25 07:00:00,pending,263
234,2025-12-27 09:00:00,open,263
234,2025-12-28 04:00:00,pending,263
234,2025-12-27 21:00:00,pending,263
234,2025-12-31 12:00:00,pending,263
234,2025-12-25 13:00:00,pending,263
235,2025-12-11 08:00:00,open,1581
235,2025-12-12 04:00:00,solved,1581
235,2025-12-14 02:00:00,closed,1581
235,2025-12-13 02:00:00,solved,1581
236,2026-03-01 08:00:00,pending,1620
236,2026-03-02 17:00:00,solved,1620
236,2026-03-03 00:00:00,open,1620
236,2026-03-03 11:00:00,solved,1620
236,2026-03-04 16:00:00,closed,1620
236,2026-03-02 19:00:00,pending,1620
236,2026-03-05 08:00:00,closed,1620
237,2026-02-11 04:00:00,closed,597
237,2026-02-11 14:00:00,open,597
237,2026-02-11 06:00:00,closed,597
237,2026-02-15 07:00:00,open,597
237,2026-02-13 04:00:00,pending,597
237,2026-02-17 00:00:00,solved,597
237,2026-02-17 04:00:00,open,597
237,2026-02-13 12:00:00,closed,597
238,2026-02-14 11:00:00,pending,1334
238,2026-02-15 17:00:00,pending,1334
238,2026-02-17 09:00:00,closed,1334
238,2026-02-18 23:00:00,pending,1334
238,2026-02-16 19:00:00,closed,1334
238,2026-02-20 07:00:00,closed,1334
239,2026-01-24 09:00:00,pending,2289
239,2026-01-25 10:00:00,pending,2289
239,2026-01-25 19:00:00,open,2289
239,2026-01-28 12:00:00,pending,2289
239,2026-01-26 05:00:00,pending,2289
239,2026-01-30 05:00:00,open,2289
239,2026-01-30 21:00:00,closed,2289
240,2026-03-04 05:00:00,solved,1378
240,2026-03-04 18:00:00,pending,1378
240,2026-03-06 15:00:00,pending,1378
240,2026-03-05 20:00:00,pending,1378
241,2026-03-03 10:00:00,closed,2235
241,2026-03-03 22:00:00,pending,2235
241,2026-03-05 06:00:00,pending,2235
241,2026-03-04 13:00:00,open,2235
241,2026-03-09 06:00:00,closed,2235
242,2025-10-06 00:00:00,solved,551
242,2025-10-06 14:00:00,closed,551
243,2025-11-21 00:00:00,pending,1638
243,2025-11-22 00:00:00,closed,1638
243,2025-11-22 12:00:00,pending,1638
243,2025-11-22 18:00:00,open,1638
243,2025-11-24 08:00:00,solved,1638
243,2025-11-26 20:00:00,open,1638
244,2025-12-26 10:00:00,open,2444
244,2025-12-27 01:00:00,closed,2444
245,2026-02-06 06:00:00,solved,2321
245,2026-02-06 16:00:00,closed,2321
246,2026-02-14 12:00:00,solved,4
246,2026-02-15 13:00:00,solved,4
246,2026-02-16 18:00:00,open,4
246,2026-02-18 06:00:00,pending,4
246,2026-02-19 08:00:00,solved,4
246,2026-02-15 03:00:00,closed,4
247,2025-11-15 01:00:00,open,1192
247,2025-11-15 21:00:00,closed,1192
247,2025-11-16 19:00:00,open,1192
247,2025-11-16 16:00:00,open,1192
247,2025-11-18 09:00:00,open,1192
247,2025-11-16 12:00:00,closed,1192
248,2025-12-23 08:00:00,solved,2202
248,2025-12-23 12:00:00,solved,2202
249,2026-02-17 04:00:00,pending,616
249,2026-02-17 19:00:00,solved,616
249,2026-02-19 22:00:00,solved,616
249,2026-02-19 16:00:00,open,616
249,2026-02-18 08:00:00,closed,616
250,2025-12-05 00:00:00,solved,2124
250,2025-12-05 20:00:00,open,2124
250,2025-12-05 04:00:00,open,2124
250,2025-12-08 18:00:00,pending,2124
250,2025-12-08 16:00:00,pending,2124
250,2025-12-11 06:00:00,closed,2124
251,2025-10-09 08:00:00,closed,393
251,2025-10-10 19:00:00,solved,393
251,2025-10-09 10:00:00,open,393
251,2025-10-11 05:00:00,pending,393
251,2025-10-14 04:00:00,pending,393
251,2025-10-14 18:00:00,open,393
251,2025-10-11 08:00:00,closed,393
252,2026-03-03 11:00:00,open,886
252,2026-03-04 22:00:00,open,886
252,2026-03-03 19:00:00,pending,886
252,2026-03-03 17:00:00,closed,886
252,2026-03-08 11:00:00,closed,886
253,2025-09-26 07:00:00,closed,1714
253,2025-09-27 13:00:00,open,1714
253,2025-09-26 21:00:00,pending,1714
253,2025-09-29 16:00:00,open,1714
253,2025-10-01 15:00:00,open,1714
253,2025-09-28 19:00:00,open,1714
253,2025-10-04 07:00:00,open,1714
253,2025-10-06 12:00:00,closed,1714
254,2025-12-09 01:00:00,pending,1599
254,2025-12-10 08:00:00,closed,1599
254,2025-12-12 01:00:00,solved,1599
254,2025-12-13 13:00:00,closed,1599
255,2026-02-23 01:00:00,solved,2200
255,2026-02-24 06:00:00,pending,2200
255,2026-02-24 21:00:00,solved,2200
255,2026-02-27 04:00:00,pending,2200
255,2026-02-24 09:00:00,solved,2200
255,2026-02-24 07:00:00,pending,2200
255,2026-03-02 13:00:00,solved,2200
255,2026-02-25 09:00:00,closed,2200
256,2025-11-19 04:00:00,solved,1911
256,2025-11-19 15:00:00,open,1911
256,2025-11-21 00:00:00,closed,1911
257,2025-09-16 03:00:00,closed,204
257,2025-09-17 04:00:00,pending,204
257,2025-09-18 17:00:00,closed,204
257,2025-09-19 12:00:00,pending,204
257,2025-09-16 19:00:00,pending,204
257,2025-09-20 07:00:00,closed,204
257,2025-09-21 03:00:00,closed,204
258,2026-01-19 00:00:00,pending,735
258,2026-01-19 17:00:00,solved,735
258,2026-01-20 22:00:00,open,735
258,2026-01-21 00:00:00,solved,735
258,2026-01-21 20:00:00,solved,735
258,2026-01-24 00:00:00,closed,735
259,2025-12-15 00:00:00,pending,151
259,2025-12-16 05:00:00,closed,151
260,2025-12-08 11:00:00,open,1420
260,2025-12-09 14:00:00,open,1420
260,2025-12-10 05:00:00,pending,1420
260,2025-12-09 20:00:00,closed,1420
261,2026-02-19 09:00:00,open,1012
261,2026-02-19 17:00:00,pending,1012
261,2026-02-20 07:00:00,open,1012
261,2026-02-23 03:00:00,solved,1012
261,2026-02-19 17:00:00,pending,1012
261,2026-02-20 15:00:00,closed,1012
261,2026-02-28 03:00:00,closed,1012
262,2025-10-07 08:00:00,pending,773
262,2025-10-07 09:00:00,pending,773
262,2025-10-08 12:00:00,open,773
262,2025-10-10 05:00:00,closed,773
263,2025-10-13 02:00:00,open,1134
263,2025-10-14 09:00:00,open,1134
263,2025-10-15 04:00:00,closed,1134
263,2025-10-15 08:00:00,closed,1134
264,2025-09-17 04:00:00,open,1584
264,2025-09-18 01:00:00,pending,1584
264,2025-09-17 16:00:00,solved,1584
264,2025-09-17 13:00:00,pending,1584
264,2025-09-20 20:00:00,open,1584
264,2025-09-22 14:00:00,open,1584
264,2025-09-18 10:00:00,pending,1584
264,2025-09-23 14:00:00,pending,1584
265,2025-11-08 02:00:00,open,473
265,2025-11-09 05:00:00,closed,473
265,2025-11-10 20:00:00,open,473
265,2025-11-08 08:00:00,open,473
265,2025-11-13 22:00:00,pending,473
265,2025-11-12 06:00:00,closed,473
266,2025-12-14 07:00:00,open,388
266,2025-12-15 10:00:00,open,388
266,2025-12-16 01:00:00,pending,388
266,2025-12-16 16:00:00,pending,388
266,2025-12-18 23:00:00,pending,388
266,2025-12-16 09:00:00,open,388
266,2025-12-22 07:00:00,pending,388
267,2026-03-04 08:00:00,solved,350
267,2026-03-05 07:00:00,open,350
267,2026-03-05 12:00:00,closed,350
267,2026-03-08 14:00:00,solved,350
267,2026-03-09 08:00:00,solved,350
267,2026-03-11 00:00:00,closed,350
267,2026-03-07 08:00:00,open,350
267,2026-03-05 19:00:00,closed,350
268,2026-02-11 09:00:00,open,2182
268,2026-02-12 12:00:00,pending,2182
269,2025-12-30 03:00:00,pending,437
269,2025-12-30 04:00:00,open,437
269,2026-01-02 01:00:00,closed,437
270,2025-11-16 11:00:00,closed,1653
270,2025-11-16 16:00:00,pending,1653
270,2025-11-16 19:00:00,closed,1653
271,2025-11-28 06:00:00,open,1294
271,2025-11-29 01:00:00,open,1294
271,2025-11-30 18:00:00,closed,1294
272,2025-10-10 00:00:00,closed,159
272,2025-10-11 02:00:00,pending,159
272,2025-10-11 08:00:00,open,159
272,2025-10-12 18:00:00,open,159
272,2025-10-12 00:00:00,pending,159
273,2026-02-28 00:00:00,solved,1788
273,2026-02-28 04:00:00,pending,1788
273,2026-02-28 06:00:00,open,1788
273,2026-03-01 00:00:00,open,1788
273,2026-02-28 08:00:00,pending,1788
274,2026-01-31 01:00:00,open,1570
274,2026-02-01 00:00:00,pending,1570
274,2026-02-02 23:00:00,pending,1570
274,2026-02-03 16:00:00,closed,1570
275,2025-12-01 09:00:00,pending,762
275,2025-12-02 20:00:00,closed,762
275,2025-12-01 21:00:00,open,762
275,2025-12-02 09:00:00,solved,762
275,2025-12-01 21:00:00,open,762
275,2025-12-03 01:00:00,pending,762
276,2026-02-25 01:00:00,open,1884
276,2026-02-26 02:00:00,pending,1884
276,2026-02-25 15:00:00,pending,1884
276,2026-02-26 10:00:00,solved,1884
276,2026-02-26 13:00:00,solved,1884
276,2026-03-01 20:00:00,open,1884
276,2026-02-25 19:00:00,pending,1884
276,2026-02-28 20:00:00,closed,1884
277,2026-03-01 02:00:00,solved,1903
277,2026-03-02 06:00:00,solved,1903
277,2026-03-03 12:00:00,pending,1903
277,2026-03-04 08:00:00,closed,1903
277,2026-03-06 10:00:00,pending,1903
277,2026-03-01 12:00:00,solved,1903
277,2026-03-03 20:00:00,closed,1903
278,2025-10-16 02:00:00,pending,2146
278,2025-10-17 13:00:00,open,2146
278,2025-10-17 22:00:00,open,2146
278,2025-10-17 11:00:00,solved,2146
278,2025-10-18 02:00:00,closed,2146
279,2026-01-06 04:00:00,solved,244
279,2026-01-06 17:00:00,open,244
279,2026-01-08 14:00:00,pending,244
279,2026-01-09 04:00:00,closed,244
280,2025-12-24 07:00:00,solved,2451
280,2025-12-25 10:00:00,pending,2451
280,2025-12-24 23:00:00,open,2451
280,2025-12-27 04:00:00,solved,2451
280,2025-12-29 15:00:00,pending,2451
280,2025-12-27 05:00:00,pending,2451
281,2026-01-24 06:00:00,solved,1826
281,2026-01-25 11:00:00,pending,1826
281,2026-01-25 00:00:00,open,1826
281,2026-01-24 18:00:00,pending,1826
281,2026-01-26 18:00:00,pending,1826
281,2026-01-29 01:00:00,pending,1826
281,2026-01-30 06:00:00,solved,1826
281,2026-02-01 10:00:00,open,1826
282,2025-11-30 07:00:00,closed,1909
282,2025-12-01 10:00:00,solved,1909
282,2025-12-03 05:00:00,open,1909
282,2025-12-02 16:00:00,open,1909
282,2025-12-03 15:00:00,closed,1909
282,2025-12-07 04:00:00,open,1909
282,2025-12-03 13:00:00,closed,1909
283,2026-01-12 11:00:00,open,1380
283,2026-01-13 10:00:00,pending,1380
283,2026-01-14 21:00:00,pending,1380
283,2026-01-12 17:00:00,open,1380
283,2026-01-16 19:00:00,closed,1380
283,2026-01-13 17:00:00,open,1380
283,2026-01-13 17:00:00,closed,1380
284,2026-03-09 07:00:00,pending,746
284,2026-03-09 20:00:00,open,746
285,2026-03-06 00:00:00,solved,2017
285,2026-03-06 21:00:00,open,2017
285,2026-03-07 02:00:00,open,2017
285,2026-03-08 18:00:00,solved,2017
285,2026-03-12 00:00:00,pending,2017
285,2026-03-09 08:00:00,pending,2017
285,2026-03-14 18:00:00,open,2017
285,2026-03-15 22:00:00,closed,2017
286,2025-12-07 09:00:00,closed,32
286,2025-12-07 18:00:00,closed,32
286,2025-12-09 11:00:00,pending,32
287,2026-02-15 02:00:00,closed,1625
287,2026-02-16 01:00:00,closed,1625
287,2026-02-15 08:00:00,pending,1625
287,2026-02-15 14:00:00,open,1625
288,2026-02-08 07:00:00,closed,166
288,2026-02-09 10:00:00,open,166
288,2026-02-10 03:00:00,pending,166
288,2026-02-11 10:00:00,closed,166
288,2026-02-09 07:00:00,closed,166
289,2026-02-24 07:00:00,solved,1222
289,2026-02-25 00:00:00,closed,1222
289,2026-02-25 03:00:00,closed,1222
289,2026-02-25 16:00:00,solved,1222
289,2026-02-26 07:00:00,closed,1222
290,2025-11-14 03:00:00,solved,1774
290,2025-11-14 17:00:00,solved,1774
290,2025-11-14 21:00:00,open,1774
290,2025-11-18 15:00:00,open,1774
290,2025-11-17 19:00:00,open,1774
290,2025-11-16 05:00:00,solved,1774
290,2025-11-19 15:00:00,pending,1774
290,2025-11-17 22:00:00,closed,1774
291,2026-03-12 09:00:00,pending,943
291,2026-03-13 12:00:00,closed,943
291,2026-03-15 07:00:00,pending,943
291,2026-03-16 06:00:00,open,943
291,2026-03-12 21:00:00,pending,943
291,2026-03-14 06:00:00,open,943
291,2026-03-18 21:00:00,pending,943
292,2025-11-08 06:00:00,pending,2140
292,2025-11-08 18:00:00,closed,2140
293,2026-02-04 02:00:00,open,1159
293,2026-02-05 12:00:00,pending,1159
293,2026-02-06 20:00:00,pending,1159
293,2026-02-08 14:00:00,solved,1159
293,2026-02-05 18:00:00,solved,1159
293,2026-02-06 09:00:00,solved,1159
294,2026-01-11 05:00:00,pending,1331
294,2026-01-11 06:00:00,solved,1331
294,2026-01-12 19:00:00,open,1331
294,2026-01-14 23:00:00,closed,1331
294,2026-01-13 21:00:00,closed,1331
294,2026-01-18 12:00:00,pending,1331
294,2026-01-13 17:00:00,closed,1331
295,2025-11-21 02:00:00,solved,903
295,2025-11-21 11:00:00,closed,903
295,2025-11-22 12:00:00,open,903
295,2025-11-25 14:00:00,open,903
295,2025-11-23 22:00:00,closed,903
296,2025-10-19 11:00:00,open,2476
296,2025-10-20 11:00:00,closed,2476
297,2025-09-21 07:00:00,open,1960
297,2025-09-22 05:00:00,pending,1960
297,2025-09-22 05:00:00,closed,1960
298,2025-09-26 09:00:00,closed,47
298,2025-09-27 10:00:00,solved,47
298,2025-09-28 09:00:00,closed,47
299,2026-03-01 02:00:00,open,1615
299,2026-03-02 03:00:00,open,1615
299,2026-03-02 18:00:00,solved,1615
299,2026-03-01 08:00:00,pending,1615
299,2026-03-03 02:00:00,closed,1615
300,2026-02-10 12:00:00,pending,1406
300,2026-02-11 04:00:00,open,1406
300,2026-02-11 14:00:00,solved,1406
300,2026-02-14 15:00:00,closed,1406
300,2026-02-14 00:00:00,pending,1406
300,2026-02-11 13:00:00,closed,1406
301,2026-02-19 00:00:00,open,1191
301,2026-02-19 02:00:00,pending,1191
301,2026-02-21 14:00:00,pending,1191
301,2026-02-19 09:00:00,open,1191
301,2026-02-24 08:00:00,closed,1191
301,2026-02-22 18:00:00,closed,1191
301,2026-02-25 00:00:00,closed,1191
302,2025-10-08 01:00:00,pending,1479
302,2025-10-08 14:00:00,open,1479
302,2025-10-10 09:00:00,open,1479
303,2025-12-05 07:00:00,solved,362
303,2025-12-05 20:00:00,pending,362
303,2025-12-05 23:00:00,closed,362
304,2025-12-20 02:00:00,open,1
304,2025-12-21 02:00:00,pending,1
304,2025-12-21 22:00:00,solved,1
304,2025-12-24 08:00:00,closed,1
305,2026-01-16 09:00:00,open,81
305,2026-01-17 15:00:00,closed,81
306,2026-02-18 00:00:00,open,339
306,2026-02-19 09:00:00,open,339
306,2026-02-21 00:00:00,solved,339
306,2026-02-19 12:00:00,closed,339
306,2026-02-23 00:00:00,open,339
306,2026-02-25 02:00:00,closed,339
306,2026-02-22 06:00:00,closed,339
307,2025-09-19 00:00:00,open,2121
307,2025-09-19 14:00:00,closed,2121
308,2026-01-27 08:00:00,solved,1222
308,2026-01-27 11:00:00,solved,1222
308,2026-01-29 20:00:00,solved,1222
308,2026-01-28 17:00:00,pending,1222
308,2026-01-28 04:00:00,pending,1222
308,2026-01-28 09:00:00,solved,1222
308,2026-01-29 08:00:00,closed,1222
309,2026-02-28 03:00:00,open,1343
309,2026-02-28 23:00:00,open,1343
309,2026-03-02 09:00:00,open,1343
309,2026-02-28 06:00:00,pending,1343
309,2026-03-02 19:00:00,solved,1343
309,2026-02-28 23:00:00,closed,1343
309,2026-03-07 03:00:00,open,1343
310,2025-11-21 02:00:00,open,363
310,2025-11-21 23:00:00,pending,363
311,2026-01-06 00:00:00,pending,1404
311,2026-01-07 00:00:00,open,1404
311,2026-01-07 00:00:00,pending,1404
312,2026-03-03 00:00:00,open,7
312,2026-03-04 10:00:00,pending,7
312,2026-03-05 12:00:00,open,7
312,2026-03-05 18:00:00,open,7
312,2026-03-07 16:00:00,pending,7
312,2026-03-08 00:00:00,closed,7
313,2026-03-12 00:00:00,pending,465
313,2026-03-13 10:00:00,open,465
314,2025-09-14 04:00:00,pending,2026
314,2025-09-15 13:00:00,open,2026
314,2025-09-15 04:00:00,solved,2026
314,2025-09-16 16:00:00,pending,2026
314,2025-09-17 12:00:00,closed,2026
315,2026-02-08 00:00:00,closed,1762
315,2026-02-08 03:00:00,closed,1762
316,2025-12-06 08:00:00,open,2408
316,2025-12-07 07:00:00,open,2408
316,2025-12-06 22:00:00,solved,2408
316,2025-12-09 11:00:00,closed,2408
317,2026-03-01 02:00:00,open,412
317,2026-03-01 09:00:00,closed,412
318,2026-01-29 11:00:00,solved,1961
318,2026-01-30 17:00:00,solved,1961
318,2026-02-01 11:00:00,pending,1961
318,2026-02-01 14:00:00,closed,1961
319,2026-02-10 12:00:00,solved,481
319,2026-02-10 21:00:00,open,481
319,2026-02-11 04:00:00,closed,481
319,2026-02-12 21:00:00,pending,481
319,2026-02-11 00:00:00,open,481
319,2026-02-18 00:00:00,closed,481
320,2026-01-28 07:00:00,pending,826
320,2026-01-29 04:00:00,closed,826
321,2025-10-21 12:00:00,open,1716
321,2025-10-22 21:00:00,closed,1716
321,2025-10-23 00:00:00,closed,1716
321,2025-10-24 03:00:00,pending,1716
321,2025-10-26 00:00:00,closed,1716
322,2025-11-01 12:00:00,open,1824
322,2025-11-02 02:00:00,closed,1824
322,2025-11-04 04:00:00,pending,1824
322,2025-11-02 03:00:00,open,1824
322,2025-11-07 00:00:00,solved,1824
322,2025-11-07 13:00:00,pending,1824
323,2026-02-01 05:00:00,open,1531
323,2026-02-02 04:00:00,pending,1531
323,2026-02-01 15:00:00,solved,1531
323,2026-02-03 02:00:00,solved,1531
324,2025-10-16 04:00:00,solved,2491
324,2025-10-16 06:00:00,pending,2491
324,2025-10-19 02:00:00,pending,2491
324,2025-10-19 04:00:00,closed,2491
325,2026-02-23 06:00:00,open,2193
325,2026-02-23 08:00:00,closed,2193
326,2025-12-04 02:00:00,closed,329
326,2025-12-04 05:00:00,open,329
326,2025-12-07 02:00:00,open,329
326,2025-12-06 11:00:00,closed,329
327,2026-01-05 04:00:00,open,1405
327,2026-01-06 11:00:00,pending,1405
327,2026-01-08 02:00:00,pending,1405
327,2026-01-08 01:00:00,closed,1405
328,2025-12-31 04:00:00,closed,720
328,2025-12-31 15:00:00,open,720
328,2026-01-01 18:00:00,open,720
328,2026-01-01 16:00:00,pending,720
328,2026-01-03 04:00:00,closed,720
328,2025-12-31 09:00:00,solved,720
329,2025-09-16 09:00:00,solved,201
329,2025-09-16 14:00:00,closed,201
329,2025-09-16 19:00:00,pending,201
329,2025-09-19 09:00:00,closed,201
329,2025-09-19 17:00:00,pending,201
329,2025-09-21 04:00:00,closed,201
329,2025-09-20 21:00:00,open,201
329,2025-09-26 07:00:00,closed,201
330,2025-11-07 02:00:00,open,225
330,2025-11-07 15:00:00,pending,225
330,2025-11-07 08:00:00,closed,225
331,2026-02-05 08:00:00,solved,2146
331,2026-02-06 06:00:00,pending,2146
331,2026-02-08 08:00:00,pending,2146
331,2026-02-07 11:00:00,closed,2146
331,2026-02-06 04:00:00,closed,2146
331,2026-02-08 16:00:00,open,2146
331,2026-02-08 02:00:00,solved,2146
331,2026-02-14 16:00:00,closed,2146
332,2025-10-29 11:00:00,open,814
332,2025-10-30 16:00:00,open,814
332,2025-10-31 17:00:00,open,814
332,2025-11-02 17:00:00,pending,814
332,2025-11-02 11:00:00,solved,814
332,2025-11-04 22:00:00,closed,814
333,2025-10-01 06:00:00,closed,910
333,2025-10-02 04:00:00,closed,910
333,2025-10-04 06:00:00,open,910
334,2026-02-21 12:00:00,pending,1867
334,2026-02-22 14:00:00,solved,1867
334,2026-02-23 20:00:00,open,1867
334,2026-02-24 18:00:00,pending,1867
334,2026-02-24 20:00:00,solved,1867
334,2026-02-28 19:00:00,pending,1867
334,2026-02-24 06:00:00,closed,1867
335,2025-11-26 12:00:00,solved,2045
335,2025-11-27 08:00:00,solved,2045
335,2025-11-28 08:00:00,solved,2045
335,2025-11-27 15:00:00,open,2045
335,2025-11-28 08:00:00,pending,2045
335,2025-11-28 04:00:00,open,2045
335,2025-11-29 12:00:00,open,2045
335,2025-12-02 01:00:00,closed,2045
336,2025-09-24 04:00:00,open,825
336,2025-09-25 04:00:00,closed,825
336,2025-09-25 06:00:00,closed,825
336,2025-09-25 13:00:00,open,825
336,2025-09-28 16:00:00,pending,825
336,2025-09-25 15:00:00,closed,825
337,2025-11-21 10:00:00,closed,1810
337,2025-11-22 05:00:00,pending,1810
337,2025-11-23 20:00:00,pending,1810
337,2025-11-21 22:00:00,solved,1810
337,2025-11-24 10:00:00,closed,1810
338,2026-02-21 05:00:00,closed,1926
338,2026-02-21 16:00:00,pending,1926
338,2026-02-22 01:00:00,open,1926
338,2026-02-25 17:00:00,closed,1926
339,2025-10-08 09:00:00,open,1444
339,2025-10-09 02:00:00,pending,1444
339,2025-10-08 21:00:00,open,1444
339,2025-10-12 21:00:00,solved,1444
339,2025-10-10 05:00:00,open,1444
339,2025-10-13 19:00:00,pending,1444
339,2025-10-12 09:00:00,closed,1444
339,2025-10-18 21:00:00,pending,1444
340,2025-09-22 04:00:00,open,1016
340,2025-09-23 09:00:00,solved,1016
340,2025-09-23 14:00:00,open,1016
340,2025-09-26 10:00:00,open,1016
340,2025-09-26 04:00:00,solved,1016
340,2025-09-29 06:00:00,pending,1016
340,2025-09-25 16:00:00,solved,1016
340,2025-09-23 22:00:00,closed,1016
341,2025-09-28 05:00:00,closed,260
341,2025-09-29 11:00:00,solved,260
341,2025-09-28 15:00:00,solved,260
341,2025-10-02 05:00:00,closed,260
341,2025-10-01 05:00:00,open,260
341,2025-09-29 11:00:00,closed,260
341,2025-09-29 05:00:00,open,260
341,2025-10-07 20:00:00,closed,260
342,2025-10-07 06:00:00,solved,628
342,2025-10-07 23:00:00,closed,628
343,2025-10-01 09:00:00,pending,575
343,2025-10-02 04:00:00,pending,575
343,2025-10-01 21:00:00,solved,575
343,2025-10-03 18:00:00,closed,575
343,2025-10-06 05:00:00,solved,575
343,2025-10-03 01:00:00,closed,575
344,2026-02-09 09:00:00,closed,2307
344,2026-02-10 21:00:00,open,2307
344,2026-02-09 13:00:00,pending,2307
344,2026-02-10 06:00:00,pending,2307
344,2026-02-13 01:00:00,closed,2307
345,2025-12-31 10:00:00,pending,2385
345,2025-12-31 12:00:00,open,2385
345,2026-01-03 06:00:00,closed,2385
345,2026-01-03 10:00:00,open,2385
346,2025-12-15 00:00:00,solved,1299
346,2025-12-15 04:00:00,closed,1299
347,2025-12-18 00:00:00,solved,912
347,2025-12-19 02:00:00,closed,912
347,2025-12-20 20:00:00,closed,912
348,2025-10-18 08:00:00,closed,308
348,2025-10-18 11:00:00,open,308
348,2025-10-21 06:00:00,solved,308
348,2025-10-18 17:00:00,closed,308
349,2026-01-08 04:00:00,open,336
349,2026-01-08 22:00:00,open,336
349,2026-01-10 00:00:00,closed,336
349,2026-01-08 13:00:00,pending,336
349,2026-01-09 08:00:00,solved,336
349,2026-01-10 16:00:00,closed,336
350,2025-12-18 06:00:00,pending,605
350,2025-12-18 17:00:00,pending,605
350,2025-12-20 16:00:00,open,605
350,2025-12-19 00:00:00,closed,605
350,2025-12-24 06:00:00,pending,605
350,2025-12-23 21:00:00,open,605
351,2025-12-29 04:00:00,solved,1670
351,2025-12-30 15:00:00,open,1670
351,2025-12-30 22:00:00,closed,1670
352,2025-10-29 11:00:00,open,1892
352,2025-10-30 03:00:00,solved,1892
352,2025-11-01 07:00:00,pending,1892
352,2025-10-30 05:00:00,solved,1892
352,2025-10-30 03:00:00,pending,1892
352,2025-11-03 21:00:00,pending,1892
352,2025-11-04 05:00:00,closed,1892
353,2025-10-03 05:00:00,open,719
353,2025-10-04 09:00:00,pending,719
353,2025-10-05 13:00:00,closed,719
354,2025-12-30 09:00:00,closed,1565
354,2025-12-30 22:00:00,solved,1565
354,2026-01-01 15:00:00,open,1565
354,2025-12-30 21:00:00,pending,1565
354,2025-12-31 13:00:00,closed,1565
354,2025-12-31 15:00:00,pending,1565
354,2025-12-31 09:00:00,closed,1565
355,2026-01-04 00:00:00,open,1726
355,2026-01-04 21:00:00,open,1726
355,2026-01-05 14:00:00,solved,1726
355,2026-01-05 06:00:00,closed,1726
355,2026-01-05 00:00:00,pending,1726
355,2026-01-05 21:00:00,closed,1726
356,2025-11-27 12:00:00,solved,325
356,2025-11-28 08:00:00,pending,325
356,2025-11-29 16:00:00,pending,325
356,2025-11-28 09:00:00,pending,325
356,2025-12-03 04:00:00,open,325
357,2026-01-06 01:00:00,open,2271
357,2026-01-06 15:00:00,solved,2271
357,2026-01-07 19:00:00,solved,2271
357,2026-01-09 19:00:00,solved,2271
357,2026-01-07 01:00:00,open,2271
357,2026-01-13 13:00:00,solved,2271
357,2026-01-08 13:00:00,solved,2271
357,2026-01-16 13:00:00,closed,2271
358,2025-09-27 05:00:00,open,1824
358,2025-09-27 20:00:00,open,1824
358,2025-09-29 19:00:00,solved,1824
358,2025-09-27 20:00:00,pending,1824
358,2025-10-01 21:00:00,closed,1824
358,2025-10-01 19:00:00,pending,1824
358,2025-09-27 11:00:00,closed,1824
359,2025-12-09 05:00:00,closed,108
359,2025-12-10 02:00:00,solved,108
359,2025-12-09 23:00:00,open,108
359,2025-12-10 23:00:00,closed,108
360,2025-12-10 00:00:00,open,438
360,2025-12-10 14:00:00,open,438
360,2025-12-12 20:00:00,open,438
360,2025-12-14 12:00:00,closed,438
361,2025-11-03 02:00:00,closed,894
361,2025-11-03 10:00:00,solved,894
361,2025-11-03 04:00:00,closed,894
361,2025-11-04 08:00:00,open,894
361,2025-11-05 02:00:00,pending,894
361,2025-11-08 07:00:00,pending,894
361,2025-11-08 14:00:00,closed,894
362,2026-03-10 09:00:00,open,1865
362,2026-03-11 18:00:00,solved,1865
362,2026-03-11 21:00:00,open,1865
363,2025-11-25 06:00:00,open,632
363,2025-11-25 20:00:00,open,632
363,2025-11-27 02:00:00,open,632
363,2025-11-27 15:00:00,open,632
363,2025-11-25 18:00:00,open,632
363,2025-11-30 16:00:00,pending,632
363,2025-12-03 12:00:00,closed,632
364,2025-11-22 11:00:00,closed,1830
364,2025-11-22 20:00:00,closed,1830
365,2025-12-03 09:00:00,closed,2164
365,2025-12-04 07:00:00,closed,2164
365,2025-12-04 15:00:00,closed,2164
366,2025-09-24 04:00:00,open,1620
366,2025-09-24 15:00:00,pending,1620
366,2025-09-26 18:00:00,open,1620
366,2025-09-27 10:00:00,closed,1620
367,2025-11-20 07:00:00,closed,2468
367,2025-11-21 19:00:00,closed,2468
368,2025-11-20 02:00:00,open,2198
368,2025-11-21 01:00:00,pending,2198
368,2025-11-22 08:00:00,pending,2198
368,2025-11-21 08:00:00,pending,2198
368,2025-11-20 14:00:00,solved,2198
368,2025-11-23 00:00:00,open,2198
368,2025-11-28 02:00:00,solved,2198
369,2025-11-07 04:00:00,closed,2353
369,2025-11-08 06:00:00,pending,2353
369,2025-11-07 20:00:00,open,2353
369,2025-11-08 19:00:00,pending,2353
369,2025-11-07 08:00:00,solved,2353
370,2025-11-12 08:00:00,solved,328
370,2025-11-13 06:00:00,closed,328
370,2025-11-12 16:00:00,solved,328
370,2025-11-12 17:00:00,open,328
370,2025-11-14 20:00:00,open,328
370,2025-11-15 21:00:00,pending,328
370,2025-11-20 14:00:00,open,328
370,2025-11-21 02:00:00,closed,328
371,2026-02-22 01:00:00,open,75
371,2026-02-22 13:00:00,open,75
371,2026-02-22 11:00:00,closed,75
372,2026-01-21 07:00:00,open,1542
372,2026-01-22 02:00:00,open,1542
372,2026-01-21 17:00:00,open,1542
372,2026-01-25 13:00:00,closed,1542
373,2026-01-01 10:00:00,open,515
373,2026-01-01 19:00:00,pending,515
373,2026-01-02 18:00:00,pending,515
373,2026-01-04 22:00:00,pending,515
374,2025-12-13 04:00:00,open,978
374,2025-12-13 22:00:00,open,978
374,2025-12-14 04:00:00,closed,978
374,2025-12-16 22:00:00,open,978
374,2025-12-13 16:00:00,closed,978
375,2025-09-17 01:00:00,closed,209
375,2025-09-18 04:00:00,pending,209
375,2025-09-18 21:00:00,pending,209
375,2025-09-18 10:00:00,closed,209
375,2025-09-22 05:00:00,closed,209
375,2025-09-19 18:00:00,closed,209
376,2025-10-25 09:00:00,pending,772
376,2025-10-26 17:00:00,open,772
376,2025-10-28 05:00:00,solved,772
376,2025-10-27 15:00:00,pending,772
376,2025-10-25 13:00:00,pending,772
376,2025-10-28 12:00:00,closed,772
376,2025-11-01 09:00:00,closed,772
377,2025-11-13 02:00:00,closed,1701
377,2025-11-14 02:00:00,open,1701
377,2025-11-15 06:00:00,open,1701
377,2025-11-13 23:00:00,solved,1701
378,2026-02-04 03:00:00,solved,2103
378,2026-02-04 08:00:00,solved,2103
378,2026-02-05 05:00:00,closed,2103
379,2026-01-19 12:00:00,solved,810
379,2026-01-20 16:00:00,pending,810
379,2026-01-22 02:00:00,open,810
379,2026-01-21 15:00:00,closed,810
380,2026-01-03 00:00:00,solved,1031
380,2026-01-03 03:00:00,solved,1031
380,2026-01-05 04:00:00,solved,1031
380,2026-01-04 03:00:00,open,1031
380,2026-01-08 08:00:00,open,1031
380,2026-01-10 12:00:00,closed,1031
381,2026-03-10 03:00:00,solved,1614
381,2026-03-10 17:00:00,solved,1614
381,2026-03-11 09:00:00,pending,1614
381,2026-03-13 21:00:00,solved,1614
381,2026-03-15 23:00:00,open,1614
382,2026-01-11 00:00:00,solved,234
382,2026-01-11 03:00:00,closed,234
383,2025-10-07 01:00:00,open,2276
383,2025-10-07 14:00:00,closed,2276
384,2025-12-31 11:00:00,closed,137
384,2025-12-31 23:00:00,closed,137
384,2026-01-02 01:00:00,solved,137
384,2026-01-04 20:00:00,solved,137
384,2026-01-05 07:00:00,solved,137
384,2026-01-05 01:00:00,open,137
384,2026-01-01 17:00:00,open,137
384,2026-01-06 07:00:00,closed,137
385,2026-03-12 09:00:00,closed,1417
385,2026-03-13 18:00:00,open,1417
385,2026-03-14 09:00:00,pending,1417
385,2026-03-13 18:00:00,open,1417
385,2026-03-17 01:00:00,open,1417
385,2026-03-15 02:00:00,pending,1417
386,2025-10-04 02:00:00,open,910
386,2025-10-04 21:00:00,solved,910
386,2025-10-06 10:00:00,solved,910
386,2025-10-04 11:00:00,solved,910
387,2026-03-03 00:00:00,pending,1892
387,2026-03-03 20:00:00,solved,1892
387,2026-03-04 22:00:00,solved,1892
387,2026-03-06 12:00:00,closed,1892
387,2026-03-06 16:00:00,open,1892
387,2026-03-08 05:00:00,open,1892
387,2026-03-04 06:00:00,closed,1892
388,2025-09-14 05:00:00,open,1335
388,2025-09-15 02:00:00,open,1335
388,2025-09-15 19:00:00,pending,1335
388,2025-09-14 23:00:00,solved,1335
388,2025-09-19 21:00:00,closed,1335
388,2025-09-18 09:00:00,pending,1335
388,2025-09-17 05:00:00,closed,1335
389,2025-10-19 08:00:00,open,1895
389,2025-10-20 11:00:00,open,1895
389,2025-10-20 12:00:00,pending,1895
389,2025-10-20 02:00:00,open,1895
390,2025-11-12 03:00:00,solved,573
390,2025-11-12 15:00:00,closed,573
390,2025-11-15 01:00:00,pending,573
390,2025-11-12 09:00:00,open,573
390,2025-11-13 11:00:00,closed,573
390,2025-11-15 21:00:00,closed,573
391,2026-02-11 05:00:00,open,1098
391,2026-02-11 20:00:00,pending,1098
391,2026-02-12 11:00:00,open,1098
391,2026-02-15 08:00:00,closed,1098
392,2025-10-26 09:00:00,pending,1536
392,2025-10-27 10:00:00,pending,1536
392,2025-10-27 17:00:00,pending,1536
392,2025-10-30 12:00:00,closed,1536
392,2025-10-26 13:00:00,closed,1536
393,2026-03-02 04:00:00,pending,2014
393,2026-03-03 16:00:00,open,2014
393,2026-03-03 00:00:00,open,2014
393,2026-03-03 07:00:00,closed,2014
394,2025-12-11 09:00:00,solved,650
394,2025-12-12 11:00:00,open,650
394,2025-12-12 17:00:00,closed,650
395,2026-01-30 00:00:00,pending,1837
395,2026-01-30 02:00:00,open,1837
395,2026-01-31 10:00:00,pending,1837
395,2026-02-03 09:00:00,open,1837
396,2025-11-19 05:00:00,closed,1241
396,2025-11-19 22:00:00,solved,1241
396,2025-11-19 19:00:00,pending,1241
396,2025-11-19 14:00:00,closed,1241
396,2025-11-22 05:00:00,closed,1241
396,2025-11-21 02:00:00,open,1241
396,2025-11-22 05:00:00,closed,1241
397,2025-10-02 04:00:00,open,1814
397,2025-10-02 13:00:00,open,1814
397,2025-10-03 02:00:00,open,1814
397,2025-10-02 10:00:00,closed,1814
398,2026-03-06 01:00:00,closed,2160
398,2026-03-07 03:00:00,pending,2160
398,2026-03-06 11:00:00,closed,2160
398,2026-03-06 19:00:00,closed,2160
398,2026-03-08 01:00:00,open,2160
399,2025-10-21 03:00:00,closed,1600
399,2025-10-21 21:00:00,solved,1600
399,2025-10-21 09:00:00,pending,1600
399,2025-10-21 06:00:00,solved,1600
399,2025-10-21 07:00:00,closed,1600
400,2026-01-08 05:00:00,open,671
400,2026-01-09 14:00:00,closed,671
401,2025-09-21 04:00:00,pending,560
401,2025-09-22 11:00:00,solved,560
401,2025-09-22 20:00:00,solved,560
401,2025-09-23 19:00:00,open,560
401,2025-09-25 08:00:00,closed,560
402,2025-11-27 01:00:00,solved,854
402,2025-11-28 13:00:00,solved,854
402,2025-11-29 15:00:00,pending,854
402,2025-11-29 01:00:00,open,854
402,2025-12-01 05:00:00,closed,854
403,2025-12-14 08:00:00,open,1050
403,2025-12-15 04:00:00,open,1050
403,2025-12-16 18:00:00,pending,1050
403,2025-12-17 11:00:00,solved,1050
403,2025-12-15 08:00:00,closed,1050
404,2025-10-09 10:00:00,pending,151
404,2025-10-10 05:00:00,closed,151
404,2025-10-11 10:00:00,solved,151
404,2025-10-10 16:00:00,solved,151
404,2025-10-13 06:00:00,pending,151
404,2025-10-12 03:00:00,solved,151
404,2025-10-18 04:00:00,pending,151
405,2025-10-05 08:00:00,pending,909
405,2025-10-06 16:00:00,solved,909
405,2025-10-07 02:00:00,pending,909
405,2025-10-07 20:00:00,open,909
405,2025-10-08 16:00:00,pending,909
405,2025-10-09 22:00:00,closed,909
406,2025-09-16 00:00:00,open,1930
406,2025-09-17 08:00:00,open,1930
406,2025-09-16 22:00:00,pending,1930
406,2025-09-18 15:00:00,pending,1930
406,2025-09-17 12:00:00,closed,1930
407,2025-10-28 07:00:00,closed,1669
407,2025-10-28 23:00:00,solved,1669
407,2025-10-28 21:00:00,closed,1669
408,2025-10-02 09:00:00,closed,154
408,2025-10-02 17:00:00,closed,154
409,2026-01-28 04:00:00,open,574
409,2026-01-29 05:00:00,closed,574
409,2026-01-28 16:00:00,pending,574
409,2026-01-30 19:00:00,closed,574
409,2026-01-30 20:00:00,open,574
409,2026-01-28 14:00:00,closed,574
410,2026-02-26 05:00:00,open,1623
410,2026-02-26 07:00:00,open,1623
410,2026-02-28 23:00:00,pending,1623
410,2026-02-26 17:00:00,pending,1623
410,2026-03-03 21:00:00,closed,1623
411,2025-11-30 07:00:00,open,2464
411,2025-12-01 03:00:00,closed,2464
411,2025-12-03 01:00:00,solved,2464
411,2025-12-02 22:00:00,pending,2464
411,2025-12-04 15:00:00,pending,2464
411,2025-12-07 09:00:00,closed,2464
412,2025-09-27 01:00:00,open,1013
412,2025-09-28 12:00:00,open,1013
412,2025-09-29 03:00:00,closed,1013
413,2025-12-22 12:00:00,pending,542
413,2025-12-22 20:00:00,pending,542
413,2025-12-22 22:00:00,pending,542
413,2025-12-25 21:00:00,open,542
413,2025-12-25 00:00:00,closed,542
414,2025-09-17 02:00:00,pending,644
414,2025-09-18 03:00:00,pending,644
414,2025-09-18 14:00:00,open,644
414,2025-09-17 11:00:00,solved,644
414,2025-09-19 22:00:00,closed,644
415,2025-10-18 07:00:00,pending,1674
415,2025-10-19 07:00:00,pending,1674
415,2025-10-19 11:00:00,pending,1674
415,2025-10-21 04:00:00,open,1674
415,2025-10-23 23:00:00,open,1674
415,2025-10-24 08:00:00,solved,1674
415,2025-10-19 01:00:00,solved,1674
415,2025-10-24 10:00:00,closed,1674
416,2025-12-11 11:00:00,closed,523
416,2025-12-12 05:00:00,solved,523
416,2025-12-12 01:00:00,solved,523
416,2025-12-15 23:00:00,open,523
416,2025-12-15 11:00:00,solved,523
416,2025-12-18 18:00:00,pending,523
416,2025-12-11 23:00:00,closed,523
417,2026-02-13 04:00:00,pending,1640
417,2026-02-14 00:00:00,open,1640
417,2026-02-14 00:00:00,open,1640
417,2026-02-16 19:00:00,open,1640
417,2026-02-15 12:00:00,open,1640
417,2026-02-16 17:00:00,pending,1640
417,2026-02-18 04:00:00,pending,1640
418,2025-12-29 01:00:00,solved,14
418,2025-12-29 09:00:00,pending,14
418,2025-12-30 11:00:00,closed,14
419,2026-03-12 07:00:00,closed,15
419,2026-03-12 14:00:00,solved,15
419,2026-03-14 13:00:00,pending,15
420,2026-02-27 03:00:00,open,2414
420,2026-02-28 02:00:00,open,2414
420,2026-02-27 05:00:00,open,2414
420,2026-03-02 12:00:00,pending,2414
420,2026-02-28 11:00:00,pending,2414
420,2026-03-05 19:00:00,closed,2414
420,2026-03-06 15:00:00,open,2414
420,2026-03-06 03:00:00,closed,2414
421,2026-02-06 01:00:00,solved,664
421,2026-02-07 11:00:00,closed,664
421,2026-02-07 11:00:00,open,664
421,2026-02-10 01:00:00,closed,664
422,2025-12-17 06:00:00,open,2459
422,2025-12-18 08:00:00,closed,2459
423,2025-11-15 05:00:00,solved,1064
423,2025-11-16 06:00:00,open,1064
423,2025-11-17 01:00:00,closed,1064
424,2025-09-19 03:00:00,pending,1132
424,2025-09-20 04:00:00,solved,1132
424,2025-09-20 07:00:00,pending,1132
424,2025-09-20 15:00:00,closed,1132
425,2026-01-08 02:00:00,pending,663
425,2026-01-09 12:00:00,open,663
425,2026-01-10 02:00:00,closed,663
425,2026-01-10 17:00:00,closed,663
425,2026-01-12 18:00:00,solved,663
425,2026-01-11 20:00:00,closed,663
426,2026-02-20 04:00:00,open,1391
426,2026-02-20 07:00:00,open,1391
426,2026-02-20 08:00:00,solved,1391
427,2025-11-07 03:00:00,pending,963
427,2025-11-07 07:00:00,open,963
427,2025-11-09 13:00:00,pending,963
427,2025-11-07 18:00:00,pending,963
428,2025-12-02 01:00:00,pending,1962
428,2025-12-02 18:00:00,closed,1962
428,2025-12-02 03:00:00,open,1962
428,2025-12-04 16:00:00,closed,1962
428,2025-12-07 09:00:00,closed,1962
428,2025-12-05 09:00:00,pending,1962
428,2025-12-06 01:00:00,closed,1962
428,2025-12-10 12:00:00,closed,1962
429,2026-01-21 04:00:00,pending,65
429,2026-01-21 16:00:00,pending,65
429,2026-01-21 10:00:00,open,65
429,2026-01-22 01:00:00,solved,65
429,2026-01-23 12:00:00,closed,65
429,2026-01-28 16:00:00,closed,65
430,2025-11-13 07:00:00,pending,450
430,2025-11-13 12:00:00,closed,450
430,2025-11-14 21:00:00,closed,450
431,2026-01-16 11:00:00,closed,142
431,2026-01-17 15:00:00,pending,142
431,2026-01-18 13:00:00,open,142
431,2026-01-17 08:00:00,closed,142
432,2025-11-18 02:00:00,pending,365
432,2025-11-18 05:00:00,closed,365
433,2026-03-05 08:00:00,open,58
433,2026-03-06 14:00:00,solved,58
434,2026-01-02 00:00:00,solved,1641
434,2026-01-02 18:00:00,solved,1641
434,2026-01-04 18:00:00,pending,1641
434,2026-01-03 18:00:00,solved,1641
434,2026-01-05 08:00:00,closed,1641
434,2026-01-02 05:00:00,solved,1641
434,2026-01-03 18:00:00,pending,1641
434,2026-01-05 12:00:00,open,1641
435,2025-11-11 10:00:00,open,1991
435,2025-11-12 01:00:00,closed,1991
435,2025-11-14 10:00:00,open,1991
435,2025-11-12 10:00:00,pending,1991
435,2025-11-16 02:00:00,closed,1991
435,2025-11-15 14:00:00,pending,1991
435,2025-11-12 16:00:00,open,1991
435,2025-11-16 09:00:00,closed,1991
436,2025-11-26 11:00:00,solved,307
436,2025-11-27 08:00:00,closed,307
436,2025-11-27 11:00:00,open,307
436,2025-11-29 14:00:00,closed,307
436,2025-12-01 11:00:00,closed,307
436,2025-12-01 01:00:00,open,307
436,2025-12-05 11:00:00,closed,307
437,2025-12-31 12:00:00,open,1628
437,2026-01-01 06:00:00,pending,1628
437,2026-01-03 02:00:00,solved,1628
438,2026-02-16 04:00:00,open,1995
438,2026-02-16 19:00:00,open,1995
438,2026-02-18 00:00:00,open,1995
438,2026-02-20 10:00:00,solved,1995
438,2026-02-16 12:00:00,solved,1995
438,2026-02-18 21:00:00,open,1995
438,2026-02-17 10:00:00,open,1995
438,2026-02-17 08:00:00,closed,1995
439,2025-10-19 08:00:00,open,1254
439,2025-10-19 23:00:00,closed,1254
439,2025-10-19 20:00:00,solved,1254
439,2025-10-21 11:00:00,open,1254
439,2025-10-19 16:00:00,closed,1254
439,2025-10-24 13:00:00,open,1254
439,2025-10-25 14:00:00,pending,1254
439,2025-10-21 02:00:00,solved,1254
440,2025-09-28 05:00:00,open,1525
440,2025-09-29 13:00:00,pending,1525
440,2025-09-30 23:00:00,closed,1525
441,2026-02-26 09:00:00,closed,888
441,2026-02-26 23:00:00,open,888
441,2026-02-28 21:00:00,closed,888
442,2026-02-21 04:00:00,solved,747
442,2026-02-22 12:00:00,pending,747
442,2026-02-23 20:00:00,closed,747
442,2026-02-22 07:00:00,pending,747
442,2026-02-26 04:00:00,closed,747
443,2025-10-22 03:00:00,closed,1027
443,2025-10-22 12:00:00,closed,1027
443,2025-10-24 09:00:00,open,1027
443,2025-10-24 18:00:00,pending,1027
443,2025-10-25 11:00:00,pending,1027
443,2025-10-26 22:00:00,pending,1027
444,2025-12-20 08:00:00,open,1522
444,2025-12-21 14:00:00,pending,1522
444,2025-12-21 22:00:00,closed,1522
445,2026-01-10 02:00:00,pending,461
445,2026-01-11 14:00:00,pending,461
445,2026-01-12 18:00:00,open,461
445,2026-01-13 23:00:00,solved,461
445,2026-01-10 14:00:00,open,461
445,2026-01-17 09:00:00,closed,461
445,2026-01-12 02:00:00,closed,461
446,2025-12-26 12:00:00,open,214
446,2025-12-26 19:00:00,closed,214
446,2025-12-28 10:00:00,open,214
446,2025-12-28 12:00:00,closed,214
446,2025-12-29 04:00:00,open,214
446,2025-12-29 00:00:00,pending,214
446,2026-01-03 18:00:00,solved,214
446,2025-12-30 14:00:00,closed,214
447,2026-01-22 08:00:00,open,591
447,2026-01-23 18:00:00,solved,591
447,2026-01-24 16:00:00,pending,591
448,2025-10-05 10:00:00,open,151
448,2025-10-06 03:00:00,pending,151
448,2025-10-06 04:00:00,pending,151
448,2025-10-09 04:00:00,pending,151
448,2025-10-08 14:00:00,open,151
448,2025-10-07 22:00:00,solved,151
448,2025-10-12 22:00:00,closed,151
449,2026-03-08 08:00:00,closed,657
449,2026-03-08 21:00:00,solved,657
449,2026-03-10 02:00:00,pending,657
449,2026-03-10 14:00:00,solved,657
449,2026-03-08 12:00:00,pending,657
449,2026-03-10 00:00:00,pending,657
449,2026-03-09 08:00:00,closed,657
450,2026-02-26 07:00:00,open,2259
450,2026-02-27 16:00:00,solved,2259
450,2026-02-26 15:00:00,closed,2259
451,2025-12-18 07:00:00,pending,1563
451,2025-12-18 18:00:00,pending,1563
451,2025-12-20 17:00:00,pending,1563
451,2025-12-19 13:00:00,closed,1563
451,2025-12-23 07:00:00,pending,1563
451,2025-12-20 09:00:00,pending,1563
451,2025-12-20 13:00:00,open,1563
452,2025-12-11 04:00:00,open,147
452,2025-12-12 01:00:00,solved,147
452,2025-12-13 20:00:00,open,147
452,2025-12-13 10:00:00,open,147
452,2025-12-13 16:00:00,open,147
452,2025-12-13 06:00:00,solved,147
452,2025-12-13 04:00:00,closed,147
453,2026-02-23 00:00:00,solved,1298
453,2026-02-23 20:00:00,open,1298
453,2026-02-23 02:00:00,solved,1298
453,2026-02-26 12:00:00,solved,1298
453,2026-02-28 08:00:00,pending,1298
453,2026-02-24 01:00:00,closed,1298
454,2025-10-29 04:00:00,pending,2356
454,2025-10-29 22:00:00,pending,2356
454,2025-10-29 12:00:00,open,2356
454,2025-11-01 07:00:00,open,2356
454,2025-10-29 16:00:00,pending,2356
454,2025-11-01 07:00:00,closed,2356
454,2025-11-04 10:00:00,pending,2356
454,2025-10-30 08:00:00,closed,2356
455,2026-02-02 11:00:00,pending,2264
455,2026-02-02 15:00:00,pending,2264
455,2026-02-04 21:00:00,closed,2264
456,2026-03-07 09:00:00,open,2105
456,2026-03-08 06:00:00,pending,2105
456,2026-03-08 01:00:00,pending,2105
457,2025-11-03 02:00:00,pending,2131
457,2025-11-03 05:00:00,open,2131
457,2025-11-03 04:00:00,closed,2131
458,2026-01-30 12:00:00,pending,1965
458,2026-01-30 16:00:00,pending,1965
458,2026-01-31 06:00:00,solved,1965
458,2026-02-01 09:00:00,closed,1965
458,2026-02-04 20:00:00,closed,1965
458,2026-02-04 07:00:00,pending,1965
458,2026-02-02 12:00:00,open,1965
458,2026-02-09 17:00:00,pending,1965
459,2026-03-08 05:00:00,open,1482
459,2026-03-09 11:00:00,pending,1482
459,2026-03-11 05:00:00,open,1482
459,2026-03-09 14:00:00,closed,1482
459,2026-03-13 17:00:00,closed,1482
460,2025-11-06 03:00:00,open,2494
460,2025-11-06 10:00:00,solved,2494
460,2025-11-06 11:00:00,pending,2494
460,2025-11-07 18:00:00,pending,2494
460,2025-11-10 07:00:00,solved,2494
460,2025-11-11 23:00:00,closed,2494
461,2026-02-20 03:00:00,solved,429
461,2026-02-20 23:00:00,pending,429
461,2026-02-21 19:00:00,closed,429
462,2025-09-25 09:00:00,pending,756
462,2025-09-25 22:00:00,solved,756
462,2025-09-26 05:00:00,open,756
462,2025-09-28 00:00:00,solved,756
462,2025-09-28 01:00:00,closed,756
462,2025-09-30 09:00:00,pending,756
463,2026-01-04 00:00:00,pending,281
463,2026-01-04 07:00:00,open,281
463,2026-01-07 00:00:00,solved,281
463,2026-01-07 09:00:00,pending,281
463,2026-01-07 16:00:00,solved,281
463,2026-01-09 05:00:00,open,281
463,2026-01-09 12:00:00,open,281
463,2026-01-05 11:00:00,closed,281
464,2025-12-11 06:00:00,solved,2342
464,2025-12-11 10:00:00,open,2342
464,2025-12-12 16:00:00,open,2342
464,2025-12-12 12:00:00,solved,2342
464,2025-12-14 14:00:00,closed,2342
465,2025-12-21 07:00:00,pending,734
465,2025-12-21 11:00:00,closed,734
466,2026-02-23 00:00:00,open,2182
466,2026-02-23 19:00:00,solved,2182
466,2026-02-25 18:00:00,pending,2182
466,2026-02-25 09:00:00,pending,2182
466,2026-02-26 20:00:00,closed,2182
467,2026-03-10 11:00:00,closed,2160
467,2026-03-11 06:00:00,open,2160
467,2026-03-11 21:00:00,open,2160
467,2026-03-11 17:00:00,solved,2160
468,2026-02-12 12:00:00,pending,1218
468,2026-02-12 23:00:00,pending,1218
468,2026-02-14 02:00:00,solved,1218
468,2026-02-16 09:00:00,closed,1218
469,2025-11-09 10:00:00,open,2264
469,2025-11-10 03:00:00,open,2264
469,2025-11-10 18:00:00,open,2264
470,2026-02-27 12:00:00,pending,2135
470,2026-02-27 14:00:00,open,2135
470,2026-03-01 04:00:00,open,2135
471,2026-01-17 09:00:00,solved,318
471,2026-01-18 16:00:00,open,318
471,2026-01-19 05:00:00,solved,318
471,2026-01-20 09:00:00,pending,318
471,2026-01-22 09:00:00,open,318
471,2026-01-22 14:00:00,pending,318
471,2026-01-25 21:00:00,closed,318
472,2026-01-23 11:00:00,open,1854
472,2026-01-24 03:00:00,closed,1854
472,2026-01-24 15:00:00,closed,1854
473,2025-12-14 05:00:00,pending,1404
473,2025-12-15 02:00:00,closed,1404
474,2026-01-26 01:00:00,solved,15
474,2026-01-27 03:00:00,closed,15
475,2025-09-21 02:00:00,open,2248
475,2025-09-21 18:00:00,open,2248
475,2025-09-23 12:00:00,pending,2248
475,2025-09-22 17:00:00,open,2248
475,2025-09-24 02:00:00,pending,2248
475,2025-09-22 08:00:00,solved,2248
475,2025-09-26 14:00:00,closed,2248
476,2025-10-26 12:00:00,pending,2221
476,2025-10-26 23:00:00,open,2221
476,2025-10-28 12:00:00,solved,2221
476,2025-10-29 09:00:00,closed,2221
476,2025-10-29 16:00:00,closed,2221
477,2026-02-24 03:00:00,pending,1325
477,2026-02-25 11:00:00,closed,1325
477,2026-02-24 11:00:00,open,1325
477,2026-02-28 03:00:00,pending,1325
477,2026-02-26 19:00:00,pending,1325
477,2026-03-02 19:00:00,solved,1325
477,2026-03-03 09:00:00,closed,1325
478,2025-12-15 06:00:00,open,1086
478,2025-12-16 15:00:00,solved,1086
478,2025-12-16 08:00:00,open,1086
478,2025-12-17 06:00:00,solved,1086
478,2025-12-19 18:00:00,solved,1086
478,2025-12-21 07:00:00,closed,1086
479,2025-11-09 10:00:00,pending,849
479,2025-11-10 06:00:00,open,849
479,2025-11-11 18:00:00,pending,849
479,2025-11-13 16:00:00,pending,849
479,2025-11-14 06:00:00,pending,849
479,2025-11-13 09:00:00,solved,849
479,2025-11-10 16:00:00,closed,849
480,2026-01-21 12:00:00,open,784
480,2026-01-22 18:00:00,open,784
480,2026-01-21 20:00:00,pending,784
480,2026-01-25 15:00:00,open,784
480,2026-01-23 20:00:00,pending,784
480,2026-01-23 14:00:00,closed,784
481,2025-12-15 03:00:00,solved,782
481,2025-12-15 20:00:00,closed,782
482,2026-02-12 08:00:00,solved,2447
482,2026-02-13 15:00:00,pending,2447
482,2026-02-14 20:00:00,pending,2447
482,2026-02-15 20:00:00,pending,2447
482,2026-02-15 12:00:00,closed,2447
483,2025-12-04 11:00:00,pending,4
483,2025-12-05 07:00:00,pending,4
484,2026-02-19 08:00:00,pending,2477
484,2026-02-19 16:00:00,pending,2477
484,2026-02-21 06:00:00,open,2477
484,2026-02-22 17:00:00,pending,2477
484,2026-02-23 00:00:00,closed,2477
485,2026-01-31 02:00:00,pending,2091
485,2026-02-01 00:00:00,open,2091
485,2026-02-02 00:00:00,open,2091
485,2026-02-04 05:00:00,closed,2091
486,2025-10-06 08:00:00,closed,2121
486,2025-10-07 16:00:00,closed,2121
486,2025-10-08 20:00:00,open,2121
486,2025-10-09 17:00:00,pending,2121
486,2025-10-07 12:00:00,closed,2121
486,2025-10-13 05:00:00,open,2121
487,2025-11-17 03:00:00,solved,425
487,2025-11-17 22:00:00,solved,425
487,2025-11-20 03:00:00,pending,425
487,2025-11-20 06:00:00,open,425
487,2025-11-20 15:00:00,closed,425
487,2025-11-18 14:00:00,solved,425
487,2025-11-21 03:00:00,open,425
487,2025-11-27 15:00:00,closed,425
488,2026-03-04 02:00:00,closed,908
488,2026-03-04 15:00:00,open,908
488,2026-03-04 08:00:00,solved,908
488,2026-03-08 11:00:00,pending,908
488,2026-03-08 18:00:00,pending,908
488,2026-03-11 04:00:00,pending,908
488,2026-03-04 08:00:00,closed,908
488,2026-03-11 02:00:00,pending,908
489,2026-01-09 09:00:00,solved,49
489,2026-01-10 08:00:00,open,49
489,2026-01-11 23:00:00,closed,49
489,2026-01-11 03:00:00,open,49
489,2026-01-10 21:00:00,closed,49
490,2026-03-12 07:00:00,open,1474
490,2026-03-12 17:00:00,solved,1474
490,2026-03-13 21:00:00,pending,1474
490,2026-03-14 13:00:00,solved,1474
490,2026-03-13 23:00:00,pending,1474
490,2026-03-19 14:00:00,solved,1474
490,2026-03-19 01:00:00,open,1474
490,2026-03-16 09:00:00,pending,1474
491,2026-03-08 08:00:00,pending,1707
491,2026-03-09 12:00:00,closed,1707
491,2026-03-11 04:00:00,pending,1707
491,2026-03-12 08:00:00,pending,1707
491,2026-03-08 20:00:00,pending,1707
492,2025-10-31 07:00:00,solved,2161
492,2025-11-01 02:00:00,open,2161
492,2025-11-02 05:00:00,pending,2161
492,2025-11-02 10:00:00,pending,2161
493,2026-01-23 02:00:00,solved,1891
493,2026-01-23 13:00:00,open,1891
493,2026-01-24 10:00:00,open,1891
493,2026-01-26 17:00:00,pending,1891
493,2026-01-25 10:00:00,solved,1891
494,2025-11-21 06:00:00,closed,1896
494,2025-11-21 21:00:00,closed,1896
494,2025-11-23 06:00:00,closed,1896
495,2026-01-12 03:00:00,open,238
495,2026-01-13 05:00:00,pending,238
495,2026-01-12 15:00:00,open,238
495,2026-01-16 03:00:00,pending,238
495,2026-01-14 07:00:00,closed,238
496,2026-02-12 10:00:00,open,2078
496,2026-02-13 20:00:00,pending,2078
496,2026-02-14 00:00:00,pending,2078
496,2026-02-15 22:00:00,closed,2078
496,2026-02-17 22:00:00,pending,2078
496,2026-02-19 17:00:00,closed,2078
497,2025-10-17 06:00:00,closed,596
497,2025-10-18 17:00:00,pending,596
497,2025-10-17 12:00:00,solved,596
497,2025-10-20 18:00:00,open,596
497,2025-10-20 18:00:00,solved,596
497,2025-10-22 21:00:00,closed,596
498,2025-11-05 12:00:00,open,25
498,2025-11-06 00:00:00,pending,25
498,2025-11-08 08:00:00,closed,25
499,2026-02-19 02:00:00,solved,2106
499,2026-02-19 22:00:00,pending,2106
499,2026-02-20 04:00:00,solved,2106
499,2026-02-19 17:00:00,pending,2106
499,2026-02-20 10:00:00,closed,2106
500,2025-11-08 11:00:00,open,617
500,2025-11-08 13:00:00,closed,617
501,2026-01-26 01:00:00,solved,1095
501,2026-01-27 03:00:00,closed,1095
502,2026-01-01 11:00:00,solved,1268
502,2026-01-01 23:00:00,open,1268
502,2026-01-03 01:00:00,closed,1268
502,2026-01-05 23:00:00,pending,1268
502,2026-01-02 03:00:00,open,1268
502,2026-01-04 09:00:00,pending,1268
502,2026-01-06 17:00:00,open,1268
502,2026-01-11 09:00:00,closed,1268
503,2025-10-01 08:00:00,solved,281
503,2025-10-01 22:00:00,solved,281
503,2025-10-04 00:00:00,pending,281
503,2025-10-04 02:00:00,pending,281
503,2025-10-06 08:00:00,pending,281
504,2025-11-16 07:00:00,closed,1266
504,2025-11-16 14:00:00,solved,1266
504,2025-11-18 11:00:00,closed,1266
505,2025-10-13 10:00:00,pending,1086
505,2025-10-13 15:00:00,closed,1086
505,2025-10-13 22:00:00,open,1086
505,2025-10-16 19:00:00,solved,1086
505,2025-10-16 02:00:00,open,1086
505,2025-10-16 23:00:00,pending,1086
506,2026-02-15 04:00:00,open,1069
506,2026-02-15 16:00:00,solved,1069
506,2026-02-15 12:00:00,open,1069
506,2026-02-17 13:00:00,pending,1069
506,2026-02-16 12:00:00,closed,1069
507,2025-09-22 01:00:00,solved,1393
507,2025-09-22 17:00:00,open,1393
507,2025-09-24 07:00:00,pending,1393
507,2025-09-26 04:00:00,open,1393
507,2025-09-22 21:00:00,closed,1393
507,2025-09-26 20:00:00,open,1393
507,2025-09-27 07:00:00,closed,1393
508,2025-10-02 06:00:00,pending,1754
508,2025-10-03 07:00:00,closed,1754
508,2025-10-02 22:00:00,open,1754
508,2025-10-05 12:00:00,solved,1754
508,2025-10-06 02:00:00,solved,1754
508,2025-10-04 03:00:00,closed,1754
508,2025-10-03 18:00:00,open,1754
508,2025-10-05 04:00:00,solved,1754
509,2026-01-05 06:00:00,open,1145
509,2026-01-05 21:00:00,solved,1145
509,2026-01-06 14:00:00,open,1145
509,2026-01-09 00:00:00,pending,1145
509,2026-01-10 18:00:00,open,1145
509,2026-01-09 10:00:00,open,1145
509,2026-01-13 12:00:00,closed,1145
510,2025-11-18 10:00:00,pending,1910
510,2025-11-18 18:00:00,closed,1910
511,2026-03-11 09:00:00,open,1714
511,2026-03-12 14:00:00,closed,1714
511,2026-03-14 07:00:00,open,1714
511,2026-03-14 03:00:00,pending,1714
511,2026-03-12 05:00:00,pending,1714
512,2026-03-10 05:00:00,pending,306
512,2026-03-10 23:00:00,open,306
513,2025-09-29 04:00:00,open,782
513,2025-09-29 10:00:00,solved,782
513,2025-09-30 20:00:00,closed,782
513,2025-10-01 13:00:00,pending,782
513,2025-09-30 08:00:00,open,782
513,2025-10-03 23:00:00,closed,782
513,2025-09-29 22:00:00,open,782
513,2025-10-05 00:00:00,closed,782
514,2025-11-14 11:00:00,closed,1213
514,2025-11-14 14:00:00,closed,1213
514,2025-11-14 17:00:00,pending,1213
514,2025-11-16 20:00:00,pending,1213
514,2025-11-20 03:00:00,closed,1213
515,2026-01-24 02:00:00,open,1617
515,2026-01-25 07:00:00,open,1617
515,2026-01-26 06:00:00,open,1617
515,2026-01-26 17:00:00,solved,1617
515,2026-01-29 22:00:00,open,1617
515,2026-01-27 15:00:00,open,1617
515,2026-01-27 08:00:00,closed,1617
516,2026-02-11 04:00:00,solved,1904
516,2026-02-11 08:00:00,open,1904
516,2026-02-12 20:00:00,solved,1904
516,2026-02-13 13:00:00,open,1904
516,2026-02-16 12:00:00,closed,1904
517,2025-10-30 02:00:00,pending,1608
517,2025-10-30 08:00:00,solved,1608
517,2025-10-30 16:00:00,open,1608
517,2025-10-31 23:00:00,solved,1608
517,2025-11-04 06:00:00,closed,1608
518,2025-12-02 12:00:00,pending,1351
518,2025-12-03 22:00:00,pending,1351
518,2025-12-03 16:00:00,solved,1351
518,2025-12-05 00:00:00,pending,1351
518,2025-12-02 16:00:00,closed,1351
518,2025-12-07 17:00:00,closed,1351
519,2025-10-02 10:00:00,open,1198
519,2025-10-02 17:00:00,pending,1198
519,2025-10-05 06:00:00,pending,1198
519,2025-10-06 19:00:00,solved,1198
519,2025-10-06 22:00:00,open,1198
519,2025-10-08 11:00:00,open,1198
520,2025-12-13 09:00:00,open,2022
520,2025-12-13 10:00:00,closed,2022
520,2025-12-13 17:00:00,solved,2022
520,2025-12-15 00:00:00,solved,2022
520,2025-12-14 13:00:00,open,2022
520,2025-12-14 05:00:00,open,2022
521,2025-10-10 08:00:00,open,1180
521,2025-10-11 17:00:00,open,1180
521,2025-10-12 22:00:00,open,1180
521,2025-10-12 23:00:00,closed,1180
521,2025-10-15 16:00:00,closed,1180
521,2025-10-10 18:00:00,closed,1180
522,2026-02-17 01:00:00,open,20
522,2026-02-17 04:00:00,closed,20
523,2025-12-07 10:00:00,pending,511
523,2025-12-08 16:00:00,pending,511
523,2025-12-09 18:00:00,open,511
523,2025-12-09 19:00:00,solved,511
523,2025-12-07 18:00:00,closed,511
524,2026-01-18 03:00:00,closed,1093
524,2026-01-19 14:00:00,pending,1093
524,2026-01-20 07:00:00,closed,1093
525,2026-01-14 06:00:00,solved,1980
525,2026-01-15 07:00:00,solved,1980
525,2026-01-14 08:00:00,closed,1980
526,2026-01-31 04:00:00,pending,1698
526,2026-02-01 15:00:00,solved,1698
526,2026-02-01 10:00:00,pending,1698
526,2026-02-03 19:00:00,closed,1698
526,2026-02-02 04:00:00,closed,1698
526,2026-02-04 18:00:00,closed,1698
527,2025-10-02 09:00:00,pending,372
527,2025-10-02 20:00:00,open,372
528,2025-11-04 01:00:00,pending,156
528,2025-11-04 02:00:00,open,156
528,2025-11-04 03:00:00,solved,156
528,2025-11-07 04:00:00,solved,156
528,2025-11-04 21:00:00,pending,156
528,2025-11-08 00:00:00,solved,156
528,2025-11-10 01:00:00,pending,156
528,2025-11-09 21:00:00,closed,156
529,2025-09-29 03:00:00,open,2388
529,2025-09-29 13:00:00,closed,2388
530,2025-11-11 02:00:00,closed,249
530,2025-11-12 03:00:00,solved,249
530,2025-11-11 10:00:00,pending,249
530,2025-11-12 11:00:00,solved,249
530,2025-11-15 18:00:00,closed,249
530,2025-11-18 14:00:00,closed,249
531,2025-11-05 06:00:00,pending,166
531,2025-11-06 02:00:00,pending,166
531,2025-11-07 10:00:00,closed,166
532,2026-02-22 00:00:00,pending,968
532,2026-02-23 11:00:00,solved,968
532,2026-02-24 22:00:00,solved,968
532,2026-02-25 21:00:00,pending,968
532,2026-02-24 00:00:00,pending,968
532,2026-02-22 10:00:00,solved,968
533,2025-12-09 04:00:00,open,1478
533,2025-12-09 09:00:00,closed,1478
533,2025-12-09 14:00:00,pending,1478
533,2025-12-13 13:00:00,pending,1478
533,2025-12-13 04:00:00,solved,1478
534,2026-01-20 03:00:00,solved,2471
534,2026-01-21 01:00:00,pending,2471
534,2026-01-22 19:00:00,open,2471
534,2026-01-23 00:00:00,pending,2471
534,2026-01-24 23:00:00,pending,2471
534,2026-01-27 00:00:00,pending,2471
534,2026-01-24 09:00:00,open,2471
534,2026-01-27 17:00:00,solved,2471
535,2026-01-10 07:00:00,open,438
535,2026-01-10 13:00:00,pending,438
535,2026-01-11 05:00:00,open,438
535,2026-01-10 22:00:00,closed,438
536,2026-02-07 00:00:00,solved,843
536,2026-02-07 14:00:00,open,843
536,2026-02-08 12:00:00,closed,843
536,2026-02-11 03:00:00,pending,843
536,2026-02-11 08:00:00,pending,843
536,2026-02-10 18:00:00,closed,843
536,2026-02-14 12:00:00,open,843
536,2026-02-15 18:00:00,closed,843
537,2025-11-03 12:00:00,solved,1907
537,2025-11-04 14:00:00,pending,1907
537,2025-11-04 06:00:00,closed,1907
538,2025-09-28 02:00:00,closed,2381
538,2025-09-29 05:00:00,solved,2381
538,2025-09-30 04:00:00,closed,2381
539,2026-02-08 07:00:00,pending,1359
539,2026-02-08 22:00:00,closed,1359
539,2026-02-08 23:00:00,closed,1359
539,2026-02-11 04:00:00,closed,1359
539,2026-02-11 03:00:00,open,1359
539,2026-02-12 01:00:00,open,1359
539,2026-02-15 07:00:00,pending,1359
540,2025-11-10 11:00:00,open,1212
540,2025-11-10 14:00:00,closed,1212
541,2025-09-24 02:00:00,open,1698
541,2025-09-25 02:00:00,closed,1698
542,2025-10-24 02:00:00,solved,1562
542,2025-10-24 12:00:00,open,1562
543,2025-12-14 11:00:00,open,449
543,2025-12-15 11:00:00,pending,449
544,2026-01-10 10:00:00,open,456
544,2026-01-11 09:00:00,open,456
545,2026-03-04 10:00:00,closed,1419
545,2026-03-05 16:00:00,pending,1419
545,2026-03-07 10:00:00,pending,1419
545,2026-03-05 13:00:00,pending,1419
545,2026-03-08 10:00:00,pending,1419
545,2026-03-09 05:00:00,closed,1419
546,2026-01-13 09:00:00,pending,1353
546,2026-01-13 13:00:00,closed,1353
547,2025-11-12 08:00:00,solved,1948
547,2025-11-13 03:00:00,closed,1948
548,2026-03-07 08:00:00,open,1456
548,2026-03-07 13:00:00,pending,1456
548,2026-03-09 12:00:00,closed,1456
549,2025-10-18 00:00:00,closed,1592
549,2025-10-18 22:00:00,open,1592
549,2025-10-19 08:00:00,open,1592
549,2025-10-20 00:00:00,pending,1592
550,2026-01-06 01:00:00,open,2072
550,2026-01-06 13:00:00,pending,2072
550,2026-01-06 19:00:00,pending,2072
550,2026-01-07 10:00:00,solved,2072
550,2026-01-06 05:00:00,open,2072
550,2026-01-09 14:00:00,closed,2072
551,2025-12-12 08:00:00,open,1791
551,2025-12-13 01:00:00,open,1791
551,2025-12-13 20:00:00,closed,1791
552,2026-01-24 02:00:00,open,2476
552,2026-01-24 08:00:00,open,2476
552,2026-01-26 20:00:00,open,2476
552,2026-01-26 11:00:00,solved,2476
552,2026-01-30 02:00:00,pending,2476
552,2026-01-27 15:00:00,solved,2476
552,2026-01-28 08:00:00,open,2476
552,2026-01-29 15:00:00,closed,2476
553,2025-10-27 00:00:00,pending,1411
553,2025-10-27 15:00:00,pending,1411
553,2025-10-27 22:00:00,open,1411
553,2025-10-29 00:00:00,closed,1411
554,2026-01-01 01:00:00,open,522
554,2026-01-02 07:00:00,open,522
554,2026-01-02 19:00:00,pending,522
554,2026-01-02 07:00:00,solved,522
554,2026-01-03 09:00:00,open,522
554,2026-01-04 14:00:00,closed,522
555,2026-02-25 12:00:00,open,2000
555,2026-02-26 02:00:00,open,2000
555,2026-02-28 02:00:00,closed,2000
555,2026-02-27 03:00:00,pending,2000
555,2026-02-27 00:00:00,closed,2000
555,2026-03-01 01:00:00,open,2000
555,2026-02-26 18:00:00,closed,2000
556,2025-11-29 11:00:00,open,164
556,2025-11-30 10:00:00,pending,164
556,2025-12-01 09:00:00,pending,164
556,2025-12-01 08:00:00,solved,164
556,2025-12-02 19:00:00,pending,164
556,2025-12-01 23:00:00,pending,164
556,2025-12-07 17:00:00,closed,164
556,2025-12-09 02:00:00,closed,164
557,2026-01-27 04:00:00,closed,65
557,2026-01-28 13:00:00,pending,65
557,2026-01-28 22:00:00,open,65
557,2026-01-29 10:00:00,closed,65
557,2026-02-01 08:00:00,pending,65
557,2026-02-01 14:00:00,open,65
557,2026-01-29 10:00:00,closed,65
558,2026-03-03 12:00:00,open,685
558,2026-03-04 10:00:00,pending,685
558,2026-03-06 02:00:00,open,685
558,2026-03-05 00:00:00,solved,685
558,2026-03-06 20:00:00,solved,685
558,2026-03-08 02:00:00,closed,685
559,2026-02-24 00:00:00,open,1536
559,2026-02-25 01:00:00,pending,1536
559,2026-02-26 12:00:00,closed,1536
560,2026-02-21 01:00:00,solved,1440
560,2026-02-21 17:00:00,solved,1440
561,2026-01-25 06:00:00,open,1347
561,2026-01-25 21:00:00,closed,1347
561,2026-01-27 14:00:00,open,1347
561,2026-01-25 15:00:00,pending,1347
561,2026-01-28 22:00:00,open,1347
561,2026-02-01 18:00:00,pending,1347
561,2026-01-31 00:00:00,closed,1347
562,2026-03-11 11:00:00,pending,2477
562,2026-03-11 12:00:00,open,2477
562,2026-03-13 09:00:00,pending,2477
562,2026-03-12 23:00:00,solved,2477
562,2026-03-13 23:00:00,pending,2477
562,2026-03-15 15:00:00,open,2477
562,2026-03-16 05:00:00,closed,2477
563,2025-12-12 11:00:00,solved,1307
563,2025-12-13 21:00:00,open,1307
563,2025-12-12 15:00:00,closed,1307
563,2025-12-16 05:00:00,pending,1307
563,2025-12-17 19:00:00,solved,1307
563,2025-12-16 05:00:00,open,1307
563,2025-12-15 17:00:00,closed,1307
564,2025-12-27 04:00:00,open,1531
564,2025-12-27 13:00:00,open,1531
564,2025-12-28 18:00:00,open,1531
564,2025-12-29 04:00:00,pending,1531
564,2025-12-30 08:00:00,closed,1531
565,2025-10-06 01:00:00,solved,867
565,2025-10-06 22:00:00,closed,867
565,2025-10-06 17:00:00,solved,867
565,2025-10-06 10:00:00,closed,867
565,2025-10-11 01:00:00,pending,867
565,2025-10-12 07:00:00,closed,867
566,2025-11-11 04:00:00,closed,1059
566,2025-11-12 12:00:00,solved,1059
566,2025-11-12 20:00:00,solved,1059
566,2025-11-11 16:00:00,open,1059
566,2025-11-15 16:00:00,pending,1059
566,2025-11-17 05:00:00,open,1059
566,2025-11-12 16:00:00,open,1059
566,2025-11-21 16:00:00,solved,1059
567,2025-10-05 09:00:00,pending,682
567,2025-10-06 09:00:00,pending,682
567,2025-10-06 23:00:00,open,682
567,2025-10-06 21:00:00,closed,682
568,2026-01-12 08:00:00,open,1331
568,2026-01-13 16:00:00,solved,1331
568,2026-01-14 22:00:00,open,1331
568,2026-01-16 08:00:00,pending,1331
569,2026-03-11 07:00:00,open,55
569,2026-03-12 14:00:00,closed,55
570,2025-11-12 08:00:00,open,1600
570,2025-11-12 22:00:00,solved,1600
570,2025-11-14 14:00:00,closed,1600
571,2026-01-13 07:00:00,solved,664
571,2026-01-14 14:00:00,solved,664
571,2026-01-15 19:00:00,closed,664
571,2026-01-15 19:00:00,open,664
571,2026-01-15 07:00:00,closed,664
572,2026-02-10 11:00:00,open,1486
572,2026-02-11 15:00:00,open,1486
572,2026-02-13 07:00:00,open,1486
572,2026-02-13 20:00:00,closed,1486
573,2025-12-25 10:00:00,pending,317
573,2025-12-26 22:00:00,solved,317
573,2025-12-28 00:00:00,open,317
574,2025-10-17 06:00:00,solved,918
574,2025-10-17 09:00:00,closed,918
574,2025-10-19 18:00:00,open,918
574,2025-10-20 00:00:00,pending,918
574,2025-10-20 18:00:00,pending,918
574,2025-10-20 04:00:00,open,918
574,2025-10-20 06:00:00,pending,918
574,2025-10-21 22:00:00,closed,918
575,2025-11-10 10:00:00,open,86
575,2025-11-11 16:00:00,pending,86
576,2025-11-28 05:00:00,solved,1420
576,2025-11-28 19:00:00,open,1420
576,2025-11-30 13:00:00,open,1420
577,2025-11-02 00:00:00,pending,176
577,2025-11-02 17:00:00,solved,176
577,2025-11-02 02:00:00,pending,176
577,2025-11-03 06:00:00,open,176
577,2025-11-06 16:00:00,pending,176
577,2025-11-08 06:00:00,pending,176
577,2025-11-09 06:00:00,closed,176
578,2025-10-03 07:00:00,pending,2231
578,2025-10-03 22:00:00,solved,2231
578,2025-10-03 09:00:00,pending,2231
579,2025-10-28 01:00:00,solved,2356
579,2025-10-28 19:00:00,closed,2356
579,2025-10-30 23:00:00,closed,2356
579,2025-11-01 10:00:00,closed,2356
579,2025-10-30 13:00:00,solved,2356
579,2025-11-02 11:00:00,pending,2356
579,2025-11-05 13:00:00,solved,2356
579,2025-11-02 00:00:00,closed,2356
580,2026-01-02 08:00:00,pending,738
580,2026-01-02 10:00:00,solved,738
581,2026-02-11 03:00:00,closed,1662
581,2026-02-12 02:00:00,solved,1662
581,2026-02-13 05:00:00,closed,1662
582,2025-10-28 03:00:00,open,896
582,2025-10-28 11:00:00,open,896
582,2025-10-29 01:00:00,closed,896
582,2025-10-28 09:00:00,closed,896
582,2025-11-03 03:00:00,pending,896
582,2025-11-03 19:00:00,solved,896
582,2025-11-06 03:00:00,closed,896
583,2026-02-03 06:00:00,open,1158
583,2026-02-04 02:00:00,pending,1158
583,2026-02-04 08:00:00,closed,1158
583,2026-02-06 12:00:00,solved,1158
583,2026-02-07 02:00:00,solved,1158
583,2026-02-08 21:00:00,closed,1158
584,2025-10-21 02:00:00,solved,375
584,2025-10-22 08:00:00,solved,375
584,2025-10-21 04:00:00,closed,375
584,2025-10-24 11:00:00,open,375
584,2025-10-26 18:00:00,open,375
584,2025-10-24 10:00:00,pending,375
584,2025-10-25 20:00:00,closed,375
585,2026-02-11 07:00:00,closed,88
585,2026-02-12 00:00:00,pending,88
585,2026-02-12 03:00:00,open,88
585,2026-02-12 10:00:00,closed,88
585,2026-02-14 23:00:00,closed,88
586,2025-10-31 12:00:00,open,215
586,2025-11-01 11:00:00,pending,215
586,2025-10-31 20:00:00,open,215
587,2025-09-16 01:00:00,closed,91
587,2025-09-16 14:00:00,solved,91
587,2025-09-18 01:00:00,pending,91
587,2025-09-20 01:00:00,open,91
587,2025-09-18 21:00:00,pending,91
587,2025-09-20 20:00:00,pending,91
587,2025-09-21 01:00:00,pending,91
588,2026-03-06 12:00:00,open,2403
588,2026-03-06 15:00:00,solved,2403
588,2026-03-09 02:00:00,open,2403
589,2025-10-27 09:00:00,pending,826
589,2025-10-28 02:00:00,solved,826
589,2025-10-28 05:00:00,open,826
589,2025-10-29 18:00:00,open,826
589,2025-10-28 09:00:00,open,826
589,2025-10-28 10:00:00,closed,826
590,2026-03-04 01:00:00,solved,2185
590,2026-03-04 20:00:00,solved,2185
591,2025-10-02 08:00:00,open,2064
591,2025-10-02 14:00:00,open,2064
591,2025-10-04 12:00:00,pending,2064
591,2025-10-04 11:00:00,closed,2064
592,2026-02-27 02:00:00,closed,50
592,2026-02-27 22:00:00,solved,50
592,2026-02-28 08:00:00,pending,50
592,2026-03-02 17:00:00,solved,50
592,2026-02-28 22:00:00,solved,50
592,2026-03-01 09:00:00,open,50
592,2026-03-08 02:00:00,closed,50
593,2026-02-10 05:00:00,open,2026
593,2026-02-11 11:00:00,closed,2026
594,2025-09-21 11:00:00,open,853
594,2025-09-21 23:00:00,open,853
594,2025-09-22 13:00:00,open,853
594,2025-09-22 05:00:00,pending,853
594,2025-09-25 11:00:00,closed,853
594,2025-09-28 03:00:00,pending,853
594,2025-09-25 05:00:00,solved,853
594,2025-09-30 05:00:00,closed,853
595,2025-09-21 07:00:00,open,234
595,2025-09-22 06:00:00,pending,234
595,2025-09-22 11:00:00,solved,234
595,2025-09-21 19:00:00,open,234
595,2025-09-22 07:00:00,solved,234
595,2025-09-24 00:00:00,pending,234
595,2025-09-26 01:00:00,open,234
595,2025-09-22 18:00:00,closed,234
596,2026-02-15 04:00:00,open,2190
596,2026-02-16 11:00:00,pending,2190
596,2026-02-16 04:00:00,closed,2190
597,2025-12-28 09:00:00,solved,1616
597,2025-12-29 00:00:00,pending,1616
597,2025-12-31 03:00:00,open,1616
597,2025-12-31 21:00:00,solved,1616
598,2025-09-18 03:00:00,pending,272
598,2025-09-18 16:00:00,solved,272
598,2025-09-18 19:00:00,closed,272
598,2025-09-20 12:00:00,solved,272
598,2025-09-21 15:00:00,pending,272
598,2025-09-18 23:00:00,pending,272
598,2025-09-22 03:00:00,solved,272
598,2025-09-19 21:00:00,closed,272
599,2026-03-01 02:00:00,solved,1280
599,2026-03-02 02:00:00,solved,1280
599,2026-03-03 12:00:00,solved,1280
599,2026-03-03 23:00:00,open,1280
599,2026-03-01 06:00:00,pending,1280
599,2026-03-06 02:00:00,open,1280
599,2026-03-03 14:00:00,closed,1280
600,2026-02-23 04:00:00,pending,1019
600,2026-02-23 12:00:00,open,1019
600,2026-02-23 08:00:00,pending,1019
600,2026-02-23 10:00:00,open,1019
600,2026-02-27 00:00:00,open,1019
600,2026-02-27 08:00:00,pending,1019
600,2026-02-28 22:00:00,closed,1019
600,2026-02-27 20:00:00,closed,1019
601,2025-12-26 11:00:00,pending,1938
601,2025-12-26 19:00:00,closed,1938
601,2025-12-27 01:00:00,closed,1938
601,2025-12-27 02:00:00,solved,1938
601,2025-12-28 15:00:00,pending,1938
601,2026-01-02 18:00:00,closed,1938
602,2026-01-29 09:00:00,pending,644
602,2026-01-30 20:00:00,pending,644
602,2026-01-30 19:00:00,open,644
602,2026-01-31 00:00:00,solved,644
602,2026-01-31 21:00:00,closed,644
603,2026-02-21 10:00:00,closed,1419
603,2026-02-22 14:00:00,solved,1419
603,2026-02-22 08:00:00,pending,1419
603,2026-02-23 19:00:00,pending,1419
603,2026-02-23 06:00:00,pending,1419
603,2026-02-25 09:00:00,solved,1419
603,2026-02-22 16:00:00,closed,1419
604,2026-01-26 09:00:00,closed,1225
604,2026-01-26 23:00:00,closed,1225
605,2025-11-01 10:00:00,open,759
605,2025-11-02 07:00:00,open,759
605,2025-11-03 04:00:00,open,759
605,2025-11-03 07:00:00,closed,759
605,2025-11-05 18:00:00,solved,759
605,2025-11-07 11:00:00,open,759
606,2025-10-12 05:00:00,open,581
606,2025-10-13 07:00:00,open,581
606,2025-10-13 17:00:00,pending,581
606,2025-10-12 14:00:00,closed,581
606,2025-10-15 17:00:00,pending,581
606,2025-10-13 01:00:00,closed,581
607,2025-10-14 08:00:00,open,340
607,2025-10-15 09:00:00,solved,340
607,2025-10-14 22:00:00,pending,340
607,2025-10-14 23:00:00,open,340
607,2025-10-14 16:00:00,closed,340
608,2025-11-04 07:00:00,open,518
608,2025-11-04 17:00:00,open,518
608,2025-11-07 05:00:00,open,518
608,2025-11-06 01:00:00,pending,518
608,2025-11-08 19:00:00,pending,518
608,2025-11-04 17:00:00,pending,518
608,2025-11-07 07:00:00,open,518
608,2025-11-12 04:00:00,pending,518
609,2025-11-12 12:00:00,solved,29
609,2025-11-12 19:00:00,solved,29
609,2025-11-14 02:00:00,pending,29
609,2025-11-14 18:00:00,pending,29
609,2025-11-12 20:00:00,open,29
610,2025-11-18 01:00:00,solved,1171
610,2025-11-19 01:00:00,closed,1171
610,2025-11-19 15:00:00,closed,1171
611,2026-02-18 06:00:00,solved,1419
611,2026-02-18 11:00:00,solved,1419
611,2026-02-18 14:00:00,closed,1419
611,2026-02-18 09:00:00,pending,1419
611,2026-02-22 22:00:00,closed,1419
612,2026-03-10 05:00:00,closed,941
612,2026-03-10 21:00:00,pending,941
612,2026-03-13 05:00:00,pending,941
612,2026-03-11 11:00:00,open,941
612,2026-03-13 21:00:00,open,941
612,2026-03-13 23:00:00,solved,941
613,2026-02-24 05:00:00,solved,1681
613,2026-02-25 13:00:00,pending,1681
613,2026-02-24 15:00:00,open,1681
613,2026-02-25 20:00:00,solved,1681
613,2026-03-01 09:00:00,closed,1681
613,2026-02-25 01:00:00,closed,1681
613,2026-02-27 17:00:00,closed,1681
614,2026-02-16 08:00:00,open,408
614,2026-02-16 19:00:00,closed,408
614,2026-02-16 16:00:00,closed,408
615,2025-10-06 12:00:00,open,903
615,2025-10-06 15:00:00,open,903
615,2025-10-08 02:00:00,closed,903
616,2026-02-01 07:00:00,solved,1053
616,2026-02-02 14:00:00,closed,1053
617,2026-02-06 11:00:00,open,1320
617,2026-02-07 09:00:00,closed,1320
617,2026-02-07 17:00:00,open,1320
617,2026-02-09 02:00:00,open,1320
617,2026-02-11 11:00:00,pending,1320
617,2026-02-10 15:00:00,open,1320
618,2025-10-13 01:00:00,solved,1342
618,2025-10-14 04:00:00,solved,1342
618,2025-10-15 03:00:00,open,1342
618,2025-10-15 19:00:00,open,1342
618,2025-10-16 13:00:00,pending,1342
618,2025-10-16 14:00:00,open,1342
619,2025-10-25 08:00:00,pending,931
619,2025-10-26 00:00:00,closed,931
620,2025-12-23 08:00:00,open,930
620,2025-12-24 20:00:00,closed,930
620,2025-12-26 00:00:00,pending,930
620,2025-12-24 05:00:00,open,930
620,2025-12-24 00:00:00,closed,930
620,2025-12-27 07:00:00,pending,930
620,2025-12-28 02:00:00,pending,930
620,2025-12-25 02:00:00,closed,930
621,2025-09-23 02:00:00,pending,1046
621,2025-09-23 23:00:00,closed,1046
621,2025-09-24 04:00:00,open,1046
621,2025-09-23 14:00:00,pending,1046
621,2025-09-26 14:00:00,open,1046
621,2025-09-23 17:00:00,pending,1046
621,2025-09-26 02:00:00,closed,1046
621,2025-10-03 07:00:00,pending,1046
622,2026-02-22 04:00:00,pending,455
622,2026-02-22 11:00:00,pending,455
622,2026-02-22 12:00:00,open,455
623,2026-03-06 10:00:00,open,1707
623,2026-03-06 21:00:00,open,1707
623,2026-03-08 12:00:00,open,1707
623,2026-03-09 07:00:00,pending,1707
623,2026-03-07 10:00:00,open,1707
623,2026-03-09 18:00:00,pending,1707
623,2026-03-07 04:00:00,pending,1707
624,2025-11-27 02:00:00,open,2440
624,2025-11-28 00:00:00,solved,2440
624,2025-11-28 10:00:00,solved,2440
624,2025-11-30 05:00:00,closed,2440
624,2025-11-30 14:00:00,pending,2440
624,2025-11-28 03:00:00,pending,2440
624,2025-11-29 14:00:00,closed,2440
625,2025-09-29 09:00:00,pending,1186
625,2025-09-29 23:00:00,solved,1186
625,2025-09-30 07:00:00,open,1186
625,2025-10-01 09:00:00,pending,1186
625,2025-09-30 17:00:00,open,1186
625,2025-10-02 07:00:00,closed,1186
625,2025-10-08 09:00:00,closed,1186
626,2026-02-14 04:00:00,pending,892
626,2026-02-15 03:00:00,pending,892
626,2026-02-14 08:00:00,pending,892
626,2026-02-14 13:00:00,pending,892
626,2026-02-15 20:00:00,solved,892
626,2026-02-17 12:00:00,pending,892
626,2026-02-14 10:00:00,closed,892
627,2025-10-29 12:00:00,solved,448
627,2025-10-30 00:00:00,pending,448
627,2025-10-30 00:00:00,pending,448
627,2025-11-02 12:00:00,solved,448
627,2025-10-30 20:00:00,solved,448
627,2025-10-31 19:00:00,open,448
627,2025-10-30 12:00:00,open,448
627,2025-11-08 10:00:00,closed,448
628,2026-02-21 11:00:00,open,2378
628,2026-02-22 07:00:00,solved,2378
628,2026-02-23 13:00:00,closed,2378
628,2026-02-22 23:00:00,open,2378
628,2026-02-23 19:00:00,closed,2378
629,2026-01-30 00:00:00,open,1867
629,2026-01-30 21:00:00,solved,1867
629,2026-01-31 14:00:00,solved,1867
629,2026-02-03 06:00:00,solved,1867
629,2026-01-30 04:00:00,pending,1867
629,2026-02-05 01:00:00,closed,1867
630,2026-03-07 04:00:00,open,1878
630,2026-03-07 18:00:00,open,1878
630,2026-03-07 08:00:00,pending,1878
630,2026-03-07 19:00:00,open,1878
630,2026-03-10 20:00:00,open,1878
630,2026-03-08 15:00:00,pending,1878
630,2026-03-07 22:00:00,open,1878
630,2026-03-11 06:00:00,open,1878
631,2026-01-15 02:00:00,open,2406
631,2026-01-15 12:00:00,pending,2406
631,2026-01-15 14:00:00,closed,2406
632,2025-11-01 12:00:00,pending,130
632,2025-11-02 12:00:00,open,130
632,2025-11-02 02:00:00,open,130
632,2025-11-03 00:00:00,solved,130
632,2025-11-06 12:00:00,solved,130
632,2025-11-07 08:00:00,open,130
633,2025-11-26 12:00:00,open,580
633,2025-11-26 21:00:00,pending,580
633,2025-11-29 06:00:00,open,580
633,2025-11-29 12:00:00,pending,580
633,2025-11-26 20:00:00,open,580
634,2025-11-19 00:00:00,open,1452
634,2025-11-19 04:00:00,pending,1452
634,2025-11-21 20:00:00,solved,1452
634,2025-11-22 21:00:00,pending,1452
634,2025-11-24 00:00:00,solved,1452
635,2025-12-24 04:00:00,open,447
635,2025-12-24 12:00:00,pending,447
635,2025-12-26 02:00:00,closed,447
636,2025-12-19 00:00:00,open,230
636,2025-12-19 08:00:00,solved,230
636,2025-12-20 00:00:00,closed,230
636,2025-12-23 03:00:00,closed,230
636,2025-12-24 16:00:00,pending,230
636,2025-12-25 01:00:00,pending,230
636,2025-12-26 12:00:00,open,230
636,2025-12-22 12:00:00,closed,230
637,2025-10-09 07:00:00,open,2075
637,2025-10-10 01:00:00,open,2075
637,2025-10-10 05:00:00,pending,2075
637,2025-10-13 07:00:00,open,2075
637,2025-10-10 03:00:00,closed,2075
637,2025-10-13 06:00:00,open,2075
637,2025-10-09 13:00:00,solved,2075
637,2025-10-10 04:00:00,closed,2075
638,2026-02-05 02:00:00,open,1487
638,2026-02-05 09:00:00,pending,1487
638,2026-02-05 06:00:00,pending,1487
638,2026-02-06 17:00:00,solved,1487
638,2026-02-07 22:00:00,open,1487
638,2026-02-07 04:00:00,closed,1487
639,2026-01-19 10:00:00,open,1479
639,2026-01-19 15:00:00,pending,1479
639,2026-01-22 06:00:00,closed,1479
639,2026-01-19 16:00:00,open,1479
639,2026-01-25 06:00:00,open,1479
639,2026-01-20 11:00:00,solved,1479
639,2026-01-25 04:00:00,pending,1479
639,2026-01-25 20:00:00,closed,1479
640,2025-11-30 00:00:00,pending,1613
640,2025-12-01 12:00:00,closed,1613
640,2025-12-01 06:00:00,solved,1613
640,2025-11-30 21:00:00,pending,1613
640,2025-12-01 16:00:00,solved,1613
640,2025-12-05 00:00:00,solved,1613
641,2025-11-18 02:00:00,pending,1796
641,2025-11-19 03:00:00,closed,1796
642,2025-10-14 00:00:00,open,1206
642,2025-10-15 00:00:00,solved,1206
642,2025-10-16 04:00:00,pending,1206
642,2025-10-17 06:00:00,solved,1206
642,2025-10-15 08:00:00,open,1206
642,2025-10-18 14:00:00,solved,1206
642,2025-10-15 12:00:00,open,1206
642,2025-10-21 07:00:00,closed,1206
643,2025-11-23 10:00:00,open,1871
643,2025-11-23 15:00:00,closed,1871
643,2025-11-24 08:00:00,pending,1871
643,2025-11-26 04:00:00,pending,1871
643,2025-11-25 14:00:00,pending,1871
643,2025-11-28 10:00:00,closed,1871
644,2026-01-02 03:00:00,open,1030
644,2026-01-02 17:00:00,closed,1030
645,2025-11-21 07:00:00,open,1728
645,2025-11-22 13:00:00,open,1728
645,2025-11-22 17:00:00,open,1728
645,2025-11-24 10:00:00,solved,1728
645,2025-11-23 11:00:00,open,1728
645,2025-11-27 03:00:00,solved,1728
645,2025-11-28 07:00:00,closed,1728
646,2025-10-01 02:00:00,pending,2121
646,2025-10-02 02:00:00,closed,2121
647,2025-09-22 11:00:00,open,2195
647,2025-09-23 22:00:00,pending,2195
647,2025-09-22 19:00:00,pending,2195
647,2025-09-22 14:00:00,pending,2195
647,2025-09-24 11:00:00,pending,2195
647,2025-09-28 22:00:00,closed,2195
648,2025-10-21 01:00:00,open,855
648,2025-10-22 12:00:00,solved,855
648,2025-10-22 19:00:00,open,855
648,2025-10-22 01:00:00,pending,855
648,2025-10-24 09:00:00,open,855
648,2025-10-26 21:00:00,closed,855
649,2026-02-23 03:00:00,open,493
649,2026-02-24 05:00:00,open,493
649,2026-02-25 07:00:00,open,493
649,2026-02-25 21:00:00,open,493
649,2026-02-28 15:00:00,closed,493
650,2025-09-27 12:00:00,pending,2315
650,2025-09-27 15:00:00,pending,2315
650,2025-09-28 16:00:00,open,2315
650,2025-09-27 21:00:00,pending,2315
650,2025-09-30 00:00:00,open,2315
650,2025-09-27 22:00:00,open,2315
650,2025-10-01 18:00:00,pending,2315
650,2025-10-04 12:00:00,closed,2315
651,2025-11-13 11:00:00,solved,65
651,2025-11-14 07:00:00,open,65
651,2025-11-13 19:00:00,open,65
651,2025-11-13 14:00:00,solved,65
651,2025-11-13 15:00:00,closed,65
652,2025-12-27 09:00:00,pending,2309
652,2025-12-28 13:00:00,closed,2309
652,2025-12-28 03:00:00,pending,2309
652,2025-12-31 15:00:00,solved,2309
652,2025-12-29 05:00:00,closed,2309
653,2025-09-15 09:00:00,open,110
653,2025-09-16 02:00:00,closed,110
653,2025-09-17 17:00:00,pending,110
653,2025-09-16 12:00:00,closed,110
653,2025-09-18 13:00:00,solved,110
653,2025-09-20 09:00:00,open,110
653,2025-09-20 21:00:00,solved,110
653,2025-09-16 20:00:00,closed,110
654,2025-12-10 02:00:00,solved,2221
654,2025-12-10 16:00:00,solved,2221
654,2025-12-10 08:00:00,solved,2221
654,2025-12-13 08:00:00,open,2221
654,2025-12-10 06:00:00,open,2221
654,2025-12-15 02:00:00,closed,2221
655,2026-02-05 08:00:00,pending,220
655,2026-02-06 00:00:00,open,220
655,2026-02-07 22:00:00,pending,220
655,2026-02-07 05:00:00,open,220
655,2026-02-09 08:00:00,pending,220
656,2026-03-08 09:00:00,open,1241
656,2026-03-09 20:00:00,solved,1241
656,2026-03-10 15:00:00,solved,1241
656,2026-03-12 21:00:00,open,1241
656,2026-03-08 21:00:00,closed,1241
656,2026-03-14 10:00:00,pending,1241
657,2026-02-06 01:00:00,open,2004
657,2026-02-07 10:00:00,closed,2004
657,2026-02-08 13:00:00,open,2004
657,2026-02-09 10:00:00,solved,2004
657,2026-02-11 21:00:00,closed,2004
658,2026-03-03 02:00:00,closed,2376
658,2026-03-04 08:00:00,solved,2376
658,2026-03-05 04:00:00,open,2376
659,2025-10-31 02:00:00,open,1907
659,2025-10-31 05:00:00,closed,1907
660,2025-10-31 01:00:00,pending,1456
660,2025-10-31 16:00:00,closed,1456
660,2025-11-01 21:00:00,solved,1456
660,2025-11-03 10:00:00,closed,1456
660,2025-11-04 13:00:00,closed,1456
661,2025-11-03 10:00:00,pending,49
661,2025-11-03 12:00:00,pending,49
661,2025-11-05 22:00:00,solved,49
661,2025-11-03 16:00:00,closed,49
661,2025-11-08 14:00:00,closed,49
661,2025-11-06 13:00:00,solved,49
662,2026-01-09 09:00:00,pending,4
662,2026-01-10 17:00:00,pending,4
662,2026-01-09 13:00:00,pending,4
662,2026-01-13 21:00:00,closed,4
663,2025-12-30 02:00:00,closed,952
663,2025-12-30 15:00:00,closed,952
664,2025-09-25 11:00:00,open,1853
664,2025-09-26 11:00:00,pending,1853
664,2025-09-27 23:00:00,open,1853
664,2025-09-29 02:00:00,solved,1853
664,2025-09-30 23:00:00,closed,1853
665,2026-01-21 00:00:00,open,937
665,2026-01-22 06:00:00,pending,937
665,2026-01-22 18:00:00,closed,937
666,2026-02-17 10:00:00,solved,416
666,2026-02-18 13:00:00,pending,416
666,2026-02-18 08:00:00,solved,416
666,2026-02-18 19:00:00,pending,416
666,2026-02-18 02:00:00,closed,416
667,2025-11-29 07:00:00,solved,1287
667,2025-11-30 02:00:00,solved,1287
667,2025-12-01 11:00:00,open,1287
667,2025-11-30 07:00:00,open,1287
667,2025-12-04 11:00:00,open,1287
667,2025-11-30 08:00:00,closed,1287
668,2025-12-10 09:00:00,open,2411
668,2025-12-10 15:00:00,pending,2411
668,2025-12-11 07:00:00,open,2411
668,2025-12-10 15:00:00,closed,2411
669,2026-01-13 05:00:00,pending,82
669,2026-01-13 15:00:00,pending,82
670,2025-12-24 01:00:00,open,1285
670,2025-12-24 11:00:00,closed,1285
670,2025-12-25 21:00:00,closed,1285
670,2025-12-28 01:00:00,pending,1285
670,2025-12-26 05:00:00,pending,1285
670,2025-12-25 22:00:00,open,1285
670,2025-12-29 19:00:00,closed,1285
671,2025-10-19 02:00:00,open,1377
671,2025-10-20 06:00:00,open,1377
671,2025-10-19 08:00:00,open,1377
671,2025-10-20 17:00:00,solved,1377
671,2025-10-21 02:00:00,open,1377
671,2025-10-20 23:00:00,open,1377
671,2025-10-26 02:00:00,pending,1377
671,2025-10-21 10:00:00,closed,1377
672,2025-11-29 11:00:00,solved,1395
672,2025-11-29 22:00:00,closed,1395
673,2026-01-08 10:00:00,pending,1399
673,2026-01-08 16:00:00,open,1399
673,2026-01-11 06:00:00,closed,1399
674,2026-02-27 07:00:00,solved,428
674,2026-02-27 11:00:00,open,428
674,2026-02-27 15:00:00,open,428
674,2026-03-02 19:00:00,open,428
674,2026-03-01 23:00:00,solved,428
674,2026-03-06 04:00:00,closed,428
675,2026-02-26 04:00:00,solved,2427
675,2026-02-27 14:00:00,closed,2427
675,2026-02-28 22:00:00,closed,2427
675,2026-02-27 22:00:00,pending,2427
675,2026-03-03 16:00:00,solved,2427
675,2026-03-03 09:00:00,closed,2427
676,2026-01-23 08:00:00,open,368
676,2026-01-24 14:00:00,closed,368
676,2026-01-23 16:00:00,open,368
676,2026-01-26 11:00:00,closed,368
677,2026-01-10 04:00:00,open,52
677,2026-01-10 16:00:00,open,52
677,2026-01-12 06:00:00,solved,52
677,2026-01-10 16:00:00,open,52
677,2026-01-10 20:00:00,open,52
677,2026-01-13 07:00:00,pending,52
678,2025-12-31 03:00:00,pending,395
678,2026-01-01 08:00:00,open,395
678,2025-12-31 15:00:00,closed,395
678,2026-01-03 09:00:00,open,395
678,2025-12-31 19:00:00,solved,395
678,2026-01-05 03:00:00,open,395
678,2026-01-07 09:00:00,closed,395
678,2025-12-31 17:00:00,open,395
679,2026-03-03 06:00:00,open,859
679,2026-03-04 09:00:00,solved,859
679,2026-03-03 10:00:00,open,859
679,2026-03-04 03:00:00,closed,859
680,2025-11-14 07:00:00,solved,2479
680,2025-11-15 00:00:00,open,2479
680,2025-11-15 01:00:00,open,2479
680,2025-11-17 10:00:00,closed,2479
680,2025-11-15 11:00:00,open,2479
680,2025-11-14 22:00:00,open,2479
680,2025-11-21 07:00:00,closed,2479
680,2025-11-19 20:00:00,pending,2479
681,2026-01-25 07:00:00,pending,1132
681,2026-01-26 09:00:00,closed,1132
681,2026-01-27 01:00:00,closed,1132
682,2025-09-23 10:00:00,pending,1674
682,2025-09-24 04:00:00,pending,1674
682,2025-09-23 14:00:00,closed,1674
683,2025-09-28 03:00:00,pending,1622
683,2025-09-28 19:00:00,pending,1622
683,2025-10-01 01:00:00,solved,1622
683,2025-09-30 18:00:00,pending,1622
683,2025-09-29 07:00:00,solved,1622
683,2025-10-01 01:00:00,closed,1622
684,2026-01-31 00:00:00,open,2500
684,2026-01-31 07:00:00,solved,2500
684,2026-02-01 22:00:00,open,2500
684,2026-02-01 06:00:00,pending,2500
685,2026-02-05 12:00:00,solved,266
685,2026-02-06 17:00:00,pending,266
685,2026-02-07 14:00:00,open,266
685,2026-02-09 09:00:00,closed,266
685,2026-02-08 08:00:00,solved,266
685,2026-02-07 14:00:00,closed,266
686,2025-12-23 11:00:00,solved,1992
686,2025-12-24 01:00:00,open,1992
686,2025-12-26 09:00:00,solved,1992
687,2025-09-13 10:00:00,open,1466
687,2025-09-13 21:00:00,solved,1466
687,2025-09-15 14:00:00,closed,1466
687,2025-09-14 01:00:00,solved,1466
687,2025-09-18 22:00:00,solved,1466
687,2025-09-19 21:00:00,closed,1466
688,2025-10-25 06:00:00,pending,490
688,2025-10-26 04:00:00,pending,490
688,2025-10-25 12:00:00,pending,490
688,2025-10-26 21:00:00,closed,490
688,2025-10-26 22:00:00,open,490
688,2025-10-31 17:00:00,pending,490
688,2025-11-01 06:00:00,closed,490
689,2025-11-14 02:00:00,open,879
689,2025-11-14 08:00:00,closed,879
689,2025-11-16 02:00:00,open,879
689,2025-11-14 11:00:00,solved,879
689,2025-11-16 18:00:00,open,879
689,2025-11-14 12:00:00,closed,879
690,2025-11-15 11:00:00,pending,1435
690,2025-11-15 22:00:00,pending,1435
690,2025-11-16 15:00:00,closed,1435
690,2025-11-17 23:00:00,solved,1435
690,2025-11-17 19:00:00,closed,1435
690,2025-11-21 17:00:00,closed,1435
691,2025-11-29 09:00:00,open,107
691,2025-11-30 14:00:00,pending,107
691,2025-11-30 17:00:00,closed,107
691,2025-12-02 18:00:00,solved,107
691,2025-12-04 09:00:00,closed,107
692,2026-03-11 01:00:00,pending,259
692,2026-03-11 12:00:00,pending,259
693,2026-02-22 10:00:00,open,2019
693,2026-02-22 20:00:00,solved,2019
693,2026-02-23 16:00:00,pending,2019
693,2026-02-22 22:00:00,closed,2019
693,2026-02-25 18:00:00,pending,2019
693,2026-02-26 04:00:00,closed,2019
694,2025-09-23 07:00:00,solved,375
694,2025-09-24 04:00:00,open,375
694,2025-09-24 03:00:00,pending,375
694,2025-09-24 01:00:00,open,375
694,2025-09-27 15:00:00,pending,375
695,2026-01-20 00:00:00,solved,1977
695,2026-01-20 15:00:00,open,1977
695,2026-01-21 06:00:00,open,1977
696,2026-01-05 12:00:00,pending,1931
696,2026-01-06 14:00:00,pending,1931
696,2026-01-06 08:00:00,solved,1931
696,2026-01-09 03:00:00,pending,1931
697,2025-11-25 04:00:00,solved,2176
697,2025-11-25 08:00:00,solved,2176
697,2025-11-27 10:00:00,open,2176
697,2025-11-26 01:00:00,open,2176
697,2025-11-25 16:00:00,pending,2176
697,2025-12-02 16:00:00,pending,2176
697,2025-11-29 16:00:00,solved,2176
697,2025-11-28 16:00:00,open,2176
698,2026-03-01 06:00:00,open,686
698,2026-03-01 22:00:00,pending,686
698,2026-03-01 22:00:00,open,686
698,2026-03-01 12:00:00,closed,686
699,2026-01-25 07:00:00,open,49
699,2026-01-26 16:00:00,solved,49
699,2026-01-27 19:00:00,closed,49
699,2026-01-25 16:00:00,solved,49
699,2026-01-26 19:00:00,pending,49
699,2026-01-31 08:00:00,pending,49
699,2026-02-03 01:00:00,closed,49
700,2025-09-23 07:00:00,pending,153
700,2025-09-23 09:00:00,open,153
700,2025-09-23 15:00:00,open,153
700,2025-09-26 07:00:00,open,153
700,2025-09-27 19:00:00,closed,153
701,2026-01-27 00:00:00,closed,914
701,2026-01-28 09:00:00,pending,914
701,2026-01-27 16:00:00,solved,914
701,2026-01-28 12:00:00,open,914
701,2026-01-27 08:00:00,closed,914
702,2025-12-19 12:00:00,pending,201
702,2025-12-20 11:00:00,open,201
703,2025-11-19 05:00:00,open,299
703,2025-11-19 08:00:00,open,299
703,2025-11-21 07:00:00,open,299
703,2025-11-20 17:00:00,open,299
703,2025-11-22 05:00:00,closed,299
704,2025-09-13 07:00:00,open,248
704,2025-09-14 16:00:00,closed,248
705,2026-02-08 08:00:00,open,1252
705,2026-02-08 17:00:00,solved,1252
705,2026-02-10 18:00:00,open,1252
706,2026-01-18 09:00:00,open,2291
706,2026-01-18 21:00:00,pending,2291
706,2026-01-18 23:00:00,pending,2291
706,2026-01-20 21:00:00,pending,2291
706,2026-01-18 21:00:00,open,2291
706,2026-01-22 13:00:00,closed,2291
706,2026-01-19 15:00:00,open,2291
706,2026-01-19 06:00:00,closed,2291
707,2026-02-22 10:00:00,open,59
707,2026-02-23 17:00:00,pending,59
707,2026-02-24 20:00:00,pending,59
707,2026-02-25 22:00:00,pending,59
707,2026-02-25 22:00:00,solved,59
707,2026-03-01 12:00:00,closed,59
708,2025-09-20 07:00:00,pending,1180
708,2025-09-20 18:00:00,closed,1180
708,2025-09-20 21:00:00,open,1180
708,2025-09-23 01:00:00,closed,1180
709,2026-03-02 08:00:00,open,886
709,2026-03-02 13:00:00,closed,886
709,2026-03-04 06:00:00,open,886
709,2026-03-02 14:00:00,open,886
709,2026-03-06 16:00:00,solved,886
709,2026-03-02 13:00:00,solved,886
709,2026-03-04 14:00:00,closed,886
710,2025-09-24 11:00:00,pending,2257
710,2025-09-24 17:00:00,closed,2257
711,2025-10-12 01:00:00,pending,8
711,2025-10-12 03:00:00,open,8
711,2025-10-13 01:00:00,closed,8
712,2026-01-30 09:00:00,open,1166
712,2026-01-30 14:00:00,open,1166
712,2026-02-01 09:00:00,pending,1166
712,2026-02-01 12:00:00,open,1166
712,2026-02-02 13:00:00,open,1166
712,2026-02-04 14:00:00,closed,1166
713,2026-03-07 04:00:00,solved,1052
713,2026-03-07 10:00:00,closed,1052
713,2026-03-07 12:00:00,open,1052
713,2026-03-10 13:00:00,pending,1052
713,2026-03-10 04:00:00,open,1052
713,2026-03-14 16:00:00,closed,1052
714,2026-02-23 10:00:00,pending,1309
714,2026-02-24 13:00:00,open,1309
714,2026-02-25 10:00:00,open,1309
715,2026-02-03 12:00:00,open,2298
715,2026-02-04 02:00:00,solved,2298
715,2026-02-05 18:00:00,closed,2298
716,2025-10-01 09:00:00,pending,2200
716,2025-10-01 17:00:00,solved,2200
716,2025-10-03 11:00:00,pending,2200
716,2025-10-05 09:00:00,solved,2200
716,2025-10-04 01:00:00,closed,2200
717,2026-01-21 04:00:00,open,145
717,2026-01-22 05:00:00,open,145
717,2026-01-23 12:00:00,open,145
717,2026-01-23 16:00:00,open,145
718,2026-03-06 08:00:00,open,374
718,2026-03-07 06:00:00,open,374
718,2026-03-08 14:00:00,open,374
718,2026-03-08 11:00:00,solved,374
718,2026-03-12 08:00:00,pending,374
718,2026-03-06 18:00:00,open,374
718,2026-03-07 02:00:00,pending,374
718,2026-03-06 22:00:00,closed,374
719,2025-09-30 12:00:00,open,2487
719,2025-10-01 18:00:00,solved,2487
719,2025-10-01 00:00:00,open,2487
719,2025-10-01 03:00:00,closed,2487
720,2025-11-06 03:00:00,pending,1402
720,2025-11-07 14:00:00,pending,1402
720,2025-11-07 13:00:00,open,1402
720,2025-11-07 12:00:00,open,1402
720,2025-11-06 23:00:00,closed,1402
720,2025-11-12 09:00:00,solved,1402
720,2025-11-12 03:00:00,open,1402
720,2025-11-07 00:00:00,pending,1402
721,2025-12-04 04:00:00,closed,2026
721,2025-12-04 05:00:00,closed,2026
721,2025-12-04 10:00:00,open,2026
721,2025-12-08 01:00:00,closed,2026
722,2025-12-11 10:00:00,pending,1085
722,2025-12-12 00:00:00,closed,1085
722,2025-12-13 20:00:00,pending,1085
722,2025-12-15 07:00:00,solved,1085
722,2025-12-16 02:00:00,closed,1085
722,2025-12-18 12:00:00,solved,1085
722,2025-12-11 22:00:00,closed,1085
723,2026-01-12 07:00:00,pending,30
723,2026-01-12 16:00:00,closed,30
724,2026-01-18 12:00:00,pending,1710
724,2026-01-19 04:00:00,closed,1710
724,2026-01-19 14:00:00,solved,1710
724,2026-01-22 15:00:00,pending,1710
724,2026-01-19 04:00:00,open,1710
724,2026-01-22 01:00:00,solved,1710
724,2026-01-23 12:00:00,closed,1710
725,2026-03-06 05:00:00,closed,70
725,2026-03-06 08:00:00,open,70
725,2026-03-08 13:00:00,solved,70
725,2026-03-08 08:00:00,closed,70
725,2026-03-08 17:00:00,solved,70
725,2026-03-09 08:00:00,open,70
725,2026-03-10 23:00:00,pending,70
726,2025-12-31 06:00:00,pending,168
726,2026-01-01 18:00:00,open,168
726,2026-01-02 04:00:00,closed,168
726,2026-01-01 09:00:00,pending,168
726,2026-01-03 14:00:00,closed,168
726,2026-01-01 22:00:00,solved,168
726,2026-01-06 12:00:00,open,168
726,2026-01-09 07:00:00,closed,168
727,2026-01-10 08:00:00,open,648
727,2026-01-11 00:00:00,pending,648
727,2026-01-13 04:00:00,open,648
728,2025-12-30 12:00:00,open,1348
728,2025-12-31 15:00:00,pending,1348
728,2026-01-02 00:00:00,closed,1348
728,2026-01-01 12:00:00,solved,1348
728,2025-12-31 00:00:00,pending,1348
728,2026-01-07 00:00:00,open,1348
728,2026-01-06 18:00:00,pending,1348
728,2026-01-07 23:00:00,closed,1348
729,2026-03-03 10:00:00,open,1312
729,2026-03-04 08:00:00,closed,1312
730,2025-09-21 03:00:00,pending,539
730,2025-09-22 02:00:00,closed,539
730,2025-09-24 03:00:00,solved,539
730,2025-09-23 12:00:00,pending,539
730,2025-09-21 15:00:00,closed,539
731,2025-12-07 05:00:00,pending,1312
731,2025-12-08 08:00:00,open,1312
731,2025-12-09 09:00:00,pending,1312
731,2025-12-08 11:00:00,open,1312
731,2025-12-11 13:00:00,closed,1312
731,2025-12-07 20:00:00,open,1312
731,2025-12-09 05:00:00,closed,1312
732,2026-02-08 04:00:00,closed,2480
732,2026-02-09 04:00:00,pending,2480
732,2026-02-08 20:00:00,solved,2480
732,2026-02-10 13:00:00,closed,2480
732,2026-02-10 16:00:00,open,2480
732,2026-02-12 13:00:00,pending,2480
732,2026-02-16 16:00:00,solved,2480
732,2026-02-14 14:00:00,closed,2480
733,2025-11-11 11:00:00,open,671
733,2025-11-11 21:00:00,closed,671
733,2025-11-14 03:00:00,open,671
733,2025-11-12 08:00:00,solved,671
733,2025-11-15 11:00:00,solved,671
733,2025-11-15 00:00:00,closed,671
734,2025-10-19 11:00:00,pending,1837
734,2025-10-20 16:00:00,solved,1837
734,2025-10-20 07:00:00,open,1837
734,2025-10-21 17:00:00,closed,1837
735,2026-01-30 05:00:00,pending,680
735,2026-01-31 01:00:00,open,680
735,2026-02-01 21:00:00,open,680
735,2026-02-03 14:00:00,open,680
735,2026-02-01 21:00:00,pending,680
735,2026-02-06 12:00:00,solved,680
735,2026-02-05 05:00:00,open,680
736,2026-03-11 08:00:00,open,97
736,2026-03-11 11:00:00,pending,97
736,2026-03-13 16:00:00,open,97
737,2026-02-22 10:00:00,solved,397
737,2026-02-23 18:00:00,closed,397
737,2026-02-23 02:00:00,solved,397
737,2026-02-23 16:00:00,closed,397
738,2026-01-30 04:00:00,open,1239
738,2026-01-30 10:00:00,closed,1239
738,2026-02-02 02:00:00,closed,1239
738,2026-02-03 16:00:00,closed,1239
739,2025-10-28 05:00:00,solved,943
739,2025-10-28 22:00:00,solved,943
739,2025-10-29 03:00:00,pending,943
739,2025-11-01 14:00:00,closed,943
740,2026-01-22 02:00:00,solved,621
740,2026-01-23 10:00:00,open,621
740,2026-01-22 12:00:00,pending,621
740,2026-01-23 11:00:00,closed,621
740,2026-01-24 10:00:00,open,621
740,2026-01-26 11:00:00,closed,621
741,2025-12-07 10:00:00,open,2343
741,2025-12-07 21:00:00,pending,2343
741,2025-12-09 08:00:00,closed,2343
742,2026-01-15 10:00:00,pending,1963
742,2026-01-15 18:00:00,closed,1963
742,2026-01-16 10:00:00,closed,1963
742,2026-01-19 13:00:00,open,1963
742,2026-01-16 02:00:00,closed,1963
742,2026-01-18 13:00:00,solved,1963
742,2026-01-24 04:00:00,closed,1963
743,2026-02-11 07:00:00,pending,695
743,2026-02-12 10:00:00,solved,695
743,2026-02-11 11:00:00,closed,695
744,2025-10-31 06:00:00,closed,2211
744,2025-11-01 00:00:00,solved,2211
744,2025-11-02 14:00:00,pending,2211
744,2025-10-31 15:00:00,pending,2211
744,2025-11-03 18:00:00,open,2211
744,2025-11-05 06:00:00,open,2211
744,2025-11-05 00:00:00,open,2211
745,2026-02-03 08:00:00,closed,2227
745,2026-02-04 13:00:00,pending,2227
745,2026-02-06 00:00:00,pending,2227
745,2026-02-06 17:00:00,open,2227
745,2026-02-06 20:00:00,open,2227
745,2026-02-08 18:00:00,closed,2227
745,2026-02-09 14:00:00,closed,2227
746,2025-10-24 05:00:00,solved,2163
746,2025-10-25 08:00:00,pending,2163
746,2025-10-26 01:00:00,closed,2163
746,2025-10-24 14:00:00,open,2163
746,2025-10-29 09:00:00,closed,2163
747,2025-09-19 11:00:00,open,1952
747,2025-09-20 03:00:00,open,1952
747,2025-09-20 05:00:00,open,1952
747,2025-09-22 20:00:00,open,1952
747,2025-09-24 07:00:00,open,1952
747,2025-09-25 07:00:00,open,1952
747,2025-09-28 05:00:00,closed,1952
748,2026-01-04 00:00:00,open,995
748,2026-01-05 07:00:00,solved,995
748,2026-01-04 10:00:00,open,995
748,2026-01-05 03:00:00,solved,995
748,2026-01-09 00:00:00,closed,995
749,2025-09-20 09:00:00,pending,1061
749,2025-09-21 21:00:00,open,1061
749,2025-09-21 19:00:00,pending,1061
749,2025-09-24 09:00:00,open,1061
749,2025-09-25 21:00:00,open,1061
749,2025-09-21 20:00:00,solved,1061
749,2025-09-28 15:00:00,pending,1061
749,2025-09-24 11:00:00,closed,1061
750,2026-02-28 00:00:00,closed,13
750,2026-02-28 05:00:00,closed,13
751,2025-12-11 00:00:00,closed,1457
751,2025-12-12 12:00:00,open,1457
751,2025-12-11 02:00:00,pending,1457
751,2025-12-12 03:00:00,pending,1457
751,2025-12-11 16:00:00,pending,1457
751,2025-12-17 21:00:00,open,1457
751,2025-12-11 12:00:00,closed,1457
752,2025-09-24 07:00:00,pending,2448
752,2025-09-25 14:00:00,open,2448
752,2025-09-26 11:00:00,pending,2448
752,2025-09-26 13:00:00,closed,2448
752,2025-09-24 11:00:00,closed,2448
753,2025-10-29 08:00:00,solved,368
753,2025-10-30 03:00:00,closed,368
754,2026-01-03 06:00:00,pending,512
754,2026-01-04 17:00:00,pending,512
754,2026-01-04 06:00:00,open,512
754,2026-01-07 03:00:00,open,512
754,2026-01-07 06:00:00,open,512
754,2026-01-09 07:00:00,open,512
754,2026-01-06 12:00:00,open,512
754,2026-01-06 04:00:00,closed,512
755,2025-11-03 06:00:00,solved,1135
755,2025-11-03 17:00:00,open,1135
755,2025-11-03 10:00:00,open,1135
756,2025-12-28 03:00:00,pending,1973
756,2025-12-28 10:00:00,solved,1973
756,2025-12-29 15:00:00,open,1973
756,2025-12-28 21:00:00,closed,1973
757,2025-10-01 11:00:00,open,2426
757,2025-10-01 19:00:00,pending,2426
757,2025-10-04 11:00:00,pending,2426
757,2025-10-02 05:00:00,open,2426
757,2025-10-06 03:00:00,solved,2426
757,2025-10-01 21:00:00,open,2426
758,2025-09-26 12:00:00,open,45
758,2025-09-27 03:00:00,solved,45
758,2025-09-29 00:00:00,closed,45
759,2025-12-31 10:00:00,pending,562
759,2026-01-01 21:00:00,open,562
759,2026-01-01 18:00:00,pending,562
759,2025-12-31 13:00:00,solved,562
760,2026-02-14 11:00:00,open,2092
760,2026-02-15 03:00:00,closed,2092
760,2026-02-16 15:00:00,closed,2092
761,2025-10-24 01:00:00,pending,1454
761,2025-10-25 13:00:00,solved,1454
761,2025-10-24 13:00:00,pending,1454
761,2025-10-24 13:00:00,closed,1454
761,2025-10-24 09:00:00,pending,1454
761,2025-10-26 13:00:00,closed,1454
762,2026-01-21 10:00:00,solved,1552
762,2026-01-22 20:00:00,solved,1552
762,2026-01-23 16:00:00,pending,1552
762,2026-01-25 10:00:00,closed,1552
763,2026-02-03 09:00:00,closed,1569
763,2026-02-03 14:00:00,pending,1569
763,2026-02-03 15:00:00,closed,1569
764,2025-12-02 07:00:00,pending,1045
764,2025-12-02 16:00:00,pending,1045
764,2025-12-03 23:00:00,pending,1045
764,2025-12-05 22:00:00,closed,1045
764,2025-12-07 07:00:00,solved,1045
764,2025-12-04 04:00:00,solved,1045
764,2025-12-07 19:00:00,pending,1045
764,2025-12-06 09:00:00,closed,1045
765,2025-09-16 07:00:00,solved,578
765,2025-09-16 10:00:00,closed,578
765,2025-09-18 09:00:00,closed,578
766,2026-01-15 11:00:00,open,2108
766,2026-01-16 02:00:00,open,2108
766,2026-01-18 05:00:00,solved,2108
766,2026-01-17 05:00:00,pending,2108
766,2026-01-18 23:00:00,pending,2108
766,2026-01-21 02:00:00,open,2108
766,2026-01-16 23:00:00,closed,2108
767,2025-11-22 03:00:00,solved,2316
767,2025-11-23 07:00:00,pending,2316
767,2025-11-24 05:00:00,open,2316
767,2025-11-24 03:00:00,closed,2316
767,2025-11-26 15:00:00,open,2316
768,2025-10-02 06:00:00,open,1195
768,2025-10-02 07:00:00,solved,1195
768,2025-10-03 06:00:00,solved,1195
768,2025-10-02 18:00:00,open,1195
768,2025-10-07 06:00:00,closed,1195
768,2025-10-05 19:00:00,pending,1195
768,2025-10-05 06:00:00,solved,1195
768,2025-10-08 23:00:00,closed,1195
769,2025-10-10 01:00:00,closed,432
769,2025-10-10 22:00:00,pending,432
769,2025-10-10 13:00:00,closed,432
769,2025-10-14 01:00:00,open,432
769,2025-10-13 05:00:00,open,432
769,2025-10-16 07:00:00,solved,432
769,2025-10-14 13:00:00,open,432
769,2025-10-15 07:00:00,closed,432
770,2025-11-19 01:00:00,open,27
770,2025-11-20 13:00:00,solved,27
770,2025-11-21 21:00:00,closed,27
771,2025-11-13 00:00:00,open,1296
771,2025-11-13 03:00:00,solved,1296
771,2025-11-15 20:00:00,closed,1296
772,2026-03-04 12:00:00,solved,891
772,2026-03-05 09:00:00,pending,891
772,2026-03-05 02:00:00,open,891
773,2026-01-11 01:00:00,pending,1513
773,2026-01-11 20:00:00,pending,1513
773,2026-01-12 15:00:00,solved,1513
774,2025-11-13 03:00:00,closed,2212
774,2025-11-14 10:00:00,closed,2212
775,2026-01-05 05:00:00,pending,950
775,2026-01-05 12:00:00,pending,950
775,2026-01-06 15:00:00,solved,950
775,2026-01-06 14:00:00,closed,950
776,2026-01-08 08:00:00,solved,2187
776,2026-01-08 09:00:00,open,2187
776,2026-01-10 12:00:00,open,2187
776,2026-01-09 17:00:00,open,2187
776,2026-01-11 20:00:00,solved,2187
776,2026-01-12 17:00:00,open,2187
776,2026-01-16 02:00:00,closed,2187
776,2026-01-14 04:00:00,closed,2187
777,2026-01-05 02:00:00,open,1964
777,2026-01-05 22:00:00,open,1964
778,2025-12-22 11:00:00,solved,603
778,2025-12-22 18:00:00,closed,603
778,2025-12-23 09:00:00,solved,603
778,2025-12-22 14:00:00,pending,603
778,2025-12-26 11:00:00,pending,603
778,2025-12-29 08:00:00,closed,603
778,2025-12-30 05:00:00,open,603
778,2025-12-24 12:00:00,closed,603
779,2026-02-17 10:00:00,open,752
779,2026-02-18 18:00:00,closed,752
780,2026-02-26 07:00:00,open,1245
780,2026-02-26 20:00:00,closed,1245
780,2026-02-27 03:00:00,pending,1245
780,2026-02-28 13:00:00,open,1245
780,2026-03-01 07:00:00,open,1245
780,2026-02-28 09:00:00,pending,1245
780,2026-02-27 07:00:00,solved,1245
780,2026-03-04 03:00:00,closed,1245
781,2025-09-16 11:00:00,pending,2405
781,2025-09-17 06:00:00,closed,2405
782,2026-01-05 00:00:00,closed,1989
782,2026-01-05 19:00:00,closed,1989
782,2026-01-06 14:00:00,open,1989
782,2026-01-06 21:00:00,open,1989
782,2026-01-07 20:00:00,pending,1989
782,2026-01-06 21:00:00,pending,1989
782,2026-01-06 00:00:00,pending,1989
783,2026-02-20 11:00:00,open,1816
783,2026-02-20 16:00:00,open,1816
783,2026-02-21 07:00:00,closed,1816
784,2025-11-17 00:00:00,closed,671
784,2025-11-17 13:00:00,pending,671
784,2025-11-18 10:00:00,pending,671
784,2025-11-21 09:00:00,pending,671
784,2025-11-23 00:00:00,pending,671
784,2025-11-23 16:00:00,closed,671
785,2026-02-03 08:00:00,open,934
785,2026-02-04 12:00:00,solved,934
785,2026-02-03 12:00:00,open,934
785,2026-02-03 11:00:00,closed,934
786,2025-12-23 07:00:00,solved,1806
786,2025-12-24 05:00:00,pending,1806
786,2025-12-23 13:00:00,pending,1806
787,2025-09-25 01:00:00,solved,1180
787,2025-09-26 10:00:00,open,1180
787,2025-09-27 17:00:00,solved,1180
787,2025-09-28 01:00:00,open,1180
787,2025-09-26 21:00:00,open,1180
787,2025-09-28 19:00:00,closed,1180
787,2025-09-27 19:00:00,open,1180
787,2025-09-27 09:00:00,open,1180
788,2026-02-22 11:00:00,open,1122
788,2026-02-23 09:00:00,closed,1122
788,2026-02-23 23:00:00,solved,1122
788,2026-02-25 20:00:00,closed,1122
788,2026-02-27 15:00:00,pending,1122
788,2026-02-24 18:00:00,open,1122
788,2026-02-24 23:00:00,open,1122
788,2026-02-23 01:00:00,closed,1122
789,2025-10-16 04:00:00,closed,1547
789,2025-10-16 06:00:00,open,1547
789,2025-10-16 14:00:00,solved,1547
789,2025-10-16 22:00:00,solved,1547
790,2025-11-23 11:00:00,open,382
790,2025-11-23 15:00:00,pending,382
790,2025-11-25 03:00:00,pending,382
790,2025-11-26 23:00:00,closed,382
790,2025-11-28 07:00:00,open,382
790,2025-11-27 15:00:00,open,382
791,2026-01-21 12:00:00,solved,2332
791,2026-01-22 07:00:00,open,2332
791,2026-01-24 06:00:00,solved,2332
791,2026-01-25 06:00:00,closed,2332
792,2026-02-05 02:00:00,open,1577
792,2026-02-06 11:00:00,open,1577
792,2026-02-07 04:00:00,closed,1577
792,2026-02-08 02:00:00,solved,1577
792,2026-02-05 06:00:00,closed,1577
792,2026-02-08 20:00:00,pending,1577
792,2026-02-07 20:00:00,pending,1577
792,2026-02-09 04:00:00,closed,1577
793,2026-02-08 04:00:00,open,945
793,2026-02-08 20:00:00,pending,945
793,2026-02-08 18:00:00,closed,945
794,2025-11-01 01:00:00,open,1388
794,2025-11-01 08:00:00,pending,1388
794,2025-11-01 03:00:00,pending,1388
794,2025-11-05 07:00:00,open,1388
794,2025-11-07 01:00:00,open,1388
794,2025-11-07 17:00:00,open,1388
794,2025-11-03 01:00:00,closed,1388
795,2026-01-27 12:00:00,closed,250
795,2026-01-27 13:00:00,pending,250
795,2026-01-28 12:00:00,open,250
795,2026-01-27 18:00:00,closed,250
796,2025-10-23 08:00:00,open,40
796,2025-10-24 19:00:00,open,40
796,2025-10-23 14:00:00,pending,40
796,2025-10-24 05:00:00,pending,40
796,2025-10-24 16:00:00,pending,40
796,2025-10-30 15:00:00,solved,40
796,2025-10-29 14:00:00,closed,40
797,2026-01-04 04:00:00,open,2326
797,2026-01-04 07:00:00,solved,2326
797,2026-01-05 06:00:00,closed,2326
797,2026-01-08 16:00:00,closed,2326
798,2025-10-10 05:00:00,solved,1745
798,2025-10-11 13:00:00,open,1745
798,2025-10-12 07:00:00,pending,1745
798,2025-10-13 08:00:00,pending,1745
798,2025-10-11 05:00:00,open,1745
798,2025-10-17 17:00:00,solved,1745
798,2025-10-18 17:00:00,closed,1745
799,2025-10-29 02:00:00,open,388
799,2025-10-30 04:00:00,pending,388
799,2025-10-29 12:00:00,open,388
799,2025-10-29 14:00:00,solved,388
799,2025-11-01 06:00:00,pending,388
799,2025-11-02 16:00:00,solved,388
800,2025-12-04 04:00:00,pending,1420
800,2025-12-04 14:00:00,open,1420
800,2025-12-06 20:00:00,pending,1420
800,2025-12-06 22:00:00,pending,1420
800,2025-12-10 00:00:00,closed,1420
801,2025-12-11 00:00:00,solved,1108
801,2025-12-12 00:00:00,pending,1108
801,2025-12-13 00:00:00,open,1108
801,2025-12-14 03:00:00,open,1108
801,2025-12-11 12:00:00,pending,1108
801,2025-12-15 04:00:00,open,1108
801,2025-12-11 12:00:00,closed,1108
802,2026-03-02 03:00:00,pending,240
802,2026-03-03 11:00:00,pending,240
803,2025-10-04 08:00:00,pending,780
803,2025-10-05 04:00:00,open,780
803,2025-10-07 08:00:00,solved,780
803,2025-10-07 05:00:00,open,780
804,2026-02-26 11:00:00,open,987
804,2026-02-26 14:00:00,pending,987
804,2026-02-27 13:00:00,open,987
804,2026-03-01 08:00:00,open,987
804,2026-02-27 19:00:00,closed,987
805,2025-10-22 03:00:00,pending,594
805,2025-10-22 23:00:00,solved,594
805,2025-10-24 21:00:00,pending,594
805,2025-10-22 12:00:00,closed,594
806,2025-12-26 10:00:00,open,960
806,2025-12-27 02:00:00,closed,960
806,2025-12-29 10:00:00,closed,960
807,2025-10-14 05:00:00,open,1333
807,2025-10-15 00:00:00,open,1333
807,2025-10-16 07:00:00,open,1333
807,2025-10-15 08:00:00,open,1333
807,2025-10-16 01:00:00,pending,1333
807,2025-10-18 14:00:00,closed,1333
808,2025-09-30 08:00:00,pending,1904
808,2025-09-30 09:00:00,open,1904
808,2025-10-01 02:00:00,pending,1904
808,2025-09-30 17:00:00,open,1904
808,2025-10-02 00:00:00,open,1904
808,2025-09-30 13:00:00,open,1904
808,2025-10-05 14:00:00,solved,1904
808,2025-10-03 06:00:00,closed,1904
809,2026-03-06 12:00:00,closed,444
809,2026-03-06 20:00:00,open,444
809,2026-03-09 00:00:00,solved,444
809,2026-03-10 12:00:00,closed,444
809,2026-03-08 00:00:00,closed,444
810,2025-10-02 09:00:00,pending,1646
810,2025-10-02 10:00:00,open,1646
810,2025-10-03 01:00:00,closed,1646
811,2025-11-24 01:00:00,solved,137
811,2025-11-24 10:00:00,solved,137
811,2025-11-24 15:00:00,pending,137
811,2025-11-27 01:00:00,open,137
811,2025-11-29 09:00:00,solved,137
811,2025-11-30 22:00:00,solved,137
811,2025-11-30 07:00:00,pending,137
811,2025-12-02 19:00:00,closed,137
812,2026-02-27 05:00:00,open,578
812,2026-02-27 20:00:00,pending,578
812,2026-02-28 23:00:00,solved,578
812,2026-03-03 14:00:00,closed,578
813,2026-02-03 01:00:00,open,1194
813,2026-02-03 12:00:00,pending,1194
813,2026-02-04 21:00:00,closed,1194
814,2025-12-22 06:00:00,solved,1034
814,2025-12-22 21:00:00,solved,1034
814,2025-12-24 12:00:00,pending,1034
814,2025-12-26 15:00:00,closed,1034
815,2025-11-24 00:00:00,closed,1160
815,2025-11-25 10:00:00,closed,1160
816,2026-02-13 11:00:00,open,1727
816,2026-02-14 10:00:00,pending,1727
816,2026-02-14 05:00:00,open,1727
816,2026-02-15 17:00:00,open,1727
816,2026-02-16 23:00:00,pending,1727
816,2026-02-18 06:00:00,closed,1727
817,2026-02-07 07:00:00,solved,376
817,2026-02-07 13:00:00,closed,376
818,2026-02-26 08:00:00,open,247
818,2026-02-27 15:00:00,open,247
818,2026-02-28 18:00:00,solved,247
818,2026-02-27 17:00:00,pending,247
818,2026-03-03 08:00:00,closed,247
818,2026-03-01 21:00:00,open,247
818,2026-03-03 02:00:00,closed,247
819,2026-03-12 05:00:00,open,1707
819,2026-03-13 04:00:00,open,1707
819,2026-03-13 03:00:00,open,1707
819,2026-03-15 23:00:00,solved,1707
819,2026-03-15 09:00:00,solved,1707
819,2026-03-14 12:00:00,pending,1707
819,2026-03-15 17:00:00,solved,1707
820,2026-02-05 04:00:00,pending,508
820,2026-02-06 09:00:00,closed,508
820,2026-02-07 20:00:00,pending,508
820,2026-02-09 04:00:00,open,508
820,2026-02-10 16:00:00,open,508
820,2026-02-06 05:00:00,solved,508
820,2026-02-13 10:00:00,closed,508
821,2025-11-09 02:00:00,solved,231
821,2025-11-10 10:00:00,open,231
821,2025-11-10 18:00:00,pending,231
821,2025-11-10 20:00:00,pending,231
821,2025-11-14 14:00:00,pending,231
822,2025-10-27 02:00:00,open,2236
822,2025-10-27 21:00:00,pending,2236
822,2025-10-29 12:00:00,pending,2236
822,2025-10-29 02:00:00,open,2236
822,2025-10-31 18:00:00,open,2236
822,2025-10-28 18:00:00,closed,2236
823,2025-12-22 06:00:00,closed,1591
823,2025-12-23 15:00:00,pending,1591
823,2025-12-23 08:00:00,solved,1591
823,2025-12-23 06:00:00,closed,1591
823,2025-12-28 06:00:00,pending,1591
823,2025-12-24 03:00:00,solved,1591
823,2025-12-29 12:00:00,closed,1591
824,2025-09-19 12:00:00,solved,1376
824,2025-09-20 21:00:00,pending,1376
824,2025-09-20 18:00:00,open,1376
825,2026-01-12 04:00:00,pending,839
825,2026-01-13 09:00:00,closed,839
826,2025-10-15 12:00:00,open,181
826,2025-10-15 17:00:00,pending,181
826,2025-10-18 06:00:00,closed,181
827,2025-10-27 04:00:00,pending,1158
827,2025-10-27 05:00:00,solved,1158
827,2025-10-29 10:00:00,pending,1158
827,2025-10-27 22:00:00,open,1158
827,2025-11-01 00:00:00,closed,1158
827,2025-10-29 16:00:00,solved,1158
827,2025-11-01 16:00:00,open,1158
828,2025-11-16 00:00:00,open,143
828,2025-11-16 10:00:00,open,143
828,2025-11-17 18:00:00,open,143
828,2025-11-16 09:00:00,closed,143
829,2025-12-04 08:00:00,pending,1896
829,2025-12-05 13:00:00,solved,1896
829,2025-12-06 02:00:00,open,1896
829,2025-12-06 23:00:00,pending,1896
829,2025-12-08 20:00:00,closed,1896
830,2026-01-07 11:00:00,solved,1351
830,2026-01-08 03:00:00,open,1351
830,2026-01-08 09:00:00,solved,1351
830,2026-01-09 11:00:00,closed,1351
831,2026-03-09 09:00:00,solved,1417
831,2026-03-09 13:00:00,open,1417
831,2026-03-11 11:00:00,pending,1417
831,2026-03-13 12:00:00,closed,1417
832,2025-09-27 06:00:00,closed,2249
832,2025-09-28 13:00:00,pending,2249
832,2025-09-27 12:00:00,pending,2249
832,2025-10-01 12:00:00,pending,2249
832,2025-09-29 02:00:00,open,2249
832,2025-09-28 22:00:00,open,2249
832,2025-10-04 06:00:00,open,2249
832,2025-10-02 05:00:00,pending,2249
833,2026-02-06 09:00:00,open,1563
833,2026-02-07 04:00:00,pending,1563
833,2026-02-08 11:00:00,pending,1563
833,2026-02-09 03:00:00,closed,1563
834,2025-11-27 00:00:00,closed,151
834,2025-11-27 06:00:00,open,151
834,2025-11-28 06:00:00,solved,151
834,2025-11-29 21:00:00,open,151
834,2025-12-02 04:00:00,open,151
834,2025-12-01 14:00:00,open,151
835,2026-01-13 12:00:00,closed,163
835,2026-01-14 00:00:00,pending,163
835,2026-01-14 00:00:00,closed,163
836,2025-10-21 00:00:00,pending,29
836,2025-10-22 08:00:00,solved,29
836,2025-10-21 04:00:00,closed,29
837,2025-11-29 09:00:00,closed,1481
837,2025-11-29 19:00:00,open,1481
837,2025-11-30 19:00:00,pending,1481
837,2025-12-03 12:00:00,pending,1481
837,2025-12-01 01:00:00,open,1481
837,2025-12-03 03:00:00,closed,1481
838,2026-02-06 02:00:00,closed,2088
838,2026-02-06 11:00:00,open,2088
838,2026-02-07 16:00:00,open,2088
838,2026-02-07 02:00:00,open,2088
838,2026-02-07 10:00:00,open,2088
838,2026-02-11 07:00:00,solved,2088
838,2026-02-13 14:00:00,closed,2088
839,2025-09-20 04:00:00,pending,2298
839,2025-09-20 23:00:00,solved,2298
839,2025-09-22 08:00:00,pending,2298
839,2025-09-24 13:00:00,open,2298
839,2025-09-25 16:00:00,closed,2298
840,2026-01-25 12:00:00,open,117
840,2026-01-26 04:00:00,solved,117
840,2026-01-27 12:00:00,open,117
840,2026-01-29 18:00:00,closed,117
840,2026-01-29 00:00:00,pending,117
840,2026-01-29 11:00:00,closed,117
841,2025-10-10 01:00:00,pending,320
841,2025-10-10 02:00:00,open,320
841,2025-10-12 15:00:00,closed,320
842,2026-01-26 09:00:00,solved,2343
842,2026-01-27 00:00:00,open,2343
842,2026-01-26 19:00:00,open,2343
842,2026-01-29 00:00:00,open,2343
842,2026-01-29 05:00:00,pending,2343
842,2026-02-01 05:00:00,pending,2343
842,2026-01-27 21:00:00,solved,2343
842,2026-02-02 09:00:00,closed,2343
843,2025-10-24 02:00:00,pending,1536
843,2025-10-24 06:00:00,closed,1536
844,2025-10-10 09:00:00,open,1074
844,2025-10-10 16:00:00,solved,1074
844,2025-10-11 13:00:00,pending,1074
844,2025-10-13 15:00:00,pending,1074
844,2025-10-10 21:00:00,open,1074
844,2025-10-16 05:00:00,closed,1074
845,2025-10-23 01:00:00,solved,1264
845,2025-10-23 05:00:00,open,1264
845,2025-10-25 19:00:00,closed,1264
846,2025-10-19 02:00:00,closed,2393
846,2025-10-19 09:00:00,pending,2393
847,2025-10-30 05:00:00,open,600
847,2025-10-30 11:00:00,closed,600
848,2026-02-27 10:00:00,solved,962
848,2026-02-28 11:00:00,open,962
848,2026-03-01 18:00:00,closed,962
848,2026-03-01 07:00:00,closed,962
848,2026-02-27 18:00:00,closed,962
849,2025-11-04 12:00:00,pending,163
849,2025-11-05 08:00:00,solved,163
849,2025-11-06 04:00:00,solved,163
849,2025-11-06 00:00:00,open,163
849,2025-11-08 08:00:00,open,163
849,2025-11-09 07:00:00,closed,163
850,2026-03-01 08:00:00,solved,2399
850,2026-03-02 02:00:00,closed,2399
850,2026-03-03 14:00:00,open,2399
850,2026-03-04 23:00:00,pending,2399
850,2026-03-07 08:00:00,open,2399
850,2026-03-06 08:00:00,pending,2399
850,2026-03-01 20:00:00,closed,2399
851,2025-10-11 06:00:00,solved,1846
851,2025-10-11 11:00:00,open,1846
851,2025-10-11 22:00:00,open,1846
851,2025-10-14 15:00:00,solved,1846
851,2025-10-16 06:00:00,open,1846
851,2025-10-11 21:00:00,pending,1846
851,2025-10-18 12:00:00,closed,1846
851,2025-10-13 00:00:00,closed,1846
852,2026-01-20 12:00:00,solved,2256
852,2026-01-21 05:00:00,closed,2256
853,2025-12-18 06:00:00,open,2100
853,2025-12-19 08:00:00,solved,2100
853,2025-12-19 14:00:00,pending,2100
853,2025-12-22 06:00:00,closed,2100
854,2025-12-27 02:00:00,open,1484
854,2025-12-28 00:00:00,open,1484
854,2025-12-28 10:00:00,closed,1484
855,2025-12-17 01:00:00,pending,991
855,2025-12-17 13:00:00,closed,991
856,2025-10-01 10:00:00,open,598
856,2025-10-01 14:00:00,solved,598
856,2025-10-01 18:00:00,pending,598
856,2025-10-04 04:00:00,closed,598
857,2026-01-31 02:00:00,solved,1741
857,2026-01-31 18:00:00,open,1741
857,2026-02-01 04:00:00,pending,1741
857,2026-02-02 02:00:00,pending,1741
857,2026-01-31 14:00:00,open,1741
857,2026-01-31 12:00:00,closed,1741
857,2026-02-06 20:00:00,pending,1741
857,2026-02-07 02:00:00,closed,1741
858,2025-12-23 11:00:00,pending,2259
858,2025-12-23 17:00:00,open,2259
858,2025-12-26 03:00:00,pending,2259
858,2025-12-26 02:00:00,open,2259
859,2025-10-15 01:00:00,open,1260
859,2025-10-15 11:00:00,pending,1260
859,2025-10-15 13:00:00,pending,1260
859,2025-10-18 22:00:00,closed,1260
860,2025-11-29 10:00:00,closed,2255
860,2025-11-30 21:00:00,open,2255
860,2025-12-02 02:00:00,closed,2255
860,2025-12-03 16:00:00,pending,2255
860,2025-12-01 22:00:00,open,2255
860,2025-12-04 05:00:00,closed,2255
860,2025-11-30 16:00:00,closed,2255
861,2025-11-01 06:00:00,closed,1098
861,2025-11-01 18:00:00,closed,1098
861,2025-11-04 00:00:00,open,1098
861,2025-11-05 00:00:00,solved,1098
861,2025-11-01 18:00:00,solved,1098
861,2025-11-06 16:00:00,pending,1098
862,2026-02-20 01:00:00,closed,2159
862,2026-02-21 07:00:00,open,2159
862,2026-02-20 21:00:00,pending,2159
862,2026-02-20 10:00:00,closed,2159
863,2026-01-20 06:00:00,solved,1580
863,2026-01-20 19:00:00,open,1580
863,2026-01-22 00:00:00,open,1580
863,2026-01-23 00:00:00,pending,1580
863,2026-01-22 14:00:00,pending,1580
863,2026-01-21 12:00:00,open,1580
863,2026-01-22 00:00:00,open,1580
863,2026-01-26 09:00:00,closed,1580
864,2026-03-10 04:00:00,open,1213
864,2026-03-11 06:00:00,open,1213
864,2026-03-11 02:00:00,closed,1213
864,2026-03-12 13:00:00,open,1213
864,2026-03-11 16:00:00,solved,1213
864,2026-03-16 20:00:00,open,1213
864,2026-03-12 04:00:00,open,1213
865,2025-12-27 05:00:00,closed,1074
865,2025-12-27 16:00:00,closed,1074
865,2025-12-27 13:00:00,open,1074
865,2025-12-30 08:00:00,pending,1074
865,2025-12-30 05:00:00,pending,1074
865,2025-12-31 09:00:00,closed,1074
866,2025-12-29 04:00:00,open,1264
866,2025-12-30 15:00:00,closed,1264
866,2025-12-29 10:00:00,open,1264
866,2025-12-31 19:00:00,closed,1264
866,2025-12-31 04:00:00,open,1264
866,2026-01-03 14:00:00,pending,1264
867,2025-10-25 01:00:00,closed,1902
867,2025-10-25 14:00:00,solved,1902
867,2025-10-27 09:00:00,open,1902
867,2025-10-27 07:00:00,pending,1902
867,2025-10-27 21:00:00,solved,1902
867,2025-10-29 00:00:00,closed,1902
868,2025-10-12 01:00:00,closed,1241
868,2025-10-12 23:00:00,solved,1241
868,2025-10-13 19:00:00,open,1241
868,2025-10-12 22:00:00,pending,1241
868,2025-10-17 17:00:00,closed,1241
869,2025-12-02 07:00:00,open,2206
869,2025-12-02 08:00:00,closed,2206
870,2025-11-25 01:00:00,solved,1472
870,2025-11-25 02:00:00,pending,1472
870,2025-11-25 03:00:00,closed,1472
871,2026-01-08 11:00:00,open,2298
871,2026-01-09 12:00:00,closed,2298
871,2026-01-09 17:00:00,pending,2298
871,2026-01-12 20:00:00,open,2298
871,2026-01-14 07:00:00,open,2298
871,2026-01-13 21:00:00,closed,2298
872,2025-10-07 04:00:00,solved,2395
872,2025-10-08 05:00:00,open,2395
872,2025-10-07 18:00:00,closed,2395
872,2025-10-10 13:00:00,pending,2395
872,2025-10-10 20:00:00,solved,2395
872,2025-10-14 06:00:00,closed,2395
873,2026-02-03 08:00:00,open,1844
873,2026-02-03 16:00:00,open,1844
873,2026-02-04 14:00:00,solved,1844
873,2026-02-07 11:00:00,closed,1844
873,2026-02-07 20:00:00,open,1844
873,2026-02-05 15:00:00,solved,1844
873,2026-02-09 02:00:00,open,1844
873,2026-02-09 11:00:00,closed,1844
874,2025-10-02 08:00:00,open,456
874,2025-10-02 22:00:00,pending,456
874,2025-10-03 10:00:00,pending,456
874,2025-10-04 14:00:00,closed,456
874,2025-10-05 20:00:00,open,456
874,2025-10-04 10:00:00,closed,456
875,2026-03-02 06:00:00,pending,1417
875,2026-03-02 16:00:00,pending,1417
875,2026-03-05 02:00:00,open,1417
875,2026-03-06 18:00:00,solved,1417
875,2026-03-03 18:00:00,closed,1417
875,2026-03-04 23:00:00,pending,1417
875,2026-03-07 06:00:00,open,1417
875,2026-03-09 20:00:00,closed,1417
876,2025-09-30 04:00:00,open,749
876,2025-09-30 20:00:00,closed,749
876,2025-10-01 20:00:00,open,749
876,2025-10-03 04:00:00,pending,749
876,2025-09-30 12:00:00,pending,749
876,2025-10-07 11:00:00,pending,749
876,2025-10-07 04:00:00,pending,749
877,2025-10-08 06:00:00,pending,2391
877,2025-10-09 16:00:00,solved,2391
877,2025-10-10 16:00:00,pending,2391
877,2025-10-11 09:00:00,solved,2391
877,2025-10-11 02:00:00,open,2391
878,2026-02-21 01:00:00,solved,1518
878,2026-02-21 10:00:00,open,1518
878,2026-02-21 05:00:00,open,1518
878,2026-02-23 13:00:00,open,1518
879,2025-11-29 01:00:00,pending,2243
879,2025-11-29 14:00:00,pending,2243
879,2025-11-29 11:00:00,solved,2243
879,2025-11-29 13:00:00,closed,2243
879,2025-11-30 05:00:00,closed,2243
880,2026-02-13 10:00:00,solved,2427
880,2026-02-14 04:00:00,pending,2427
880,2026-02-14 22:00:00,closed,2427
881,2026-01-08 12:00:00,pending,243
881,2026-01-09 06:00:00,closed,243
882,2025-11-11 04:00:00,open,2187
882,2025-11-12 10:00:00,pending,2187
883,2026-02-06 11:00:00,open,1790
883,2026-02-07 13:00:00,solved,1790
883,2026-02-06 15:00:00,open,1790
883,2026-02-08 20:00:00,pending,1790
884,2026-02-27 03:00:00,open,692
884,2026-02-28 03:00:00,pending,692
884,2026-03-01 11:00:00,open,692
884,2026-03-02 15:00:00,open,692
884,2026-02-28 03:00:00,closed,692
885,2026-03-02 05:00:00,open,787
885,2026-03-03 02:00:00,pending,787
885,2026-03-05 05:00:00,pending,787
885,2026-03-04 14:00:00,open,787
885,2026-03-04 05:00:00,open,787
885,2026-03-06 19:00:00,pending,787
885,2026-03-04 23:00:00,closed,787
885,2026-03-03 09:00:00,closed,787
886,2025-11-03 01:00:00,solved,2201
886,2025-11-04 03:00:00,open,2201
886,2025-11-04 05:00:00,pending,2201
886,2025-11-06 07:00:00,open,2201
886,2025-11-06 13:00:00,open,2201
886,2025-11-08 16:00:00,closed,2201
887,2025-11-30 06:00:00,solved,127
887,2025-12-01 13:00:00,open,127
887,2025-12-01 00:00:00,closed,127
888,2026-02-10 08:00:00,solved,1656
888,2026-02-11 06:00:00,pending,1656
889,2026-02-25 03:00:00,solved,279
889,2026-02-25 04:00:00,pending,279
889,2026-02-27 03:00:00,closed,279
890,2025-11-18 07:00:00,open,2156
890,2025-11-18 11:00:00,solved,2156
890,2025-11-18 11:00:00,open,2156
890,2025-11-20 22:00:00,closed,2156
891,2025-11-26 04:00:00,pending,1364
891,2025-11-27 00:00:00,open,1364
891,2025-11-27 02:00:00,closed,1364
892,2025-10-12 10:00:00,pending,1453
892,2025-10-13 05:00:00,closed,1453
892,2025-10-14 20:00:00,open,1453
892,2025-10-13 04:00:00,closed,1453
892,2025-10-13 22:00:00,closed,1453
892,2025-10-18 06:00:00,open,1453
892,2025-10-15 16:00:00,closed,1453
893,2025-12-01 08:00:00,open,233
893,2025-12-01 20:00:00,pending,233
893,2025-12-03 18:00:00,pending,233
893,2025-12-05 14:00:00,pending,233
893,2025-12-04 20:00:00,open,233
894,2025-09-29 09:00:00,open,329
894,2025-09-30 07:00:00,closed,329
895,2025-11-24 00:00:00,closed,843
895,2025-11-25 01:00:00,pending,843
895,2025-11-26 08:00:00,open,843
895,2025-11-28 12:00:00,pending,843
895,2025-11-28 12:00:00,solved,843
896,2025-11-13 07:00:00,open,1883
896,2025-11-13 18:00:00,closed,1883
896,2025-11-15 05:00:00,solved,1883
896,2025-11-17 19:00:00,pending,1883
896,2025-11-18 19:00:00,closed,1883
896,2025-11-18 22:00:00,closed,1883
896,2025-11-22 01:00:00,closed,1883
897,2025-10-03 11:00:00,open,630
897,2025-10-04 00:00:00,closed,630
897,2025-10-05 23:00:00,closed,630
897,2025-10-04 05:00:00,open,630
897,2025-10-07 11:00:00,closed,630
898,2025-09-15 10:00:00,open,2317
898,2025-09-16 03:00:00,closed,2317
898,2025-09-18 08:00:00,solved,2317
898,2025-09-19 19:00:00,solved,2317
898,2025-09-17 02:00:00,pending,2317
899,2025-09-21 10:00:00,closed,2265
899,2025-09-22 07:00:00,closed,2265
900,2026-02-08 09:00:00,pending,77
900,2026-02-08 10:00:00,solved,77
900,2026-02-11 09:00:00,closed,77
900,2026-02-10 03:00:00,closed,77
901,2025-10-13 10:00:00,closed,2085
901,2025-10-14 14:00:00,open,2085
902,2025-12-19 10:00:00,open,58
902,2025-12-20 07:00:00,solved,58
902,2025-12-19 20:00:00,closed,58
902,2025-12-23 13:00:00,closed,58
903,2025-10-16 00:00:00,pending,1932
903,2025-10-16 19:00:00,pending,1932
903,2025-10-16 06:00:00,solved,1932
903,2025-10-16 18:00:00,pending,1932
903,2025-10-22 00:00:00,closed,1932
904,2026-02-26 05:00:00,pending,1256
904,2026-02-26 07:00:00,open,1256
904,2026-02-28 17:00:00,open,1256
905,2026-01-16 03:00:00,pending,379
905,2026-01-17 03:00:00,pending,379
905,2026-01-18 11:00:00,closed,379
906,2026-03-10 08:00:00,closed,1133
906,2026-03-10 11:00:00,open,1133
906,2026-03-12 22:00:00,closed,1133
907,2025-10-30 11:00:00,open,888
907,2025-10-30 13:00:00,solved,888
907,2025-11-02 05:00:00,solved,888
907,2025-11-02 20:00:00,open,888
907,2025-11-01 23:00:00,closed,888
908,2025-09-14 10:00:00,pending,600
908,2025-09-15 03:00:00,pending,600
908,2025-09-16 06:00:00,solved,600
908,2025-09-14 22:00:00,closed,600
909,2026-01-20 00:00:00,pending,85
909,2026-01-20 15:00:00,pending,85
909,2026-01-22 00:00:00,pending,85
909,2026-01-22 15:00:00,open,85
909,2026-01-23 00:00:00,solved,85
909,2026-01-21 06:00:00,closed,85
910,2025-12-05 03:00:00,closed,650
910,2025-12-06 12:00:00,solved,650
910,2025-12-07 03:00:00,pending,650
910,2025-12-06 15:00:00,open,650
910,2025-12-09 23:00:00,open,650
910,2025-12-08 01:00:00,open,650
910,2025-12-05 21:00:00,closed,650
911,2025-11-27 07:00:00,pending,2197
911,2025-11-27 11:00:00,open,2197
911,2025-11-30 01:00:00,closed,2197
912,2025-11-15 04:00:00,pending,483
912,2025-11-15 11:00:00,open,483
912,2025-11-16 10:00:00,open,483
912,2025-11-15 10:00:00,closed,483
912,2025-11-20 20:00:00,closed,483
913,2026-02-23 07:00:00,closed,1347
913,2026-02-24 01:00:00,pending,1347
913,2026-02-24 23:00:00,open,1347
913,2026-02-24 16:00:00,solved,1347
913,2026-02-26 19:00:00,open,1347
913,2026-02-24 03:00:00,open,1347
913,2026-02-27 01:00:00,closed,1347
913,2026-02-27 16:00:00,closed,1347
914,2026-01-31 05:00:00,open,30
914,2026-02-01 04:00:00,solved,30
915,2026-02-11 09:00:00,open,1278
915,2026-02-12 18:00:00,pending,1278
915,2026-02-13 23:00:00,closed,1278
916,2026-01-21 08:00:00,open,2134
916,2026-01-21 20:00:00,closed,2134
917,2025-10-26 10:00:00,closed,1186
917,2025-10-27 08:00:00,solved,1186
917,2025-10-29 02:00:00,open,1186
917,2025-10-29 19:00:00,open,1186
917,2025-10-27 10:00:00,closed,1186
918,2026-01-16 12:00:00,solved,910
918,2026-01-17 23:00:00,solved,910
918,2026-01-19 08:00:00,pending,910
918,2026-01-19 06:00:00,solved,910
918,2026-01-17 08:00:00,open,910
919,2025-10-19 05:00:00,open,1979
919,2025-10-19 14:00:00,pending,1979
919,2025-10-20 07:00:00,pending,1979
919,2025-10-21 14:00:00,pending,1979
919,2025-10-21 13:00:00,open,1979
919,2025-10-19 15:00:00,open,1979
919,2025-10-24 05:00:00,open,1979
919,2025-10-20 02:00:00,closed,1979
920,2026-03-10 04:00:00,open,1124
920,2026-03-11 09:00:00,solved,1124
921,2025-10-10 11:00:00,pending,1164
921,2025-10-11 15:00:00,closed,1164
922,2025-10-07 01:00:00,open,2327
922,2025-10-07 02:00:00,open,2327
922,2025-10-08 19:00:00,open,2327
922,2025-10-10 22:00:00,pending,2327
923,2026-01-29 06:00:00,open,472
923,2026-01-30 09:00:00,closed,472
923,2026-01-31 22:00:00,closed,472
924,2025-10-13 11:00:00,open,1921
924,2025-10-14 17:00:00,closed,1921
925,2025-12-30 01:00:00,solved,2434
925,2025-12-30 19:00:00,open,2434
925,2026-01-01 19:00:00,open,2434
925,2026-01-02 01:00:00,pending,2434
925,2026-01-01 17:00:00,open,2434
925,2026-01-05 22:00:00,solved,2434
925,2025-12-31 19:00:00,closed,2434
926,2025-09-21 11:00:00,pending,1900
926,2025-09-22 22:00:00,open,1900
926,2025-09-23 01:00:00,pending,1900
926,2025-09-22 05:00:00,closed,1900
927,2026-01-09 10:00:00,pending,978
927,2026-01-10 04:00:00,pending,978
927,2026-01-11 18:00:00,pending,978
927,2026-01-09 16:00:00,closed,978
927,2026-01-15 02:00:00,closed,978
928,2026-01-31 02:00:00,open,979
928,2026-01-31 13:00:00,closed,979
928,2026-01-31 12:00:00,closed,979
929,2026-02-07 07:00:00,solved,382
929,2026-02-07 15:00:00,open,382
929,2026-02-09 21:00:00,pending,382
929,2026-02-09 01:00:00,solved,382
929,2026-02-12 07:00:00,pending,382
929,2026-02-10 10:00:00,pending,382
929,2026-02-08 13:00:00,open,382
929,2026-02-12 13:00:00,closed,382
930,2026-03-08 11:00:00,solved,686
930,2026-03-08 15:00:00,open,686
931,2026-03-11 00:00:00,closed,1918
931,2026-03-12 00:00:00,pending,1918
931,2026-03-13 06:00:00,open,1918
931,2026-03-12 21:00:00,open,1918
932,2026-02-24 02:00:00,solved,1255
932,2026-02-24 14:00:00,solved,1255
932,2026-02-25 10:00:00,solved,1255
932,2026-02-25 08:00:00,closed,1255
933,2025-10-21 06:00:00,solved,385
933,2025-10-22 17:00:00,open,385
933,2025-10-24 02:00:00,open,385
933,2025-10-25 18:00:00,closed,385
934,2025-12-06 10:00:00,pending,2259
934,2025-12-07 14:00:00,closed,2259
934,2025-12-06 18:00:00,open,2259
934,2025-12-08 13:00:00,closed,2259
934,2025-12-12 10:00:00,open,2259
934,2025-12-10 19:00:00,closed,2259
935,2025-09-27 10:00:00,solved,272
935,2025-09-28 04:00:00,solved,272
935,2025-09-29 12:00:00,closed,272
935,2025-09-29 07:00:00,open,272
935,2025-09-29 06:00:00,closed,272
935,2025-10-02 05:00:00,open,272
935,2025-10-04 16:00:00,solved,272
935,2025-10-04 10:00:00,closed,272
936,2025-12-07 03:00:00,solved,413
936,2025-12-08 14:00:00,solved,413
936,2025-12-08 15:00:00,pending,413
936,2025-12-07 18:00:00,solved,413
936,2025-12-12 23:00:00,closed,413
937,2026-03-07 05:00:00,pending,119
937,2026-03-07 12:00:00,open,119
937,2026-03-07 17:00:00,open,119
937,2026-03-08 23:00:00,open,119
937,2026-03-08 09:00:00,open,119
938,2026-01-22 09:00:00,closed,376
938,2026-01-22 12:00:00,pending,376
938,2026-01-22 17:00:00,solved,376
938,2026-01-26 00:00:00,open,376
938,2026-01-25 21:00:00,pending,376
938,2026-01-27 19:00:00,closed,376
939,2026-03-12 02:00:00,solved,1876
939,2026-03-12 21:00:00,closed,1876
940,2026-03-07 05:00:00,pending,220
940,2026-03-08 03:00:00,closed,220
940,2026-03-08 09:00:00,open,220
940,2026-03-08 20:00:00,solved,220
940,2026-03-10 21:00:00,pending,220
940,2026-03-12 10:00:00,solved,220
940,2026-03-10 11:00:00,open,220
941,2025-12-09 07:00:00,pending,1190
941,2025-12-09 21:00:00,closed,1190
941,2025-12-10 13:00:00,open,1190
942,2026-03-01 01:00:00,open,2155
942,2026-03-01 05:00:00,pending,2155
942,2026-03-01 05:00:00,solved,2155
942,2026-03-03 07:00:00,closed,2155
943,2025-09-28 02:00:00,closed,813
943,2025-09-29 06:00:00,open,813
943,2025-09-29 20:00:00,solved,813
943,2025-09-29 08:00:00,pending,813
943,2025-09-28 14:00:00,closed,813
944,2025-10-11 11:00:00,open,544
944,2025-10-12 19:00:00,closed,544
945,2026-01-19 07:00:00,solved,306
945,2026-01-20 13:00:00,solved,306
945,2026-01-20 21:00:00,pending,306
945,2026-01-19 22:00:00,pending,306
945,2026-01-25 03:00:00,pending,306
945,2026-01-21 09:00:00,closed,306
945,2026-01-27 19:00:00,pending,306
946,2025-11-21 09:00:00,closed,1777
946,2025-11-21 23:00:00,open,1777
946,2025-11-22 09:00:00,closed,1777
947,2025-10-07 05:00:00,open,1723
947,2025-10-07 17:00:00,closed,1723
948,2026-02-22 07:00:00,pending,2308
948,2026-02-23 01:00:00,closed,2308
949,2026-02-20 03:00:00,pending,1695
949,2026-02-20 16:00:00,closed,1695
950,2025-09-23 00:00:00,pending,547
950,2025-09-23 11:00:00,open,547
950,2025-09-23 12:00:00,pending,547
950,2025-09-24 03:00:00,pending,547
950,2025-09-24 16:00:00,closed,547
950,2025-09-29 21:00:00,closed,547
951,2025-10-29 04:00:00,closed,1909
951,2025-10-29 18:00:00,pending,1909
951,2025-10-29 18:00:00,closed,1909
951,2025-11-01 16:00:00,pending,1909
951,2025-10-30 00:00:00,closed,1909
952,2026-01-02 04:00:00,pending,756
952,2026-01-03 06:00:00,open,756
952,2026-01-03 22:00:00,open,756
952,2026-01-05 22:00:00,closed,756
952,2026-01-06 04:00:00,closed,756
953,2025-09-28 01:00:00,solved,1264
953,2025-09-28 04:00:00,closed,1264
953,2025-09-28 15:00:00,open,1264
954,2025-09-21 00:00:00,pending,2319
954,2025-09-22 10:00:00,open,2319
954,2025-09-21 06:00:00,closed,2319
954,2025-09-23 21:00:00,closed,2319
955,2025-10-24 00:00:00,closed,1317
955,2025-10-25 02:00:00,pending,1317
955,2025-10-26 14:00:00,open,1317
955,2025-10-26 06:00:00,closed,1317
955,2025-10-30 00:00:00,pending,1317
955,2025-10-31 12:00:00,pending,1317
955,2025-10-28 00:00:00,pending,1317
955,2025-10-25 18:00:00,solved,1317
956,2026-01-13 02:00:00,solved,403
956,2026-01-13 05:00:00,pending,403
956,2026-01-13 04:00:00,closed,403
956,2026-01-16 23:00:00,open,403
956,2026-01-13 22:00:00,solved,403
956,2026-01-15 14:00:00,open,403
956,2026-01-18 08:00:00,closed,403
956,2026-01-16 14:00:00,open,403
957,2026-03-09 05:00:00,open,2446
957,2026-03-10 06:00:00,pending,2446
957,2026-03-10 23:00:00,open,2446
957,2026-03-11 02:00:00,open,2446
957,2026-03-13 05:00:00,open,2446
958,2025-10-06 11:00:00,open,171
958,2025-10-07 09:00:00,closed,171
958,2025-10-07 23:00:00,open,171
958,2025-10-09 23:00:00,closed,171
959,2025-12-13 09:00:00,pending,504
959,2025-12-13 19:00:00,solved,504
959,2025-12-13 15:00:00,pending,504
959,2025-12-17 06:00:00,pending,504
959,2025-12-14 13:00:00,pending,504
959,2025-12-19 10:00:00,open,504
959,2025-12-18 21:00:00,solved,504
960,2026-01-18 07:00:00,solved,1836
960,2026-01-19 19:00:00,closed,1836
961,2025-10-18 05:00:00,pending,746
961,2025-10-18 19:00:00,pending,746
961,2025-10-20 17:00:00,closed,746
962,2026-03-06 09:00:00,pending,1804
962,2026-03-07 21:00:00,pending,1804
962,2026-03-08 03:00:00,pending,1804
962,2026-03-09 15:00:00,open,1804
962,2026-03-08 01:00:00,open,1804
962,2026-03-11 04:00:00,open,1804
962,2026-03-13 09:00:00,open,1804
963,2026-03-10 04:00:00,open,215
963,2026-03-10 06:00:00,open,215
964,2025-10-04 07:00:00,open,1014
964,2025-10-04 10:00:00,closed,1014
964,2025-10-05 01:00:00,open,1014
964,2025-10-04 16:00:00,pending,1014
964,2025-10-08 03:00:00,open,1014
964,2025-10-06 09:00:00,open,1014
964,2025-10-06 13:00:00,open,1014
964,2025-10-11 00:00:00,closed,1014
965,2025-11-11 04:00:00,open,989
965,2025-11-11 06:00:00,closed,989
966,2026-01-06 02:00:00,solved,606
966,2026-01-06 23:00:00,solved,606
966,2026-01-09 02:00:00,open,606
966,2026-01-09 02:00:00,open,606
966,2026-01-10 06:00:00,pending,606
966,2026-01-13 04:00:00,open,606
967,2025-10-01 06:00:00,closed,2235
967,2025-10-01 07:00:00,pending,2235
967,2025-10-01 16:00:00,open,2235
967,2025-10-04 06:00:00,open,2235
967,2025-10-03 02:00:00,open,2235
967,2025-10-01 11:00:00,solved,2235
967,2025-10-03 06:00:00,open,2235
967,2025-10-02 17:00:00,solved,2235
968,2025-11-05 03:00:00,pending,126
968,2025-11-06 13:00:00,open,126
968,2025-11-07 23:00:00,open,126
969,2025-11-30 12:00:00,solved,2406
969,2025-12-01 19:00:00,pending,2406
969,2025-12-02 12:00:00,pending,2406
969,2025-12-03 09:00:00,pending,2406
969,2025-12-02 20:00:00,solved,2406
969,2025-12-07 04:00:00,open,2406
969,2025-12-07 06:00:00,closed,2406
970,2026-03-12 09:00:00,open,1490
970,2026-03-12 22:00:00,pending,1490
971,2025-11-08 01:00:00,closed,523
971,2025-11-08 17:00:00,solved,523
971,2025-11-09 09:00:00,closed,523
972,2025-11-26 05:00:00,closed,800
972,2025-11-26 12:00:00,pending,800
972,2025-11-26 13:00:00,solved,800
972,2025-11-27 08:00:00,pending,800
973,2026-02-06 03:00:00,solved,2468
973,2026-02-07 15:00:00,pending,2468
973,2026-02-06 07:00:00,open,2468
973,2026-02-09 18:00:00,open,2468
973,2026-02-10 15:00:00,pending,2468
973,2026-02-08 10:00:00,closed,2468
974,2026-03-11 11:00:00,pending,685
974,2026-03-12 18:00:00,solved,685
974,2026-03-13 15:00:00,closed,685
974,2026-03-14 08:00:00,pending,685
974,2026-03-12 23:00:00,pending,685
974,2026-03-17 17:00:00,pending,685
974,2026-03-16 05:00:00,solved,685
975,2026-03-07 07:00:00,open,707
975,2026-03-07 14:00:00,closed,707
976,2025-11-24 11:00:00,pending,1594
976,2025-11-25 18:00:00,closed,1594
977,2026-01-01 08:00:00,pending,657
977,2026-01-01 20:00:00,pending,657
977,2026-01-02 04:00:00,closed,657
978,2025-12-23 04:00:00,pending,1266
978,2025-12-23 09:00:00,open,1266
978,2025-12-23 16:00:00,closed,1266
979,2025-09-18 12:00:00,solved,676
979,2025-09-19 01:00:00,solved,676
979,2025-09-21 06:00:00,solved,676
979,2025-09-22 09:00:00,closed,676
980,2025-09-15 06:00:00,closed,540
980,2025-09-16 11:00:00,open,540
980,2025-09-15 12:00:00,closed,540
981,2026-02-14 03:00:00,pending,174
981,2026-02-15 07:00:00,pending,174
982,2026-03-08 03:00:00,closed,2189
982,2026-03-08 12:00:00,open,2189
982,2026-03-09 13:00:00,open,2189
982,2026-03-10 09:00:00,pending,2189
982,2026-03-09 03:00:00,open,2189
982,2026-03-12 22:00:00,pending,2189
982,2026-03-08 09:00:00,open,2189
982,2026-03-13 23:00:00,closed,2189
983,2026-02-27 05:00:00,pending,2190
983,2026-02-28 02:00:00,pending,2190
983,2026-02-27 11:00:00,open,2190
983,2026-02-27 11:00:00,pending,2190
983,2026-03-01 17:00:00,closed,2190
984,2026-03-07 05:00:00,solved,1598
984,2026-03-08 05:00:00,closed,1598
984,2026-03-08 01:00:00,pending,1598
984,2026-03-09 05:00:00,open,1598
984,2026-03-08 01:00:00,solved,1598
985,2025-10-02 11:00:00,pending,980
985,2025-10-03 10:00:00,solved,980
986,2025-10-19 03:00:00,open,1633
986,2025-10-19 15:00:00,solved,1633
986,2025-10-19 09:00:00,open,1633
986,2025-10-22 12:00:00,solved,1633
986,2025-10-24 15:00:00,pending,1633
986,2025-10-23 02:00:00,solved,1633
986,2025-10-26 03:00:00,closed,1633
987,2026-02-13 09:00:00,pending,1612
987,2026-02-13 11:00:00,closed,1612
988,2025-10-24 09:00:00,solved,2168
988,2025-10-25 13:00:00,solved,2168
988,2025-10-25 15:00:00,closed,2168
989,2025-12-12 11:00:00,solved,1914
989,2025-12-13 14:00:00,pending,1914
989,2025-12-13 05:00:00,open,1914
989,2025-12-14 20:00:00,open,1914
989,2025-12-13 11:00:00,closed,1914
990,2025-12-27 00:00:00,pending,33
990,2025-12-27 20:00:00,solved,33
990,2025-12-28 18:00:00,solved,33
990,2025-12-28 03:00:00,closed,33
990,2025-12-29 00:00:00,open,33
991,2026-01-20 04:00:00,pending,2197
991,2026-01-20 11:00:00,open,2197
991,2026-01-21 16:00:00,open,2197
991,2026-01-22 16:00:00,open,2197
991,2026-01-23 12:00:00,open,2197
991,2026-01-20 19:00:00,open,2197
991,2026-01-21 16:00:00,closed,2197
991,2026-01-23 23:00:00,open,2197
992,2026-01-11 11:00:00,open,2396
992,2026-01-11 23:00:00,closed,2396
992,2026-01-11 19:00:00,pending,2396
992,2026-01-12 23:00:00,open,2396
992,2026-01-11 15:00:00,pending,2396
992,2026-01-16 16:00:00,open,2396
992,2026-01-15 05:00:00,pending,2396
992,2026-01-13 19:00:00,closed,2396
993,2025-11-19 08:00:00,pending,2272
993,2025-11-19 09:00:00,open,2272
993,2025-11-22 02:00:00,solved,2272
993,2025-11-19 23:00:00,open,2272
993,2025-11-20 00:00:00,open,2272
993,2025-11-22 06:00:00,solved,2272
993,2025-11-20 08:00:00,pending,2272
994,2025-10-14 03:00:00,pending,155
994,2025-10-14 10:00:00,solved,155
994,2025-10-16 05:00:00,solved,155
994,2025-10-14 15:00:00,open,155
994,2025-10-19 15:00:00,solved,155
994,2025-10-20 19:00:00,pending,155
994,2025-10-22 09:00:00,solved,155
995,2026-01-29 01:00:00,closed,2340
995,2026-01-29 06:00:00,solved,2340
995,2026-01-31 15:00:00,closed,2340
996,2026-01-24 08:00:00,closed,186
996,2026-01-24 15:00:00,pending,186
996,2026-01-26 12:00:00,solved,186
996,2026-01-24 11:00:00,solved,186
996,2026-01-25 20:00:00,open,186
996,2026-01-24 23:00:00,pending,186
996,2026-01-26 14:00:00,solved,186
996,2026-01-25 19:00:00,solved,186
997,2025-12-29 05:00:00,open,207
997,2025-12-30 04:00:00,open,207
997,2025-12-31 07:00:00,closed,207
998,2025-12-23 08:00:00,open,752
998,2025-12-23 14:00:00,closed,752
998,2025-12-26 04:00:00,closed,752
999,2025-09-29 01:00:00,closed,959
999,2025-09-29 21:00:00,pending,959
999,2025-09-30 19:00:00,solved,959
999,2025-09-29 04:00:00,open,959
999,2025-09-30 09:00:00,pending,959
999,2025-10-02 14:00:00,closed,959
1000,2026-03-11 04:00:00,open,1383
1000,2026-03-12 08:00:00,open,1383
1000,2026-03-13 20:00:00,open,1383
1000,2026-03-14 01:00:00,pending,1383
1000,2026-03-15 20:00:00,open,1383
1000,2026-03-15 23:00:00,open,1383
1000,2026-03-20 04:00:00,pending,1383
1000,2026-03-12 08:00:00,open,1383
1001,2025-11-25 02:00:00,open,2012
1001,2025-11-25 20:00:00,open,2012
1002,2026-01-22 06:00:00,open,1874
1002,2026-01-23 15:00:00,closed,1874
1002,2026-01-23 08:00:00,pending,1874
1002,2026-01-26 18:00:00,closed,1874
1003,2025-09-19 00:00:00,open,1444
1003,2025-09-20 11:00:00,open,1444
1003,2025-09-19 08:00:00,pending,1444
1003,2025-09-19 15:00:00,solved,1444
1003,2025-09-19 04:00:00,pending,1444
1003,2025-09-24 05:00:00,closed,1444
1003,2025-09-19 06:00:00,closed,1444
1004,2025-11-23 08:00:00,pending,578
1004,2025-11-23 11:00:00,pending,578
1005,2025-12-05 05:00:00,open,418
1005,2025-12-06 09:00:00,open,418
1005,2025-12-05 21:00:00,open,418
1005,2025-12-05 17:00:00,open,418
1005,2025-12-08 21:00:00,closed,418
1006,2026-03-10 05:00:00,pending,2300
1006,2026-03-11 13:00:00,open,2300
1006,2026-03-10 23:00:00,closed,2300
1006,2026-03-11 23:00:00,open,2300
1006,2026-03-15 05:00:00,pending,2300
1007,2025-10-06 07:00:00,open,383
1007,2025-10-07 19:00:00,solved,383
1007,2025-10-08 19:00:00,solved,383
1007,2025-10-09 01:00:00,open,383
1008,2025-10-12 00:00:00,pending,1960
1008,2025-10-12 18:00:00,solved,1960
1008,2025-10-12 16:00:00,open,1960
1008,2025-10-13 00:00:00,pending,1960
1008,2025-10-17 08:00:00,closed,1960
1008,2025-10-17 05:00:00,open,1960
1008,2025-10-20 00:00:00,pending,1960
1008,2025-10-18 03:00:00,closed,1960
1009,2025-11-28 08:00:00,closed,2499
1009,2025-11-29 00:00:00,closed,2499
1010,2025-10-17 10:00:00,pending,1151
1010,2025-10-18 22:00:00,open,1151
1010,2025-10-20 02:00:00,open,1151
1010,2025-10-19 07:00:00,pending,1151
1010,2025-10-18 02:00:00,solved,1151
1010,2025-10-24 22:00:00,closed,1151
1011,2026-02-05 08:00:00,open,2189
1011,2026-02-06 07:00:00,pending,2189
1011,2026-02-06 14:00:00,open,2189
1011,2026-02-06 08:00:00,pending,2189
1011,2026-02-10 20:00:00,pending,2189
1011,2026-02-09 07:00:00,closed,2189
1012,2026-01-14 04:00:00,pending,2420
1012,2026-01-14 12:00:00,closed,2420
1013,2025-11-13 08:00:00,open,592
1013,2025-11-13 23:00:00,open,592
1013,2025-11-16 04:00:00,open,592
1013,2025-11-14 14:00:00,solved,592
1013,2025-11-15 16:00:00,open,592
1013,2025-11-16 06:00:00,closed,592
1014,2026-01-16 12:00:00,open,2007
1014,2026-01-17 11:00:00,open,2007
1014,2026-01-18 22:00:00,closed,2007
1015,2025-11-26 00:00:00,open,112
1015,2025-11-26 01:00:00,open,112
1015,2025-11-27 16:00:00,open,112
1015,2025-11-29 09:00:00,closed,112
1015,2025-11-30 20:00:00,pending,112
1015,2025-11-26 20:00:00,closed,112
1016,2025-12-30 06:00:00,open,372
1016,2025-12-31 11:00:00,pending,372
1016,2025-12-30 20:00:00,open,372
1016,2026-01-02 03:00:00,open,372
1016,2026-01-04 14:00:00,closed,372
1017,2025-12-13 04:00:00,pending,2446
1017,2025-12-13 18:00:00,open,2446
1017,2025-12-15 02:00:00,solved,2446
1017,2025-12-15 01:00:00,open,2446
1017,2025-12-18 00:00:00,pending,2446
1017,2025-12-14 05:00:00,closed,2446
1017,2025-12-20 16:00:00,pending,2446
1017,2025-12-17 13:00:00,open,2446
1018,2026-01-04 07:00:00,open,1954
1018,2026-01-05 17:00:00,pending,1954
1018,2026-01-07 01:00:00,closed,1954
1019,2025-12-25 06:00:00,closed,1565
1019,2025-12-25 20:00:00,pending,1565
1019,2025-12-25 18:00:00,pending,1565
1019,2025-12-27 12:00:00,pending,1565
1019,2025-12-31 02:00:00,pending,1565
1019,2025-12-27 13:00:00,pending,1565
1019,2025-12-28 00:00:00,open,1565
1020,2025-10-04 07:00:00,open,1264
1020,2025-10-04 17:00:00,open,1264
1020,2025-10-06 05:00:00,open,1264
1020,2025-10-05 16:00:00,solved,1264
1020,2025-10-09 03:00:00,pending,1264
1020,2025-10-10 18:00:00,closed,1264
1021,2025-12-28 05:00:00,solved,1912
1021,2025-12-29 02:00:00,open,1912
1021,2025-12-28 17:00:00,closed,1912
1022,2025-12-04 01:00:00,pending,969
1022,2025-12-04 22:00:00,open,969
1022,2025-12-06 09:00:00,pending,969
1022,2025-12-08 10:00:00,open,969
1022,2025-12-07 21:00:00,closed,969
1023,2025-11-03 12:00:00,open,1724
1023,2025-11-03 21:00:00,closed,1724
1023,2025-11-04 12:00:00,pending,1724
1023,2025-11-03 18:00:00,closed,1724
1023,2025-11-04 12:00:00,open,1724
1023,2025-11-09 23:00:00,closed,1724
1024,2026-01-16 00:00:00,closed,1504
1024,2026-01-16 18:00:00,closed,1504
1025,2025-09-26 03:00:00,pending,2056
1025,2025-09-27 01:00:00,pending,2056
1025,2025-09-28 13:00:00,open,2056
1025,2025-09-28 09:00:00,solved,2056
1025,2025-09-30 03:00:00,pending,2056
1025,2025-09-27 09:00:00,pending,2056
1025,2025-10-05 03:00:00,pending,2056
1025,2025-10-01 02:00:00,closed,2056
1026,2025-10-01 10:00:00,open,946
1026,2025-10-02 07:00:00,pending,946
1026,2025-10-03 16:00:00,closed,946
1027,2026-01-21 09:00:00,solved,375
1027,2026-01-22 16:00:00,pending,375
1027,2026-01-23 23:00:00,closed,375
1027,2026-01-22 06:00:00,closed,375
1028,2025-12-15 02:00:00,open,1708
1028,2025-12-15 20:00:00,open,1708
1028,2025-12-17 16:00:00,closed,1708
1028,2025-12-17 17:00:00,pending,1708
1028,2025-12-18 10:00:00,closed,1708
1029,2026-01-15 06:00:00,pending,340
1029,2026-01-15 18:00:00,open,340
1029,2026-01-17 20:00:00,open,340
1029,2026-01-17 21:00:00,open,340
1029,2026-01-17 10:00:00,open,340
1029,2026-01-20 06:00:00,pending,340
1030,2025-12-28 09:00:00,solved,1663
1030,2025-12-29 17:00:00,closed,1663
1030,2025-12-30 15:00:00,solved,1663
1030,2025-12-29 03:00:00,closed,1663
1030,2026-01-02 05:00:00,closed,1663
1030,2025-12-30 11:00:00,solved,1663
1030,2026-01-04 15:00:00,open,1663
1030,2026-01-01 18:00:00,closed,1663
1031,2025-12-13 03:00:00,pending,2463
1031,2025-12-14 07:00:00,solved,2463
1031,2025-12-14 21:00:00,closed,2463
1032,2026-03-09 00:00:00,solved,507
1032,2026-03-10 00:00:00,closed,507
1032,2026-03-11 00:00:00,pending,507
1033,2025-10-16 06:00:00,open,2177
1033,2025-10-17 01:00:00,open,2177
1033,2025-10-17 12:00:00,closed,2177
1033,2025-10-18 03:00:00,open,2177
1033,2025-10-19 06:00:00,closed,2177
1034,2026-01-22 10:00:00,pending,232
1034,2026-01-23 15:00:00,solved,232
1034,2026-01-22 18:00:00,pending,232
1034,2026-01-26 16:00:00,solved,232
1034,2026-01-26 02:00:00,pending,232
1034,2026-01-27 20:00:00,pending,232
1034,2026-01-27 22:00:00,pending,232
1035,2026-03-03 09:00:00,solved,1030
1035,2026-03-04 20:00:00,solved,1030
1035,2026-03-04 19:00:00,closed,1030
1036,2026-02-19 00:00:00,open,388
1036,2026-02-19 22:00:00,closed,388
1037,2026-03-01 09:00:00,pending,1919
1037,2026-03-02 03:00:00,pending,1919
1037,2026-03-03 11:00:00,open,1919
1037,2026-03-04 21:00:00,pending,1919
1037,2026-03-07 05:00:00,closed,1919
1038,2025-10-14 12:00:00,pending,742
1038,2025-10-15 02:00:00,pending,742
1038,2025-10-17 02:00:00,open,742
1038,2025-10-15 09:00:00,closed,742
1039,2025-10-25 09:00:00,pending,1470
1039,2025-10-25 11:00:00,pending,1470
1039,2025-10-28 05:00:00,closed,1470
1040,2026-02-21 10:00:00,pending,826
1040,2026-02-21 12:00:00,closed,826
1041,2025-10-03 04:00:00,pending,81
1041,2025-10-04 03:00:00,open,81
1041,2025-10-03 10:00:00,solved,81
1041,2025-10-07 13:00:00,pending,81
1041,2025-10-03 20:00:00,open,81
1041,2025-10-06 02:00:00,open,81
1041,2025-10-06 16:00:00,closed,81
1042,2025-09-15 04:00:00,open,1199
1042,2025-09-15 07:00:00,pending,1199
1042,2025-09-15 20:00:00,closed,1199
1042,2025-09-16 22:00:00,solved,1199
1043,2025-11-19 08:00:00,solved,766
1043,2025-11-20 18:00:00,solved,766
1043,2025-11-21 22:00:00,open,766
1043,2025-11-20 11:00:00,solved,766
1043,2025-11-19 12:00:00,open,766
1043,2025-11-24 13:00:00,open,766
1043,2025-11-22 14:00:00,pending,766
1043,2025-11-22 06:00:00,solved,766
1044,2025-09-15 10:00:00,pending,1673
1044,2025-09-16 00:00:00,open,1673
1044,2025-09-18 02:00:00,open,1673
1044,2025-09-18 01:00:00,open,1673
1044,2025-09-19 02:00:00,pending,1673
1044,2025-09-18 23:00:00,closed,1673
1045,2025-11-08 02:00:00,solved,823
1045,2025-11-09 14:00:00,closed,823
1046,2025-12-07 07:00:00,open,580
1046,2025-12-08 17:00:00,open,580
1046,2025-12-09 09:00:00,solved,580
1046,2025-12-10 10:00:00,closed,580
1047,2026-02-06 09:00:00,pending,2274
1047,2026-02-06 17:00:00,open,2274
1047,2026-02-08 23:00:00,open,2274
1047,2026-02-09 09:00:00,open,2274
1047,2026-02-09 13:00:00,open,2274
1047,2026-02-12 10:00:00,solved,2274
1047,2026-02-11 15:00:00,closed,2274
1048,2026-01-25 06:00:00,open,1369
1048,2026-01-25 16:00:00,closed,1369
1049,2025-11-04 05:00:00,pending,2311
1049,2025-11-04 20:00:00,open,2311
1049,2025-11-06 15:00:00,solved,2311
1049,2025-11-07 08:00:00,open,2311
1049,2025-11-05 21:00:00,open,2311
1049,2025-11-05 06:00:00,closed,2311
1050,2026-01-18 03:00:00,open,413
1050,2026-01-18 16:00:00,open,413
1050,2026-01-20 21:00:00,closed,413
1050,2026-01-19 15:00:00,solved,413
1050,2026-01-20 19:00:00,open,413
1050,2026-01-18 23:00:00,closed,413
1050,2026-01-18 09:00:00,closed,413
1051,2025-11-22 00:00:00,open,61
1051,2025-11-22 20:00:00,solved,61
1051,2025-11-22 12:00:00,solved,61
1051,2025-11-23 00:00:00,open,61
1051,2025-11-23 04:00:00,open,61
1051,2025-11-26 14:00:00,open,61
1051,2025-11-29 00:00:00,open,61
1051,2025-11-22 14:00:00,closed,61
1052,2025-10-12 12:00:00,open,1989
1052,2025-10-13 05:00:00,closed,1989
1053,2025-10-05 10:00:00,open,10
1053,2025-10-06 11:00:00,solved,10
1053,2025-10-05 14:00:00,open,10
1053,2025-10-09 13:00:00,closed,10
1053,2025-10-08 10:00:00,solved,10
1053,2025-10-08 23:00:00,pending,10
1053,2025-10-12 22:00:00,open,10
1053,2025-10-15 15:00:00,closed,10
1054,2026-01-02 06:00:00,closed,26
1054,2026-01-03 13:00:00,closed,26
1055,2025-09-30 04:00:00,open,991
1055,2025-10-01 13:00:00,closed,991
1056,2025-09-27 02:00:00,pending,996
1056,2025-09-28 12:00:00,pending,996
1056,2025-09-27 20:00:00,closed,996
1056,2025-09-28 02:00:00,open,996
1056,2025-09-27 18:00:00,open,996
1057,2025-10-11 09:00:00,pending,1524
1057,2025-10-11 11:00:00,pending,1524
1057,2025-10-12 11:00:00,solved,1524
1057,2025-10-11 21:00:00,solved,1524
1057,2025-10-17 05:00:00,pending,1524
1057,2025-10-12 10:00:00,open,1524
1057,2025-10-16 21:00:00,closed,1524
1058,2025-11-20 10:00:00,solved,1560
1058,2025-11-20 20:00:00,closed,1560
1059,2025-10-07 01:00:00,open,1223
1059,2025-10-07 02:00:00,open,1223
1059,2025-10-07 09:00:00,pending,1223
1059,2025-10-09 13:00:00,pending,1223
1059,2025-10-09 13:00:00,closed,1223
1059,2025-10-09 03:00:00,pending,1223
1059,2025-10-12 07:00:00,closed,1223
1059,2025-10-08 05:00:00,closed,1223
1060,2026-01-04 04:00:00,pending,1479
1060,2026-01-05 04:00:00,closed,1479
1060,2026-01-06 12:00:00,solved,1479
1060,2026-01-05 19:00:00,open,1479
1060,2026-01-09 00:00:00,open,1479
1060,2026-01-08 18:00:00,open,1479
1060,2026-01-08 10:00:00,open,1479
1061,2026-03-04 05:00:00,open,2324
1061,2026-03-05 16:00:00,closed,2324
1061,2026-03-05 15:00:00,closed,2324
1061,2026-03-08 05:00:00,solved,2324
1061,2026-03-07 17:00:00,pending,2324
1061,2026-03-05 11:00:00,solved,2324
1061,2026-03-11 23:00:00,pending,2324
1062,2025-09-25 09:00:00,pending,1253
1062,2025-09-26 21:00:00,pending,1253
1063,2026-02-19 09:00:00,open,1854
1063,2026-02-20 20:00:00,pending,1854
1063,2026-02-21 23:00:00,pending,1854
1063,2026-02-22 06:00:00,solved,1854
1063,2026-02-22 21:00:00,pending,1854
1063,2026-02-26 16:00:00,pending,1854
1063,2026-02-21 15:00:00,closed,1854
1064,2025-11-26 04:00:00,solved,93
1064,2025-11-26 09:00:00,closed,93
1064,2025-11-28 16:00:00,pending,93
1064,2025-11-28 22:00:00,open,93
1064,2025-11-30 12:00:00,closed,93
1065,2026-01-21 12:00:00,closed,1161
1065,2026-01-21 19:00:00,closed,1161
1066,2025-09-18 01:00:00,open,168
1066,2025-09-18 11:00:00,pending,168
1066,2025-09-18 13:00:00,closed,168
1067,2026-02-23 12:00:00,open,953
1067,2026-02-24 00:00:00,closed,953
1068,2025-10-02 10:00:00,open,1568
1068,2025-10-02 22:00:00,solved,1568
1068,2025-10-03 12:00:00,closed,1568
1069,2026-02-25 04:00:00,closed,1623
1069,2026-02-25 06:00:00,solved,1623
1069,2026-02-25 14:00:00,pending,1623
1069,2026-02-27 13:00:00,pending,1623
1069,2026-02-26 20:00:00,pending,1623
1069,2026-03-04 11:00:00,pending,1623
1069,2026-02-28 04:00:00,pending,1623
1069,2026-03-04 11:00:00,closed,1623
1070,2026-02-03 00:00:00,open,2489
1070,2026-02-03 05:00:00,pending,2489
1071,2025-11-15 04:00:00,closed,1086
1071,2025-11-15 06:00:00,open,1086
1072,2025-10-06 01:00:00,closed,22
1072,2025-10-06 03:00:00,solved,22
1072,2025-10-07 17:00:00,solved,22
1072,2025-10-06 10:00:00,pending,22
1072,2025-10-08 17:00:00,pending,22
1072,2025-10-07 02:00:00,pending,22
1072,2025-10-12 07:00:00,open,22
1072,2025-10-06 22:00:00,pending,22
1073,2025-11-04 00:00:00,solved,1048
1073,2025-11-05 07:00:00,pending,1048
1073,2025-11-04 10:00:00,closed,1048
1073,2025-11-07 06:00:00,closed,1048
1074,2025-09-25 06:00:00,open,2089
1074,2025-09-26 14:00:00,closed,2089
1075,2026-02-16 05:00:00,open,1647
1075,2026-02-17 01:00:00,closed,1647
1075,2026-02-17 03:00:00,solved,1647
1075,2026-02-19 02:00:00,closed,1647
1075,2026-02-16 13:00:00,pending,1647
1075,2026-02-22 11:00:00,open,1647
1075,2026-02-19 05:00:00,pending,1647
1075,2026-02-16 19:00:00,closed,1647
1076,2025-11-20 10:00:00,pending,813
1076,2025-11-20 12:00:00,pending,813
1076,2025-11-22 14:00:00,solved,813
1076,2025-11-23 04:00:00,pending,813
1076,2025-11-21 02:00:00,pending,813
1077,2026-01-15 05:00:00,pending,59
1077,2026-01-16 02:00:00,pending,59
1077,2026-01-15 13:00:00,open,59
1077,2026-01-17 11:00:00,open,59
1077,2026-01-15 17:00:00,closed,59
1077,2026-01-22 17:00:00,pending,59
1077,2026-01-18 17:00:00,open,59
1077,2026-01-19 07:00:00,closed,59
1078,2026-03-12 02:00:00,pending,2351
1078,2026-03-12 07:00:00,solved,2351
1078,2026-03-13 00:00:00,solved,2351
1078,2026-03-13 20:00:00,solved,2351
1078,2026-03-14 10:00:00,open,2351
1078,2026-03-13 18:00:00,pending,2351
1079,2025-11-30 11:00:00,pending,1346
1079,2025-11-30 21:00:00,pending,1346
1079,2025-12-02 21:00:00,closed,1346
1080,2025-12-12 09:00:00,pending,281
1080,2025-12-12 22:00:00,closed,281
1081,2026-01-16 08:00:00,solved,1356
1081,2026-01-17 03:00:00,closed,1356
1081,2026-01-17 20:00:00,open,1356
1081,2026-01-18 08:00:00,closed,1356
1081,2026-01-19 12:00:00,pending,1356
1081,2026-01-23 20:00:00,open,1356
1081,2026-01-19 20:00:00,pending,1356
1082,2026-03-02 10:00:00,open,1091
1082,2026-03-02 12:00:00,solved,1091
1082,2026-03-03 04:00:00,open,1091
1082,2026-03-05 10:00:00,pending,1091
1082,2026-03-06 14:00:00,open,1091
1082,2026-03-03 16:00:00,closed,1091
1082,2026-03-03 04:00:00,closed,1091
1083,2026-02-12 04:00:00,pending,104
1083,2026-02-12 20:00:00,open,104
1083,2026-02-14 22:00:00,open,104
1083,2026-02-14 04:00:00,open,104
1083,2026-02-13 08:00:00,pending,104
1083,2026-02-19 06:00:00,closed,104
1084,2025-11-06 02:00:00,solved,1759
1084,2025-11-06 16:00:00,pending,1759
1084,2025-11-09 00:00:00,pending,1759
1084,2025-11-06 14:00:00,closed,1759
1085,2025-10-24 05:00:00,pending,1181
1085,2025-10-25 17:00:00,open,1181
1085,2025-10-27 01:00:00,open,1181
1085,2025-10-26 14:00:00,open,1181
1085,2025-10-25 01:00:00,pending,1181
1085,2025-10-27 08:00:00,closed,1181
1086,2025-09-19 00:00:00,open,351
1086,2025-09-19 05:00:00,pending,351
1087,2025-12-14 02:00:00,open,2250
1087,2025-12-14 07:00:00,solved,2250
1087,2025-12-16 00:00:00,closed,2250
1088,2025-11-20 09:00:00,open,386
1088,2025-11-20 18:00:00,closed,386
1088,2025-11-20 19:00:00,pending,386
1088,2025-11-22 12:00:00,open,386
1088,2025-11-23 21:00:00,open,386
1088,2025-11-26 00:00:00,open,386
1088,2025-11-21 03:00:00,pending,386
1088,2025-11-27 16:00:00,closed,386
1089,2025-10-04 08:00:00,solved,510
1089,2025-10-04 19:00:00,open,510
1089,2025-10-05 10:00:00,solved,510
1090,2025-12-07 03:00:00,open,157
1090,2025-12-07 16:00:00,solved,157
1090,2025-12-09 03:00:00,open,157
1090,2025-12-08 09:00:00,closed,157
1091,2025-12-29 02:00:00,closed,1900
1091,2025-12-29 15:00:00,pending,1900
1091,2025-12-29 12:00:00,pending,1900
1091,2026-01-02 05:00:00,open,1900
1091,2026-01-01 18:00:00,open,1900
1091,2026-01-02 06:00:00,solved,1900
1092,2025-12-23 06:00:00,pending,1732
1092,2025-12-23 23:00:00,open,1732
1092,2025-12-23 08:00:00,open,1732
1093,2025-12-30 04:00:00,solved,2380
1093,2025-12-30 15:00:00,solved,2380
1093,2025-12-30 22:00:00,pending,2380
1093,2026-01-01 04:00:00,pending,2380
1093,2026-01-02 08:00:00,pending,2380
1093,2026-01-03 13:00:00,closed,2380
1094,2026-03-06 05:00:00,open,2037
1094,2026-03-07 13:00:00,open,2037
1094,2026-03-07 05:00:00,closed,2037
1094,2026-03-07 08:00:00,open,2037
1094,2026-03-10 01:00:00,closed,2037
1094,2026-03-10 04:00:00,pending,2037
1094,2026-03-09 11:00:00,open,2037
1095,2025-09-13 06:00:00,pending,434
1095,2025-09-13 11:00:00,open,434
1095,2025-09-15 20:00:00,open,434
1095,2025-09-15 00:00:00,closed,434
1095,2025-09-15 02:00:00,closed,434
1096,2025-12-12 00:00:00,pending,2455
1096,2025-12-12 08:00:00,open,2455
1096,2025-12-12 16:00:00,pending,2455
1096,2025-12-15 18:00:00,pending,2455
1096,2025-12-13 20:00:00,closed,2455
1096,2025-12-18 21:00:00,solved,2455
1097,2025-12-19 10:00:00,solved,1857
1097,2025-12-19 16:00:00,pending,1857
1097,2025-12-21 06:00:00,open,1857
1097,2025-12-20 04:00:00,open,1857
1097,2025-12-23 06:00:00,pending,1857
1097,2025-12-20 06:00:00,open,1857
1097,2025-12-24 22:00:00,closed,1857
1098,2026-02-10 08:00:00,solved,2414
1098,2026-02-10 10:00:00,closed,2414
1098,2026-02-11 20:00:00,closed,2414
1098,2026-02-14 02:00:00,open,2414
1098,2026-02-15 12:00:00,open,2414
1098,2026-02-10 23:00:00,pending,2414
1098,2026-02-16 02:00:00,open,2414
1098,2026-02-13 20:00:00,closed,2414
1099,2025-10-03 05:00:00,open,320
1099,2025-10-04 00:00:00,open,320
1099,2025-10-04 09:00:00,open,320
1099,2025-10-06 05:00:00,pending,320
1099,2025-10-08 13:00:00,closed,320
1099,2025-10-03 20:00:00,pending,320
1099,2025-10-05 17:00:00,open,320
1099,2025-10-04 02:00:00,closed,320
1100,2026-02-10 04:00:00,open,1650
1100,2026-02-10 07:00:00,open,1650
1100,2026-02-13 00:00:00,closed,1650
1100,2026-02-14 04:00:00,solved,1650
1100,2026-02-14 04:00:00,closed,1650
1101,2025-11-18 06:00:00,open,2489
1101,2025-11-18 10:00:00,open,2489
1101,2025-11-19 18:00:00,open,2489
1101,2025-11-19 03:00:00,closed,2489
1101,2025-11-23 18:00:00,open,2489
1101,2025-11-25 13:00:00,closed,2489
1102,2025-09-28 00:00:00,solved,590
1102,2025-09-28 03:00:00,open,590
1102,2025-10-01 00:00:00,pending,590
1102,2025-10-01 18:00:00,open,590
1102,2025-10-03 00:00:00,open,590
1102,2025-09-28 20:00:00,pending,590
1103,2025-11-26 09:00:00,pending,53
1103,2025-11-27 19:00:00,solved,53
1103,2025-11-29 05:00:00,closed,53
1103,2025-11-27 15:00:00,pending,53
1103,2025-11-30 13:00:00,closed,53
1104,2025-11-10 08:00:00,open,1067
1104,2025-11-11 07:00:00,open,1067
1104,2025-11-11 16:00:00,open,1067
1104,2025-11-12 17:00:00,closed,1067
1105,2025-11-05 05:00:00,pending,1629
1105,2025-11-06 12:00:00,open,1629
1105,2025-11-08 03:00:00,pending,1629
1105,2025-11-06 08:00:00,open,1629
1105,2025-11-08 09:00:00,pending,1629
1105,2025-11-10 20:00:00,pending,1629
1105,2025-11-07 11:00:00,closed,1629
1106,2025-11-18 03:00:00,solved,1412
1106,2025-11-18 19:00:00,open,1412
1106,2025-11-20 19:00:00,open,1412
1106,2025-11-18 06:00:00,open,1412
1106,2025-11-23 11:00:00,solved,1412
1106,2025-11-22 12:00:00,open,1412
1106,2025-11-22 21:00:00,solved,1412
1106,2025-11-28 08:00:00,closed,1412
1107,2025-11-30 08:00:00,open,788
1107,2025-11-30 16:00:00,closed,788
1108,2025-10-11 09:00:00,pending,2465
1108,2025-10-12 00:00:00,closed,2465
1108,2025-10-13 19:00:00,solved,2465
1108,2025-10-15 09:00:00,open,2465
1108,2025-10-12 21:00:00,closed,2465
1109,2026-03-11 00:00:00,solved,2394
1109,2026-03-11 16:00:00,closed,2394
1109,2026-03-12 20:00:00,closed,2394
1109,2026-03-12 12:00:00,solved,2394
1109,2026-03-12 12:00:00,closed,2394
1109,2026-03-12 06:00:00,pending,2394
1110,2026-02-13 12:00:00,open,338
1110,2026-02-14 05:00:00,solved,338
1110,2026-02-14 04:00:00,solved,338
1111,2025-11-22 10:00:00,pending,1958
1111,2025-11-23 04:00:00,open,1958
1112,2025-10-26 02:00:00,pending,1107
1112,2025-10-27 06:00:00,open,1107
1112,2025-10-27 20:00:00,pending,1107
1112,2025-10-26 08:00:00,pending,1107
1112,2025-10-31 10:00:00,solved,1107
1112,2025-10-27 13:00:00,closed,1107
1113,2025-12-15 02:00:00,open,835
1113,2025-12-16 07:00:00,closed,835
1114,2025-12-14 06:00:00,pending,1864
1114,2025-12-15 07:00:00,closed,1864
1114,2025-12-15 14:00:00,open,1864
1115,2025-11-29 03:00:00,pending,1999
1115,2025-11-29 13:00:00,open,1999
1115,2025-11-30 23:00:00,closed,1999
1115,2025-11-29 18:00:00,pending,1999
1115,2025-12-01 15:00:00,closed,1999
1116,2026-03-08 00:00:00,open,1332
1116,2026-03-08 04:00:00,open,1332
1116,2026-03-10 10:00:00,pending,1332
1116,2026-03-08 09:00:00,open,1332
1116,2026-03-11 00:00:00,solved,1332
1116,2026-03-09 01:00:00,solved,1332
1117,2026-02-11 12:00:00,pending,1550
1117,2026-02-12 22:00:00,solved,1550
1117,2026-02-14 00:00:00,solved,1550
1117,2026-02-13 03:00:00,closed,1550
1118,2025-10-24 00:00:00,solved,26
1118,2025-10-24 09:00:00,open,26
1118,2025-10-24 08:00:00,closed,26
1118,2025-10-25 03:00:00,closed,26
1118,2025-10-26 04:00:00,closed,26
1119,2026-02-13 10:00:00,open,1519
1119,2026-02-14 01:00:00,pending,1519
1119,2026-02-15 16:00:00,open,1519
1119,2026-02-16 16:00:00,open,1519
1119,2026-02-18 22:00:00,pending,1519
1119,2026-02-18 00:00:00,solved,1519
1119,2026-02-19 10:00:00,open,1519
1119,2026-02-15 11:00:00,closed,1519
1120,2025-12-20 12:00:00,pending,2273
1120,2025-12-21 18:00:00,open,2273
1120,2025-12-23 08:00:00,open,2273
1120,2025-12-24 09:00:00,open,2273
1120,2025-12-23 04:00:00,closed,2273
1121,2025-11-01 08:00:00,pending,1256
1121,2025-11-01 17:00:00,closed,1256
1122,2026-02-26 03:00:00,open,1096
1122,2026-02-26 19:00:00,closed,1096
1122,2026-02-26 11:00:00,pending,1096
1122,2026-02-26 12:00:00,pending,1096
1122,2026-02-28 07:00:00,pending,1096
1122,2026-03-04 14:00:00,pending,1096
1122,2026-02-26 09:00:00,open,1096
1123,2026-01-23 04:00:00,solved,992
1123,2026-01-24 13:00:00,closed,992
1124,2026-03-04 11:00:00,open,1836
1124,2026-03-05 06:00:00,solved,1836
1124,2026-03-07 11:00:00,solved,1836
1124,2026-03-08 11:00:00,solved,1836
1125,2026-02-10 10:00:00,pending,1399
1125,2026-02-10 22:00:00,open,1399
1125,2026-02-10 22:00:00,open,1399
1125,2026-02-12 01:00:00,pending,1399
1125,2026-02-13 18:00:00,closed,1399
1125,2026-02-10 15:00:00,pending,1399
1125,2026-02-14 04:00:00,solved,1399
1125,2026-02-18 07:00:00,closed,1399
1126,2026-02-27 07:00:00,open,946
1126,2026-02-27 13:00:00,pending,946
1126,2026-02-27 21:00:00,closed,946
1126,2026-03-03 19:00:00,open,946
1126,2026-03-02 07:00:00,pending,946
1126,2026-03-06 09:00:00,closed,946
1127,2026-03-08 12:00:00,pending,390
1127,2026-03-08 22:00:00,pending,390
1127,2026-03-09 00:00:00,solved,390
1127,2026-03-10 12:00:00,closed,390
1127,2026-03-13 00:00:00,closed,390
1128,2025-12-31 11:00:00,open,1581
1128,2025-12-31 20:00:00,open,1581
1128,2026-01-02 07:00:00,open,1581
1128,2026-01-02 17:00:00,open,1581
1128,2025-12-31 19:00:00,open,1581
1128,2025-12-31 21:00:00,open,1581
1128,2026-01-05 17:00:00,solved,1581
1129,2026-01-11 10:00:00,closed,1945
1129,2026-01-11 18:00:00,solved,1945
1129,2026-01-12 12:00:00,open,1945
1129,2026-01-15 16:00:00,open,1945
1129,2026-01-16 10:00:00,closed,1945
1129,2026-01-18 02:00:00,closed,1945
1130,2026-02-16 10:00:00,pending,2378
1130,2026-02-17 11:00:00,closed,2378
1130,2026-02-19 10:00:00,open,2378
1130,2026-02-18 10:00:00,closed,2378
1130,2026-02-21 18:00:00,closed,2378
1131,2025-09-14 05:00:00,closed,1214
1131,2025-09-15 14:00:00,open,1214
1131,2025-09-14 11:00:00,pending,1214
1131,2025-09-15 23:00:00,pending,1214
1131,2025-09-16 01:00:00,solved,1214
1131,2025-09-17 03:00:00,closed,1214
1132,2025-10-09 07:00:00,open,696
1132,2025-10-09 21:00:00,solved,696
1132,2025-10-09 09:00:00,open,696
1132,2025-10-09 13:00:00,closed,696
1132,2025-10-09 11:00:00,closed,696
1132,2025-10-13 11:00:00,closed,696
1133,2025-12-16 03:00:00,closed,1355
1133,2025-12-17 03:00:00,open,1355
1133,2025-12-17 09:00:00,solved,1355
1133,2025-12-20 00:00:00,open,1355
1133,2025-12-21 19:00:00,pending,1355
1133,2025-12-22 04:00:00,closed,1355
1133,2025-12-21 15:00:00,pending,1355
1133,2025-12-17 07:00:00,closed,1355
1134,2025-09-16 08:00:00,open,1243
1134,2025-09-17 18:00:00,open,1243
1134,2025-09-18 12:00:00,closed,1243
1134,2025-09-18 23:00:00,solved,1243
1134,2025-09-16 20:00:00,solved,1243
1134,2025-09-17 04:00:00,open,1243
1134,2025-09-24 14:00:00,pending,1243
1134,2025-09-19 06:00:00,closed,1243
1135,2026-01-11 06:00:00,open,364
1135,2026-01-11 17:00:00,pending,364
1135,2026-01-12 14:00:00,open,364
1135,2026-01-14 18:00:00,closed,364
1135,2026-01-15 02:00:00,closed,364
1136,2025-11-18 09:00:00,open,2323
1136,2025-11-19 01:00:00,pending,2323
1136,2025-11-19 11:00:00,closed,2323
1136,2025-11-20 06:00:00,solved,2323
1136,2025-11-21 01:00:00,closed,2323
1136,2025-11-21 17:00:00,solved,2323
1137,2025-11-19 00:00:00,pending,2204
1137,2025-11-19 14:00:00,open,2204
1137,2025-11-19 16:00:00,pending,2204
1137,2025-11-21 03:00:00,solved,2204
1137,2025-11-22 00:00:00,closed,2204
1137,2025-11-22 08:00:00,pending,2204
1137,2025-11-22 00:00:00,closed,2204
1138,2026-01-15 10:00:00,pending,1773
1138,2026-01-16 06:00:00,pending,1773
1138,2026-01-17 00:00:00,pending,1773
1138,2026-01-19 01:00:00,open,1773
1138,2026-01-15 14:00:00,closed,1773
1139,2026-03-03 02:00:00,pending,1991
1139,2026-03-03 10:00:00,solved,1991
1139,2026-03-04 02:00:00,pending,1991
1139,2026-03-06 11:00:00,closed,1991
1140,2026-02-19 06:00:00,open,1215
1140,2026-02-19 09:00:00,closed,1215
1141,2025-11-27 01:00:00,open,147
1141,2025-11-27 12:00:00,open,147
1141,2025-11-27 03:00:00,closed,147
1142,2026-01-15 10:00:00,open,2157
1142,2026-01-16 01:00:00,solved,2157
1142,2026-01-16 06:00:00,pending,2157
1142,2026-01-18 19:00:00,closed,2157
1143,2025-11-06 08:00:00,pending,1898
1143,2025-11-07 04:00:00,solved,1898
1143,2025-11-08 20:00:00,pending,1898
1143,2025-11-09 23:00:00,open,1898
1143,2025-11-10 20:00:00,open,1898
1143,2025-11-13 00:00:00,closed,1898
1144,2026-03-04 02:00:00,pending,840
1144,2026-03-05 09:00:00,closed,840
1144,2026-03-06 00:00:00,open,840
1144,2026-03-07 23:00:00,pending,840
1144,2026-03-05 18:00:00,open,840
1144,2026-03-09 07:00:00,solved,840
1144,2026-03-07 20:00:00,pending,840
1145,2025-10-25 02:00:00,solved,955
1145,2025-10-25 10:00:00,solved,955
1145,2025-10-27 16:00:00,closed,955
1145,2025-10-26 23:00:00,closed,955
1146,2026-02-16 05:00:00,solved,437
1146,2026-02-17 15:00:00,closed,437
1147,2026-01-22 07:00:00,pending,1062
1147,2026-01-23 19:00:00,open,1062
1147,2026-01-22 13:00:00,closed,1062
1147,2026-01-24 01:00:00,open,1062
1147,2026-01-25 19:00:00,solved,1062
1147,2026-01-28 13:00:00,closed,1062
1148,2025-12-26 09:00:00,solved,874
1148,2025-12-27 05:00:00,open,874
1148,2025-12-27 15:00:00,closed,874
1148,2025-12-29 09:00:00,pending,874
1148,2025-12-28 21:00:00,closed,874
1149,2026-02-17 06:00:00,solved,1728
1149,2026-02-18 13:00:00,open,1728
1149,2026-02-19 04:00:00,open,1728
1150,2025-12-03 02:00:00,closed,1355
1150,2025-12-04 14:00:00,solved,1355
1150,2025-12-04 12:00:00,solved,1355
1151,2026-02-12 11:00:00,open,225
1151,2026-02-13 10:00:00,open,225
1151,2026-02-15 03:00:00,pending,225
1151,2026-02-15 14:00:00,open,225
1151,2026-02-17 19:00:00,open,225
1151,2026-02-18 17:00:00,pending,225
1151,2026-02-13 17:00:00,open,225
1151,2026-02-22 09:00:00,closed,225
1152,2026-01-16 05:00:00,open,1399
1152,2026-01-16 06:00:00,open,1399
1152,2026-01-18 05:00:00,pending,1399
1152,2026-01-19 23:00:00,closed,1399
1153,2025-12-20 04:00:00,open,1222
1153,2025-12-21 12:00:00,closed,1222
1154,2026-02-17 09:00:00,open,2015
1154,2026-02-18 13:00:00,solved,2015
1154,2026-02-19 21:00:00,open,2015
1155,2025-09-22 01:00:00,open,2304
1155,2025-09-23 10:00:00,pending,2304
1155,2025-09-23 13:00:00,solved,2304
1155,2025-09-25 07:00:00,open,2304
1155,2025-09-25 17:00:00,closed,2304
1156,2025-12-19 11:00:00,pending,1511
1156,2025-12-20 18:00:00,closed,1511
1156,2025-12-21 05:00:00,solved,1511
1156,2025-12-23 23:00:00,closed,1511
1156,2025-12-25 07:00:00,closed,1511
1156,2025-12-20 22:00:00,pending,1511
1156,2025-12-24 23:00:00,closed,1511
1157,2026-02-21 05:00:00,open,2482
1157,2026-02-22 13:00:00,open,2482
1157,2026-02-23 19:00:00,open,2482
1157,2026-02-25 14:00:00,solved,2482
1157,2026-02-25 09:00:00,pending,2482
1157,2026-02-23 22:00:00,closed,2482
1158,2025-11-15 08:00:00,solved,805
1158,2025-11-15 22:00:00,solved,805
1158,2025-11-17 04:00:00,open,805
1158,2025-11-17 17:00:00,closed,805
1158,2025-11-16 08:00:00,pending,805
1158,2025-11-17 05:00:00,solved,805
1158,2025-11-19 08:00:00,open,805
1159,2025-12-19 05:00:00,pending,1399
1159,2025-12-20 08:00:00,open,1399
1159,2025-12-19 19:00:00,pending,1399
1159,2025-12-21 05:00:00,open,1399
1159,2025-12-21 09:00:00,open,1399
1160,2025-12-05 12:00:00,open,2253
1160,2025-12-06 00:00:00,closed,2253
1161,2026-02-25 11:00:00,solved,1402
1161,2026-02-26 08:00:00,closed,1402
1162,2026-03-12 03:00:00,pending,1067
1162,2026-03-12 12:00:00,closed,1067
1162,2026-03-12 09:00:00,pending,1067
1162,2026-03-14 09:00:00,pending,1067
1162,2026-03-14 03:00:00,open,1067
1162,2026-03-18 19:00:00,open,1067
1162,2026-03-18 09:00:00,pending,1067
1162,2026-03-19 03:00:00,open,1067
1163,2025-09-28 11:00:00,closed,2159
1163,2025-09-29 23:00:00,open,2159
1163,2025-09-29 17:00:00,open,2159
1163,2025-10-01 14:00:00,solved,2159
1163,2025-10-01 19:00:00,open,2159
1163,2025-10-04 22:00:00,open,2159
1164,2025-11-15 10:00:00,open,476
1164,2025-11-16 14:00:00,closed,476
1164,2025-11-16 20:00:00,solved,476
1164,2025-11-17 16:00:00,open,476
1164,2025-11-17 02:00:00,closed,476
1164,2025-11-18 03:00:00,pending,476
1164,2025-11-19 04:00:00,pending,476
1164,2025-11-16 07:00:00,closed,476
1165,2026-01-09 01:00:00,pending,2035
1165,2026-01-09 08:00:00,solved,2035
1165,2026-01-11 09:00:00,pending,2035
1165,2026-01-09 04:00:00,pending,2035
1165,2026-01-13 05:00:00,closed,2035
1166,2026-02-16 09:00:00,open,1388
1166,2026-02-17 15:00:00,closed,1388
1166,2026-02-16 15:00:00,open,1388
1166,2026-02-19 03:00:00,pending,1388
1166,2026-02-19 01:00:00,solved,1388
1166,2026-02-23 06:00:00,open,1388
1166,2026-02-22 09:00:00,open,1388
1166,2026-02-26 14:00:00,closed,1388
1167,2026-02-28 08:00:00,solved,224
1167,2026-03-01 10:00:00,closed,224
1167,2026-03-03 06:00:00,pending,224
1167,2026-03-02 08:00:00,open,224
1167,2026-03-02 16:00:00,solved,224
1167,2026-03-03 16:00:00,closed,224
1168,2026-02-18 02:00:00,open,1528
1168,2026-02-19 00:00:00,closed,1528
1169,2025-10-21 09:00:00,pending,1314
1169,2025-10-21 13:00:00,closed,1314
1170,2025-11-23 12:00:00,closed,1544
1170,2025-11-24 16:00:00,open,1544
1170,2025-11-24 06:00:00,pending,1544
1170,2025-11-24 00:00:00,solved,1544
1170,2025-11-29 00:00:00,pending,1544
1170,2025-11-25 09:00:00,closed,1544
1171,2026-01-02 03:00:00,open,363
1171,2026-01-03 10:00:00,open,363
1171,2026-01-04 11:00:00,pending,363
1171,2026-01-03 09:00:00,open,363
1171,2026-01-05 03:00:00,open,363
1171,2026-01-04 00:00:00,pending,363
1172,2025-12-12 07:00:00,pending,2372
1172,2025-12-13 09:00:00,solved,2372
1173,2026-01-26 01:00:00,open,560
1173,2026-01-27 07:00:00,pending,560
1173,2026-01-28 07:00:00,open,560
1173,2026-01-26 10:00:00,closed,560
1173,2026-01-26 09:00:00,pending,560
1173,2026-01-30 15:00:00,closed,560
1174,2025-12-08 09:00:00,solved,136
1174,2025-12-09 06:00:00,pending,136
1174,2025-12-09 21:00:00,pending,136
1174,2025-12-11 21:00:00,pending,136
1174,2025-12-11 21:00:00,closed,136
1174,2025-12-15 06:00:00,solved,136
1174,2025-12-12 15:00:00,closed,136
1175,2026-01-14 02:00:00,solved,196
1175,2026-01-14 20:00:00,open,196
1175,2026-01-15 04:00:00,pending,196
1176,2026-02-22 11:00:00,solved,1245
1176,2026-02-23 20:00:00,open,1245
1176,2026-02-23 01:00:00,pending,1245
1176,2026-02-23 23:00:00,open,1245
1176,2026-02-25 11:00:00,pending,1245
1176,2026-02-23 07:00:00,closed,1245
1176,2026-02-24 11:00:00,closed,1245
1177,2025-12-10 02:00:00,pending,1340
1177,2025-12-11 09:00:00,closed,1340
1178,2026-03-07 04:00:00,open,552
1178,2026-03-08 08:00:00,solved,552
1178,2026-03-10 02:00:00,open,552
1178,2026-03-07 19:00:00,solved,552
1178,2026-03-12 20:00:00,pending,552
1178,2026-03-13 15:00:00,pending,552
1178,2026-03-13 22:00:00,closed,552
1179,2025-11-19 04:00:00,open,466
1179,2025-11-19 10:00:00,solved,466
1179,2025-11-22 02:00:00,closed,466
1180,2025-12-04 10:00:00,solved,1045
1180,2025-12-05 05:00:00,open,1045
1180,2025-12-05 08:00:00,pending,1045
1180,2025-12-05 19:00:00,open,1045
1180,2025-12-10 10:00:00,solved,1045
1180,2025-12-09 15:00:00,closed,1045
1181,2026-01-29 04:00:00,pending,1082
1181,2026-01-29 06:00:00,open,1082
1181,2026-01-31 10:00:00,pending,1082
1181,2026-02-02 13:00:00,pending,1082
1181,2026-02-03 20:00:00,open,1082
1181,2026-02-02 08:00:00,pending,1082
1181,2026-01-29 10:00:00,closed,1082
1182,2026-01-30 02:00:00,open,1473
1182,2026-01-30 14:00:00,pending,1473
1182,2026-02-01 10:00:00,closed,1473
1183,2026-02-03 07:00:00,solved,1665
1183,2026-02-03 20:00:00,open,1665
1183,2026-02-05 11:00:00,open,1665
1183,2026-02-05 10:00:00,closed,1665
1184,2025-11-02 06:00:00,open,1144
1184,2025-11-03 05:00:00,open,1144
1184,2025-11-04 20:00:00,open,1144
1184,2025-11-06 00:00:00,open,1144
1184,2025-11-06 06:00:00,open,1144
1184,2025-11-08 07:00:00,pending,1144
1184,2025-11-02 18:00:00,closed,1144
1185,2026-02-12 07:00:00,solved,1410
1185,2026-02-12 18:00:00,open,1410
1185,2026-02-14 09:00:00,pending,1410
1185,2026-02-12 19:00:00,closed,1410
1186,2026-02-25 00:00:00,solved,156
1186,2026-02-25 05:00:00,solved,156
1186,2026-02-27 08:00:00,solved,156
1186,2026-02-26 18:00:00,closed,156
1186,2026-02-25 20:00:00,solved,156
1186,2026-02-27 07:00:00,closed,156
1187,2025-11-02 00:00:00,open,2482
1187,2025-11-02 08:00:00,solved,2482
1187,2025-11-02 14:00:00,closed,2482
1188,2025-11-03 01:00:00,pending,1505
1188,2025-11-04 10:00:00,solved,1505
1188,2025-11-05 09:00:00,pending,1505
1189,2025-10-19 00:00:00,pending,1602
1189,2025-10-20 05:00:00,closed,1602
1189,2025-10-21 00:00:00,open,1602
1189,2025-10-21 15:00:00,pending,1602
1189,2025-10-23 20:00:00,pending,1602
1189,2025-10-22 08:00:00,open,1602
1189,2025-10-21 06:00:00,closed,1602
1190,2025-12-11 00:00:00,open,1860
1190,2025-12-12 02:00:00,solved,1860
1190,2025-12-13 22:00:00,pending,1860
1190,2025-12-11 21:00:00,pending,1860
1190,2025-12-12 12:00:00,closed,1860
1191,2026-01-03 07:00:00,pending,1687
1191,2026-01-03 08:00:00,open,1687
1191,2026-01-05 07:00:00,closed,1687
1191,2026-01-04 19:00:00,closed,1687
1192,2025-10-30 03:00:00,pending,282
1192,2025-10-30 18:00:00,closed,282
1193,2026-01-10 11:00:00,solved,498
1193,2026-01-10 13:00:00,open,498
1193,2026-01-13 01:00:00,closed,498
1194,2026-02-17 11:00:00,open,343
1194,2026-02-18 09:00:00,open,343
1194,2026-02-19 15:00:00,pending,343
1195,2026-02-10 12:00:00,pending,268
1195,2026-02-10 13:00:00,pending,268
1195,2026-02-12 00:00:00,open,268
1195,2026-02-12 06:00:00,pending,268
1195,2026-02-15 08:00:00,solved,268
1195,2026-02-16 03:00:00,pending,268
1195,2026-02-19 06:00:00,open,268
1195,2026-02-18 02:00:00,closed,268
1196,2025-11-22 06:00:00,open,2493
1196,2025-11-23 10:00:00,open,2493
1196,2025-11-23 00:00:00,open,2493
1196,2025-11-26 18:00:00,open,2493
1197,2025-10-07 09:00:00,solved,2492
1197,2025-10-08 11:00:00,closed,2492
1198,2026-02-20 10:00:00,closed,849
1198,2026-02-21 18:00:00,open,849
1198,2026-02-20 18:00:00,closed,849
1199,2026-03-01 05:00:00,closed,570
1199,2026-03-01 18:00:00,solved,570
1199,2026-03-03 07:00:00,closed,570
1199,2026-03-04 11:00:00,closed,570
1199,2026-03-06 21:00:00,pending,570
1199,2026-03-08 02:00:00,open,570
1199,2026-03-08 17:00:00,closed,570
1200,2025-12-12 01:00:00,solved,529
1200,2025-12-12 06:00:00,open,529
1200,2025-12-13 05:00:00,solved,529
1200,2025-12-14 22:00:00,open,529
1200,2025-12-12 21:00:00,closed,529
1201,2025-12-31 12:00:00,open,498
1201,2026-01-01 00:00:00,open,498
1201,2026-01-01 08:00:00,pending,498
1201,2026-01-05 00:00:00,closed,498
1202,2025-11-27 09:00:00,open,2268
1202,2025-11-28 19:00:00,solved,2268
1202,2025-11-29 17:00:00,open,2268
1202,2025-11-30 21:00:00,pending,2268
1202,2025-12-03 05:00:00,open,2268
1202,2025-12-03 20:00:00,solved,2268
1202,2025-12-03 03:00:00,pending,2268
1203,2025-09-28 05:00:00,pending,1203
1203,2025-09-29 08:00:00,solved,1203
1203,2025-09-30 01:00:00,open,1203
1203,2025-09-29 02:00:00,pending,1203
1203,2025-10-03 13:00:00,open,1203
1204,2025-11-25 11:00:00,open,1434
1204,2025-11-25 14:00:00,open,1434
1204,2025-11-28 03:00:00,open,1434
1204,2025-11-26 17:00:00,open,1434
1204,2025-11-28 15:00:00,open,1434
1204,2025-11-27 08:00:00,closed,1434
1204,2025-12-03 23:00:00,pending,1434
1205,2026-02-01 08:00:00,pending,1592
1205,2026-02-02 13:00:00,open,1592
1205,2026-02-02 10:00:00,closed,1592
1206,2025-12-03 01:00:00,open,319
1206,2025-12-04 09:00:00,closed,319
1207,2026-01-27 09:00:00,open,2281
1207,2026-01-28 21:00:00,closed,2281
1207,2026-01-27 11:00:00,open,2281
1207,2026-01-30 00:00:00,open,2281
1207,2026-01-31 13:00:00,closed,2281
1208,2026-03-08 04:00:00,solved,230
1208,2026-03-08 21:00:00,open,230
1208,2026-03-10 04:00:00,closed,230
1208,2026-03-08 07:00:00,closed,230
1208,2026-03-11 16:00:00,open,230
1208,2026-03-13 09:00:00,solved,230
1208,2026-03-14 16:00:00,closed,230
1209,2026-03-03 04:00:00,pending,964
1209,2026-03-04 13:00:00,open,964
1209,2026-03-05 10:00:00,solved,964
1209,2026-03-03 07:00:00,solved,964
1209,2026-03-04 08:00:00,closed,964
1209,2026-03-05 21:00:00,open,964
1210,2025-09-14 06:00:00,pending,1472
1210,2025-09-14 16:00:00,solved,1472
1210,2025-09-15 10:00:00,open,1472
1210,2025-09-16 18:00:00,open,1472
1210,2025-09-20 02:00:00,closed,1472
1211,2025-10-07 02:00:00,solved,576
1211,2025-10-08 03:00:00,closed,576
1211,2025-10-10 02:00:00,pending,576
1211,2025-10-07 08:00:00,solved,576
1211,2025-10-07 14:00:00,pending,576
1211,2025-10-11 11:00:00,closed,576
1211,2025-10-10 08:00:00,open,576
1211,2025-10-17 00:00:00,closed,576
1212,2025-10-30 02:00:00,pending,1205
1212,2025-10-31 03:00:00,closed,1205
1212,2025-10-30 06:00:00,solved,1205
1212,2025-10-31 05:00:00,open,1205
1212,2025-11-03 14:00:00,open,1205
1212,2025-11-04 22:00:00,pending,1205
1212,2025-11-06 08:00:00,open,1205
1212,2025-11-06 09:00:00,pending,1205
1213,2025-09-27 03:00:00,pending,751
1213,2025-09-27 15:00:00,open,751
1213,2025-09-29 07:00:00,pending,751
1213,2025-10-01 09:00:00,open,751
1213,2025-10-01 23:00:00,pending,751
1213,2025-09-29 15:00:00,closed,751
1214,2025-11-23 00:00:00,open,1199
1214,2025-11-23 05:00:00,pending,1199
1214,2025-11-23 12:00:00,open,1199
1214,2025-11-27 00:00:00,open,1199
1214,2025-11-26 16:00:00,open,1199
1215,2026-02-23 07:00:00,pending,1655
1215,2026-02-23 09:00:00,open,1655
1215,2026-02-25 19:00:00,solved,1655
1215,2026-02-26 01:00:00,open,1655
1215,2026-03-01 07:00:00,pending,1655
1215,2026-03-01 13:00:00,pending,1655
1216,2025-10-06 05:00:00,solved,814
1216,2025-10-07 14:00:00,closed,814
1216,2025-10-08 11:00:00,open,814
1216,2025-10-07 05:00:00,open,814
1216,2025-10-06 13:00:00,closed,814
1217,2025-10-13 03:00:00,open,1233
1217,2025-10-13 20:00:00,open,1233
1217,2025-10-13 19:00:00,open,1233
1217,2025-10-16 21:00:00,pending,1233
1217,2025-10-16 11:00:00,open,1233
1217,2025-10-13 13:00:00,open,1233
1217,2025-10-16 09:00:00,closed,1233
1218,2025-11-03 05:00:00,open,2331
1218,2025-11-04 16:00:00,closed,2331
1219,2025-09-14 09:00:00,closed,2244
1219,2025-09-15 10:00:00,closed,2244
1220,2025-12-03 02:00:00,open,2004
1220,2025-12-04 02:00:00,pending,2004
1220,2025-12-05 22:00:00,open,2004
1220,2025-12-03 20:00:00,open,2004
1220,2025-12-03 18:00:00,closed,2004
1221,2026-01-23 12:00:00,pending,2436
1221,2026-01-24 16:00:00,open,2436
1221,2026-01-23 18:00:00,open,2436
1221,2026-01-27 12:00:00,open,2436
1221,2026-01-24 08:00:00,solved,2436
1221,2026-01-25 09:00:00,open,2436
1222,2025-09-22 12:00:00,solved,2137
1222,2025-09-22 14:00:00,pending,2137
1222,2025-09-25 10:00:00,pending,2137
1222,2025-09-26 18:00:00,closed,2137
1223,2026-01-08 10:00:00,pending,847
1223,2026-01-08 23:00:00,closed,847
1224,2026-01-29 09:00:00,open,835
1224,2026-01-30 14:00:00,closed,835
1225,2025-11-27 08:00:00,open,1825
1225,2025-11-27 12:00:00,pending,1825
1225,2025-11-29 20:00:00,pending,1825
1225,2025-11-28 08:00:00,closed,1825
1225,2025-11-30 20:00:00,open,1825
1225,2025-12-02 18:00:00,open,1825
1225,2025-11-29 08:00:00,closed,1825
1226,2026-01-30 07:00:00,open,796
1226,2026-01-30 15:00:00,open,796
1226,2026-01-30 11:00:00,closed,796
1226,2026-02-02 01:00:00,pending,796
1226,2026-01-31 15:00:00,closed,796
1227,2025-11-06 08:00:00,solved,2133
1227,2025-11-07 19:00:00,open,2133
1227,2025-11-08 08:00:00,open,2133
1227,2025-11-10 14:00:00,open,2133
1227,2025-11-12 08:00:00,solved,2133
1227,2025-11-10 12:00:00,open,2133
1227,2025-11-09 20:00:00,closed,2133
1227,2025-11-14 05:00:00,pending,2133
1228,2025-11-01 10:00:00,pending,952
1228,2025-11-01 20:00:00,pending,952
1228,2025-11-03 16:00:00,closed,952
1229,2026-01-01 02:00:00,open,812
1229,2026-01-01 23:00:00,pending,812
1229,2026-01-03 06:00:00,solved,812
1229,2026-01-03 02:00:00,pending,812
1229,2026-01-05 22:00:00,open,812
1229,2026-01-07 23:00:00,closed,812
1229,2026-01-08 14:00:00,closed,812
1230,2026-02-20 03:00:00,closed,2232
1230,2026-02-20 23:00:00,closed,2232
1231,2025-09-28 08:00:00,solved,203
1231,2025-09-29 03:00:00,open,203
1231,2025-09-29 10:00:00,open,203
1231,2025-09-30 11:00:00,open,203
1231,2025-09-29 04:00:00,closed,203
1231,2025-09-30 10:00:00,pending,203
1231,2025-10-03 08:00:00,open,203
1231,2025-10-03 07:00:00,pending,203
1232,2026-01-13 00:00:00,pending,1626
1232,2026-01-13 08:00:00,closed,1626
1233,2025-10-06 00:00:00,solved,555
1233,2025-10-06 22:00:00,pending,555
1233,2025-10-06 04:00:00,open,555
1233,2025-10-09 15:00:00,pending,555
1233,2025-10-10 20:00:00,open,555
1233,2025-10-07 11:00:00,closed,555
1233,2025-10-11 12:00:00,pending,555
1233,2025-10-07 18:00:00,closed,555
1234,2025-11-04 03:00:00,open,2423
1234,2025-11-05 06:00:00,open,2423
1234,2025-11-04 19:00:00,closed,2423
1235,2025-11-24 12:00:00,open,610
1235,2025-11-25 17:00:00,closed,610
1235,2025-11-27 04:00:00,pending,610
1235,2025-11-25 15:00:00,pending,610
1235,2025-11-28 16:00:00,pending,610
1235,2025-11-28 11:00:00,pending,610
1235,2025-11-29 12:00:00,closed,610
1236,2026-01-25 01:00:00,pending,1123
1236,2026-01-26 07:00:00,open,1123
1236,2026-01-26 05:00:00,solved,1123
1237,2025-12-29 01:00:00,solved,1220
1237,2025-12-30 08:00:00,pending,1220
1237,2025-12-29 17:00:00,open,1220
1237,2026-01-01 10:00:00,open,1220
1237,2026-01-03 01:00:00,pending,1220
1237,2025-12-31 08:00:00,solved,1220
1237,2025-12-29 19:00:00,closed,1220
1237,2026-01-04 18:00:00,closed,1220
1238,2026-02-05 00:00:00,open,1806
1238,2026-02-05 01:00:00,open,1806
1238,2026-02-06 10:00:00,solved,1806
1238,2026-02-07 18:00:00,open,1806
1238,2026-02-05 04:00:00,solved,1806
1238,2026-02-10 20:00:00,open,1806
1238,2026-02-11 12:00:00,closed,1806
1239,2026-02-13 00:00:00,open,1775
1239,2026-02-14 01:00:00,solved,1775
1239,2026-02-13 16:00:00,pending,1775
1239,2026-02-14 06:00:00,solved,1775
1239,2026-02-17 12:00:00,open,1775
1239,2026-02-17 19:00:00,solved,1775
1239,2026-02-17 12:00:00,closed,1775
1240,2025-11-08 00:00:00,solved,1791
1240,2025-11-09 08:00:00,pending,1791
1240,2025-11-10 10:00:00,closed,1791
1240,2025-11-11 15:00:00,solved,1791
1240,2025-11-10 08:00:00,solved,1791
1240,2025-11-11 13:00:00,pending,1791
1240,2025-11-11 18:00:00,closed,1791
1241,2026-01-18 09:00:00,pending,858
1241,2026-01-18 19:00:00,pending,858
1241,2026-01-18 17:00:00,pending,858
1241,2026-01-21 21:00:00,closed,858
1241,2026-01-23 05:00:00,closed,858
1242,2026-02-10 05:00:00,pending,1830
1242,2026-02-11 06:00:00,solved,1830
1242,2026-02-12 17:00:00,closed,1830
1243,2025-11-10 12:00:00,closed,974
1243,2025-11-11 08:00:00,pending,974
1243,2025-11-12 18:00:00,open,974
1244,2025-11-17 11:00:00,pending,2151
1244,2025-11-18 15:00:00,solved,2151
1244,2025-11-17 21:00:00,open,2151
1244,2025-11-19 20:00:00,pending,2151
1244,2025-11-21 07:00:00,closed,2151
1244,2025-11-18 12:00:00,pending,2151
1244,2025-11-20 11:00:00,pending,2151
1244,2025-11-23 21:00:00,closed,2151
1245,2026-02-08 00:00:00,open,1361
1245,2026-02-08 05:00:00,open,1361
1245,2026-02-09 04:00:00,solved,1361
1245,2026-02-08 06:00:00,closed,1361
1246,2026-01-14 10:00:00,open,1113
1246,2026-01-15 20:00:00,open,1113
1246,2026-01-15 16:00:00,closed,1113
1247,2025-10-25 03:00:00,open,212
1247,2025-10-25 18:00:00,closed,212
1247,2025-10-27 11:00:00,pending,212
1247,2025-10-26 15:00:00,closed,212
1248,2026-02-27 10:00:00,closed,1609
1248,2026-02-28 09:00:00,open,1609
1248,2026-03-02 02:00:00,pending,1609
1248,2026-03-01 10:00:00,open,1609
1248,2026-03-03 02:00:00,solved,1609
1248,2026-02-28 21:00:00,open,1609
1248,2026-03-04 04:00:00,pending,1609
1248,2026-03-05 13:00:00,closed,1609
1249,2026-03-11 00:00:00,pending,955
1249,2026-03-11 15:00:00,open,955
1249,2026-03-12 16:00:00,pending,955
1249,2026-03-11 06:00:00,solved,955
1250,2025-11-17 05:00:00,solved,1921
1250,2025-11-17 15:00:00,closed,1921
1250,2025-11-20 05:00:00,closed,1921
1251,2026-01-05 00:00:00,open,1638
1251,2026-01-06 04:00:00,pending,1638
1251,2026-01-07 18:00:00,closed,1638
1251,2026-01-09 03:00:00,closed,1638
1251,2026-01-09 08:00:00,solved,1638
1251,2026-01-08 08:00:00,open,1638
1251,2026-01-05 12:00:00,open,1638
1251,2026-01-14 15:00:00,closed,1638
1252,2026-02-12 07:00:00,open,1007
1252,2026-02-13 12:00:00,open,1007
1252,2026-02-13 11:00:00,closed,1007
1252,2026-02-13 04:00:00,pending,1007
1252,2026-02-15 11:00:00,pending,1007
1252,2026-02-13 23:00:00,closed,1007
1253,2026-01-05 03:00:00,open,2268
1253,2026-01-05 18:00:00,open,2268
1253,2026-01-07 15:00:00,closed,2268
1253,2026-01-08 00:00:00,pending,2268
1253,2026-01-08 15:00:00,open,2268
1253,2026-01-11 19:00:00,solved,2268
1253,2026-01-12 09:00:00,pending,2268
1253,2026-01-07 04:00:00,pending,2268
1254,2025-12-04 02:00:00,open,188
1254,2025-12-05 03:00:00,open,188
1254,2025-12-05 22:00:00,pending,188
1254,2025-12-04 23:00:00,open,188
1254,2025-12-05 22:00:00,closed,188
1255,2026-02-27 05:00:00,closed,445
1255,2026-02-27 06:00:00,pending,445
1255,2026-02-28 11:00:00,pending,445
1255,2026-02-28 02:00:00,solved,445
1255,2026-03-03 05:00:00,closed,445
1256,2025-09-30 05:00:00,pending,118
1256,2025-10-01 10:00:00,pending,118
1256,2025-09-30 23:00:00,solved,118
1256,2025-10-04 05:00:00,closed,118
1257,2026-02-23 00:00:00,pending,511
1257,2026-02-23 08:00:00,closed,511
1258,2026-02-23 03:00:00,open,1814
1258,2026-02-23 04:00:00,open,1814
1258,2026-02-23 15:00:00,open,1814
1258,2026-02-26 09:00:00,pending,1814
1258,2026-02-26 23:00:00,closed,1814
1259,2025-10-31 07:00:00,solved,1354
1259,2025-10-31 22:00:00,closed,1354
1260,2026-02-02 09:00:00,open,2073
1260,2026-02-03 09:00:00,pending,2073
1260,2026-02-05 07:00:00,solved,2073
1260,2026-02-05 03:00:00,solved,2073
1260,2026-02-05 09:00:00,solved,2073
1260,2026-02-03 20:00:00,closed,2073
1260,2026-02-02 15:00:00,closed,2073
1261,2025-10-30 01:00:00,pending,2419
1261,2025-10-31 05:00:00,pending,2419
1261,2025-10-31 17:00:00,pending,2419
1261,2025-10-31 13:00:00,open,2419
1261,2025-10-30 21:00:00,open,2419
1261,2025-11-01 23:00:00,open,2419
1261,2025-11-01 13:00:00,closed,2419
1262,2025-12-11 04:00:00,pending,1463
1262,2025-12-12 04:00:00,closed,1463
1262,2025-12-13 06:00:00,pending,1463
1262,2025-12-12 13:00:00,pending,1463
1262,2025-12-15 04:00:00,pending,1463
1263,2025-12-14 10:00:00,open,1646
1263,2025-12-15 09:00:00,closed,1646
1264,2025-12-29 04:00:00,pending,604
1264,2025-12-29 12:00:00,closed,604
1265,2025-09-19 02:00:00,pending,545
1265,2025-09-19 21:00:00,pending,545
1265,2025-09-21 10:00:00,solved,545
1265,2025-09-22 08:00:00,closed,545
1265,2025-09-23 10:00:00,closed,545
1266,2025-10-20 08:00:00,closed,1284
1266,2025-10-20 21:00:00,solved,1284
1266,2025-10-22 06:00:00,pending,1284
1266,2025-10-21 05:00:00,open,1284
1266,2025-10-21 04:00:00,pending,1284
1266,2025-10-26 04:00:00,solved,1284
1267,2026-02-05 03:00:00,solved,2055
1267,2026-02-06 10:00:00,open,2055
1267,2026-02-06 19:00:00,pending,2055
1267,2026-02-05 06:00:00,closed,2055
1267,2026-02-08 11:00:00,closed,2055
1268,2025-09-13 00:00:00,pending,1253
1268,2025-09-14 11:00:00,pending,1253
1268,2025-09-13 06:00:00,solved,1253
1268,2025-09-17 06:00:00,solved,1253
1268,2025-09-13 08:00:00,solved,1253
1268,2025-09-16 18:00:00,open,1253
1268,2025-09-18 00:00:00,pending,1253
1269,2025-12-27 08:00:00,pending,193
1269,2025-12-27 12:00:00,closed,193
1270,2026-03-09 11:00:00,open,1261
1270,2026-03-10 02:00:00,open,1261
1270,2026-03-10 09:00:00,pending,1261
1270,2026-03-09 23:00:00,solved,1261
1270,2026-03-12 15:00:00,closed,1261
1271,2025-10-21 04:00:00,open,590
1271,2025-10-22 16:00:00,solved,590
1271,2025-10-23 16:00:00,open,590
1271,2025-10-23 19:00:00,open,590
1271,2025-10-25 16:00:00,closed,590
1272,2025-12-14 08:00:00,open,1960
1272,2025-12-15 19:00:00,open,1960
1272,2025-12-15 10:00:00,open,1960
1272,2025-12-15 23:00:00,open,1960
1272,2025-12-15 12:00:00,pending,1960
1272,2025-12-14 13:00:00,closed,1960
1273,2025-12-05 03:00:00,open,1050
1273,2025-12-06 05:00:00,closed,1050
1274,2025-12-20 00:00:00,open,743
1274,2025-12-20 23:00:00,closed,743
1274,2025-12-21 00:00:00,pending,743
1274,2025-12-24 00:00:00,pending,743
1275,2025-10-17 04:00:00,open,858
1275,2025-10-18 00:00:00,pending,858
1275,2025-10-18 16:00:00,closed,858
1276,2025-10-26 08:00:00,open,1619
1276,2025-10-26 11:00:00,open,1619
1276,2025-10-26 16:00:00,open,1619
1276,2025-10-30 17:00:00,pending,1619
1276,2025-10-27 08:00:00,pending,1619
1276,2025-10-29 06:00:00,solved,1619
1276,2025-10-30 14:00:00,closed,1619
1277,2025-12-10 12:00:00,solved,1638
1277,2025-12-11 03:00:00,solved,1638
1277,2025-12-12 20:00:00,open,1638
1277,2025-12-11 09:00:00,pending,1638
1277,2025-12-14 20:00:00,pending,1638
1277,2025-12-11 23:00:00,solved,1638
1277,2025-12-16 06:00:00,closed,1638
1278,2026-02-16 11:00:00,pending,1634
1278,2026-02-16 14:00:00,closed,1634
1278,2026-02-16 13:00:00,closed,1634
1279,2025-10-22 03:00:00,open,2320
1279,2025-10-23 13:00:00,pending,2320
1279,2025-10-23 13:00:00,open,2320
1279,2025-10-24 03:00:00,pending,2320
1279,2025-10-22 19:00:00,pending,2320
1279,2025-10-22 13:00:00,pending,2320
1279,2025-10-25 03:00:00,closed,2320
1280,2026-02-15 02:00:00,solved,1784
1280,2026-02-16 14:00:00,solved,1784
1280,2026-02-16 16:00:00,closed,1784
1281,2025-10-11 04:00:00,pending,1183
1281,2025-10-12 02:00:00,closed,1183
1281,2025-10-13 18:00:00,open,1183
1281,2025-10-15 10:00:00,solved,1183
1281,2025-10-12 12:00:00,closed,1183
1282,2025-11-05 07:00:00,solved,118
1282,2025-11-06 01:00:00,open,118
1282,2025-11-05 19:00:00,closed,118
1283,2026-01-24 09:00:00,pending,1587
1283,2026-01-25 16:00:00,pending,1587
1283,2026-01-24 13:00:00,solved,1587
1283,2026-01-28 03:00:00,pending,1587
1283,2026-01-26 21:00:00,pending,1587
1283,2026-01-24 14:00:00,pending,1587
1284,2026-03-10 09:00:00,pending,891
1284,2026-03-10 23:00:00,open,891
1284,2026-03-10 11:00:00,pending,891
1284,2026-03-13 00:00:00,closed,891
1284,2026-03-12 01:00:00,open,891
1285,2026-03-10 04:00:00,pending,250
1285,2026-03-10 09:00:00,pending,250
1285,2026-03-10 20:00:00,closed,250
1285,2026-03-11 07:00:00,open,250
1286,2025-11-07 09:00:00,open,1495
1286,2025-11-08 06:00:00,pending,1495
1286,2025-11-08 01:00:00,open,1495
1286,2025-11-09 15:00:00,pending,1495
1286,2025-11-08 01:00:00,open,1495
1286,2025-11-09 11:00:00,closed,1495
1286,2025-11-10 03:00:00,pending,1495
1286,2025-11-13 19:00:00,closed,1495
1287,2025-12-05 05:00:00,pending,2181
1287,2025-12-05 22:00:00,solved,2181
1287,2025-12-07 09:00:00,pending,2181
1287,2025-12-08 17:00:00,closed,2181
1287,2025-12-08 01:00:00,pending,2181
1287,2025-12-09 14:00:00,open,2181
1287,2025-12-06 23:00:00,pending,2181
1288,2025-10-03 08:00:00,pending,753
1288,2025-10-04 10:00:00,closed,753
1289,2025-11-28 12:00:00,pending,566
1289,2025-11-28 13:00:00,solved,566
1289,2025-11-30 20:00:00,closed,566
1289,2025-11-30 00:00:00,open,566
1290,2025-10-13 04:00:00,closed,704
1290,2025-10-14 15:00:00,solved,704
1290,2025-10-14 08:00:00,pending,704
1291,2026-02-27 00:00:00,open,2192
1291,2026-02-27 22:00:00,solved,2192
1291,2026-03-01 10:00:00,solved,2192
1291,2026-03-02 18:00:00,pending,2192
1291,2026-03-02 08:00:00,pending,2192
1291,2026-03-05 06:00:00,closed,2192
1292,2025-11-07 12:00:00,solved,1363
1292,2025-11-07 15:00:00,open,1363
1293,2025-10-17 00:00:00,open,2260
1293,2025-10-18 07:00:00,solved,2260
1293,2025-10-18 02:00:00,pending,2260
1293,2025-10-18 03:00:00,closed,2260
1294,2025-09-29 08:00:00,pending,1080
1294,2025-09-30 05:00:00,pending,1080
1294,2025-09-30 18:00:00,pending,1080
1294,2025-10-01 08:00:00,solved,1080
1294,2025-10-03 08:00:00,pending,1080
1294,2025-10-02 01:00:00,closed,1080
1294,2025-10-07 08:00:00,open,1080
1294,2025-10-09 13:00:00,open,1080
1295,2025-10-24 10:00:00,solved,422
1295,2025-10-25 08:00:00,closed,422
1296,2026-02-17 02:00:00,pending,1923
1296,2026-02-17 06:00:00,closed,1923
1296,2026-02-17 10:00:00,closed,1923
1296,2026-02-18 08:00:00,closed,1923
1297,2025-11-07 02:00:00,closed,179
1297,2025-11-07 20:00:00,pending,179
1297,2025-11-07 06:00:00,open,179
1297,2025-11-10 17:00:00,closed,179
1297,2025-11-11 14:00:00,closed,179
1297,2025-11-13 13:00:00,closed,179
1297,2025-11-10 14:00:00,closed,179
1298,2026-01-10 05:00:00,closed,2238
1298,2026-01-10 11:00:00,pending,2238
1298,2026-01-12 09:00:00,closed,2238
1299,2025-11-22 01:00:00,closed,242
1299,2025-11-22 15:00:00,pending,242
1299,2025-11-24 03:00:00,open,242
1299,2025-11-24 10:00:00,open,242
1299,2025-11-25 09:00:00,solved,242
1299,2025-11-26 15:00:00,pending,242
1299,2025-11-25 13:00:00,closed,242
1300,2025-12-17 12:00:00,pending,611
1300,2025-12-18 02:00:00,closed,611
1300,2025-12-17 22:00:00,solved,611
1300,2025-12-18 21:00:00,open,611
1300,2025-12-18 08:00:00,closed,611
1301,2025-10-13 09:00:00,solved,165
1301,2025-10-14 07:00:00,open,165
1301,2025-10-13 21:00:00,pending,165
1302,2026-01-25 07:00:00,open,2042
1302,2026-01-26 13:00:00,pending,2042
1302,2026-01-27 17:00:00,open,2042
1302,2026-01-27 10:00:00,solved,2042
1302,2026-01-30 19:00:00,pending,2042
1302,2026-01-29 21:00:00,open,2042
1302,2026-01-30 07:00:00,closed,2042
1303,2025-11-16 01:00:00,open,2471
1303,2025-11-16 14:00:00,open,2471
1303,2025-11-18 11:00:00,pending,2471
1303,2025-11-18 13:00:00,solved,2471
1304,2025-11-22 05:00:00,solved,381
1304,2025-11-23 15:00:00,solved,381
1304,2025-11-24 23:00:00,solved,381
1304,2025-11-25 20:00:00,pending,381
1304,2025-11-26 17:00:00,closed,381
1305,2025-09-15 11:00:00,open,2342
1305,2025-09-16 21:00:00,solved,2342
1305,2025-09-16 15:00:00,open,2342
1305,2025-09-17 02:00:00,pending,2342
1305,2025-09-17 19:00:00,pending,2342
1306,2026-02-11 09:00:00,closed,1208
1306,2026-02-12 02:00:00,closed,1208
1307,2025-12-16 12:00:00,open,323
1307,2025-12-17 17:00:00,solved,323
1307,2025-12-16 16:00:00,pending,323
1307,2025-12-19 06:00:00,pending,323
1307,2025-12-19 04:00:00,solved,323
1307,2025-12-23 19:00:00,closed,323
1308,2025-11-06 00:00:00,pending,2444
1308,2025-11-06 16:00:00,pending,2444
1308,2025-11-07 18:00:00,pending,2444
1308,2025-11-09 03:00:00,open,2444
1308,2025-11-09 00:00:00,pending,2444
1308,2025-11-08 07:00:00,closed,2444
1309,2025-10-06 08:00:00,open,1140
1309,2025-10-06 22:00:00,pending,1140
1309,2025-10-07 10:00:00,pending,1140
1309,2025-10-09 11:00:00,closed,1140
1310,2025-12-15 06:00:00,solved,2350
1310,2025-12-15 13:00:00,closed,2350
1311,2025-10-17 03:00:00,open,2422
1311,2025-10-18 00:00:00,closed,2422
1312,2026-03-04 02:00:00,pending,1438
1312,2026-03-04 23:00:00,solved,1438
1312,2026-03-05 08:00:00,solved,1438
1312,2026-03-07 11:00:00,pending,1438
1313,2026-01-25 00:00:00,pending,1574
1313,2026-01-26 01:00:00,open,1574
1313,2026-01-27 22:00:00,open,1574
1313,2026-01-28 12:00:00,open,1574
1313,2026-01-30 00:00:00,solved,1574
1313,2026-01-29 14:00:00,pending,1574
1313,2026-01-30 18:00:00,solved,1574
1313,2026-02-03 01:00:00,closed,1574
1314,2026-01-17 12:00:00,solved,2207
1314,2026-01-17 17:00:00,open,2207
1314,2026-01-19 14:00:00,pending,2207
1314,2026-01-18 03:00:00,open,2207
1314,2026-01-22 00:00:00,closed,2207
1314,2026-01-23 03:00:00,solved,2207
1314,2026-01-24 00:00:00,solved,2207
1314,2026-01-20 10:00:00,open,2207
1315,2025-10-16 03:00:00,pending,108
1315,2025-10-17 14:00:00,open,108
1315,2025-10-16 09:00:00,open,108
1315,2025-10-18 12:00:00,pending,108
1315,2025-10-21 15:00:00,closed,108
1315,2025-10-23 00:00:00,solved,108
1315,2025-10-22 03:00:00,closed,108
1316,2026-01-25 02:00:00,pending,795
1316,2026-01-26 06:00:00,closed,795
1317,2025-12-29 07:00:00,solved,1559
1317,2025-12-29 12:00:00,open,1559
1317,2025-12-31 03:00:00,pending,1559
1317,2026-01-02 04:00:00,open,1559
1317,2025-12-31 03:00:00,open,1559
1317,2026-01-02 21:00:00,closed,1559
1317,2026-01-06 13:00:00,pending,1559
1318,2025-09-27 04:00:00,closed,2388
1318,2025-09-27 08:00:00,open,2388
1318,2025-09-27 22:00:00,open,2388
1318,2025-10-01 10:00:00,closed,2388
1318,2025-10-01 00:00:00,open,2388
1318,2025-10-03 05:00:00,solved,2388
1318,2025-10-06 04:00:00,open,2388
1318,2025-09-29 19:00:00,closed,2388
1319,2025-09-18 08:00:00,closed,1813
1319,2025-09-19 18:00:00,closed,1813
1319,2025-09-21 06:00:00,open,1813
1319,2025-09-22 14:00:00,open,1813
1319,2025-09-24 00:00:00,closed,1813
1319,2025-09-22 07:00:00,pending,1813
1319,2025-09-23 14:00:00,closed,1813
1320,2026-03-04 04:00:00,open,743
1320,2026-03-04 23:00:00,pending,743
1320,2026-03-06 14:00:00,closed,743
1321,2025-12-15 00:00:00,pending,1615
1321,2025-12-15 22:00:00,pending,1615
1321,2025-12-17 18:00:00,closed,1615
1321,2025-12-17 12:00:00,closed,1615
1322,2025-11-04 05:00:00,pending,1525
1322,2025-11-04 19:00:00,closed,1525
1322,2025-11-05 05:00:00,open,1525
1323,2026-01-04 12:00:00,pending,1933
1323,2026-01-04 19:00:00,pending,1933
1323,2026-01-07 06:00:00,closed,1933
1324,2025-10-01 08:00:00,pending,1582
1324,2025-10-02 20:00:00,solved,1582
1324,2025-10-02 20:00:00,closed,1582
1324,2025-10-05 08:00:00,open,1582
1324,2025-10-04 20:00:00,closed,1582
1325,2026-02-21 08:00:00,pending,371
1325,2026-02-22 11:00:00,closed,371
1325,2026-02-23 18:00:00,pending,371
1325,2026-02-22 17:00:00,closed,371
1326,2026-01-19 01:00:00,open,1274
1326,2026-01-19 07:00:00,open,1274
1326,2026-01-21 11:00:00,open,1274
1326,2026-01-20 16:00:00,open,1274
1326,2026-01-23 05:00:00,closed,1274
1327,2025-10-18 12:00:00,open,308
1327,2025-10-19 07:00:00,pending,308
1327,2025-10-21 10:00:00,open,308
1327,2025-10-19 03:00:00,open,308
1327,2025-10-20 12:00:00,solved,308
1327,2025-10-21 15:00:00,pending,308
1327,2025-10-25 06:00:00,solved,308
1327,2025-10-26 02:00:00,closed,308
1328,2025-10-02 09:00:00,closed,1540
1328,2025-10-02 20:00:00,solved,1540
1328,2025-10-03 05:00:00,open,1540
1328,2025-10-06 12:00:00,closed,1540
1329,2026-03-04 09:00:00,pending,1064
1329,2026-03-04 15:00:00,solved,1064
1329,2026-03-06 21:00:00,open,1064
1330,2025-12-01 11:00:00,pending,2229
1330,2025-12-02 20:00:00,open,2229
1330,2025-12-04 05:00:00,pending,2229
1330,2025-12-02 11:00:00,pending,2229
1330,2025-12-04 11:00:00,closed,2229
1331,2026-02-11 11:00:00,open,1117
1331,2026-02-12 09:00:00,solved,1117
1331,2026-02-12 05:00:00,closed,1117
1331,2026-02-15 02:00:00,closed,1117
1332,2025-10-20 07:00:00,solved,533
1332,2025-10-20 11:00:00,solved,533
1332,2025-10-20 15:00:00,solved,533
1332,2025-10-22 10:00:00,closed,533
1332,2025-10-21 07:00:00,closed,533
1332,2025-10-23 10:00:00,solved,533
1332,2025-10-20 19:00:00,closed,533
1333,2025-09-14 00:00:00,pending,1218
1333,2025-09-14 23:00:00,closed,1218
1333,2025-09-15 12:00:00,open,1218
1333,2025-09-16 06:00:00,closed,1218
1333,2025-09-15 08:00:00,open,1218
1333,2025-09-15 16:00:00,closed,1218
1333,2025-09-16 00:00:00,closed,1218
1334,2025-11-06 09:00:00,solved,250
1334,2025-11-07 20:00:00,pending,250
1334,2025-11-08 17:00:00,open,250
1334,2025-11-09 21:00:00,open,250
1334,2025-11-07 13:00:00,open,250
1334,2025-11-07 10:00:00,pending,250
1334,2025-11-09 03:00:00,solved,250
1334,2025-11-07 13:00:00,closed,250
1335,2026-01-20 12:00:00,closed,1002
1335,2026-01-20 16:00:00,pending,1002
1335,2026-01-23 10:00:00,closed,1002
1335,2026-01-23 21:00:00,solved,1002
1335,2026-01-25 08:00:00,pending,1002
1335,2026-01-26 03:00:00,closed,1002
1336,2025-10-30 01:00:00,open,1998
1336,2025-10-30 23:00:00,pending,1998
1336,2025-10-30 09:00:00,open,1998
1336,2025-11-02 16:00:00,closed,1998
1336,2025-11-03 21:00:00,closed,1998
1337,2025-11-11 08:00:00,pending,2384
1337,2025-11-12 08:00:00,open,2384
1337,2025-11-12 00:00:00,pending,2384
1337,2025-11-14 23:00:00,open,2384
1337,2025-11-17 08:00:00,open,2384
1337,2025-11-14 01:00:00,solved,2384
1337,2025-11-15 08:00:00,closed,2384
1338,2025-11-12 11:00:00,closed,1367
1338,2025-11-12 15:00:00,open,1367
1338,2025-11-12 19:00:00,closed,1367
1338,2025-11-14 11:00:00,open,1367
1338,2025-11-14 07:00:00,closed,1367
1339,2026-01-06 00:00:00,solved,620
1339,2026-01-06 19:00:00,pending,620
1339,2026-01-06 10:00:00,solved,620
1339,2026-01-10 03:00:00,closed,620
1339,2026-01-07 00:00:00,solved,620
1339,2026-01-12 21:00:00,closed,620
1340,2025-10-28 03:00:00,pending,50
1340,2025-10-29 00:00:00,open,50
1340,2025-10-30 11:00:00,closed,50
1341,2026-02-09 07:00:00,pending,1588
1341,2026-02-09 14:00:00,closed,1588
1342,2026-01-21 05:00:00,pending,1006
1342,2026-01-21 18:00:00,pending,1006
1342,2026-01-23 01:00:00,solved,1006
1342,2026-01-22 14:00:00,pending,1006
1342,2026-01-25 01:00:00,open,1006
1342,2026-01-27 06:00:00,pending,1006
1342,2026-01-27 05:00:00,open,1006
1343,2026-03-08 07:00:00,solved,375
1343,2026-03-09 14:00:00,closed,375
1343,2026-03-09 03:00:00,pending,375
1343,2026-03-09 01:00:00,solved,375
1343,2026-03-08 23:00:00,pending,375
1343,2026-03-14 18:00:00,closed,375
1343,2026-03-14 19:00:00,closed,375
1343,2026-03-17 01:00:00,solved,375
1344,2026-02-18 12:00:00,open,1692
1344,2026-02-18 13:00:00,solved,1692
1344,2026-02-20 18:00:00,open,1692
1344,2026-02-22 18:00:00,closed,1692
1345,2026-01-06 06:00:00,pending,1503
1345,2026-01-07 00:00:00,closed,1503
1346,2025-10-01 12:00:00,pending,1447
1346,2025-10-02 22:00:00,open,1447
1346,2025-10-04 08:00:00,pending,1447
1346,2025-10-05 21:00:00,solved,1447
1346,2025-10-03 20:00:00,open,1447
1347,2026-01-09 04:00:00,closed,299
1347,2026-01-09 16:00:00,open,299
1347,2026-01-11 20:00:00,pending,299
1347,2026-01-10 19:00:00,open,299
1347,2026-01-10 20:00:00,open,299
1347,2026-01-13 03:00:00,open,299
1347,2026-01-16 10:00:00,solved,299
1347,2026-01-15 14:00:00,closed,299
1348,2026-02-10 07:00:00,closed,1048
1348,2026-02-11 04:00:00,closed,1048
1348,2026-02-11 11:00:00,open,1048
1348,2026-02-11 16:00:00,pending,1048
1348,2026-02-12 15:00:00,closed,1048
1349,2025-12-02 12:00:00,pending,137
1349,2025-12-03 10:00:00,closed,137
1350,2025-10-23 05:00:00,pending,2028
1350,2025-10-23 12:00:00,open,2028
1351,2026-02-27 09:00:00,open,723
1351,2026-02-27 19:00:00,pending,723
1351,2026-02-28 23:00:00,pending,723
1351,2026-03-02 03:00:00,closed,723
1352,2026-03-09 04:00:00,open,1355
1352,2026-03-09 09:00:00,open,1355
1352,2026-03-10 18:00:00,closed,1355
1353,2025-12-08 06:00:00,pending,151
1353,2025-12-09 18:00:00,open,151
1353,2025-12-10 10:00:00,pending,151
1353,2025-12-08 12:00:00,pending,151
1353,2025-12-10 10:00:00,open,151
1353,2025-12-09 22:00:00,pending,151
1353,2025-12-17 00:00:00,pending,151
1353,2025-12-12 01:00:00,closed,151
1354,2026-02-11 11:00:00,solved,1400
1354,2026-02-12 20:00:00,solved,1400
1354,2026-02-14 11:00:00,closed,1400
1354,2026-02-12 02:00:00,solved,1400
1354,2026-02-12 07:00:00,open,1400
1354,2026-02-18 03:00:00,open,1400
1354,2026-02-11 17:00:00,closed,1400
1355,2026-01-16 06:00:00,closed,1768
1355,2026-01-17 05:00:00,solved,1768
1355,2026-01-17 20:00:00,closed,1768
1356,2026-01-31 03:00:00,solved,647
1356,2026-02-01 00:00:00,open,647
1356,2026-01-31 17:00:00,closed,647
1356,2026-02-03 03:00:00,open,647
1356,2026-02-01 15:00:00,open,647
1356,2026-02-06 19:00:00,pending,647
1356,2026-01-31 09:00:00,closed,647
1357,2025-10-16 07:00:00,open,612
1357,2025-10-16 11:00:00,pending,612
1357,2025-10-18 13:00:00,open,612
1357,2025-10-17 04:00:00,pending,612
1357,2025-10-18 03:00:00,closed,612
1358,2025-10-12 00:00:00,open,1628
1358,2025-10-12 11:00:00,open,1628
1358,2025-10-12 06:00:00,open,1628
1358,2025-10-12 12:00:00,pending,1628
1358,2025-10-15 08:00:00,closed,1628
1359,2026-02-10 12:00:00,pending,1189
1359,2026-02-11 13:00:00,open,1189
1359,2026-02-10 22:00:00,pending,1189
1359,2026-02-13 15:00:00,open,1189
1359,2026-02-14 00:00:00,solved,1189
1359,2026-02-10 17:00:00,pending,1189
1359,2026-02-13 12:00:00,closed,1189
1360,2026-01-25 04:00:00,closed,1867
1360,2026-01-25 22:00:00,pending,1867
1360,2026-01-25 10:00:00,open,1867
1360,2026-01-29 04:00:00,pending,1867
1360,2026-01-25 08:00:00,open,1867
1360,2026-01-27 06:00:00,closed,1867
1361,2026-02-06 09:00:00,pending,2365
1361,2026-02-07 03:00:00,open,2365
1361,2026-02-09 05:00:00,open,2365
1361,2026-02-08 09:00:00,open,2365
1361,2026-02-10 01:00:00,pending,2365
1361,2026-02-10 03:00:00,open,2365
1361,2026-02-08 03:00:00,open,2365
1362,2025-11-20 11:00:00,pending,1180
1362,2025-11-21 14:00:00,closed,1180
1363,2025-09-21 08:00:00,closed,2442
1363,2025-09-21 21:00:00,closed,2442
1364,2025-12-23 09:00:00,solved,1209
1364,2025-12-23 14:00:00,open,1209
1364,2025-12-25 19:00:00,solved,1209
1364,2025-12-24 06:00:00,solved,1209
1364,2025-12-23 21:00:00,solved,1209
1364,2025-12-25 11:00:00,pending,1209
1364,2025-12-24 09:00:00,open,1209
1364,2026-01-01 03:00:00,closed,1209
1365,2026-03-07 02:00:00,open,1610
1365,2026-03-08 10:00:00,open,1610
1365,2026-03-09 00:00:00,solved,1610
1365,2026-03-11 11:00:00,open,1610
1365,2026-03-08 14:00:00,pending,1610
1365,2026-03-13 08:00:00,closed,1610
1366,2025-11-11 00:00:00,solved,2271
1366,2025-11-12 09:00:00,pending,2271
1366,2025-11-12 04:00:00,closed,2271
1366,2025-11-13 12:00:00,solved,2271
1367,2025-10-19 08:00:00,open,2482
1367,2025-10-19 14:00:00,open,2482
1367,2025-10-20 18:00:00,closed,2482
1367,2025-10-20 08:00:00,closed,2482
1367,2025-10-22 00:00:00,solved,2482
1367,2025-10-24 08:00:00,closed,2482
1368,2025-09-13 10:00:00,open,912
1368,2025-09-13 15:00:00,open,912
1368,2025-09-13 14:00:00,solved,912
1368,2025-09-15 16:00:00,solved,912
1368,2025-09-16 18:00:00,closed,912
1369,2026-01-10 07:00:00,open,681
1369,2026-01-11 05:00:00,closed,681
1370,2025-10-13 09:00:00,solved,440
1370,2025-10-14 15:00:00,open,440
1370,2025-10-14 17:00:00,closed,440
1371,2026-02-16 12:00:00,open,1417
1371,2026-02-17 12:00:00,open,1417
1371,2026-02-17 16:00:00,open,1417
1371,2026-02-17 21:00:00,closed,1417
1372,2025-10-06 09:00:00,solved,2402
1372,2025-10-06 19:00:00,pending,2402
1372,2025-10-09 09:00:00,open,2402
1372,2025-10-08 21:00:00,pending,2402
1372,2025-10-08 17:00:00,open,2402
1372,2025-10-09 22:00:00,closed,2402
1373,2025-09-22 09:00:00,solved,95
1373,2025-09-23 06:00:00,closed,95
1373,2025-09-25 07:00:00,open,95
1373,2025-09-24 21:00:00,open,95
1373,2025-09-23 17:00:00,closed,95
1374,2025-10-08 02:00:00,pending,238
1374,2025-10-08 15:00:00,closed,238
1374,2025-10-09 20:00:00,open,238
1374,2025-10-10 02:00:00,closed,238
1374,2025-10-12 06:00:00,pending,238
1374,2025-10-12 06:00:00,open,238
1374,2025-10-11 14:00:00,pending,238
1374,2025-10-09 20:00:00,closed,238
1375,2025-10-06 02:00:00,open,518
1375,2025-10-07 11:00:00,solved,518
1375,2025-10-07 02:00:00,pending,518
1375,2025-10-08 08:00:00,solved,518
1375,2025-10-06 22:00:00,solved,518
1375,2025-10-08 09:00:00,open,518
1375,2025-10-07 20:00:00,pending,518
1375,2025-10-12 19:00:00,open,518
1376,2026-02-11 08:00:00,pending,447
1376,2026-02-12 11:00:00,pending,447
1376,2026-02-11 14:00:00,open,447
1376,2026-02-11 23:00:00,pending,447
1376,2026-02-17 04:00:00,closed,447
1376,2026-02-12 19:00:00,open,447
1376,2026-02-16 02:00:00,pending,447
1377,2025-09-22 11:00:00,open,504
1377,2025-09-23 07:00:00,solved,504
1377,2025-09-25 07:00:00,closed,504
1377,2025-09-24 11:00:00,open,504
1377,2025-09-25 15:00:00,open,504
1377,2025-09-28 12:00:00,open,504
1378,2026-01-27 01:00:00,pending,1553
1378,2026-01-27 04:00:00,pending,1553
1378,2026-01-27 11:00:00,pending,1553
1378,2026-01-27 13:00:00,closed,1553
1379,2025-12-07 03:00:00,open,1778
1379,2025-12-07 12:00:00,open,1778
1379,2025-12-08 01:00:00,pending,1778
1379,2025-12-07 21:00:00,open,1778
1379,2025-12-09 15:00:00,closed,1778
1380,2025-10-21 04:00:00,open,1416
1380,2025-10-21 08:00:00,open,1416
1380,2025-10-23 12:00:00,closed,1416
1380,2025-10-23 13:00:00,closed,1416
1381,2025-12-23 02:00:00,open,1440
1381,2025-12-23 20:00:00,pending,1440
1381,2025-12-23 14:00:00,open,1440
1381,2025-12-26 14:00:00,pending,1440
1381,2025-12-25 10:00:00,pending,1440
1381,2025-12-29 13:00:00,closed,1440
1382,2026-02-27 07:00:00,pending,921
1382,2026-02-28 08:00:00,closed,921
1383,2026-03-06 01:00:00,solved,2251
1383,2026-03-07 08:00:00,pending,2251
1383,2026-03-06 11:00:00,closed,2251
1383,2026-03-08 13:00:00,pending,2251
1383,2026-03-09 01:00:00,open,2251
1383,2026-03-11 11:00:00,closed,2251
1383,2026-03-13 13:00:00,solved,2251
1383,2026-03-06 15:00:00,closed,2251
1384,2025-10-26 09:00:00,solved,171
1384,2025-10-26 16:00:00,open,171
1384,2025-10-27 07:00:00,pending,171
1384,2025-10-28 18:00:00,closed,171
1384,2025-10-30 09:00:00,solved,171
1384,2025-11-01 10:00:00,open,171
1384,2025-10-27 21:00:00,closed,171
1385,2025-10-03 01:00:00,solved,1898
1385,2025-10-03 21:00:00,open,1898
1385,2025-10-05 01:00:00,solved,1898
1385,2025-10-04 22:00:00,closed,1898
1386,2025-12-17 09:00:00,pending,102
1386,2025-12-18 17:00:00,solved,102
1386,2025-12-17 13:00:00,pending,102
1386,2025-12-19 15:00:00,closed,102
1386,2025-12-18 13:00:00,closed,102
1387,2026-02-09 09:00:00,pending,2405
1387,2026-02-10 19:00:00,pending,2405
1387,2026-02-11 01:00:00,solved,2405
1387,2026-02-13 09:00:00,solved,2405
1387,2026-02-12 01:00:00,open,2405
1387,2026-02-15 05:00:00,open,2405
1387,2026-02-18 03:00:00,closed,2405
1388,2025-11-29 07:00:00,pending,1860
1388,2025-11-29 17:00:00,closed,1860
1388,2025-11-29 15:00:00,closed,1860
1389,2026-01-30 06:00:00,solved,1385
1389,2026-01-31 11:00:00,solved,1385
1389,2026-02-02 02:00:00,closed,1385
1390,2025-10-01 11:00:00,pending,1138
1390,2025-10-02 23:00:00,open,1138
1390,2025-10-02 17:00:00,pending,1138
1390,2025-10-02 17:00:00,closed,1138
1390,2025-10-04 11:00:00,pending,1138
1390,2025-10-06 01:00:00,open,1138
1390,2025-10-07 05:00:00,pending,1138
1390,2025-10-08 11:00:00,closed,1138
1391,2025-09-15 01:00:00,solved,1109
1391,2025-09-15 23:00:00,closed,1109
1391,2025-09-16 21:00:00,open,1109
1391,2025-09-15 10:00:00,closed,1109
1392,2025-10-05 08:00:00,pending,1852
1392,2025-10-06 14:00:00,closed,1852
1393,2026-02-04 03:00:00,solved,454
1393,2026-02-05 10:00:00,solved,454
1393,2026-02-04 23:00:00,pending,454
1393,2026-02-06 03:00:00,solved,454
1393,2026-02-05 11:00:00,open,454
1393,2026-02-11 15:00:00,closed,454
1394,2026-01-24 06:00:00,open,277
1394,2026-01-24 08:00:00,solved,277
1394,2026-01-24 20:00:00,closed,277
1394,2026-01-24 15:00:00,pending,277
1394,2026-01-29 06:00:00,closed,277
1394,2026-01-25 17:00:00,closed,277
1395,2025-11-15 11:00:00,solved,246
1395,2025-11-15 16:00:00,open,246
1395,2025-11-16 19:00:00,closed,246
1395,2025-11-15 20:00:00,open,246
1395,2025-11-19 11:00:00,pending,246
1395,2025-11-21 07:00:00,pending,246
1395,2025-11-15 23:00:00,pending,246
1395,2025-11-23 15:00:00,closed,246
1396,2025-09-27 10:00:00,pending,193
1396,2025-09-27 21:00:00,pending,193
1396,2025-09-29 20:00:00,open,193
1397,2025-09-24 04:00:00,open,1652
1397,2025-09-24 10:00:00,open,1652
1397,2025-09-25 08:00:00,closed,1652
1398,2026-02-15 07:00:00,open,2083
1398,2026-02-16 08:00:00,closed,2083
1399,2025-12-04 02:00:00,solved,1416
1399,2025-12-04 17:00:00,open,1416
1399,2025-12-06 02:00:00,closed,1416
1399,2025-12-07 17:00:00,solved,1416
1399,2025-12-07 02:00:00,open,1416
1399,2025-12-09 02:00:00,open,1416
1399,2025-12-09 08:00:00,closed,1416
1400,2025-10-01 02:00:00,pending,95
1400,2025-10-02 14:00:00,solved,95
1400,2025-10-01 16:00:00,closed,95
1400,2025-10-03 05:00:00,open,95
1400,2025-10-06 06:00:00,solved,95
1400,2025-10-08 04:00:00,closed,95
1401,2025-11-17 06:00:00,open,1257
1401,2025-11-17 18:00:00,closed,1257
1401,2025-11-18 00:00:00,closed,1257
1401,2025-11-19 15:00:00,closed,1257
1402,2025-11-06 01:00:00,open,2362
1402,2025-11-06 10:00:00,solved,2362
1402,2025-11-08 01:00:00,pending,2362
1402,2025-11-08 04:00:00,closed,2362
1403,2026-03-03 05:00:00,open,820
1403,2026-03-03 21:00:00,open,820
1403,2026-03-05 11:00:00,closed,820
1404,2026-03-11 03:00:00,open,163
1404,2026-03-12 03:00:00,pending,163
1404,2026-03-13 05:00:00,pending,163
1404,2026-03-12 15:00:00,open,163
1405,2025-12-12 01:00:00,solved,1187
1405,2025-12-12 11:00:00,pending,1187
1405,2025-12-12 07:00:00,pending,1187
1405,2025-12-16 07:00:00,pending,1187
1405,2025-12-14 13:00:00,open,1187
1405,2025-12-18 22:00:00,closed,1187
1406,2026-01-08 09:00:00,pending,466
1406,2026-01-09 20:00:00,open,466
1406,2026-01-10 13:00:00,open,466
1406,2026-01-09 12:00:00,pending,466
1406,2026-01-13 05:00:00,closed,466
1407,2025-10-20 04:00:00,closed,2435
1407,2025-10-21 05:00:00,closed,2435
1408,2026-03-09 04:00:00,closed,352
1408,2026-03-10 14:00:00,open,352
1408,2026-03-09 08:00:00,pending,352
1408,2026-03-13 07:00:00,solved,352
1409,2026-02-17 02:00:00,open,1515
1409,2026-02-17 20:00:00,open,1515
1409,2026-02-18 08:00:00,closed,1515
1410,2025-09-19 09:00:00,open,793
1410,2025-09-19 23:00:00,closed,793
1411,2025-09-14 09:00:00,pending,1014
1411,2025-09-15 20:00:00,pending,1014
1411,2025-09-16 05:00:00,solved,1014
1411,2025-09-15 06:00:00,open,1014
1411,2025-09-17 05:00:00,solved,1014
1411,2025-09-16 21:00:00,open,1014
1411,2025-09-18 09:00:00,closed,1014
1412,2026-03-10 12:00:00,open,539
1412,2026-03-10 21:00:00,open,539
1412,2026-03-11 02:00:00,solved,539
1412,2026-03-12 03:00:00,pending,539
1412,2026-03-12 00:00:00,pending,539
1412,2026-03-14 06:00:00,open,539
1413,2025-09-30 09:00:00,pending,1077
1413,2025-09-30 20:00:00,closed,1077
1414,2025-09-23 11:00:00,pending,481
1414,2025-09-24 03:00:00,pending,481
1414,2025-09-23 15:00:00,open,481
1415,2026-02-24 09:00:00,closed,1208
1415,2026-02-24 21:00:00,solved,1208
1415,2026-02-27 01:00:00,closed,1208
1415,2026-02-26 06:00:00,closed,1208
1416,2026-01-20 00:00:00,pending,559
1416,2026-01-21 03:00:00,open,559
1416,2026-01-20 06:00:00,closed,559
1417,2026-03-12 02:00:00,closed,1926
1417,2026-03-13 07:00:00,open,1926
1417,2026-03-15 00:00:00,pending,1926
1417,2026-03-15 05:00:00,pending,1926
1417,2026-03-13 02:00:00,pending,1926
1418,2025-10-21 10:00:00,pending,1792
1418,2025-10-21 23:00:00,pending,1792
1418,2025-10-23 04:00:00,open,1792
1419,2026-03-03 01:00:00,open,2055
1419,2026-03-03 13:00:00,pending,2055
1419,2026-03-05 09:00:00,pending,2055
1419,2026-03-03 19:00:00,pending,2055
1419,2026-03-08 13:00:00,open,2055
1419,2026-03-06 04:00:00,pending,2055
1419,2026-03-10 13:00:00,closed,2055
1420,2026-01-11 01:00:00,pending,605
1420,2026-01-11 23:00:00,closed,605
1420,2026-01-12 11:00:00,closed,605
1421,2025-10-15 00:00:00,solved,1597
1421,2025-10-16 12:00:00,pending,1597
1421,2025-10-16 18:00:00,closed,1597
1421,2025-10-15 15:00:00,pending,1597
1421,2025-10-20 16:00:00,closed,1597
1422,2025-11-05 08:00:00,open,905
1422,2025-11-05 16:00:00,pending,905
1422,2025-11-05 12:00:00,open,905
1422,2025-11-06 17:00:00,solved,905
1422,2025-11-10 08:00:00,solved,905
1422,2025-11-12 00:00:00,open,905
1422,2025-11-13 20:00:00,closed,905
1423,2025-11-08 06:00:00,open,2261
1423,2025-11-08 11:00:00,open,2261
1423,2025-11-10 20:00:00,pending,2261
1423,2025-11-08 15:00:00,pending,2261
1423,2025-11-08 18:00:00,open,2261
1423,2025-11-13 01:00:00,solved,2261
1423,2025-11-10 18:00:00,open,2261
1423,2025-11-17 14:00:00,closed,2261
1424,2025-11-28 10:00:00,closed,351
1424,2025-11-28 13:00:00,closed,351
1425,2025-10-03 10:00:00,pending,718
1425,2025-10-04 06:00:00,open,718
1425,2025-10-06 10:00:00,open,718
1426,2026-03-01 10:00:00,open,1221
1426,2026-03-01 14:00:00,closed,1221
1427,2025-09-26 11:00:00,open,993
1427,2025-09-27 09:00:00,pending,993
1427,2025-09-28 23:00:00,closed,993
1427,2025-09-28 08:00:00,pending,993
1427,2025-09-30 03:00:00,open,993
1428,2025-11-06 09:00:00,solved,1085
1428,2025-11-07 21:00:00,solved,1085
1428,2025-11-08 17:00:00,open,1085
1428,2025-11-07 15:00:00,open,1085
1428,2025-11-09 09:00:00,open,1085
1428,2025-11-08 11:00:00,pending,1085
1429,2026-03-06 11:00:00,open,1438
1429,2026-03-06 12:00:00,open,1438
1429,2026-03-06 15:00:00,pending,1438
1429,2026-03-08 23:00:00,solved,1438
1429,2026-03-09 03:00:00,solved,1438
1429,2026-03-08 03:00:00,pending,1438
1429,2026-03-08 11:00:00,pending,1438
1429,2026-03-16 23:00:00,open,1438
1430,2025-10-18 09:00:00,solved,1083
1430,2025-10-19 00:00:00,closed,1083
1430,2025-10-18 11:00:00,pending,1083
1430,2025-10-21 12:00:00,open,1083
1431,2026-01-07 09:00:00,pending,737
1431,2026-01-08 06:00:00,closed,737
1431,2026-01-09 13:00:00,pending,737
1431,2026-01-10 12:00:00,open,737
1431,2026-01-11 21:00:00,closed,737
1432,2026-03-10 11:00:00,closed,842
1432,2026-03-11 14:00:00,closed,842
1432,2026-03-13 07:00:00,open,842
1432,2026-03-14 17:00:00,closed,842
1432,2026-03-13 19:00:00,closed,842
1433,2026-02-18 02:00:00,solved,1645
1433,2026-02-19 02:00:00,closed,1645
1434,2026-01-06 02:00:00,pending,328
1434,2026-01-07 09:00:00,open,328
1434,2026-01-06 04:00:00,solved,328
1434,2026-01-08 14:00:00,open,328
1434,2026-01-12 02:00:00,closed,328
1435,2026-01-17 12:00:00,pending,2379
1435,2026-01-18 04:00:00,solved,2379
1435,2026-01-20 06:00:00,closed,2379
1435,2026-01-21 15:00:00,pending,2379
1435,2026-01-23 04:00:00,pending,2379
1435,2026-01-22 22:00:00,pending,2379
1435,2026-01-19 12:00:00,closed,2379
1435,2026-01-27 10:00:00,closed,2379
1436,2025-11-04 00:00:00,closed,2251
1436,2025-11-04 03:00:00,open,2251
1436,2025-11-06 12:00:00,closed,2251
1437,2025-09-18 12:00:00,solved,1488
1437,2025-09-18 21:00:00,pending,1488
1437,2025-09-20 16:00:00,pending,1488
1437,2025-09-21 18:00:00,closed,1488
1438,2026-02-06 06:00:00,pending,264
1438,2026-02-07 18:00:00,open,264
1438,2026-02-06 22:00:00,pending,264
1438,2026-02-09 03:00:00,closed,264
1438,2026-02-08 18:00:00,pending,264
1438,2026-02-13 18:00:00,open,264
1438,2026-02-10 06:00:00,closed,264
1439,2025-09-30 07:00:00,open,2297
1439,2025-09-30 12:00:00,open,2297
1439,2025-10-02 23:00:00,pending,2297
1439,2025-10-02 22:00:00,open,2297
1439,2025-10-01 07:00:00,pending,2297
1439,2025-10-06 23:00:00,closed,2297
1440,2025-12-06 04:00:00,open,648
1440,2025-12-06 21:00:00,solved,648
1440,2025-12-06 08:00:00,closed,648
1441,2026-02-01 03:00:00,open,2221
1441,2026-02-01 11:00:00,closed,2221
1441,2026-02-02 17:00:00,solved,2221
1441,2026-02-01 06:00:00,open,2221
1441,2026-02-05 11:00:00,pending,2221
1441,2026-02-08 05:00:00,open,2221
1442,2025-12-01 04:00:00,pending,879
1442,2025-12-01 16:00:00,open,879
1443,2025-12-16 01:00:00,open,1989
1443,2025-12-16 19:00:00,closed,1989
1444,2026-01-15 06:00:00,open,2022
1444,2026-01-15 18:00:00,closed,2022
1444,2026-01-18 00:00:00,closed,2022
1444,2026-01-15 15:00:00,pending,2022
1444,2026-01-18 02:00:00,solved,2022
1444,2026-01-19 15:00:00,open,2022
1444,2026-01-22 18:00:00,closed,2022
1445,2026-01-13 00:00:00,closed,164
1445,2026-01-13 20:00:00,open,164
1445,2026-01-14 06:00:00,solved,164
1445,2026-01-17 12:00:00,closed,164
1446,2025-10-05 05:00:00,solved,253
1446,2025-10-05 18:00:00,closed,253
1446,2025-10-06 13:00:00,solved,253
1446,2025-10-07 02:00:00,closed,253
1446,2025-10-10 01:00:00,open,253
1446,2025-10-10 20:00:00,closed,253
1446,2025-10-07 05:00:00,pending,253
1447,2026-02-09 12:00:00,open,703
1447,2026-02-09 22:00:00,pending,703
1447,2026-02-11 22:00:00,pending,703
1447,2026-02-10 21:00:00,closed,703
1448,2025-12-03 02:00:00,open,1699
1448,2025-12-03 13:00:00,closed,1699
1448,2025-12-04 06:00:00,pending,1699
1448,2025-12-05 14:00:00,pending,1699
1448,2025-12-08 14:00:00,pending,1699
1449,2025-10-03 02:00:00,pending,449
1449,2025-10-04 13:00:00,pending,449
1449,2025-10-03 22:00:00,open,449
1449,2025-10-03 14:00:00,pending,449
1450,2025-12-20 09:00:00,solved,781
1450,2025-12-20 17:00:00,open,781
1450,2025-12-22 13:00:00,open,781
1450,2025-12-22 06:00:00,pending,781
1450,2025-12-21 21:00:00,solved,781
1450,2025-12-25 04:00:00,closed,781
1451,2025-10-25 05:00:00,solved,688
1451,2025-10-25 10:00:00,open,688
1451,2025-10-28 05:00:00,open,688
1451,2025-10-26 14:00:00,open,688
1451,2025-10-29 09:00:00,closed,688
1452,2025-12-10 09:00:00,open,1910
1452,2025-12-11 17:00:00,open,1910
1452,2025-12-10 13:00:00,closed,1910
1453,2026-02-24 05:00:00,open,1790
1453,2026-02-24 14:00:00,open,1790
1453,2026-02-26 23:00:00,pending,1790
1453,2026-02-26 20:00:00,closed,1790
1454,2025-10-29 09:00:00,open,2169
1454,2025-10-30 13:00:00,pending,2169
1454,2025-10-31 11:00:00,closed,2169
1455,2026-02-26 12:00:00,open,386
1455,2026-02-27 11:00:00,closed,386
1456,2026-01-14 08:00:00,pending,613
1456,2026-01-15 14:00:00,pending,613
1456,2026-01-15 18:00:00,closed,613
1456,2026-01-17 11:00:00,closed,613
1456,2026-01-15 08:00:00,pending,613
1457,2025-12-17 06:00:00,open,1556
1457,2025-12-18 18:00:00,closed,1556
1458,2026-01-18 08:00:00,open,656
1458,2026-01-19 03:00:00,pending,656
1458,2026-01-20 08:00:00,open,656
1458,2026-01-20 20:00:00,closed,656
1458,2026-01-21 16:00:00,open,656
1458,2026-01-22 02:00:00,open,656
1458,2026-01-23 14:00:00,closed,656
1459,2025-09-26 06:00:00,pending,825
1459,2025-09-27 13:00:00,pending,825
1459,2025-09-27 16:00:00,open,825
1459,2025-09-27 18:00:00,pending,825
1459,2025-10-02 06:00:00,pending,825
1459,2025-09-29 19:00:00,closed,825
1460,2025-11-28 07:00:00,solved,2099
1460,2025-11-28 17:00:00,closed,2099
1461,2026-01-15 04:00:00,open,884
1461,2026-01-16 12:00:00,closed,884
1462,2025-12-29 12:00:00,solved,990
1462,2025-12-30 07:00:00,solved,990
1462,2026-01-01 10:00:00,pending,990
1462,2025-12-30 09:00:00,closed,990
1463,2025-11-25 07:00:00,pending,2446
1463,2025-11-26 00:00:00,open,2446
1463,2025-11-25 19:00:00,closed,2446
1463,2025-11-26 22:00:00,pending,2446
1463,2025-11-27 15:00:00,pending,2446
1463,2025-11-29 01:00:00,pending,2446
1463,2025-12-03 01:00:00,closed,2446
1464,2025-10-30 08:00:00,closed,368
1464,2025-10-30 16:00:00,closed,368
1465,2026-01-08 06:00:00,open,1853
1465,2026-01-09 12:00:00,closed,1853
1465,2026-01-09 18:00:00,open,1853
1465,2026-01-12 09:00:00,open,1853
1465,2026-01-12 02:00:00,pending,1853
1465,2026-01-12 05:00:00,solved,1853
1465,2026-01-15 00:00:00,closed,1853
1466,2025-11-15 05:00:00,pending,1658
1466,2025-11-15 18:00:00,solved,1658
1466,2025-11-16 11:00:00,open,1658
1466,2025-11-18 08:00:00,open,1658
1466,2025-11-21 05:00:00,open,1658
1467,2025-11-26 10:00:00,closed,116
1467,2025-11-27 20:00:00,solved,116
1467,2025-11-27 04:00:00,open,116
1467,2025-11-30 04:00:00,solved,116
1467,2025-11-30 02:00:00,closed,116
1468,2025-12-11 04:00:00,solved,2126
1468,2025-12-12 06:00:00,pending,2126
1468,2025-12-13 22:00:00,pending,2126
1468,2025-12-12 01:00:00,open,2126
1468,2025-12-14 00:00:00,solved,2126
1468,2025-12-13 11:00:00,closed,2126
1469,2026-02-19 00:00:00,closed,1426
1469,2026-02-19 19:00:00,open,1426
1469,2026-02-21 18:00:00,closed,1426
1470,2026-02-14 10:00:00,open,1171
1470,2026-02-15 00:00:00,solved,1171
1470,2026-02-15 02:00:00,pending,1171
1470,2026-02-17 22:00:00,solved,1171
1470,2026-02-14 22:00:00,open,1171
1470,2026-02-17 18:00:00,open,1171
1470,2026-02-22 04:00:00,pending,1171
1470,2026-02-20 13:00:00,closed,1171
1471,2025-12-13 04:00:00,open,404
1471,2025-12-14 05:00:00,closed,404
1472,2025-12-25 02:00:00,solved,626
1472,2025-12-25 05:00:00,pending,626
1472,2025-12-26 08:00:00,solved,626
1472,2025-12-29 14:00:00,closed,626
1473,2026-01-21 02:00:00,pending,1120
1473,2026-01-21 21:00:00,solved,1120
1473,2026-01-23 14:00:00,solved,1120
1473,2026-01-24 08:00:00,open,1120
1473,2026-01-26 22:00:00,open,1120
1473,2026-01-26 02:00:00,open,1120
1473,2026-01-26 08:00:00,solved,1120
1474,2025-09-19 06:00:00,open,780
1474,2025-09-20 04:00:00,solved,780
1474,2025-09-22 02:00:00,solved,780
1474,2025-09-23 09:00:00,pending,780
1474,2025-09-20 18:00:00,open,780
1474,2025-09-25 22:00:00,closed,780
1475,2025-10-24 11:00:00,closed,1651
1475,2025-10-24 12:00:00,closed,1651
1476,2026-02-22 06:00:00,solved,97
1476,2026-02-23 12:00:00,open,97
1476,2026-02-24 04:00:00,solved,97
1476,2026-02-23 21:00:00,closed,97
1476,2026-02-25 06:00:00,pending,97
1476,2026-02-25 04:00:00,open,97
1476,2026-02-23 06:00:00,closed,97
1477,2026-01-02 02:00:00,solved,457
1477,2026-01-02 17:00:00,pending,457
1477,2026-01-03 08:00:00,open,457
1477,2026-01-05 14:00:00,closed,457
1478,2026-01-07 07:00:00,pending,235
1478,2026-01-08 09:00:00,open,235
1478,2026-01-09 13:00:00,solved,235
1478,2026-01-09 07:00:00,pending,235
1478,2026-01-07 15:00:00,closed,235
1479,2025-10-13 04:00:00,pending,81
1479,2025-10-14 02:00:00,closed,81
1479,2025-10-14 12:00:00,open,81
1479,2025-10-16 01:00:00,open,81
1479,2025-10-14 12:00:00,pending,81
1479,2025-10-16 17:00:00,open,81
1479,2025-10-19 22:00:00,pending,81
1479,2025-10-13 11:00:00,closed,81
1480,2025-12-09 06:00:00,open,661
1480,2025-12-09 07:00:00,solved,661
1480,2025-12-09 22:00:00,solved,661
1480,2025-12-10 09:00:00,closed,661
1481,2025-12-20 10:00:00,pending,1499
1481,2025-12-21 21:00:00,pending,1499
1481,2025-12-21 00:00:00,open,1499
1481,2025-12-23 10:00:00,open,1499
1481,2025-12-23 06:00:00,pending,1499
1481,2025-12-26 06:00:00,closed,1499
1482,2025-09-17 12:00:00,pending,979
1482,2025-09-18 08:00:00,open,979
1482,2025-09-20 10:00:00,open,979
1483,2025-10-07 12:00:00,closed,2213
1483,2025-10-08 20:00:00,open,2213
1483,2025-10-10 00:00:00,closed,2213
1483,2025-10-08 00:00:00,closed,2213
1483,2025-10-10 00:00:00,open,2213
1483,2025-10-10 00:00:00,closed,2213
1483,2025-10-08 12:00:00,open,2213
1483,2025-10-15 16:00:00,closed,2213
1484,2026-03-06 12:00:00,open,1148
1484,2026-03-06 22:00:00,pending,1148
1484,2026-03-09 04:00:00,open,1148
1485,2026-03-06 10:00:00,open,1175
1485,2026-03-07 07:00:00,closed,1175
1486,2026-01-18 09:00:00,pending,1937
1486,2026-01-19 12:00:00,pending,1937
1486,2026-01-19 07:00:00,closed,1937
1487,2026-01-25 06:00:00,pending,1856
1487,2026-01-25 14:00:00,solved,1856
1487,2026-01-27 12:00:00,closed,1856
1488,2026-03-06 03:00:00,closed,686
1488,2026-03-07 12:00:00,pending,686
1488,2026-03-07 05:00:00,open,686
1488,2026-03-06 06:00:00,open,686
1488,2026-03-06 15:00:00,solved,686
1488,2026-03-11 18:00:00,open,686
1488,2026-03-11 03:00:00,solved,686
1488,2026-03-14 07:00:00,closed,686
1489,2026-03-05 02:00:00,open,649
1489,2026-03-05 13:00:00,closed,649
1490,2026-03-02 04:00:00,pending,2234
1490,2026-03-02 16:00:00,solved,2234
1490,2026-03-03 06:00:00,open,2234
1490,2026-03-04 01:00:00,open,2234
1491,2025-11-22 00:00:00,pending,1224
1491,2025-11-22 08:00:00,closed,1224
1492,2026-01-01 10:00:00,pending,2022
1492,2026-01-02 18:00:00,closed,2022
1492,2026-01-04 04:00:00,open,2022
1492,2026-01-03 13:00:00,solved,2022
1492,2026-01-02 22:00:00,closed,2022
1492,2026-01-02 06:00:00,pending,2022
1492,2026-01-04 10:00:00,solved,2022
1492,2026-01-09 07:00:00,closed,2022
1493,2026-03-08 01:00:00,pending,2084
1493,2026-03-09 12:00:00,pending,2084
1493,2026-03-08 11:00:00,closed,2084
1494,2025-12-17 05:00:00,solved,2344
1494,2025-12-18 11:00:00,pending,2344
1494,2025-12-18 15:00:00,closed,2344
1495,2025-12-22 09:00:00,solved,857
1495,2025-12-22 14:00:00,pending,857
1495,2025-12-24 09:00:00,open,857
1495,2025-12-26 00:00:00,closed,857
1496,2025-10-22 12:00:00,solved,327
1496,2025-10-22 22:00:00,solved,327
1496,2025-10-24 00:00:00,closed,327
1497,2025-10-18 12:00:00,pending,1949
1497,2025-10-19 14:00:00,solved,1949
1497,2025-10-20 04:00:00,closed,1949
1498,2026-03-10 00:00:00,open,835
1498,2026-03-10 01:00:00,pending,835
1498,2026-03-11 06:00:00,open,835
1498,2026-03-12 09:00:00,open,835
1498,2026-03-11 00:00:00,pending,835
1499,2025-11-09 09:00:00,open,65
1499,2025-11-10 07:00:00,pending,65
1499,2025-11-11 19:00:00,pending,65
1499,2025-11-10 09:00:00,solved,65
1499,2025-11-12 05:00:00,closed,65
1500,2026-03-11 07:00:00,open,2317
1500,2026-03-12 02:00:00,open,2317
1500,2026-03-13 07:00:00,pending,2317
1500,2026-03-13 07:00:00,open,2317
1500,2026-03-16 03:00:00,closed,2317
1501,2025-09-28 00:00:00,closed,1415
1501,2025-09-28 09:00:00,open,1415
1501,2025-09-28 22:00:00,solved,1415
1501,2025-09-28 09:00:00,closed,1415
1502,2025-11-22 00:00:00,open,2471
1502,2025-11-22 09:00:00,open,2471
1502,2025-11-24 00:00:00,open,2471
1502,2025-11-23 03:00:00,closed,2471
1502,2025-11-22 04:00:00,pending,2471
1502,2025-11-24 17:00:00,closed,2471
1503,2026-02-13 06:00:00,open,1603
1503,2026-02-14 08:00:00,open,1603
1503,2026-02-14 10:00:00,open,1603
1503,2026-02-15 03:00:00,pending,1603
1503,2026-02-13 22:00:00,closed,1603
1504,2026-03-01 02:00:00,pending,2375
1504,2026-03-01 04:00:00,open,2375
1504,2026-03-03 12:00:00,open,2375
1504,2026-03-04 05:00:00,open,2375
1504,2026-03-03 10:00:00,solved,2375
1504,2026-03-04 05:00:00,open,2375
1504,2026-03-03 02:00:00,open,2375
1504,2026-03-09 20:00:00,closed,2375
1505,2026-02-11 05:00:00,open,1014
1505,2026-02-12 17:00:00,open,1014
1505,2026-02-13 09:00:00,solved,1014
1505,2026-02-13 08:00:00,solved,1014
1506,2025-09-25 06:00:00,closed,600
1506,2025-09-26 04:00:00,closed,600
1507,2026-02-01 01:00:00,pending,836
1507,2026-02-01 14:00:00,open,836
1508,2025-11-21 03:00:00,pending,700
1508,2025-11-22 02:00:00,solved,700
1508,2025-11-22 07:00:00,closed,700
1508,2025-11-22 03:00:00,open,700
1508,2025-11-25 07:00:00,pending,700
1508,2025-11-25 22:00:00,closed,700
1509,2025-12-05 04:00:00,pending,2303
1509,2025-12-06 05:00:00,closed,2303
1509,2025-12-07 06:00:00,open,2303
1509,2025-12-06 19:00:00,open,2303
1509,2025-12-06 08:00:00,closed,2303
1510,2025-09-15 05:00:00,closed,1347
1510,2025-09-16 05:00:00,open,1347
1510,2025-09-17 13:00:00,open,1347
1510,2025-09-19 14:00:00,open,1347
1510,2025-09-20 05:00:00,closed,1347
1510,2025-09-16 21:00:00,pending,1347
1510,2025-09-21 17:00:00,solved,1347
1510,2025-09-25 10:00:00,closed,1347
1511,2025-10-21 01:00:00,open,1708
1511,2025-10-21 19:00:00,solved,1708
1511,2025-10-22 01:00:00,open,1708
1511,2025-10-21 13:00:00,pending,1708
1511,2025-10-21 17:00:00,closed,1708
1512,2026-01-13 03:00:00,pending,294
1512,2026-01-13 11:00:00,open,294
1512,2026-01-16 03:00:00,open,294
1513,2025-10-03 02:00:00,closed,158
1513,2025-10-03 04:00:00,open,158
1513,2025-10-04 10:00:00,open,158
1513,2025-10-06 14:00:00,open,158
1513,2025-10-09 02:00:00,closed,158
1514,2026-01-03 03:00:00,solved,2500
1514,2026-01-04 02:00:00,pending,2500
1514,2026-01-03 11:00:00,open,2500
1514,2026-01-05 00:00:00,open,2500
1514,2026-01-08 23:00:00,solved,2500
1514,2026-01-07 22:00:00,open,2500
1514,2026-01-06 21:00:00,solved,2500
1515,2025-12-06 12:00:00,pending,318
1515,2025-12-07 07:00:00,open,318
1515,2025-12-06 18:00:00,open,318
1515,2025-12-10 00:00:00,closed,318
1515,2025-12-09 04:00:00,open,318
1516,2026-01-30 08:00:00,pending,318
1516,2026-01-31 08:00:00,pending,318
1516,2026-01-30 16:00:00,open,318
1516,2026-02-03 17:00:00,closed,318
1516,2026-02-03 04:00:00,solved,318
1516,2026-02-04 23:00:00,open,318
1516,2026-01-31 14:00:00,closed,318
1517,2026-03-05 05:00:00,pending,1801
1517,2026-03-05 11:00:00,solved,1801
1517,2026-03-07 11:00:00,solved,1801
1517,2026-03-08 11:00:00,open,1801
1517,2026-03-06 09:00:00,open,1801
1517,2026-03-09 14:00:00,pending,1801
1517,2026-03-06 05:00:00,closed,1801
1518,2025-12-07 05:00:00,open,883
1518,2025-12-08 17:00:00,solved,883
1518,2025-12-07 21:00:00,open,883
1519,2026-02-12 04:00:00,closed,2429
1519,2026-02-12 19:00:00,open,2429
1520,2025-09-29 03:00:00,open,2385
1520,2025-09-29 07:00:00,pending,2385
1520,2025-09-30 07:00:00,open,2385
1520,2025-10-02 06:00:00,pending,2385
1520,2025-10-04 19:00:00,pending,2385
1520,2025-10-05 09:00:00,open,2385
1520,2025-10-04 21:00:00,pending,2385
1520,2025-10-08 18:00:00,closed,2385
1521,2025-10-31 09:00:00,closed,1551
1521,2025-10-31 14:00:00,open,1551
1521,2025-11-01 01:00:00,pending,1551
1522,2026-02-27 07:00:00,solved,237
1522,2026-02-27 13:00:00,open,237
1522,2026-02-27 11:00:00,closed,237
1523,2026-01-09 06:00:00,solved,1077
1523,2026-01-09 08:00:00,open,1077
1523,2026-01-12 02:00:00,pending,1077
1523,2026-01-09 12:00:00,solved,1077
1523,2026-01-13 06:00:00,open,1077
1523,2026-01-16 13:00:00,pending,1077
1523,2026-01-14 12:00:00,closed,1077
1524,2026-01-23 11:00:00,open,650
1524,2026-01-23 18:00:00,solved,650
1524,2026-01-25 13:00:00,pending,650
1524,2026-01-26 05:00:00,open,650
1524,2026-01-28 15:00:00,pending,650
1524,2026-01-27 05:00:00,solved,650
1524,2026-02-01 05:00:00,open,650
1524,2026-02-02 02:00:00,closed,650
1525,2026-03-07 06:00:00,pending,2274
1525,2026-03-08 04:00:00,closed,2274
1525,2026-03-09 02:00:00,open,2274
1525,2026-03-07 18:00:00,solved,2274
1525,2026-03-10 02:00:00,open,2274
1525,2026-03-09 23:00:00,pending,2274
1525,2026-03-08 18:00:00,solved,2274
1525,2026-03-15 03:00:00,pending,2274
1526,2026-02-10 04:00:00,pending,99
1526,2026-02-11 12:00:00,pending,99
1526,2026-02-12 14:00:00,open,99
1526,2026-02-11 13:00:00,solved,99
1526,2026-02-12 16:00:00,open,99
1526,2026-02-13 12:00:00,pending,99
1526,2026-02-10 22:00:00,closed,99
1527,2025-11-22 00:00:00,pending,854
1527,2025-11-22 19:00:00,pending,854
1527,2025-11-23 16:00:00,closed,854
1528,2026-01-17 10:00:00,open,531
1528,2026-01-18 16:00:00,closed,531
1528,2026-01-18 02:00:00,closed,531
1528,2026-01-18 16:00:00,closed,531
1528,2026-01-23 10:00:00,solved,531
1528,2026-01-19 02:00:00,closed,531
1529,2025-12-22 06:00:00,solved,905
1529,2025-12-22 13:00:00,closed,905
1530,2025-09-27 08:00:00,open,2293
1530,2025-09-27 21:00:00,closed,2293
1531,2026-02-19 04:00:00,pending,731
1531,2026-02-19 10:00:00,solved,731
1531,2026-02-20 18:00:00,solved,731
1531,2026-02-21 22:00:00,open,731
1531,2026-02-25 00:00:00,closed,731
1532,2026-03-02 03:00:00,open,1068
1532,2026-03-03 09:00:00,open,1068
1532,2026-03-02 19:00:00,solved,1068
1532,2026-03-04 18:00:00,solved,1068
1532,2026-03-02 19:00:00,closed,1068
1533,2026-02-13 06:00:00,pending,992
1533,2026-02-14 12:00:00,closed,992
1534,2026-01-06 10:00:00,closed,1041
1534,2026-01-07 01:00:00,open,1041
1534,2026-01-08 14:00:00,solved,1041
1534,2026-01-10 10:00:00,closed,1041
1535,2026-02-17 10:00:00,solved,2390
1535,2026-02-18 08:00:00,solved,2390
1535,2026-02-17 16:00:00,solved,2390
1535,2026-02-19 01:00:00,solved,2390
1535,2026-02-20 06:00:00,solved,2390
1535,2026-02-24 12:00:00,solved,2390
1536,2025-11-30 07:00:00,open,2370
1536,2025-11-30 17:00:00,pending,2370
1536,2025-12-02 11:00:00,closed,2370
1537,2025-11-29 02:00:00,open,201
1537,2025-11-30 02:00:00,open,201
1538,2026-02-11 07:00:00,closed,860
1538,2026-02-11 10:00:00,open,860
1538,2026-02-13 15:00:00,solved,860
1538,2026-02-14 19:00:00,solved,860
1538,2026-02-17 07:00:00,open,860
1538,2026-02-18 04:00:00,open,860
1539,2025-10-14 10:00:00,pending,1498
1539,2025-10-14 18:00:00,open,1498
1539,2025-10-15 00:00:00,open,1498
1539,2025-10-15 13:00:00,open,1498
1539,2025-10-17 14:00:00,open,1498
1539,2025-10-16 17:00:00,closed,1498
1539,2025-10-22 22:00:00,closed,1498
1539,2025-10-17 15:00:00,closed,1498
1540,2026-03-08 00:00:00,open,129
1540,2026-03-08 20:00:00,pending,129
1540,2026-03-08 18:00:00,open,129
1540,2026-03-08 18:00:00,open,129
1541,2025-11-01 00:00:00,open,1531
1541,2025-11-02 01:00:00,pending,1531
1541,2025-11-03 06:00:00,solved,1531
1541,2025-11-04 21:00:00,solved,1531
1541,2025-11-03 08:00:00,pending,1531
1541,2025-11-07 01:00:00,closed,1531
1541,2025-11-03 00:00:00,pending,1531
1542,2025-11-07 00:00:00,solved,237
1542,2025-11-08 09:00:00,closed,237
1542,2025-11-08 08:00:00,open,237
1542,2025-11-09 06:00:00,solved,237
1543,2025-11-10 07:00:00,open,39
1543,2025-11-11 00:00:00,open,39
1543,2025-11-11 15:00:00,open,39
1543,2025-11-12 07:00:00,open,39
1543,2025-11-12 03:00:00,closed,39
1544,2025-12-31 03:00:00,pending,157
1544,2026-01-01 04:00:00,open,157
1545,2025-10-16 07:00:00,pending,1367
1545,2025-10-16 08:00:00,pending,1367
1545,2025-10-17 17:00:00,open,1367
1546,2025-10-24 05:00:00,pending,512
1546,2025-10-24 09:00:00,closed,512
1547,2026-02-01 08:00:00,pending,287
1547,2026-02-01 16:00:00,pending,287
1547,2026-02-03 12:00:00,pending,287
1547,2026-02-04 14:00:00,closed,287
1548,2026-03-03 11:00:00,pending,46
1548,2026-03-04 22:00:00,open,46
1548,2026-03-05 07:00:00,open,46
1548,2026-03-07 11:00:00,open,46
1548,2026-03-06 15:00:00,closed,46
1548,2026-03-03 21:00:00,closed,46
1549,2025-12-23 08:00:00,pending,2085
1549,2025-12-24 18:00:00,open,2085
1549,2025-12-24 20:00:00,open,2085
1549,2025-12-24 02:00:00,open,2085
1549,2025-12-26 20:00:00,closed,2085
1550,2026-01-28 01:00:00,open,2014
1550,2026-01-28 03:00:00,open,2014
1550,2026-01-29 17:00:00,closed,2014
1550,2026-01-30 16:00:00,open,2014
1550,2026-01-28 13:00:00,pending,2014
1550,2026-02-02 06:00:00,solved,2014
1550,2026-02-01 19:00:00,solved,2014
1551,2026-02-21 06:00:00,closed,1073
1551,2026-02-21 23:00:00,open,1073
1551,2026-02-23 02:00:00,open,1073
1551,2026-02-22 21:00:00,solved,1073
1551,2026-02-26 06:00:00,pending,1073
1551,2026-02-26 01:00:00,pending,1073
1552,2025-12-21 00:00:00,solved,1854
1552,2025-12-22 09:00:00,solved,1854
1552,2025-12-22 20:00:00,solved,1854
1552,2025-12-22 21:00:00,closed,1854
1553,2025-11-03 08:00:00,open,1209
1553,2025-11-04 14:00:00,pending,1209
1553,2025-11-06 00:00:00,open,1209
1553,2025-11-06 20:00:00,open,1209
1553,2025-11-04 08:00:00,open,1209
1553,2025-11-10 20:00:00,open,1209
1553,2025-11-06 20:00:00,closed,1209
1554,2025-12-11 04:00:00,pending,1083
1554,2025-12-11 05:00:00,pending,1083
1554,2025-12-14 02:00:00,solved,1083
1554,2025-12-15 10:00:00,open,1083
1554,2025-12-11 16:00:00,solved,1083
1554,2025-12-14 02:00:00,open,1083
1554,2025-12-14 04:00:00,open,1083
1554,2025-12-15 20:00:00,closed,1083
1555,2025-11-29 02:00:00,pending,699
1555,2025-11-29 03:00:00,closed,699
1556,2025-10-22 03:00:00,open,1751
1556,2025-10-23 03:00:00,solved,1751
1556,2025-10-22 05:00:00,closed,1751
1557,2026-02-20 00:00:00,pending,2223
1557,2026-02-20 19:00:00,closed,2223
1557,2026-02-22 12:00:00,pending,2223
1557,2026-02-23 21:00:00,pending,2223
1557,2026-02-20 16:00:00,closed,2223
1557,2026-02-22 07:00:00,closed,2223
1558,2025-12-09 01:00:00,open,55
1558,2025-12-10 07:00:00,open,55
1558,2025-12-11 19:00:00,open,55
1558,2025-12-10 16:00:00,pending,55
1558,2025-12-10 17:00:00,pending,55
1559,2026-02-15 05:00:00,solved,245
1559,2026-02-16 05:00:00,pending,245
1559,2026-02-17 21:00:00,solved,245
1559,2026-02-15 17:00:00,closed,245
1559,2026-02-16 17:00:00,closed,245
1560,2026-01-30 05:00:00,solved,1595
1560,2026-01-31 09:00:00,closed,1595
1561,2026-02-16 02:00:00,closed,723
1561,2026-02-17 10:00:00,open,723
1561,2026-02-16 22:00:00,pending,723
1561,2026-02-19 02:00:00,closed,723
1561,2026-02-20 02:00:00,closed,723
1562,2026-03-03 08:00:00,pending,886
1562,2026-03-03 13:00:00,closed,886
1562,2026-03-05 04:00:00,pending,886
1563,2025-09-28 12:00:00,solved,834
1563,2025-09-29 02:00:00,open,834
1563,2025-09-29 22:00:00,pending,834
1563,2025-09-29 09:00:00,solved,834
1563,2025-10-03 16:00:00,closed,834
1563,2025-10-03 07:00:00,solved,834
1563,2025-10-03 12:00:00,open,834
1563,2025-10-06 23:00:00,closed,834
1564,2025-11-20 12:00:00,open,2014
1564,2025-11-20 17:00:00,pending,2014
1564,2025-11-23 08:00:00,open,2014
1564,2025-11-21 12:00:00,open,2014
1564,2025-11-23 00:00:00,solved,2014
1565,2025-12-24 08:00:00,pending,2410
1565,2025-12-25 07:00:00,pending,2410
1565,2025-12-24 10:00:00,closed,2410
1566,2026-01-03 07:00:00,solved,2088
1566,2026-01-04 13:00:00,solved,2088
1566,2026-01-04 15:00:00,closed,2088
1567,2026-01-17 01:00:00,solved,735
1567,2026-01-17 08:00:00,solved,735
1567,2026-01-18 03:00:00,closed,735
1568,2025-10-17 01:00:00,solved,363
1568,2025-10-18 10:00:00,open,363
1568,2025-10-17 13:00:00,closed,363
1568,2025-10-18 07:00:00,closed,363
1568,2025-10-20 05:00:00,closed,363
1569,2026-02-28 12:00:00,solved,1147
1569,2026-03-01 20:00:00,open,1147
1569,2026-03-01 06:00:00,pending,1147
1570,2025-12-02 11:00:00,solved,461
1570,2025-12-02 22:00:00,solved,461
1570,2025-12-03 15:00:00,open,461
1570,2025-12-06 14:00:00,open,461
1570,2025-12-07 11:00:00,open,461
1570,2025-12-06 10:00:00,closed,461
1571,2026-01-07 08:00:00,closed,2061
1571,2026-01-08 14:00:00,solved,2061
1571,2026-01-08 00:00:00,closed,2061
1571,2026-01-07 14:00:00,open,2061
1571,2026-01-11 04:00:00,open,2061
1571,2026-01-11 22:00:00,solved,2061
1571,2026-01-08 20:00:00,open,2061
1571,2026-01-12 21:00:00,closed,2061
1572,2025-11-11 08:00:00,open,262
1572,2025-11-11 18:00:00,pending,262
1572,2025-11-12 00:00:00,open,262
1572,2025-11-12 17:00:00,closed,262
1573,2025-10-02 06:00:00,pending,509
1573,2025-10-03 11:00:00,open,509
1573,2025-10-02 08:00:00,open,509
1573,2025-10-03 00:00:00,closed,509
1574,2026-01-05 08:00:00,solved,2352
1574,2026-01-05 14:00:00,open,2352
1574,2026-01-07 06:00:00,open,2352
1574,2026-01-06 20:00:00,solved,2352
1574,2026-01-09 20:00:00,open,2352
1574,2026-01-06 04:00:00,pending,2352
1574,2026-01-09 20:00:00,open,2352
1575,2026-02-17 09:00:00,open,245
1575,2026-02-18 10:00:00,solved,245
1575,2026-02-18 01:00:00,closed,245
1576,2026-02-16 12:00:00,pending,1805
1576,2026-02-17 09:00:00,solved,1805
1576,2026-02-18 10:00:00,solved,1805
1576,2026-02-19 15:00:00,pending,1805
1576,2026-02-19 04:00:00,closed,1805
1577,2025-09-16 04:00:00,solved,639
1577,2025-09-17 07:00:00,pending,639
1577,2025-09-18 20:00:00,closed,639
1577,2025-09-18 13:00:00,pending,639
1577,2025-09-19 08:00:00,open,639
1577,2025-09-17 20:00:00,solved,639
1577,2025-09-21 22:00:00,pending,639
1577,2025-09-16 11:00:00,closed,639
1578,2026-02-21 01:00:00,open,610
1578,2026-02-21 02:00:00,closed,610
1578,2026-02-21 07:00:00,open,610
1578,2026-02-25 01:00:00,solved,610
1578,2026-02-23 21:00:00,solved,610
1578,2026-02-24 04:00:00,open,610
1578,2026-02-22 13:00:00,closed,610
1579,2026-01-07 02:00:00,pending,2437
1579,2026-01-07 12:00:00,open,2437
1579,2026-01-07 14:00:00,pending,2437
1579,2026-01-10 11:00:00,solved,2437
1579,2026-01-08 18:00:00,closed,2437
1580,2025-11-10 02:00:00,pending,1412
1580,2025-11-11 08:00:00,closed,1412
1580,2025-11-11 18:00:00,open,1412
1580,2025-11-11 20:00:00,open,1412
1580,2025-11-15 18:00:00,pending,1412
1580,2025-11-17 09:00:00,pending,1412
1580,2025-11-10 14:00:00,closed,1412
1581,2026-01-29 05:00:00,open,1121
1581,2026-01-30 01:00:00,closed,1121
1582,2025-10-10 06:00:00,pending,593
1582,2025-10-11 07:00:00,closed,593
1582,2025-10-13 06:00:00,closed,593
1583,2025-12-11 05:00:00,open,1990
1583,2025-12-11 23:00:00,solved,1990
1583,2025-12-11 19:00:00,open,1990
1583,2025-12-11 14:00:00,open,1990
1583,2025-12-15 13:00:00,closed,1990
1584,2026-01-08 12:00:00,pending,281
1584,2026-01-09 07:00:00,open,281
1584,2026-01-08 16:00:00,pending,281
1584,2026-01-09 00:00:00,closed,281
1585,2025-11-25 11:00:00,solved,1876
1585,2025-11-26 21:00:00,open,1876
1585,2025-11-26 13:00:00,pending,1876
1585,2025-11-29 17:00:00,solved,1876
1585,2025-11-26 19:00:00,closed,1876
1585,2025-11-25 21:00:00,pending,1876
1586,2025-10-06 06:00:00,open,17
1586,2025-10-06 14:00:00,open,17
1586,2025-10-08 08:00:00,open,17
1586,2025-10-10 09:00:00,open,17
1586,2025-10-09 02:00:00,open,17
1586,2025-10-13 13:00:00,open,17
1586,2025-10-06 18:00:00,closed,17
1586,2025-10-08 21:00:00,closed,17
1587,2026-03-12 09:00:00,open,1104
1587,2026-03-13 07:00:00,closed,1104
1588,2026-01-06 01:00:00,solved,564
1588,2026-01-07 11:00:00,solved,564
1588,2026-01-08 05:00:00,open,564
1588,2026-01-08 01:00:00,solved,564
1588,2026-01-10 09:00:00,open,564
1588,2026-01-12 17:00:00,open,564
1588,2026-01-06 19:00:00,closed,564
1589,2025-10-06 01:00:00,closed,426
1589,2025-10-06 05:00:00,solved,426
1589,2025-10-06 11:00:00,pending,426
1589,2025-10-07 22:00:00,open,426
1589,2025-10-06 13:00:00,closed,426
1589,2025-10-09 14:00:00,open,426
1589,2025-10-14 07:00:00,solved,426
1589,2025-10-08 16:00:00,closed,426
1590,2025-12-16 06:00:00,solved,144
1590,2025-12-17 12:00:00,closed,144
1591,2026-02-23 07:00:00,open,130
1591,2026-02-23 08:00:00,pending,130
1591,2026-02-25 15:00:00,pending,130
1591,2026-02-25 01:00:00,closed,130
1591,2026-02-27 11:00:00,open,130
1591,2026-02-26 00:00:00,pending,130
1591,2026-02-27 07:00:00,pending,130
1592,2025-12-07 03:00:00,pending,1310
1592,2025-12-07 16:00:00,pending,1310
1592,2025-12-07 13:00:00,pending,1310
1592,2025-12-11 06:00:00,open,1310
1592,2025-12-12 19:00:00,open,1310
1592,2025-12-11 22:00:00,closed,1310
1593,2026-03-01 02:00:00,pending,2179
1593,2026-03-02 01:00:00,open,2179
1593,2026-03-03 10:00:00,closed,2179
1593,2026-03-04 23:00:00,pending,2179
1593,2026-03-06 14:00:00,open,2179
1593,2026-03-02 18:00:00,closed,2179
1594,2026-01-07 00:00:00,pending,1215
1594,2026-01-08 00:00:00,open,1215
1594,2026-01-08 06:00:00,solved,1215
1594,2026-01-07 18:00:00,solved,1215
1594,2026-01-12 04:00:00,pending,1215
1594,2026-01-11 09:00:00,solved,1215
1594,2026-01-11 06:00:00,closed,1215
1595,2025-10-07 09:00:00,pending,2286
1595,2025-10-08 16:00:00,solved,2286
1595,2025-10-09 03:00:00,solved,2286
1595,2025-10-10 12:00:00,closed,2286
1595,2025-10-09 13:00:00,open,2286
1595,2025-10-11 03:00:00,closed,2286
1596,2025-11-20 01:00:00,solved,1372
1596,2025-11-21 11:00:00,solved,1372
1596,2025-11-20 07:00:00,closed,1372
1597,2026-02-10 00:00:00,open,1968
1597,2026-02-11 06:00:00,open,1968
1597,2026-02-11 16:00:00,pending,1968
1598,2026-02-20 05:00:00,solved,249
1598,2026-02-20 11:00:00,pending,249
1598,2026-02-20 19:00:00,open,249
1598,2026-02-23 08:00:00,pending,249
1598,2026-02-24 01:00:00,pending,249
1598,2026-02-22 22:00:00,open,249
1598,2026-02-20 23:00:00,pending,249
1598,2026-02-23 10:00:00,closed,249
1599,2026-01-19 12:00:00,closed,1712
1599,2026-01-19 15:00:00,open,1712
1599,2026-01-21 16:00:00,pending,1712
1599,2026-01-21 12:00:00,closed,1712
1599,2026-01-21 12:00:00,closed,1712
1600,2026-02-09 06:00:00,pending,2476
1600,2026-02-10 07:00:00,pending,2476
1600,2026-02-10 18:00:00,pending,2476
1600,2026-02-09 15:00:00,pending,2476
1600,2026-02-11 10:00:00,open,2476
1600,2026-02-13 05:00:00,pending,2476
1600,2026-02-10 06:00:00,solved,2476
1600,2026-02-11 00:00:00,closed,2476
1601,2025-11-19 00:00:00,open,193
1601,2025-11-19 11:00:00,solved,193
1601,2025-11-21 12:00:00,solved,193
1601,2025-11-20 09:00:00,closed,193
1601,2025-11-23 16:00:00,open,193
1601,2025-11-23 14:00:00,closed,193
1602,2025-10-12 11:00:00,open,481
1602,2025-10-13 09:00:00,pending,481
1602,2025-10-13 01:00:00,solved,481
1602,2025-10-12 17:00:00,open,481
1602,2025-10-17 23:00:00,pending,481
1602,2025-10-16 00:00:00,closed,481
1603,2026-02-08 08:00:00,open,358
1603,2026-02-08 10:00:00,closed,358
1603,2026-02-08 20:00:00,solved,358
1604,2025-10-31 09:00:00,closed,43
1604,2025-11-01 14:00:00,closed,43
1605,2025-11-29 12:00:00,solved,512
1605,2025-11-30 00:00:00,solved,512
1605,2025-12-01 20:00:00,closed,512
1606,2026-02-03 08:00:00,solved,550
1606,2026-02-04 07:00:00,pending,550
1606,2026-02-03 20:00:00,pending,550
1606,2026-02-05 20:00:00,closed,550
1607,2025-09-28 08:00:00,pending,1298
1607,2025-09-28 18:00:00,open,1298
1607,2025-09-28 16:00:00,open,1298
1607,2025-10-02 17:00:00,pending,1298
1607,2025-09-29 04:00:00,closed,1298
1608,2026-03-08 00:00:00,pending,188
1608,2026-03-08 18:00:00,closed,188
1608,2026-03-09 12:00:00,open,188
1608,2026-03-11 21:00:00,open,188
1608,2026-03-13 00:00:00,closed,188
1609,2025-12-23 06:00:00,solved,206
1609,2025-12-23 14:00:00,open,206
1609,2025-12-24 06:00:00,open,206
1609,2025-12-26 00:00:00,open,206
1609,2025-12-26 18:00:00,solved,206
1609,2025-12-24 17:00:00,closed,206
1610,2025-09-17 00:00:00,open,385
1610,2025-09-17 01:00:00,open,385
1610,2025-09-17 06:00:00,pending,385
1610,2025-09-19 21:00:00,solved,385
1610,2025-09-19 00:00:00,closed,385
1610,2025-09-20 18:00:00,closed,385
1611,2026-03-08 09:00:00,closed,1450
1611,2026-03-09 21:00:00,solved,1450
1611,2026-03-09 13:00:00,closed,1450
1611,2026-03-08 12:00:00,pending,1450
1611,2026-03-11 13:00:00,pending,1450
1611,2026-03-14 10:00:00,closed,1450
1611,2026-03-12 03:00:00,open,1450
1612,2025-12-14 02:00:00,open,645
1612,2025-12-15 10:00:00,open,645
1612,2025-12-14 18:00:00,solved,645
1612,2025-12-16 17:00:00,closed,645
1612,2025-12-15 22:00:00,closed,645
1613,2025-12-01 06:00:00,pending,1748
1613,2025-12-02 16:00:00,closed,1748
1614,2025-09-25 00:00:00,pending,1825
1614,2025-09-25 21:00:00,solved,1825
1614,2025-09-27 22:00:00,open,1825
1614,2025-09-28 09:00:00,solved,1825
1614,2025-09-27 04:00:00,solved,1825
1614,2025-09-27 07:00:00,closed,1825
1615,2026-01-05 06:00:00,pending,1899
1615,2026-01-06 02:00:00,open,1899
1615,2026-01-06 20:00:00,open,1899
1615,2026-01-07 09:00:00,closed,1899
1615,2026-01-09 18:00:00,closed,1899
1616,2025-11-11 07:00:00,open,93
1616,2025-11-12 08:00:00,closed,93
1617,2025-09-14 02:00:00,closed,1476
1617,2025-09-14 13:00:00,closed,1476
1618,2026-01-19 04:00:00,open,1619
1618,2026-01-20 08:00:00,open,1619
1618,2026-01-22 02:00:00,open,1619
1618,2026-01-23 13:00:00,pending,1619
1619,2026-03-07 08:00:00,closed,647
1619,2026-03-07 11:00:00,open,647
1619,2026-03-08 22:00:00,open,647
1619,2026-03-10 08:00:00,closed,647
1619,2026-03-09 20:00:00,solved,647
1619,2026-03-12 03:00:00,solved,647
1619,2026-03-07 20:00:00,open,647
1619,2026-03-12 14:00:00,solved,647
1620,2026-01-20 07:00:00,solved,1417
1620,2026-01-21 18:00:00,pending,1417
1620,2026-01-22 09:00:00,solved,1417
1620,2026-01-20 16:00:00,closed,1417
1621,2025-09-18 08:00:00,pending,1510
1621,2025-09-19 13:00:00,open,1510
1621,2025-09-19 00:00:00,open,1510
1621,2025-09-18 20:00:00,open,1510
1621,2025-09-20 08:00:00,solved,1510
1621,2025-09-20 20:00:00,solved,1510
1621,2025-09-25 20:00:00,solved,1510
1621,2025-09-20 16:00:00,pending,1510
1622,2025-12-01 05:00:00,pending,2102
1622,2025-12-01 07:00:00,solved,2102
1622,2025-12-01 23:00:00,open,2102
1622,2025-12-01 11:00:00,closed,2102
1623,2025-12-28 06:00:00,solved,2500
1623,2025-12-28 07:00:00,open,2500
1623,2025-12-31 00:00:00,solved,2500
1623,2025-12-29 00:00:00,pending,2500
1623,2025-12-29 22:00:00,open,2500
1623,2025-12-29 12:00:00,pending,2500
1624,2025-12-20 08:00:00,pending,190
1624,2025-12-21 07:00:00,solved,190
1625,2025-10-28 09:00:00,closed,751
1625,2025-10-28 20:00:00,pending,751
1625,2025-10-28 19:00:00,pending,751
1625,2025-10-28 21:00:00,pending,751
1625,2025-10-30 01:00:00,open,751
1625,2025-11-04 16:00:00,closed,751
1626,2026-02-26 08:00:00,pending,1902
1626,2026-02-27 14:00:00,closed,1902
1626,2026-02-28 02:00:00,closed,1902
1627,2025-11-24 02:00:00,closed,2248
1627,2025-11-24 16:00:00,pending,2248
1627,2025-11-25 16:00:00,solved,2248
1627,2025-11-27 08:00:00,pending,2248
1627,2025-11-26 02:00:00,solved,2248
1627,2025-11-24 12:00:00,closed,2248
1628,2025-12-24 01:00:00,open,562
1628,2025-12-24 16:00:00,closed,562
1628,2025-12-25 17:00:00,closed,562
1629,2025-11-05 07:00:00,closed,837
1629,2025-11-05 08:00:00,solved,837
1629,2025-11-08 03:00:00,closed,837
1630,2025-12-24 08:00:00,open,1344
1630,2025-12-25 15:00:00,pending,1344
1630,2025-12-25 02:00:00,open,1344
1630,2025-12-24 20:00:00,closed,1344
1630,2025-12-28 00:00:00,closed,1344
1631,2025-12-17 01:00:00,pending,1956
1631,2025-12-17 02:00:00,pending,1956
1631,2025-12-19 01:00:00,open,1956
1631,2025-12-19 01:00:00,closed,1956
1632,2026-03-10 02:00:00,open,1629
1632,2026-03-10 18:00:00,solved,1629
1632,2026-03-12 20:00:00,closed,1629
1632,2026-03-10 11:00:00,solved,1629
1633,2025-12-06 09:00:00,solved,500
1633,2025-12-06 20:00:00,closed,500
1634,2026-01-24 04:00:00,open,874
1634,2026-01-24 12:00:00,open,874
1634,2026-01-26 22:00:00,open,874
1635,2025-09-22 05:00:00,pending,81
1635,2025-09-23 03:00:00,closed,81
1635,2025-09-24 05:00:00,closed,81
1636,2026-03-12 00:00:00,open,1640
1636,2026-03-13 02:00:00,pending,1640
1636,2026-03-14 16:00:00,solved,1640
1637,2026-01-13 08:00:00,pending,2328
1637,2026-01-13 16:00:00,pending,2328
1637,2026-01-15 02:00:00,closed,2328
1638,2025-12-04 03:00:00,open,1673
1638,2025-12-04 10:00:00,closed,1673
1638,2025-12-04 23:00:00,open,1673
1638,2025-12-08 00:00:00,solved,1673
1638,2025-12-06 15:00:00,pending,1673
1638,2025-12-05 04:00:00,closed,1673
1638,2025-12-12 03:00:00,closed,1673
1639,2025-10-03 08:00:00,closed,376
1639,2025-10-04 11:00:00,closed,376
1639,2025-10-03 12:00:00,open,376
1639,2025-10-04 14:00:00,closed,376
1640,2026-01-23 07:00:00,solved,410
1640,2026-01-23 13:00:00,open,410
1640,2026-01-23 15:00:00,open,410
1640,2026-01-23 16:00:00,open,410
1640,2026-01-27 23:00:00,pending,410
1640,2026-01-30 09:00:00,closed,410
1641,2025-12-16 08:00:00,solved,1253
1641,2025-12-16 19:00:00,open,1253
1641,2025-12-17 12:00:00,open,1253
1641,2025-12-19 11:00:00,open,1253
1641,2025-12-16 20:00:00,open,1253
1641,2025-12-19 06:00:00,open,1253
1641,2025-12-21 14:00:00,open,1253
1641,2025-12-20 10:00:00,closed,1253
1642,2025-12-31 00:00:00,open,2353
1642,2026-01-01 02:00:00,open,2353
1642,2026-01-01 04:00:00,closed,2353
1642,2026-01-04 12:00:00,solved,2353
1643,2025-10-09 03:00:00,open,831
1643,2025-10-10 05:00:00,open,831
1643,2025-10-09 11:00:00,open,831
1643,2025-10-12 15:00:00,open,831
1644,2026-01-04 11:00:00,open,1014
1644,2026-01-05 10:00:00,open,1014
1644,2026-01-05 23:00:00,pending,1014
1644,2026-01-06 23:00:00,open,1014
1644,2026-01-06 11:00:00,pending,1014
1644,2026-01-11 18:00:00,solved,1014
1644,2026-01-08 23:00:00,closed,1014
1645,2025-11-21 11:00:00,closed,515
1645,2025-11-22 19:00:00,open,515
1645,2025-11-21 15:00:00,closed,515
1646,2025-09-28 05:00:00,solved,1856
1646,2025-09-28 14:00:00,open,1856
1646,2025-09-29 05:00:00,open,1856
1646,2025-09-30 05:00:00,open,1856
1646,2025-09-30 21:00:00,pending,1856
1646,2025-10-04 16:00:00,open,1856
1646,2025-09-28 17:00:00,closed,1856
1647,2026-01-09 03:00:00,pending,813
1647,2026-01-09 15:00:00,solved,813
1647,2026-01-10 23:00:00,open,813
1647,2026-01-11 00:00:00,pending,813
1647,2026-01-15 03:00:00,pending,813
1647,2026-01-16 10:00:00,open,813
1647,2026-01-10 03:00:00,open,813
1647,2026-01-14 23:00:00,closed,813
1648,2026-03-12 04:00:00,pending,548
1648,2026-03-12 16:00:00,pending,548
1648,2026-03-12 20:00:00,pending,548
1648,2026-03-14 04:00:00,open,548
1649,2026-02-13 01:00:00,pending,982
1649,2026-02-13 09:00:00,pending,982
1649,2026-02-16 01:00:00,pending,982
1649,2026-02-13 04:00:00,pending,982
1649,2026-02-16 01:00:00,solved,982
1649,2026-02-13 11:00:00,open,982
1649,2026-02-15 13:00:00,closed,982
1650,2026-02-04 08:00:00,pending,689
1650,2026-02-04 17:00:00,open,689
1650,2026-02-04 16:00:00,pending,689
1650,2026-02-08 08:00:00,closed,689
1650,2026-02-05 08:00:00,pending,689
1650,2026-02-08 22:00:00,open,689
1650,2026-02-11 20:00:00,closed,689
1651,2025-12-07 01:00:00,open,1215
1651,2025-12-08 11:00:00,closed,1215
1652,2025-12-20 12:00:00,pending,614
1652,2025-12-20 17:00:00,open,614
1652,2025-12-21 10:00:00,closed,614
1652,2025-12-23 09:00:00,closed,614
1652,2025-12-24 20:00:00,pending,614
1652,2025-12-25 02:00:00,pending,614
1652,2025-12-29 06:00:00,solved,614
1652,2025-12-25 11:00:00,closed,614
1653,2025-12-29 00:00:00,solved,2350
1653,2025-12-30 10:00:00,pending,2350
1653,2025-12-30 18:00:00,closed,2350
1653,2025-12-31 06:00:00,pending,2350
1653,2026-01-02 12:00:00,closed,2350
1653,2026-01-04 21:00:00,solved,2350
1653,2026-01-06 06:00:00,closed,2350
1654,2026-02-14 00:00:00,pending,2148
1654,2026-02-14 09:00:00,pending,2148
1654,2026-02-15 12:00:00,closed,2148
1655,2025-12-21 00:00:00,solved,1731
1655,2025-12-22 08:00:00,closed,1731
1656,2026-02-13 00:00:00,pending,2193
1656,2026-02-13 21:00:00,solved,2193
1656,2026-02-15 08:00:00,solved,2193
1656,2026-02-13 21:00:00,pending,2193
1656,2026-02-13 16:00:00,solved,2193
1656,2026-02-15 02:00:00,pending,2193
1656,2026-02-21 12:00:00,closed,2193
1657,2025-11-27 08:00:00,pending,504
1657,2025-11-27 10:00:00,closed,504
1658,2025-10-22 07:00:00,pending,2226
1658,2025-10-22 13:00:00,closed,2226
1658,2025-10-22 15:00:00,open,2226
1658,2025-10-25 16:00:00,open,2226
1659,2026-01-11 06:00:00,open,1831
1659,2026-01-11 18:00:00,solved,1831
1659,2026-01-12 00:00:00,pending,1831
1659,2026-01-13 21:00:00,closed,1831
1659,2026-01-13 06:00:00,open,1831
1659,2026-01-18 08:00:00,pending,1831
1659,2026-01-17 12:00:00,solved,1831
1659,2026-01-11 13:00:00,closed,1831
1660,2026-01-16 06:00:00,open,595
1660,2026-01-17 04:00:00,open,595
1660,2026-01-17 22:00:00,pending,595
1660,2026-01-20 12:00:00,solved,595
1660,2026-01-19 22:00:00,closed,595
1660,2026-01-21 06:00:00,open,595
1660,2026-01-20 00:00:00,solved,595
1661,2025-12-01 07:00:00,closed,1445
1661,2025-12-01 14:00:00,pending,1445
1661,2025-12-03 15:00:00,pending,1445
1661,2025-12-04 07:00:00,pending,1445
1661,2025-12-02 15:00:00,solved,1445
1661,2025-12-07 03:00:00,pending,1445
1661,2025-12-07 01:00:00,pending,1445
1661,2025-12-10 08:00:00,closed,1445
1662,2026-02-14 03:00:00,solved,805
1662,2026-02-14 18:00:00,pending,805
1662,2026-02-15 13:00:00,open,805
1662,2026-02-14 15:00:00,solved,805
1662,2026-02-18 07:00:00,closed,805
1663,2026-01-01 03:00:00,closed,1008
1663,2026-01-02 07:00:00,open,1008
1663,2026-01-03 07:00:00,pending,1008
1663,2026-01-03 18:00:00,open,1008
1663,2026-01-03 11:00:00,pending,1008
1663,2026-01-05 12:00:00,closed,1008
1664,2026-02-28 06:00:00,pending,1104
1664,2026-03-01 17:00:00,solved,1104
1664,2026-03-01 12:00:00,pending,1104
1664,2026-03-01 18:00:00,open,1104
1664,2026-03-02 14:00:00,open,1104
1664,2026-02-28 11:00:00,closed,1104
1664,2026-03-01 06:00:00,closed,1104
1665,2025-09-28 09:00:00,pending,134
1665,2025-09-29 09:00:00,open,134
1665,2025-09-28 17:00:00,open,134
1665,2025-09-28 12:00:00,pending,134
1665,2025-10-01 09:00:00,open,134
1665,2025-10-05 06:00:00,closed,134
1665,2025-09-29 15:00:00,open,134
1665,2025-10-07 03:00:00,solved,134
1666,2025-10-18 07:00:00,open,1856
1666,2025-10-18 21:00:00,closed,1856
1667,2025-12-04 08:00:00,pending,1504
1667,2025-12-04 17:00:00,pending,1504
1667,2025-12-05 20:00:00,open,1504
1667,2025-12-07 08:00:00,open,1504
1667,2025-12-09 08:00:00,pending,1504
1667,2025-12-11 15:00:00,closed,1504
1668,2026-03-01 02:00:00,closed,742
1668,2026-03-01 07:00:00,open,742
1668,2026-03-01 16:00:00,closed,742
1668,2026-03-03 14:00:00,pending,742
1668,2026-03-02 18:00:00,pending,742
1668,2026-03-04 10:00:00,closed,742
1668,2026-03-04 02:00:00,closed,742
1668,2026-03-07 19:00:00,closed,742
1669,2026-02-06 04:00:00,pending,1481
1669,2026-02-06 21:00:00,solved,1481
1669,2026-02-09 04:00:00,open,1481
1669,2026-02-09 22:00:00,pending,1481
1669,2026-02-08 12:00:00,pending,1481
1669,2026-02-06 09:00:00,open,1481
1669,2026-02-09 04:00:00,closed,1481
1670,2026-03-08 10:00:00,pending,1995
1670,2026-03-09 10:00:00,closed,1995
1670,2026-03-09 02:00:00,solved,1995
1670,2026-03-08 19:00:00,closed,1995
1671,2025-11-12 09:00:00,open,31
1671,2025-11-13 01:00:00,closed,31
1672,2025-12-24 01:00:00,open,33
1672,2025-12-24 14:00:00,pending,33
1672,2025-12-26 07:00:00,closed,33
1673,2026-01-05 02:00:00,solved,857
1673,2026-01-05 11:00:00,open,857
1673,2026-01-06 02:00:00,open,857
1673,2026-01-07 20:00:00,closed,857
1674,2025-10-24 09:00:00,solved,1573
1674,2025-10-25 14:00:00,pending,1573
1674,2025-10-25 23:00:00,pending,1573
1674,2025-10-26 15:00:00,solved,1573
1674,2025-10-28 21:00:00,open,1573
1674,2025-10-29 04:00:00,pending,1573
1674,2025-10-27 15:00:00,closed,1573
1675,2025-10-13 10:00:00,open,1760
1675,2025-10-13 14:00:00,open,1760
1675,2025-10-14 02:00:00,open,1760
1675,2025-10-16 10:00:00,open,1760
1675,2025-10-16 10:00:00,open,1760
1676,2026-03-07 08:00:00,solved,2151
1676,2026-03-08 17:00:00,open,2151
1676,2026-03-09 16:00:00,open,2151
1676,2026-03-07 20:00:00,pending,2151
1677,2026-03-03 04:00:00,closed,1640
1677,2026-03-04 10:00:00,closed,1640
1677,2026-03-04 18:00:00,pending,1640
1677,2026-03-07 10:00:00,closed,1640
1677,2026-03-09 00:00:00,closed,1640
1678,2026-01-11 03:00:00,pending,1100
1678,2026-01-11 10:00:00,solved,1100
1678,2026-01-12 01:00:00,closed,1100
1679,2025-09-30 04:00:00,open,1334
1679,2025-09-30 08:00:00,pending,1334
1679,2025-10-01 20:00:00,pending,1334
1679,2025-10-01 19:00:00,closed,1334
1680,2025-10-12 05:00:00,pending,883
1680,2025-10-12 08:00:00,solved,883
1680,2025-10-14 17:00:00,solved,883
1680,2025-10-15 11:00:00,closed,883
1681,2026-01-31 12:00:00,open,1744
1681,2026-01-31 17:00:00,open,1744
1681,2026-02-01 14:00:00,open,1744
1681,2026-02-01 15:00:00,open,1744
1681,2026-02-01 16:00:00,pending,1744
1681,2026-02-01 08:00:00,closed,1744
1681,2026-02-08 00:00:00,pending,1744
1681,2026-02-05 18:00:00,closed,1744
1682,2026-01-25 02:00:00,solved,2144
1682,2026-01-25 12:00:00,open,2144
1682,2026-01-26 00:00:00,solved,2144
1682,2026-01-28 02:00:00,open,2144
1682,2026-01-27 10:00:00,closed,2144
1683,2026-02-28 11:00:00,open,2005
1683,2026-03-01 20:00:00,solved,2005
1683,2026-03-01 15:00:00,open,2005
1683,2026-03-01 08:00:00,open,2005
1683,2026-03-04 11:00:00,open,2005
1683,2026-03-04 05:00:00,open,2005
1683,2026-03-03 23:00:00,open,2005
1683,2026-03-08 08:00:00,closed,2005
1684,2026-02-25 07:00:00,solved,6
1684,2026-02-26 08:00:00,closed,6
1685,2026-02-18 06:00:00,open,1365
1685,2026-02-19 00:00:00,open,1365
1685,2026-02-20 18:00:00,pending,1365
1685,2026-02-20 00:00:00,pending,1365
1685,2026-02-24 06:00:00,open,1365
1685,2026-02-25 03:00:00,closed,1365
1686,2026-03-11 03:00:00,closed,1392
1686,2026-03-11 22:00:00,solved,1392
1686,2026-03-11 13:00:00,pending,1392
1686,2026-03-15 06:00:00,pending,1392
1686,2026-03-12 03:00:00,open,1392
1686,2026-03-11 23:00:00,solved,1392
1686,2026-03-17 03:00:00,closed,1392
1686,2026-03-13 11:00:00,solved,1392
1687,2026-03-01 07:00:00,pending,2043
1687,2026-03-01 15:00:00,solved,2043
1688,2026-02-21 10:00:00,closed,1625
1688,2026-02-22 17:00:00,solved,1625
1688,2026-02-22 20:00:00,closed,1625
1689,2025-12-13 06:00:00,pending,1729
1689,2025-12-13 08:00:00,closed,1729
1690,2025-09-16 01:00:00,closed,2270
1690,2025-09-16 08:00:00,open,2270
1690,2025-09-17 03:00:00,open,2270
1690,2025-09-18 13:00:00,pending,2270
1690,2025-09-21 05:00:00,closed,2270
1691,2026-02-21 05:00:00,closed,455
1691,2026-02-22 08:00:00,pending,455
1691,2026-02-23 23:00:00,pending,455
1691,2026-02-25 14:00:00,closed,455
1691,2026-02-23 09:00:00,pending,455
1691,2026-02-23 22:00:00,solved,455
1692,2026-02-20 01:00:00,closed,526
1692,2026-02-20 20:00:00,pending,526
1692,2026-02-20 09:00:00,open,526
1692,2026-02-23 19:00:00,solved,526
1692,2026-02-21 17:00:00,closed,526
1693,2025-12-15 10:00:00,pending,1644
1693,2025-12-16 15:00:00,pending,1644
1694,2025-10-23 04:00:00,closed,867
1694,2025-10-23 14:00:00,solved,867
1694,2025-10-25 02:00:00,open,867
1694,2025-10-26 13:00:00,closed,867
1694,2025-10-27 20:00:00,closed,867
1695,2025-11-24 07:00:00,open,2168
1695,2025-11-25 19:00:00,open,2168
1695,2025-11-24 13:00:00,closed,2168
1696,2025-10-09 02:00:00,pending,1412
1696,2025-10-10 02:00:00,solved,1412
1696,2025-10-10 10:00:00,open,1412
1696,2025-10-09 14:00:00,pending,1412
1696,2025-10-11 18:00:00,pending,1412
1696,2025-10-11 09:00:00,solved,1412
1696,2025-10-16 02:00:00,pending,1412
1696,2025-10-19 07:00:00,pending,1412
1697,2026-02-08 09:00:00,solved,549
1697,2026-02-09 15:00:00,open,549
1697,2026-02-10 21:00:00,open,549
1697,2026-02-11 09:00:00,pending,549
1698,2025-11-23 09:00:00,pending,130
1698,2025-11-24 06:00:00,solved,130
1698,2025-11-26 07:00:00,open,130
1698,2025-11-26 15:00:00,closed,130
1699,2026-01-10 07:00:00,open,1713
1699,2026-01-10 22:00:00,closed,1713
1699,2026-01-11 11:00:00,open,1713
1699,2026-01-11 07:00:00,closed,1713
1700,2025-12-13 08:00:00,open,2235
1700,2025-12-14 08:00:00,solved,2235
1701,2025-11-30 06:00:00,pending,845
1701,2025-12-01 14:00:00,open,845
1701,2025-12-02 12:00:00,solved,845
1701,2025-12-04 00:00:00,solved,845
1701,2025-12-02 10:00:00,solved,845
1701,2025-11-30 16:00:00,open,845
1701,2025-12-09 06:00:00,pending,845
1702,2025-12-02 12:00:00,pending,510
1702,2025-12-02 19:00:00,open,510
1702,2025-12-05 02:00:00,open,510
1702,2025-12-05 00:00:00,pending,510
1702,2025-12-07 20:00:00,closed,510
1703,2026-01-22 10:00:00,open,84
1703,2026-01-22 19:00:00,closed,84
1703,2026-01-23 16:00:00,solved,84
1703,2026-01-23 22:00:00,closed,84
1703,2026-01-24 06:00:00,open,84
1703,2026-01-24 07:00:00,closed,84
1704,2026-02-06 07:00:00,solved,545
1704,2026-02-07 13:00:00,pending,545
1704,2026-02-06 11:00:00,solved,545
1704,2026-02-09 07:00:00,open,545
1704,2026-02-09 03:00:00,closed,545
1704,2026-02-13 19:00:00,open,545
1704,2026-02-07 13:00:00,open,545
1704,2026-02-13 00:00:00,closed,545
1705,2026-01-02 10:00:00,closed,2241
1705,2026-01-03 05:00:00,pending,2241
1705,2026-01-03 22:00:00,closed,2241
1705,2026-01-05 10:00:00,pending,2241
1705,2026-01-04 18:00:00,pending,2241
1705,2026-01-08 11:00:00,solved,2241
1705,2026-01-09 16:00:00,closed,2241
1706,2025-10-03 07:00:00,open,488
1706,2025-10-04 09:00:00,open,488
1706,2025-10-03 11:00:00,open,488
1706,2025-10-04 16:00:00,closed,488
1707,2026-01-22 02:00:00,open,1952
1707,2026-01-22 11:00:00,open,1952
1707,2026-01-23 20:00:00,open,1952
1707,2026-01-24 23:00:00,pending,1952
1707,2026-01-27 02:00:00,open,1952
1707,2026-01-29 09:00:00,open,1952
1707,2026-01-23 20:00:00,closed,1952
1708,2026-01-01 05:00:00,open,1270
1708,2026-01-02 11:00:00,pending,1270
1708,2026-01-03 07:00:00,closed,1270
1709,2025-12-18 04:00:00,open,421
1709,2025-12-18 13:00:00,closed,421
1710,2025-10-26 09:00:00,pending,338
1710,2025-10-26 21:00:00,open,338
1710,2025-10-26 11:00:00,pending,338
1710,2025-10-28 12:00:00,closed,338
1710,2025-10-26 21:00:00,closed,338
1710,2025-10-29 22:00:00,pending,338
1710,2025-11-03 21:00:00,open,338
1710,2025-10-27 13:00:00,closed,338
1711,2026-01-27 12:00:00,closed,1402
1711,2026-01-28 10:00:00,closed,1402
1712,2026-02-01 12:00:00,closed,1594
1712,2026-02-02 19:00:00,closed,1594
1712,2026-02-04 10:00:00,closed,1594
1713,2025-12-04 06:00:00,pending,2344
1713,2025-12-05 00:00:00,closed,2344
1714,2026-02-21 01:00:00,closed,2312
1714,2026-02-21 02:00:00,open,2312
1714,2026-02-22 15:00:00,closed,2312
1714,2026-02-23 13:00:00,closed,2312
1715,2026-01-19 12:00:00,pending,1803
1715,2026-01-20 19:00:00,closed,1803
1716,2025-10-27 08:00:00,solved,2318
1716,2025-10-27 11:00:00,pending,2318
1716,2025-10-29 00:00:00,open,2318
1716,2025-10-28 20:00:00,closed,2318
1717,2025-10-28 11:00:00,closed,359
1717,2025-10-28 19:00:00,solved,359
1717,2025-10-28 15:00:00,closed,359
1717,2025-11-01 23:00:00,closed,359
1718,2026-03-11 00:00:00,open,1440
1718,2026-03-11 02:00:00,solved,1440
1718,2026-03-11 18:00:00,pending,1440
1719,2025-09-26 04:00:00,open,504
1719,2025-09-26 12:00:00,pending,504
1719,2025-09-26 08:00:00,solved,504
1719,2025-09-30 16:00:00,pending,504
1719,2025-09-30 16:00:00,pending,504
1719,2025-09-29 12:00:00,closed,504
1720,2026-01-16 03:00:00,open,1206
1720,2026-01-16 16:00:00,solved,1206
1720,2026-01-17 13:00:00,pending,1206
1720,2026-01-17 03:00:00,closed,1206
1721,2025-09-22 00:00:00,closed,1120
1721,2025-09-22 16:00:00,closed,1120
1722,2026-02-19 10:00:00,solved,1303
1722,2026-02-20 07:00:00,pending,1303
1722,2026-02-21 22:00:00,closed,1303
1723,2026-01-29 09:00:00,open,566
1723,2026-01-29 19:00:00,pending,566
1723,2026-01-31 01:00:00,open,566
1723,2026-02-01 18:00:00,closed,566
1723,2026-02-02 01:00:00,closed,566
1723,2026-02-05 01:00:00,open,566
1723,2026-02-04 21:00:00,closed,566
1724,2026-02-20 04:00:00,pending,241
1724,2026-02-20 21:00:00,pending,241
1724,2026-02-20 14:00:00,solved,241
1724,2026-02-23 13:00:00,open,241
1724,2026-02-21 04:00:00,closed,241
1725,2025-11-25 00:00:00,solved,974
1725,2025-11-25 13:00:00,open,974
1725,2025-11-25 22:00:00,pending,974
1725,2025-11-26 03:00:00,open,974
1725,2025-11-27 16:00:00,open,974
1725,2025-11-25 05:00:00,pending,974
1725,2025-11-28 00:00:00,open,974
1726,2025-10-06 03:00:00,pending,358
1726,2025-10-06 06:00:00,pending,358
1726,2025-10-07 19:00:00,open,358
1726,2025-10-10 03:00:00,solved,358
1726,2025-10-07 15:00:00,open,358
1726,2025-10-11 18:00:00,closed,358
1727,2025-11-23 01:00:00,solved,2152
1727,2025-11-24 02:00:00,pending,2152
1727,2025-11-24 11:00:00,open,2152
1727,2025-11-25 13:00:00,open,2152
1728,2025-10-17 00:00:00,pending,2045
1728,2025-10-17 18:00:00,open,2045
1728,2025-10-18 16:00:00,closed,2045
1728,2025-10-19 09:00:00,closed,2045
1728,2025-10-20 16:00:00,open,2045
1728,2025-10-18 16:00:00,pending,2045
1728,2025-10-20 18:00:00,solved,2045
1728,2025-10-17 21:00:00,closed,2045
1729,2025-10-03 03:00:00,closed,554
1729,2025-10-03 16:00:00,pending,554
1729,2025-10-05 07:00:00,open,554
1730,2025-10-03 12:00:00,closed,2390
1730,2025-10-04 16:00:00,closed,2390
1730,2025-10-05 16:00:00,pending,2390
1730,2025-10-07 21:00:00,pending,2390
1730,2025-10-07 00:00:00,open,2390
1730,2025-10-09 08:00:00,solved,2390
1730,2025-10-11 00:00:00,open,2390
1730,2025-10-11 23:00:00,closed,2390
1731,2026-03-11 07:00:00,solved,193
1731,2026-03-12 19:00:00,pending,193
1731,2026-03-13 17:00:00,pending,193
1731,2026-03-13 04:00:00,closed,193
1731,2026-03-16 19:00:00,open,193
1732,2026-01-04 04:00:00,closed,1101
1732,2026-01-05 08:00:00,pending,1101
1732,2026-01-05 00:00:00,pending,1101
1732,2026-01-05 16:00:00,open,1101
1732,2026-01-05 12:00:00,pending,1101
1732,2026-01-10 15:00:00,pending,1101
1732,2026-01-10 16:00:00,closed,1101
1733,2025-11-20 00:00:00,open,819
1733,2025-11-20 15:00:00,solved,819
1733,2025-11-21 22:00:00,closed,819
1733,2025-11-20 06:00:00,pending,819
1733,2025-11-25 12:00:00,open,819
1733,2025-11-22 17:00:00,pending,819
1733,2025-11-29 00:00:00,closed,819
1734,2026-01-20 05:00:00,solved,1226
1734,2026-01-20 22:00:00,closed,1226
1735,2026-03-07 09:00:00,open,1853
1735,2026-03-07 15:00:00,pending,1853
1735,2026-03-09 17:00:00,open,1853
1735,2026-03-07 21:00:00,open,1853
1735,2026-03-11 13:00:00,open,1853
1735,2026-03-12 14:00:00,solved,1853
1735,2026-03-16 09:00:00,pending,1853
1735,2026-03-09 10:00:00,open,1853
1736,2025-12-18 10:00:00,solved,1782
1736,2025-12-19 20:00:00,closed,1782
1736,2025-12-19 06:00:00,solved,1782
1736,2025-12-22 13:00:00,closed,1782
1737,2025-12-06 10:00:00,pending,1018
1737,2025-12-06 19:00:00,closed,1018
1737,2025-12-09 00:00:00,open,1018
1737,2025-12-09 04:00:00,pending,1018
1737,2025-12-08 10:00:00,solved,1018
1737,2025-12-08 17:00:00,pending,1018
1737,2025-12-13 22:00:00,pending,1018
1737,2025-12-07 14:00:00,closed,1018
1738,2026-01-06 10:00:00,pending,1102
1738,2026-01-06 11:00:00,open,1102
1738,2026-01-06 14:00:00,open,1102
1738,2026-01-06 22:00:00,open,1102
1738,2026-01-10 10:00:00,closed,1102
1739,2026-01-16 04:00:00,open,171
1739,2026-01-16 15:00:00,closed,171
1739,2026-01-18 04:00:00,open,171
1739,2026-01-20 10:00:00,closed,171
1739,2026-01-17 00:00:00,solved,171
1739,2026-01-19 17:00:00,open,171
1739,2026-01-23 16:00:00,open,171
1740,2025-12-05 04:00:00,solved,806
1740,2025-12-05 22:00:00,open,806
1740,2025-12-05 16:00:00,open,806
1740,2025-12-07 10:00:00,open,806
1740,2025-12-06 04:00:00,pending,806
1740,2025-12-09 08:00:00,closed,806
1741,2025-11-12 01:00:00,open,1942
1741,2025-11-12 10:00:00,open,1942
1741,2025-11-13 05:00:00,solved,1942
1741,2025-11-13 22:00:00,closed,1942
1741,2025-11-16 21:00:00,solved,1942
1741,2025-11-19 08:00:00,open,1942
1741,2025-11-17 01:00:00,closed,1942
1742,2025-12-06 02:00:00,open,214
1742,2025-12-06 04:00:00,pending,214
1742,2025-12-09 02:00:00,open,214
1742,2025-12-07 20:00:00,solved,214
1742,2025-12-10 06:00:00,closed,214
1742,2025-12-09 20:00:00,closed,214
1743,2026-02-12 01:00:00,pending,2407
1743,2026-02-12 23:00:00,open,2407
1743,2026-02-13 05:00:00,pending,2407
1743,2026-02-15 04:00:00,open,2407
1743,2026-02-15 21:00:00,pending,2407
1743,2026-02-15 04:00:00,closed,2407
1744,2026-02-11 09:00:00,open,11
1744,2026-02-12 02:00:00,closed,11
1744,2026-02-12 09:00:00,closed,11
1744,2026-02-13 15:00:00,pending,11
1744,2026-02-12 13:00:00,pending,11
1744,2026-02-15 23:00:00,pending,11
1744,2026-02-20 03:00:00,closed,11
1745,2025-12-05 10:00:00,open,1305
1745,2025-12-06 16:00:00,closed,1305
1746,2026-02-15 06:00:00,open,1996
1746,2026-02-15 13:00:00,open,1996
1746,2026-02-16 00:00:00,open,1996
1746,2026-02-15 21:00:00,solved,1996
1747,2026-03-11 10:00:00,pending,2479
1747,2026-03-12 06:00:00,open,2479
1747,2026-03-13 16:00:00,open,2479
1747,2026-03-11 16:00:00,solved,2479
1747,2026-03-12 02:00:00,open,2479
1747,2026-03-15 19:00:00,solved,2479
1747,2026-03-15 16:00:00,pending,2479
1748,2026-01-28 06:00:00,pending,802
1748,2026-01-29 03:00:00,pending,802
1748,2026-01-30 02:00:00,open,802
1748,2026-01-29 12:00:00,solved,802
1748,2026-02-01 22:00:00,closed,802
1749,2026-03-07 02:00:00,open,443
1749,2026-03-08 09:00:00,open,443
1749,2026-03-09 04:00:00,closed,443
1750,2025-12-30 10:00:00,closed,837
1750,2025-12-31 20:00:00,open,837
1750,2026-01-01 04:00:00,closed,837
1750,2026-01-02 13:00:00,solved,837
1751,2026-01-13 04:00:00,closed,1687
1751,2026-01-13 09:00:00,open,1687
1751,2026-01-14 04:00:00,open,1687
1751,2026-01-17 10:00:00,open,1687
1751,2026-01-17 12:00:00,open,1687
1751,2026-01-14 15:00:00,closed,1687
1751,2026-01-19 04:00:00,solved,1687
1752,2026-02-28 00:00:00,closed,1398
1752,2026-02-28 18:00:00,closed,1398
1752,2026-03-01 14:00:00,closed,1398
1753,2026-02-13 12:00:00,pending,2348
1753,2026-02-14 01:00:00,open,2348
1753,2026-02-16 12:00:00,closed,2348
1754,2025-12-09 12:00:00,solved,1490
1754,2025-12-10 05:00:00,pending,1490
1754,2025-12-09 18:00:00,closed,1490
1755,2025-11-13 06:00:00,open,77
1755,2025-11-13 07:00:00,closed,77
1755,2025-11-15 14:00:00,pending,77
1755,2025-11-17 18:00:00,pending,77
1755,2025-11-14 14:00:00,closed,77
1755,2025-11-15 18:00:00,closed,77
1755,2025-11-19 12:00:00,closed,77
1756,2025-10-04 09:00:00,solved,74
1756,2025-10-05 06:00:00,pending,74
1756,2025-10-07 07:00:00,open,74
1756,2025-10-05 00:00:00,open,74
1757,2025-11-29 12:00:00,pending,2487
1757,2025-11-29 23:00:00,open,2487
1757,2025-12-01 10:00:00,closed,2487
1758,2026-02-14 12:00:00,solved,1610
1758,2026-02-15 09:00:00,closed,1610
1759,2026-03-11 05:00:00,open,221
1759,2026-03-12 16:00:00,open,221
1760,2026-03-05 05:00:00,closed,1922
1760,2026-03-06 06:00:00,solved,1922
1760,2026-03-07 01:00:00,closed,1922
1760,2026-03-08 05:00:00,solved,1922
1760,2026-03-09 13:00:00,pending,1922
1760,2026-03-06 06:00:00,open,1922
1761,2025-10-05 05:00:00,open,2411
1761,2025-10-06 01:00:00,pending,2411
1761,2025-10-07 23:00:00,pending,2411
1761,2025-10-06 02:00:00,solved,2411
1761,2025-10-05 17:00:00,pending,2411
1761,2025-10-06 16:00:00,closed,2411
1762,2026-02-09 02:00:00,open,2491
1762,2026-02-09 10:00:00,solved,2491
1762,2026-02-11 20:00:00,pending,2491
1762,2026-02-09 23:00:00,pending,2491
1762,2026-02-11 06:00:00,pending,2491
1762,2026-02-14 17:00:00,pending,2491
1763,2026-03-10 02:00:00,closed,399
1763,2026-03-10 23:00:00,open,399
1763,2026-03-13 00:00:00,open,399
1763,2026-03-11 05:00:00,pending,399
1763,2026-03-12 02:00:00,open,399
1763,2026-03-11 13:00:00,pending,399
1763,2026-03-10 08:00:00,open,399
1764,2025-11-22 03:00:00,pending,349
1764,2025-11-23 00:00:00,solved,349
1764,2025-11-23 05:00:00,closed,349
1764,2025-11-26 00:00:00,open,349
1764,2025-11-25 07:00:00,solved,349
1764,2025-11-25 06:00:00,pending,349
1764,2025-11-25 21:00:00,closed,349
1764,2025-12-02 01:00:00,pending,349
1765,2025-11-06 05:00:00,closed,2145
1765,2025-11-06 06:00:00,closed,2145
1765,2025-11-07 07:00:00,closed,2145
1765,2025-11-10 14:00:00,open,2145
1765,2025-11-08 13:00:00,closed,2145
1766,2026-01-13 00:00:00,open,271
1766,2026-01-13 21:00:00,pending,271
1766,2026-01-15 22:00:00,closed,271
1766,2026-01-16 12:00:00,open,271
1766,2026-01-17 00:00:00,solved,271
1766,2026-01-16 23:00:00,solved,271
1766,2026-01-18 18:00:00,closed,271
1767,2025-12-09 04:00:00,solved,1958
1767,2025-12-09 17:00:00,open,1958
1767,2025-12-09 20:00:00,pending,1958
1767,2025-12-13 01:00:00,solved,1958
1767,2025-12-13 16:00:00,closed,1958
1768,2025-10-24 04:00:00,solved,1161
1768,2025-10-25 15:00:00,open,1161
1768,2025-10-25 08:00:00,open,1161
1768,2025-10-27 04:00:00,pending,1161
1768,2025-10-24 12:00:00,pending,1161
1768,2025-10-26 01:00:00,pending,1161
1768,2025-10-24 16:00:00,solved,1161
1768,2025-10-31 11:00:00,pending,1161
1769,2026-02-22 08:00:00,open,405
1769,2026-02-23 17:00:00,open,405
1769,2026-02-25 08:00:00,solved,405
1769,2026-02-25 08:00:00,closed,405
1769,2026-02-23 00:00:00,closed,405
1769,2026-02-26 07:00:00,open,405
1769,2026-02-27 14:00:00,pending,405
1769,2026-03-01 22:00:00,open,405
1770,2025-12-26 00:00:00,open,241
1770,2025-12-27 11:00:00,pending,241
1770,2025-12-29 00:00:00,solved,241
1770,2025-12-27 00:00:00,pending,241
1770,2026-01-01 00:00:00,open,241
1770,2025-12-31 05:00:00,open,241
1770,2025-12-30 18:00:00,open,241
1771,2026-02-21 00:00:00,pending,681
1771,2026-02-22 10:00:00,solved,681
1771,2026-02-23 18:00:00,pending,681
1772,2025-10-01 02:00:00,open,317
1772,2025-10-01 12:00:00,closed,317
1772,2025-10-02 08:00:00,closed,317
1772,2025-10-05 05:00:00,pending,317
1772,2025-10-02 14:00:00,solved,317
1772,2025-10-07 08:00:00,closed,317
1772,2025-10-03 20:00:00,closed,317
1772,2025-10-11 00:00:00,closed,317
1773,2025-10-16 12:00:00,open,2209
1773,2025-10-16 14:00:00,solved,2209
1773,2025-10-18 22:00:00,closed,2209
1773,2025-10-20 15:00:00,pending,2209
1773,2025-10-17 00:00:00,pending,2209
1773,2025-10-24 00:00:00,closed,2209
1774,2026-02-07 02:00:00,pending,799
1774,2026-02-08 05:00:00,pending,799
1774,2026-02-09 08:00:00,open,799
1774,2026-02-10 11:00:00,pending,799
1774,2026-02-12 10:00:00,pending,799
1774,2026-02-09 14:00:00,open,799
1774,2026-02-09 20:00:00,closed,799
1775,2025-09-30 10:00:00,pending,640
1775,2025-10-01 03:00:00,solved,640
1775,2025-10-03 08:00:00,open,640
1775,2025-10-02 04:00:00,open,640
1775,2025-10-01 06:00:00,open,640
1775,2025-10-07 02:00:00,open,640
1775,2025-10-07 16:00:00,pending,640
1775,2025-10-02 04:00:00,closed,640
1776,2025-10-10 03:00:00,open,359
1776,2025-10-11 02:00:00,open,359
1776,2025-10-12 01:00:00,open,359
1776,2025-10-13 18:00:00,open,359
1776,2025-10-15 11:00:00,pending,359
1776,2025-10-17 15:00:00,closed,359
1777,2025-12-02 05:00:00,open,1038
1777,2025-12-03 10:00:00,solved,1038
1777,2025-12-03 11:00:00,solved,1038
1777,2025-12-04 02:00:00,open,1038
1778,2026-01-27 00:00:00,closed,2471
1778,2026-01-27 10:00:00,pending,2471
1778,2026-01-30 00:00:00,open,2471
1778,2026-01-27 18:00:00,solved,2471
1778,2026-01-30 00:00:00,open,2471
1778,2026-02-02 11:00:00,closed,2471
1779,2025-10-05 03:00:00,open,1510
1779,2025-10-06 12:00:00,open,1510
1779,2025-10-06 01:00:00,closed,1510
1779,2025-10-09 06:00:00,open,1510
1779,2025-10-07 15:00:00,closed,1510
1780,2025-11-26 11:00:00,pending,775
1780,2025-11-27 13:00:00,solved,775
1780,2025-11-27 09:00:00,solved,775
1780,2025-11-27 11:00:00,pending,775
1780,2025-11-28 19:00:00,open,775
1780,2025-12-01 06:00:00,pending,775
1780,2025-11-27 11:00:00,closed,775
1781,2026-01-15 11:00:00,open,1153
1781,2026-01-16 13:00:00,pending,1153
1781,2026-01-18 03:00:00,open,1153
1781,2026-01-16 17:00:00,closed,1153
1782,2026-02-13 06:00:00,open,243
1782,2026-02-13 07:00:00,pending,243
1782,2026-02-14 16:00:00,closed,243
1783,2025-10-07 09:00:00,pending,2204
1783,2025-10-08 00:00:00,pending,2204
1783,2025-10-07 13:00:00,pending,2204
1783,2025-10-11 18:00:00,closed,2204
1783,2025-10-09 05:00:00,pending,2204
1783,2025-10-10 22:00:00,open,2204
1783,2025-10-10 21:00:00,closed,2204
1784,2026-02-04 02:00:00,closed,674
1784,2026-02-04 23:00:00,open,674
1784,2026-02-04 12:00:00,pending,674
1784,2026-02-05 02:00:00,pending,674
1784,2026-02-06 10:00:00,open,674
1784,2026-02-04 17:00:00,pending,674
1784,2026-02-05 20:00:00,open,674
1784,2026-02-13 03:00:00,closed,674
1785,2025-10-09 06:00:00,closed,879
1785,2025-10-10 06:00:00,closed,879
1786,2025-11-07 08:00:00,pending,1194
1786,2025-11-08 09:00:00,solved,1194
1786,2025-11-08 00:00:00,closed,1194
1787,2026-01-03 05:00:00,pending,1228
1787,2026-01-03 09:00:00,closed,1228
1788,2026-01-05 07:00:00,open,1066
1788,2026-01-05 09:00:00,open,1066
1788,2026-01-08 03:00:00,pending,1066
1788,2026-01-05 19:00:00,open,1066
1788,2026-01-09 15:00:00,open,1066
1788,2026-01-07 14:00:00,closed,1066
1789,2025-09-23 00:00:00,open,1252
1789,2025-09-23 06:00:00,pending,1252
1790,2025-10-15 00:00:00,closed,1144
1790,2025-10-15 12:00:00,open,1144
1790,2025-10-15 20:00:00,open,1144
1790,2025-10-19 03:00:00,solved,1144
1790,2025-10-19 12:00:00,open,1144
1790,2025-10-17 02:00:00,closed,1144
1791,2026-02-24 08:00:00,open,1280
1791,2026-02-25 09:00:00,pending,1280
1791,2026-02-26 08:00:00,solved,1280
1791,2026-02-25 08:00:00,pending,1280
1791,2026-02-27 20:00:00,open,1280
1791,2026-03-02 19:00:00,open,1280
1791,2026-02-24 20:00:00,closed,1280
1792,2026-02-19 11:00:00,open,1496
1792,2026-02-19 20:00:00,open,1496
1792,2026-02-21 01:00:00,solved,1496
1792,2026-02-22 11:00:00,pending,1496
1792,2026-02-22 03:00:00,open,1496
1792,2026-02-20 22:00:00,open,1496
1792,2026-02-23 17:00:00,closed,1496
1793,2026-03-10 09:00:00,pending,2269
1793,2026-03-11 08:00:00,closed,2269
1793,2026-03-11 01:00:00,pending,2269
1793,2026-03-14 09:00:00,open,2269
1793,2026-03-10 17:00:00,solved,2269
1793,2026-03-14 08:00:00,pending,2269
1794,2026-02-21 01:00:00,closed,2362
1794,2026-02-21 13:00:00,solved,2362
1794,2026-02-22 03:00:00,open,2362
1794,2026-02-21 04:00:00,pending,2362
1794,2026-02-23 21:00:00,pending,2362
1795,2026-01-15 04:00:00,pending,197
1795,2026-01-15 16:00:00,pending,197
1795,2026-01-16 20:00:00,open,197
1795,2026-01-17 01:00:00,open,197
1796,2025-09-13 09:00:00,pending,1869
1796,2025-09-13 14:00:00,open,1869
1796,2025-09-14 05:00:00,closed,1869
1796,2025-09-15 18:00:00,open,1869
1796,2025-09-14 05:00:00,solved,1869
1796,2025-09-15 21:00:00,closed,1869
1797,2025-12-31 11:00:00,closed,1287
1797,2026-01-01 05:00:00,open,1287
1797,2026-01-02 17:00:00,solved,1287
1797,2026-01-01 11:00:00,solved,1287
1797,2026-01-02 15:00:00,open,1287
1797,2026-01-05 06:00:00,pending,1287
1797,2026-01-08 05:00:00,closed,1287
1797,2026-01-09 12:00:00,closed,1287
1798,2025-12-12 00:00:00,open,1488
1798,2025-12-12 13:00:00,open,1488
1798,2025-12-13 20:00:00,open,1488
1798,2025-12-12 06:00:00,closed,1488
1799,2025-12-26 05:00:00,closed,1236
1799,2025-12-27 17:00:00,pending,1236
1800,2025-11-18 04:00:00,pending,1009
1800,2025-11-18 16:00:00,pending,1009
1800,2025-11-18 10:00:00,solved,1009
1800,2025-11-20 16:00:00,pending,1009
1800,2025-11-22 08:00:00,open,1009
1800,2025-11-25 11:00:00,solved,1009
1800,2025-11-27 04:00:00,solved,1009
1800,2025-11-22 06:00:00,closed,1009
1801,2025-11-07 04:00:00,pending,1274
1801,2025-11-08 02:00:00,open,1274
1801,2025-11-07 06:00:00,pending,1274
1801,2025-11-10 13:00:00,closed,1274
1802,2025-10-23 00:00:00,pending,82
1802,2025-10-23 12:00:00,solved,82
1802,2025-10-24 10:00:00,open,82
1802,2025-10-24 21:00:00,open,82
1802,2025-10-29 00:00:00,pending,82
1802,2025-10-25 22:00:00,open,82
1803,2026-02-12 04:00:00,open,394
1803,2026-02-13 14:00:00,open,394
1803,2026-02-12 08:00:00,open,394
1804,2025-12-21 12:00:00,pending,1843
1804,2025-12-22 16:00:00,solved,1843
1804,2025-12-22 08:00:00,open,1843
1804,2025-12-23 00:00:00,pending,1843
1804,2025-12-27 00:00:00,solved,1843
1804,2025-12-26 22:00:00,closed,1843
1805,2025-10-25 12:00:00,solved,2244
1805,2025-10-26 18:00:00,pending,2244
1805,2025-10-26 02:00:00,open,2244
1805,2025-10-29 09:00:00,solved,2244
1806,2025-09-13 10:00:00,open,1469
1806,2025-09-13 13:00:00,solved,1469
1806,2025-09-14 12:00:00,solved,1469
1806,2025-09-16 22:00:00,open,1469
1806,2025-09-19 02:00:00,open,1469
1806,2025-09-18 15:00:00,closed,1469
1807,2026-02-19 04:00:00,closed,2093
1807,2026-02-19 09:00:00,open,2093
1807,2026-02-20 00:00:00,pending,2093
1807,2026-02-19 22:00:00,closed,2093
1807,2026-02-25 00:00:00,closed,2093
1808,2025-10-25 08:00:00,pending,522
1808,2025-10-25 18:00:00,closed,522
1809,2026-03-12 01:00:00,open,2141
1809,2026-03-12 09:00:00,pending,2141
1809,2026-03-14 07:00:00,solved,2141
1809,2026-03-13 04:00:00,solved,2141
1809,2026-03-14 13:00:00,closed,2141
1810,2026-02-08 11:00:00,pending,2195
1810,2026-02-09 17:00:00,pending,2195
1810,2026-02-09 03:00:00,solved,2195
1810,2026-02-12 23:00:00,closed,2195
1811,2025-09-20 08:00:00,solved,1153
1811,2025-09-20 17:00:00,pending,1153
1811,2025-09-22 06:00:00,open,1153
1811,2025-09-21 05:00:00,open,1153
1811,2025-09-25 04:00:00,pending,1153
1811,2025-09-22 15:00:00,closed,1153
1812,2026-01-29 02:00:00,solved,965
1812,2026-01-30 05:00:00,open,965
1812,2026-01-31 22:00:00,closed,965
1812,2026-01-30 02:00:00,pending,965
1812,2026-02-02 10:00:00,closed,965
1812,2026-01-31 19:00:00,closed,965
1813,2026-03-02 12:00:00,pending,1417
1813,2026-03-03 14:00:00,closed,1417
1813,2026-03-05 04:00:00,pending,1417
1813,2026-03-04 15:00:00,closed,1417
1813,2026-03-02 20:00:00,pending,1417
1813,2026-03-07 22:00:00,solved,1417
1813,2026-03-05 18:00:00,closed,1417
1813,2026-03-05 03:00:00,closed,1417
1814,2026-01-08 01:00:00,open,1753
1814,2026-01-08 19:00:00,closed,1753
1815,2026-02-07 05:00:00,open,380
1815,2026-02-08 11:00:00,solved,380
1815,2026-02-08 21:00:00,closed,380
1815,2026-02-07 11:00:00,solved,380
1816,2025-10-12 01:00:00,pending,482
1816,2025-10-12 09:00:00,open,482
1816,2025-10-12 17:00:00,solved,482
1816,2025-10-14 10:00:00,closed,482
1816,2025-10-15 05:00:00,closed,482
1816,2025-10-15 14:00:00,pending,482
1816,2025-10-17 19:00:00,open,482
1816,2025-10-18 18:00:00,closed,482
1817,2025-10-07 04:00:00,open,2069
1817,2025-10-08 02:00:00,open,2069
1817,2025-10-09 08:00:00,pending,2069
1817,2025-10-07 07:00:00,closed,2069
1818,2025-11-14 01:00:00,closed,1002
1818,2025-11-14 15:00:00,pending,1002
1818,2025-11-14 15:00:00,closed,1002
1819,2026-01-09 01:00:00,pending,796
1819,2026-01-10 02:00:00,open,796
1820,2026-02-22 07:00:00,open,365
1820,2026-02-23 00:00:00,pending,365
1820,2026-02-22 09:00:00,pending,365
1820,2026-02-24 04:00:00,closed,365
1820,2026-02-28 07:00:00,open,365
1820,2026-02-25 10:00:00,solved,365
1820,2026-02-28 07:00:00,closed,365
1820,2026-03-03 08:00:00,closed,365
1821,2026-01-29 05:00:00,pending,2490
1821,2026-01-30 05:00:00,closed,2490
1821,2026-01-31 11:00:00,closed,2490
1821,2026-02-02 08:00:00,closed,2490
1822,2025-09-19 03:00:00,solved,1566
1822,2025-09-20 02:00:00,open,1566
1822,2025-09-20 09:00:00,closed,1566
1822,2025-09-19 06:00:00,pending,1566
1822,2025-09-22 03:00:00,open,1566
1822,2025-09-21 05:00:00,open,1566
1822,2025-09-21 09:00:00,open,1566
1822,2025-09-29 01:00:00,closed,1566
1823,2025-12-23 07:00:00,solved,2430
1823,2025-12-23 20:00:00,closed,2430
1824,2026-01-07 04:00:00,pending,544
1824,2026-01-07 05:00:00,open,544
1824,2026-01-07 08:00:00,closed,544
1825,2025-11-07 06:00:00,pending,1789
1825,2025-11-07 20:00:00,solved,1789
1825,2025-11-09 20:00:00,pending,1789
1825,2025-11-10 06:00:00,pending,1789
1825,2025-11-07 22:00:00,pending,1789
1825,2025-11-08 12:00:00,pending,1789
1825,2025-11-12 00:00:00,closed,1789
1826,2025-11-10 08:00:00,pending,163
1826,2025-11-11 16:00:00,solved,163
1826,2025-11-11 12:00:00,open,163
1826,2025-11-12 23:00:00,open,163
1826,2025-11-11 04:00:00,open,163
1826,2025-11-16 04:00:00,closed,163
1827,2026-02-27 09:00:00,open,1408
1827,2026-02-27 22:00:00,closed,1408
1827,2026-03-01 05:00:00,open,1408
1827,2026-03-02 09:00:00,open,1408
1827,2026-03-03 13:00:00,closed,1408
1828,2025-10-01 11:00:00,pending,772
1828,2025-10-01 17:00:00,solved,772
1828,2025-10-03 05:00:00,solved,772
1828,2025-10-03 11:00:00,open,772
1828,2025-10-04 07:00:00,pending,772
1828,2025-10-05 15:00:00,closed,772
1829,2026-03-06 12:00:00,pending,877
1829,2026-03-07 04:00:00,open,877
1829,2026-03-09 12:00:00,open,877
1829,2026-03-11 00:00:00,pending,877
1829,2026-03-07 00:00:00,pending,877
1829,2026-03-08 04:00:00,pending,877
1829,2026-03-11 06:00:00,closed,877
1830,2026-02-19 03:00:00,open,2158
1830,2026-02-20 03:00:00,closed,2158
1831,2025-11-25 03:00:00,solved,73
1831,2025-11-25 10:00:00,open,73
1831,2025-11-26 17:00:00,closed,73
1831,2025-11-26 15:00:00,solved,73
1831,2025-11-27 19:00:00,open,73
1831,2025-12-02 15:00:00,closed,73
1832,2025-12-24 10:00:00,solved,2318
1832,2025-12-24 22:00:00,pending,2318
1832,2025-12-24 20:00:00,open,2318
1832,2025-12-28 19:00:00,open,2318
1832,2025-12-26 22:00:00,open,2318
1832,2025-12-25 21:00:00,open,2318
1832,2025-12-28 22:00:00,open,2318
1832,2025-12-25 14:00:00,closed,2318
1833,2025-12-28 10:00:00,open,2078
1833,2025-12-29 05:00:00,solved,2078
1833,2025-12-30 22:00:00,pending,2078
1833,2025-12-29 01:00:00,solved,2078
1833,2026-01-03 06:00:00,pending,2078
1833,2026-01-04 02:00:00,closed,2078
1833,2025-12-31 04:00:00,pending,2078
1833,2026-01-07 01:00:00,closed,2078
1834,2025-12-29 11:00:00,closed,241
1834,2025-12-30 14:00:00,open,241
1834,2026-01-01 05:00:00,pending,241
1834,2025-12-31 17:00:00,open,241
1834,2026-01-03 15:00:00,pending,241
1834,2025-12-31 08:00:00,solved,241
1834,2026-01-07 05:00:00,open,241
1835,2025-11-27 12:00:00,open,735
1835,2025-11-27 18:00:00,solved,735
1835,2025-11-27 14:00:00,closed,735
1836,2026-01-14 09:00:00,pending,2357
1836,2026-01-15 08:00:00,solved,2357
1836,2026-01-14 15:00:00,open,2357
1836,2026-01-18 00:00:00,open,2357
1836,2026-01-14 17:00:00,closed,2357
1837,2025-10-21 03:00:00,pending,426
1837,2025-10-22 06:00:00,closed,426
1838,2025-10-13 05:00:00,open,469
1838,2025-10-14 05:00:00,closed,469
1839,2026-01-29 12:00:00,open,589
1839,2026-01-30 15:00:00,solved,589
1839,2026-01-31 04:00:00,pending,589
1839,2026-02-02 09:00:00,pending,589
1839,2026-02-02 20:00:00,pending,589
1839,2026-02-03 22:00:00,open,589
1839,2026-02-02 00:00:00,solved,589
1839,2026-02-08 17:00:00,closed,589
1840,2026-01-24 06:00:00,pending,314
1840,2026-01-24 21:00:00,pending,314
1840,2026-01-26 16:00:00,open,314
1840,2026-01-27 18:00:00,solved,314
1840,2026-01-24 10:00:00,solved,314
1840,2026-01-30 22:00:00,closed,314
1841,2026-02-01 05:00:00,open,1219
1841,2026-02-01 14:00:00,open,1219
1841,2026-02-03 23:00:00,solved,1219
1841,2026-02-04 08:00:00,closed,1219
1841,2026-02-03 09:00:00,open,1219
1841,2026-02-04 18:00:00,closed,1219
1842,2025-11-24 06:00:00,pending,1987
1842,2025-11-25 07:00:00,open,1987
1842,2025-11-24 22:00:00,open,1987
1842,2025-11-27 21:00:00,pending,1987
1842,2025-11-27 06:00:00,open,1987
1842,2025-12-01 18:00:00,closed,1987
1843,2025-10-16 00:00:00,closed,2008
1843,2025-10-16 06:00:00,open,2008
1843,2025-10-16 12:00:00,open,2008
1843,2025-10-17 15:00:00,closed,2008
1844,2025-12-20 05:00:00,closed,2367
1844,2025-12-21 12:00:00,solved,2367
1844,2025-12-20 07:00:00,pending,2367
1844,2025-12-23 23:00:00,pending,2367
1845,2025-09-24 11:00:00,open,1595
1845,2025-09-25 06:00:00,closed,1595
1846,2026-02-13 11:00:00,pending,1030
1846,2026-02-14 00:00:00,pending,1030
1846,2026-02-15 05:00:00,open,1030
1846,2026-02-17 17:00:00,closed,1030
1847,2025-11-19 01:00:00,open,2162
1847,2025-11-19 11:00:00,solved,2162
1847,2025-11-21 17:00:00,open,2162
1847,2025-11-19 19:00:00,pending,2162
1847,2025-11-21 05:00:00,open,2162
1847,2025-11-19 21:00:00,closed,2162
1848,2026-01-22 05:00:00,pending,519
1848,2026-01-22 11:00:00,open,519
1848,2026-01-25 05:00:00,closed,519
1849,2026-01-21 01:00:00,open,27
1849,2026-01-21 08:00:00,closed,27
1850,2026-01-07 12:00:00,closed,932
1850,2026-01-07 13:00:00,solved,932
1850,2026-01-09 16:00:00,pending,932
1850,2026-01-11 03:00:00,closed,932
1850,2026-01-12 08:00:00,closed,932
1851,2025-10-07 03:00:00,pending,2297
1851,2025-10-07 07:00:00,pending,2297
1851,2025-10-07 11:00:00,solved,2297
1851,2025-10-10 06:00:00,pending,2297
1851,2025-10-09 03:00:00,pending,2297
1851,2025-10-10 01:00:00,closed,2297
1852,2025-12-23 01:00:00,pending,118
1852,2025-12-23 18:00:00,solved,118
1852,2025-12-24 23:00:00,solved,118
1852,2025-12-24 04:00:00,open,118
1852,2025-12-25 13:00:00,open,118
1852,2025-12-23 16:00:00,open,118
1852,2025-12-31 19:00:00,solved,118
1853,2025-11-05 12:00:00,closed,1872
1853,2025-11-06 23:00:00,open,1872
1853,2025-11-08 08:00:00,solved,1872
1853,2025-11-06 09:00:00,closed,1872
1854,2026-03-01 01:00:00,open,1092
1854,2026-03-01 11:00:00,pending,1092
1854,2026-03-03 23:00:00,open,1092
1854,2026-03-01 10:00:00,closed,1092
1855,2025-10-16 10:00:00,solved,2262
1855,2025-10-16 19:00:00,pending,2262
1855,2025-10-17 08:00:00,open,2262
1855,2025-10-19 01:00:00,solved,2262
1855,2025-10-19 18:00:00,open,2262
1855,2025-10-22 16:00:00,solved,2262
1855,2025-10-22 04:00:00,closed,2262
1855,2025-10-19 01:00:00,closed,2262
1856,2026-01-22 07:00:00,open,1162
1856,2026-01-22 21:00:00,open,1162
1856,2026-01-22 13:00:00,pending,1162
1856,2026-01-23 22:00:00,open,1162
1856,2026-01-26 23:00:00,open,1162
1856,2026-01-29 09:00:00,closed,1162
1857,2026-01-31 04:00:00,solved,2490
1857,2026-01-31 05:00:00,open,2490
1857,2026-02-01 22:00:00,closed,2490
1858,2025-10-06 11:00:00,pending,1588
1858,2025-10-07 04:00:00,open,1588
1858,2025-10-09 01:00:00,closed,1588
1859,2026-01-24 12:00:00,pending,1904
1859,2026-01-25 09:00:00,closed,1904
1860,2026-01-16 07:00:00,open,460
1860,2026-01-17 15:00:00,pending,460
1860,2026-01-19 03:00:00,pending,460
1860,2026-01-19 07:00:00,pending,460
1860,2026-01-18 07:00:00,solved,460
1860,2026-01-21 22:00:00,solved,460
1860,2026-01-24 07:00:00,closed,460
1861,2025-11-25 12:00:00,solved,1470
1861,2025-11-25 16:00:00,closed,1470
1861,2025-11-28 08:00:00,closed,1470
1861,2025-11-29 12:00:00,pending,1470
1861,2025-11-26 00:00:00,pending,1470
1861,2025-12-01 08:00:00,pending,1470
1861,2025-12-02 06:00:00,closed,1470
1862,2026-01-03 05:00:00,closed,642
1862,2026-01-04 12:00:00,closed,642
1862,2026-01-04 13:00:00,pending,642
1862,2026-01-06 11:00:00,open,642
1862,2026-01-07 05:00:00,pending,642
1862,2026-01-07 14:00:00,closed,642
1863,2025-12-07 03:00:00,pending,1806
1863,2025-12-07 08:00:00,pending,1806
1863,2025-12-07 21:00:00,open,1806
1864,2025-10-25 01:00:00,open,112
1864,2025-10-26 11:00:00,open,112
1864,2025-10-27 07:00:00,open,112
1864,2025-10-29 13:00:00,open,112
1864,2025-10-29 21:00:00,open,112
1864,2025-10-25 06:00:00,open,112
1864,2025-10-29 13:00:00,open,112
1864,2025-11-03 02:00:00,closed,112
1865,2026-03-03 06:00:00,pending,585
1865,2026-03-04 03:00:00,closed,585
1866,2026-02-05 08:00:00,pending,26
1866,2026-02-05 15:00:00,solved,26
1866,2026-02-07 10:00:00,pending,26
1866,2026-02-09 14:00:00,closed,26
1866,2026-02-09 04:00:00,pending,26
1866,2026-02-05 23:00:00,open,26
1866,2026-02-13 08:00:00,solved,26
1866,2026-02-11 04:00:00,closed,26
1867,2025-12-17 10:00:00,pending,976
1867,2025-12-18 19:00:00,closed,976
1868,2025-11-10 12:00:00,closed,1678
1868,2025-11-11 09:00:00,pending,1678
1868,2025-11-10 16:00:00,solved,1678
1868,2025-11-13 03:00:00,closed,1678
1869,2025-11-26 02:00:00,closed,1222
1869,2025-11-26 04:00:00,closed,1222
1870,2025-10-31 07:00:00,pending,505
1870,2025-11-01 01:00:00,solved,505
1870,2025-11-01 17:00:00,open,505
1870,2025-10-31 22:00:00,closed,505
1871,2026-01-25 08:00:00,pending,2282
1871,2026-01-26 08:00:00,closed,2282
1871,2026-01-26 18:00:00,solved,2282
1871,2026-01-25 20:00:00,open,2282
1871,2026-01-29 04:00:00,open,2282
1871,2026-01-28 01:00:00,closed,2282
1872,2026-01-21 02:00:00,pending,518
1872,2026-01-21 07:00:00,pending,518
1872,2026-01-21 18:00:00,closed,518
1872,2026-01-22 08:00:00,closed,518
1873,2025-11-02 07:00:00,pending,1620
1873,2025-11-03 00:00:00,closed,1620
1873,2025-11-02 11:00:00,solved,1620
1873,2025-11-05 07:00:00,closed,1620
1873,2025-11-03 15:00:00,closed,1620
1874,2025-09-18 12:00:00,open,1184
1874,2025-09-19 13:00:00,pending,1184
1874,2025-09-20 14:00:00,open,1184
1874,2025-09-19 12:00:00,closed,1184
1875,2025-11-01 03:00:00,open,2382
1875,2025-11-01 16:00:00,pending,2382
1875,2025-11-02 17:00:00,closed,2382
1876,2025-10-18 06:00:00,solved,188
1876,2025-10-18 13:00:00,open,188
1876,2025-10-19 06:00:00,solved,188
1876,2025-10-22 00:00:00,pending,188
1876,2025-10-22 22:00:00,open,188
1876,2025-10-20 08:00:00,pending,188
1876,2025-10-19 12:00:00,pending,188
1877,2026-02-25 12:00:00,pending,2375
1877,2026-02-26 16:00:00,open,2375
1877,2026-02-27 16:00:00,open,2375
1877,2026-02-28 21:00:00,pending,2375
1878,2026-02-10 04:00:00,solved,1116
1878,2026-02-10 12:00:00,closed,1116
1879,2026-02-16 07:00:00,closed,223
1879,2026-02-16 17:00:00,pending,223
1879,2026-02-16 19:00:00,solved,223
1879,2026-02-18 16:00:00,solved,223
1879,2026-02-20 19:00:00,pending,223
1879,2026-02-21 12:00:00,solved,223
1879,2026-02-20 19:00:00,open,223
1879,2026-02-19 05:00:00,closed,223
1880,2025-11-16 01:00:00,pending,1660
1880,2025-11-16 08:00:00,open,1660
1880,2025-11-16 11:00:00,pending,1660
1880,2025-11-20 04:00:00,pending,1660
1880,2025-11-16 09:00:00,closed,1660
1880,2025-11-17 22:00:00,pending,1660
1880,2025-11-22 19:00:00,closed,1660
1880,2025-11-23 08:00:00,closed,1660
1881,2025-12-18 01:00:00,open,910
1881,2025-12-18 12:00:00,pending,910
1881,2025-12-19 03:00:00,closed,910
1882,2025-10-08 03:00:00,pending,2011
1882,2025-10-08 06:00:00,solved,2011
1882,2025-10-10 07:00:00,closed,2011
1883,2025-11-16 04:00:00,solved,1596
1883,2025-11-16 13:00:00,open,1596
1883,2025-11-16 06:00:00,closed,1596
1884,2026-02-13 09:00:00,solved,336
1884,2026-02-14 12:00:00,open,336
1884,2026-02-15 23:00:00,closed,336
1884,2026-02-17 06:00:00,closed,336
1885,2026-01-22 09:00:00,pending,1035
1885,2026-01-22 18:00:00,pending,1035
1885,2026-01-24 03:00:00,pending,1035
1885,2026-01-23 15:00:00,solved,1035
1885,2026-01-26 21:00:00,open,1035
1885,2026-01-22 19:00:00,open,1035
1885,2026-01-23 15:00:00,pending,1035
1885,2026-01-25 00:00:00,closed,1035
1886,2026-01-15 07:00:00,open,929
1886,2026-01-15 23:00:00,closed,929
1887,2026-02-19 05:00:00,open,1034
1887,2026-02-19 13:00:00,open,1034
1887,2026-02-21 21:00:00,open,1034
1887,2026-02-23 17:00:00,open,1034
1887,2026-02-23 09:00:00,open,1034
1887,2026-02-19 15:00:00,pending,1034
1887,2026-02-26 05:00:00,open,1034
1888,2025-12-01 03:00:00,open,1931
1888,2025-12-02 02:00:00,open,1931
1888,2025-12-01 11:00:00,pending,1931
1888,2025-12-05 03:00:00,closed,1931
1889,2026-01-09 05:00:00,solved,853
1889,2026-01-09 22:00:00,open,853
1889,2026-01-12 03:00:00,open,853
1889,2026-01-13 08:00:00,closed,853
1889,2026-01-09 13:00:00,open,853
1890,2026-01-08 06:00:00,solved,2043
1890,2026-01-09 18:00:00,open,2043
1890,2026-01-10 04:00:00,closed,2043
1890,2026-01-10 03:00:00,open,2043
1890,2026-01-10 14:00:00,open,2043
1890,2026-01-09 22:00:00,pending,2043
1890,2026-01-11 12:00:00,open,2043
1890,2026-01-09 10:00:00,pending,2043
1891,2026-02-23 12:00:00,solved,1639
1891,2026-02-24 22:00:00,closed,1639
1891,2026-02-24 02:00:00,pending,1639
1891,2026-02-23 18:00:00,pending,1639
1891,2026-02-25 12:00:00,pending,1639
1891,2026-03-01 23:00:00,pending,1639
1891,2026-03-04 00:00:00,closed,1639
1892,2025-12-18 10:00:00,open,775
1892,2025-12-18 13:00:00,open,775
1892,2025-12-20 02:00:00,pending,775
1892,2025-12-20 16:00:00,solved,775
1892,2025-12-24 10:00:00,pending,775
1892,2025-12-23 15:00:00,pending,775
1892,2025-12-21 16:00:00,solved,775
1893,2026-02-05 02:00:00,open,1313
1893,2026-02-05 15:00:00,pending,1313
1893,2026-02-05 06:00:00,closed,1313
1893,2026-02-08 20:00:00,closed,1313
1893,2026-02-07 18:00:00,closed,1313
1894,2025-09-14 09:00:00,pending,335
1894,2025-09-14 11:00:00,open,335
1894,2025-09-16 13:00:00,solved,335
1894,2025-09-17 15:00:00,pending,335
1894,2025-09-18 13:00:00,pending,335
1895,2025-12-29 08:00:00,solved,2323
1895,2025-12-29 22:00:00,closed,2323
1895,2025-12-31 02:00:00,closed,2323
1895,2026-01-01 05:00:00,solved,2323
1896,2025-09-22 05:00:00,pending,849
1896,2025-09-22 11:00:00,open,849
1896,2025-09-24 19:00:00,pending,849
1896,2025-09-23 14:00:00,open,849
1896,2025-09-22 09:00:00,pending,849
1896,2025-09-25 08:00:00,closed,849
1897,2025-09-23 01:00:00,pending,1448
1897,2025-09-23 04:00:00,closed,1448
1897,2025-09-23 21:00:00,open,1448
1897,2025-09-27 07:00:00,closed,1448
1898,2025-11-18 05:00:00,pending,511
1898,2025-11-19 01:00:00,open,511
1898,2025-11-19 11:00:00,closed,511
1899,2025-12-30 03:00:00,pending,343
1899,2025-12-30 23:00:00,closed,343
1899,2025-12-31 07:00:00,closed,343
1900,2025-11-28 08:00:00,open,597
1900,2025-11-29 04:00:00,open,597
1900,2025-11-29 08:00:00,pending,597
1900,2025-11-30 08:00:00,solved,597
1900,2025-12-02 20:00:00,closed,597
1900,2025-12-05 05:00:00,open,597
1901,2026-01-21 07:00:00,open,2391
1901,2026-01-22 04:00:00,solved,2391
1901,2026-01-21 13:00:00,closed,2391
1902,2025-10-13 10:00:00,closed,2443
1902,2025-10-14 01:00:00,closed,2443
1902,2025-10-14 16:00:00,open,2443
1902,2025-10-17 22:00:00,pending,2443
1902,2025-10-13 18:00:00,open,2443
1902,2025-10-14 21:00:00,solved,2443
1902,2025-10-18 22:00:00,open,2443
1902,2025-10-15 04:00:00,closed,2443
1903,2025-12-03 02:00:00,solved,2152
1903,2025-12-03 03:00:00,pending,2152
1903,2025-12-05 08:00:00,pending,2152
1903,2025-12-03 05:00:00,closed,2152
1904,2025-10-06 01:00:00,pending,314
1904,2025-10-07 09:00:00,closed,314
1904,2025-10-06 09:00:00,open,314
1904,2025-10-09 04:00:00,closed,314
1905,2026-01-20 07:00:00,pending,845
1905,2026-01-20 15:00:00,open,845
1905,2026-01-20 15:00:00,open,845
1905,2026-01-22 07:00:00,pending,845
1905,2026-01-22 03:00:00,pending,845
1905,2026-01-27 04:00:00,closed,845
1906,2026-03-12 01:00:00,closed,659
1906,2026-03-12 06:00:00,solved,659
1906,2026-03-12 23:00:00,open,659
1907,2025-10-29 01:00:00,pending,2104
1907,2025-10-29 09:00:00,open,2104
1907,2025-10-29 11:00:00,closed,2104
1907,2025-10-29 07:00:00,closed,2104
1908,2026-03-11 02:00:00,open,2179
1908,2026-03-11 17:00:00,open,2179
1908,2026-03-13 12:00:00,closed,2179
1908,2026-03-12 05:00:00,pending,2179
1909,2025-10-13 10:00:00,closed,281
1909,2025-10-14 17:00:00,solved,281
1909,2025-10-14 08:00:00,pending,281
1909,2025-10-13 22:00:00,closed,281
1910,2026-03-02 07:00:00,open,2290
1910,2026-03-03 13:00:00,solved,2290
1910,2026-03-03 07:00:00,pending,2290
1910,2026-03-04 19:00:00,open,2290
1910,2026-03-06 23:00:00,open,2290
1910,2026-03-08 18:00:00,pending,2290
1910,2026-03-02 19:00:00,open,2290
1910,2026-03-09 07:00:00,closed,2290
1911,2025-11-29 02:00:00,solved,2279
1911,2025-11-30 11:00:00,open,2279
1911,2025-11-29 18:00:00,pending,2279
1911,2025-12-01 08:00:00,open,2279
1911,2025-11-30 18:00:00,pending,2279
1911,2025-12-05 03:00:00,open,2279
1912,2025-10-06 08:00:00,solved,307
1912,2025-10-06 15:00:00,closed,307
1912,2025-10-06 22:00:00,closed,307
1913,2025-10-30 02:00:00,solved,2023
1913,2025-10-30 13:00:00,open,2023
1913,2025-11-01 02:00:00,pending,2023
1913,2025-10-30 08:00:00,solved,2023
1913,2025-10-31 18:00:00,closed,2023
1913,2025-11-02 15:00:00,closed,2023
1914,2025-12-11 11:00:00,pending,1032
1914,2025-12-12 14:00:00,pending,1032
1914,2025-12-11 21:00:00,pending,1032
1914,2025-12-14 23:00:00,closed,1032
1915,2025-12-17 06:00:00,open,2235
1915,2025-12-18 07:00:00,closed,2235
1915,2025-12-19 04:00:00,open,2235
1915,2025-12-18 03:00:00,open,2235
1915,2025-12-23 02:00:00,solved,2235
1916,2026-01-23 06:00:00,solved,2077
1916,2026-01-24 06:00:00,open,2077
1916,2026-01-24 22:00:00,pending,2077
1916,2026-01-26 03:00:00,open,2077
1916,2026-01-23 10:00:00,open,2077
1916,2026-01-29 12:00:00,closed,2077
1916,2026-01-31 18:00:00,closed,2077
1916,2026-01-24 03:00:00,closed,2077
1917,2026-01-22 07:00:00,open,1571
1917,2026-01-23 09:00:00,pending,1571
1917,2026-01-22 11:00:00,solved,1571
1917,2026-01-26 01:00:00,open,1571
1917,2026-01-26 07:00:00,solved,1571
1917,2026-01-23 18:00:00,pending,1571
1917,2026-01-26 19:00:00,closed,1571
1917,2026-02-01 19:00:00,closed,1571
1918,2026-01-04 09:00:00,open,207
1918,2026-01-05 11:00:00,open,207
1918,2026-01-06 23:00:00,pending,207
1918,2026-01-07 06:00:00,closed,207
1919,2025-12-21 01:00:00,pending,1622
1919,2025-12-21 20:00:00,open,1622
1919,2025-12-23 03:00:00,open,1622
1919,2025-12-21 13:00:00,pending,1622
1919,2025-12-22 01:00:00,open,1622
1919,2025-12-26 11:00:00,closed,1622
1920,2026-03-08 09:00:00,pending,909
1920,2026-03-09 09:00:00,pending,909
1920,2026-03-09 15:00:00,closed,909
1920,2026-03-09 00:00:00,solved,909
1921,2026-02-26 11:00:00,closed,830
1921,2026-02-27 21:00:00,closed,830
1922,2026-02-21 09:00:00,pending,747
1922,2026-02-22 03:00:00,open,747
1922,2026-02-22 15:00:00,closed,747
1923,2026-01-10 12:00:00,solved,2272
1923,2026-01-11 14:00:00,closed,2272
1923,2026-01-11 14:00:00,closed,2272
1924,2025-10-10 11:00:00,open,1114
1924,2025-10-11 21:00:00,open,1114
1924,2025-10-11 11:00:00,closed,1114
1925,2025-12-28 12:00:00,open,878
1925,2025-12-29 10:00:00,closed,878
1926,2025-12-12 05:00:00,closed,423
1926,2025-12-12 23:00:00,pending,423
1926,2025-12-14 15:00:00,pending,423
1926,2025-12-16 08:00:00,open,423
1926,2025-12-14 13:00:00,pending,423
1926,2025-12-17 15:00:00,solved,423
1927,2025-09-21 04:00:00,open,1473
1927,2025-09-21 23:00:00,open,1473
1927,2025-09-22 06:00:00,solved,1473
1927,2025-09-22 04:00:00,pending,1473
1927,2025-09-24 04:00:00,solved,1473
1927,2025-09-21 19:00:00,pending,1473
1927,2025-09-27 16:00:00,closed,1473
1928,2025-10-27 05:00:00,pending,1169
1928,2025-10-27 17:00:00,solved,1169
1928,2025-10-29 01:00:00,closed,1169
1929,2026-02-28 01:00:00,closed,1169
1929,2026-03-01 03:00:00,open,1169
1929,2026-03-02 23:00:00,pending,1169
1929,2026-03-03 19:00:00,solved,1169
1929,2026-03-02 13:00:00,open,1169
1929,2026-03-04 00:00:00,pending,1169
1929,2026-03-04 13:00:00,closed,1169
1930,2026-01-15 10:00:00,solved,2051
1930,2026-01-16 02:00:00,open,2051
1930,2026-01-18 04:00:00,closed,2051
1930,2026-01-19 13:00:00,solved,2051
1931,2025-10-05 02:00:00,pending,319
1931,2025-10-05 14:00:00,closed,319
1931,2025-10-05 06:00:00,solved,319
1931,2025-10-06 05:00:00,pending,319
1931,2025-10-11 02:00:00,closed,319
1932,2026-03-05 12:00:00,pending,1878
1932,2026-03-06 22:00:00,closed,1878
1933,2026-02-11 02:00:00,closed,934
1933,2026-02-12 06:00:00,closed,934
1933,2026-02-13 02:00:00,closed,934
1933,2026-02-11 23:00:00,pending,934
1933,2026-02-16 02:00:00,open,934
1933,2026-02-17 08:00:00,pending,934
1933,2026-02-18 20:00:00,closed,934
1934,2026-02-20 03:00:00,pending,1814
1934,2026-02-20 13:00:00,solved,1814
1934,2026-02-21 19:00:00,pending,1814
1934,2026-02-24 12:00:00,closed,1814
1934,2026-02-22 11:00:00,solved,1814
1934,2026-02-25 18:00:00,closed,1814
1934,2026-02-27 21:00:00,closed,1814
1935,2026-01-01 04:00:00,open,1270
1935,2026-01-02 00:00:00,pending,1270
1935,2026-01-02 16:00:00,pending,1270
1935,2026-01-04 10:00:00,pending,1270
1935,2026-01-03 04:00:00,open,1270
1935,2026-01-03 11:00:00,open,1270
1935,2026-01-08 10:00:00,closed,1270
1936,2025-12-28 10:00:00,pending,1194
1936,2025-12-29 06:00:00,open,1194
1936,2025-12-31 02:00:00,open,1194
1936,2025-12-30 16:00:00,open,1194
1936,2025-12-30 02:00:00,solved,1194
1936,2025-12-29 06:00:00,pending,1194
1936,2025-12-29 22:00:00,closed,1194
1937,2025-12-22 09:00:00,solved,1114
1937,2025-12-22 18:00:00,open,1114
1937,2025-12-23 17:00:00,closed,1114
1937,2025-12-22 12:00:00,closed,1114
1937,2025-12-22 17:00:00,pending,1114
1937,2025-12-23 15:00:00,open,1114
1937,2025-12-23 09:00:00,closed,1114
1938,2026-01-19 08:00:00,open,8
1938,2026-01-19 12:00:00,open,8
1938,2026-01-21 00:00:00,pending,8
1938,2026-01-22 14:00:00,solved,8
1938,2026-01-24 04:00:00,pending,8
1938,2026-01-23 17:00:00,solved,8
1938,2026-01-20 20:00:00,closed,8
1939,2025-11-15 07:00:00,closed,668
1939,2025-11-15 08:00:00,closed,668
1939,2025-11-16 17:00:00,closed,668
1939,2025-11-15 13:00:00,open,668
1939,2025-11-15 19:00:00,pending,668
1939,2025-11-16 03:00:00,closed,668
1940,2026-01-04 04:00:00,pending,1817
1940,2026-01-04 19:00:00,pending,1817
1940,2026-01-04 06:00:00,open,1817
1940,2026-01-05 04:00:00,solved,1817
1940,2026-01-09 20:00:00,open,1817
1940,2026-01-07 07:00:00,open,1817
1940,2026-01-12 22:00:00,solved,1817
1941,2025-12-25 04:00:00,solved,1978
1941,2025-12-25 13:00:00,solved,1978
1941,2025-12-25 06:00:00,closed,1978
1941,2025-12-27 16:00:00,open,1978
1942,2025-12-27 08:00:00,pending,1601
1942,2025-12-27 21:00:00,solved,1601
1942,2025-12-28 18:00:00,closed,1601
1943,2025-12-06 06:00:00,pending,1488
1943,2025-12-06 07:00:00,closed,1488
1943,2025-12-06 14:00:00,closed,1488
1944,2026-02-22 10:00:00,open,1208
1944,2026-02-22 15:00:00,open,1208
1944,2026-02-24 00:00:00,open,1208
1944,2026-02-24 19:00:00,closed,1208
1945,2025-12-14 11:00:00,open,1655
1945,2025-12-15 15:00:00,pending,1655
1945,2025-12-15 13:00:00,open,1655
1945,2025-12-15 20:00:00,pending,1655
1945,2025-12-15 11:00:00,closed,1655
1946,2026-03-01 08:00:00,closed,1841
1946,2026-03-01 14:00:00,closed,1841
1947,2025-11-04 04:00:00,open,768
1947,2025-11-05 00:00:00,closed,768
1947,2025-11-05 22:00:00,open,768
1947,2025-11-05 01:00:00,open,768
1947,2025-11-08 08:00:00,pending,768
1947,2025-11-05 05:00:00,pending,768
1948,2025-10-17 09:00:00,open,816
1948,2025-10-18 06:00:00,open,816
1948,2025-10-19 23:00:00,pending,816
1948,2025-10-18 18:00:00,open,816
1948,2025-10-17 21:00:00,closed,816
1949,2025-12-26 09:00:00,open,696
1949,2025-12-27 13:00:00,closed,696
1950,2026-01-17 11:00:00,pending,968
1950,2026-01-18 19:00:00,open,968
1950,2026-01-17 21:00:00,open,968
1950,2026-01-19 14:00:00,solved,968
1950,2026-01-20 23:00:00,open,968
1950,2026-01-18 12:00:00,solved,968
1950,2026-01-25 05:00:00,open,968
1950,2026-01-19 12:00:00,closed,968
1951,2025-12-02 09:00:00,solved,1120
1951,2025-12-03 10:00:00,pending,1120
1951,2025-12-04 19:00:00,pending,1120
1951,2025-12-04 06:00:00,pending,1120
1951,2025-12-07 05:00:00,open,1120
1951,2025-12-08 10:00:00,open,1120
1951,2025-12-10 09:00:00,closed,1120
1951,2025-12-08 12:00:00,closed,1120
1952,2025-10-28 11:00:00,pending,715
1952,2025-10-29 00:00:00,open,715
1952,2025-10-31 03:00:00,open,715
1952,2025-10-30 23:00:00,closed,715
1953,2025-12-12 07:00:00,solved,2200
1953,2025-12-13 01:00:00,pending,2200
1953,2025-12-14 11:00:00,pending,2200
1953,2025-12-15 07:00:00,open,2200
1953,2025-12-12 11:00:00,pending,2200
1954,2025-10-19 03:00:00,pending,128
1954,2025-10-19 14:00:00,pending,128
1954,2025-10-20 11:00:00,pending,128
1954,2025-10-21 03:00:00,pending,128
1954,2025-10-24 15:00:00,closed,128
1955,2025-11-09 01:00:00,closed,89
1955,2025-11-09 05:00:00,closed,89
1955,2025-11-12 01:00:00,open,89
1955,2025-11-13 13:00:00,pending,89
1955,2025-11-14 09:00:00,closed,89
1956,2025-10-23 08:00:00,open,1075
1956,2025-10-23 13:00:00,closed,1075
1956,2025-10-25 04:00:00,closed,1075
1956,2025-10-23 14:00:00,open,1075
1956,2025-10-23 16:00:00,solved,1075
1956,2025-10-23 23:00:00,open,1075
1956,2025-10-26 20:00:00,solved,1075
1956,2025-10-24 19:00:00,closed,1075
1957,2025-09-28 06:00:00,pending,2345
1957,2025-09-29 06:00:00,solved,2345
1958,2026-02-12 03:00:00,solved,1225
1958,2026-02-13 00:00:00,pending,1225
1959,2025-11-24 09:00:00,open,189
1959,2025-11-25 20:00:00,pending,189
1959,2025-11-25 05:00:00,open,189
1959,2025-11-25 06:00:00,solved,189
1959,2025-11-29 17:00:00,open,189
1959,2025-11-28 23:00:00,pending,189
1960,2026-02-13 12:00:00,pending,619
1960,2026-02-14 13:00:00,solved,619
1960,2026-02-14 12:00:00,open,619
1960,2026-02-15 09:00:00,closed,619
1961,2026-03-08 07:00:00,open,1259
1961,2026-03-09 10:00:00,open,1259
1961,2026-03-09 11:00:00,open,1259
1961,2026-03-12 13:00:00,open,1259
1962,2026-02-18 00:00:00,closed,2110
1962,2026-02-18 01:00:00,pending,2110
1962,2026-02-19 10:00:00,open,2110
1962,2026-02-19 15:00:00,open,2110
1962,2026-02-18 12:00:00,pending,2110
1963,2025-12-04 07:00:00,pending,1956
1963,2025-12-05 12:00:00,open,1956
1963,2025-12-06 15:00:00,closed,1956
1964,2025-12-29 11:00:00,pending,2262
1964,2025-12-30 21:00:00,solved,2262
1964,2025-12-31 01:00:00,open,2262
1964,2026-01-01 23:00:00,solved,2262
1964,2026-01-03 03:00:00,closed,2262
1964,2026-01-05 23:00:00,pending,2262
1964,2025-12-30 05:00:00,open,2262
1964,2025-12-30 08:00:00,closed,2262
1965,2025-09-22 12:00:00,open,1684
1965,2025-09-22 15:00:00,closed,1684
1965,2025-09-23 04:00:00,open,1684
1965,2025-09-23 15:00:00,solved,1684
1965,2025-09-27 20:00:00,closed,1684
1965,2025-09-29 09:00:00,open,1684
1965,2025-10-01 12:00:00,solved,1684
1965,2025-09-28 15:00:00,closed,1684
1966,2025-10-14 00:00:00,open,2220
1966,2025-10-14 14:00:00,open,2220
1966,2025-10-15 08:00:00,closed,2220
1967,2026-02-13 00:00:00,closed,1507
1967,2026-02-13 09:00:00,open,1507
1967,2026-02-15 02:00:00,solved,1507
1967,2026-02-16 09:00:00,closed,1507
1968,2026-01-12 03:00:00,pending,993
1968,2026-01-12 20:00:00,open,993
1968,2026-01-14 19:00:00,open,993
1968,2026-01-12 09:00:00,pending,993
1968,2026-01-16 19:00:00,closed,993
1968,2026-01-19 10:00:00,closed,993
1969,2025-12-10 00:00:00,closed,2039
1969,2025-12-10 23:00:00,closed,2039
1970,2025-09-14 12:00:00,closed,1277
1970,2025-09-15 07:00:00,closed,1277
1971,2026-02-04 12:00:00,closed,1405
1971,2026-02-05 09:00:00,pending,1405
1971,2026-02-05 02:00:00,open,1405
1971,2026-02-08 21:00:00,pending,1405
1971,2026-02-10 08:00:00,pending,1405
1971,2026-02-05 03:00:00,closed,1405
1972,2025-12-12 05:00:00,pending,728
1972,2025-12-12 15:00:00,solved,728
1972,2025-12-13 03:00:00,pending,728
1972,2025-12-16 14:00:00,pending,728
1972,2025-12-17 13:00:00,closed,728
1973,2025-09-29 10:00:00,open,1542
1973,2025-09-30 22:00:00,open,1542
1973,2025-10-02 10:00:00,pending,1542
1973,2025-10-03 22:00:00,pending,1542
1973,2025-10-03 10:00:00,pending,1542
1973,2025-10-03 19:00:00,pending,1542
1973,2025-09-30 16:00:00,pending,1542
1973,2025-10-05 20:00:00,pending,1542
1974,2025-10-28 08:00:00,closed,646
1974,2025-10-29 07:00:00,open,646
1974,2025-10-30 14:00:00,closed,646
1974,2025-10-31 05:00:00,open,646
1974,2025-10-30 20:00:00,open,646
1974,2025-10-29 09:00:00,open,646
1974,2025-11-04 08:00:00,open,646
1974,2025-11-02 00:00:00,closed,646
1975,2025-12-02 02:00:00,closed,665
1975,2025-12-02 17:00:00,open,665
1975,2025-12-02 12:00:00,solved,665
1975,2025-12-03 17:00:00,pending,665
1975,2025-12-05 06:00:00,closed,665
1976,2026-03-08 12:00:00,open,1657
1976,2026-03-09 23:00:00,closed,1657
1977,2025-09-26 09:00:00,open,825
1977,2025-09-27 16:00:00,solved,825
1977,2025-09-27 23:00:00,open,825
1977,2025-09-26 12:00:00,solved,825
1977,2025-09-26 17:00:00,open,825
1977,2025-09-27 00:00:00,closed,825
1977,2025-09-30 21:00:00,open,825
1977,2025-10-06 14:00:00,closed,825
1978,2026-02-14 11:00:00,open,72
1978,2026-02-15 17:00:00,open,72
1978,2026-02-16 23:00:00,open,72
1978,2026-02-16 20:00:00,pending,72
1978,2026-02-19 03:00:00,pending,72
1978,2026-02-19 06:00:00,pending,72
1978,2026-02-20 05:00:00,closed,72
1979,2025-11-15 05:00:00,open,393
1979,2025-11-15 21:00:00,open,393
1979,2025-11-17 01:00:00,pending,393
1979,2025-11-15 11:00:00,open,393
1979,2025-11-16 09:00:00,closed,393
1979,2025-11-18 03:00:00,closed,393
1980,2025-12-05 10:00:00,open,1541
1980,2025-12-05 19:00:00,open,1541
1980,2025-12-05 20:00:00,pending,1541
1980,2025-12-07 13:00:00,open,1541
1980,2025-12-11 10:00:00,open,1541
1981,2026-02-17 02:00:00,pending,1359
1981,2026-02-17 12:00:00,closed,1359
1981,2026-02-17 22:00:00,solved,1359
1981,2026-02-17 11:00:00,closed,1359
1982,2025-10-10 09:00:00,solved,1131
1982,2025-10-10 12:00:00,closed,1131
1982,2025-10-11 23:00:00,pending,1131
1982,2025-10-10 18:00:00,pending,1131
1982,2025-10-14 17:00:00,closed,1131
1982,2025-10-15 14:00:00,closed,1131
1983,2025-11-22 03:00:00,open,1836
1983,2025-11-22 21:00:00,open,1836
1984,2025-10-17 06:00:00,open,769
1984,2025-10-18 15:00:00,closed,769
1985,2025-11-19 01:00:00,pending,171
1985,2025-11-20 02:00:00,pending,171
1985,2025-11-20 19:00:00,pending,171
1985,2025-11-21 22:00:00,open,171
1985,2025-11-24 21:00:00,solved,171
1986,2026-03-03 10:00:00,pending,1636
1986,2026-03-04 07:00:00,open,1636
1986,2026-03-06 00:00:00,closed,1636
1987,2025-11-16 07:00:00,solved,429
1987,2025-11-17 03:00:00,pending,429
1987,2025-11-19 05:00:00,closed,429
1987,2025-11-19 01:00:00,solved,429
1987,2025-11-19 23:00:00,pending,429
1987,2025-11-17 13:00:00,pending,429
1987,2025-11-24 13:00:00,solved,429
1988,2026-01-04 02:00:00,pending,191
1988,2026-01-04 12:00:00,open,191
1988,2026-01-04 22:00:00,closed,191
1989,2026-03-09 01:00:00,pending,865
1989,2026-03-09 02:00:00,pending,865
1989,2026-03-11 03:00:00,solved,865
1989,2026-03-12 04:00:00,solved,865
1989,2026-03-09 05:00:00,solved,865
1989,2026-03-09 16:00:00,open,865
1989,2026-03-14 01:00:00,pending,865
1990,2026-01-20 03:00:00,closed,1233
1990,2026-01-20 19:00:00,pending,1233
1990,2026-01-21 15:00:00,solved,1233
1990,2026-01-21 18:00:00,open,1233
1990,2026-01-21 11:00:00,open,1233
1990,2026-01-27 05:00:00,pending,1233
1990,2026-01-23 03:00:00,closed,1233
1991,2025-10-06 01:00:00,solved,1414
1991,2025-10-06 07:00:00,pending,1414
1992,2026-02-20 12:00:00,pending,226
1992,2026-02-21 13:00:00,solved,226
1992,2026-02-21 18:00:00,closed,226
1992,2026-02-23 03:00:00,closed,226
1993,2025-10-15 10:00:00,open,2365
1993,2025-10-16 09:00:00,closed,2365
1994,2025-10-14 03:00:00,open,1751
1994,2025-10-14 13:00:00,pending,1751
1994,2025-10-16 11:00:00,closed,1751
1995,2025-11-10 08:00:00,open,910
1995,2025-11-10 14:00:00,closed,910
1996,2026-01-09 02:00:00,pending,734
1996,2026-01-10 01:00:00,closed,734
1997,2026-02-09 11:00:00,pending,1738
1997,2026-02-10 14:00:00,pending,1738
1997,2026-02-10 11:00:00,pending,1738
1997,2026-02-10 20:00:00,open,1738
1997,2026-02-12 15:00:00,open,1738
1997,2026-02-16 18:00:00,solved,1738
1997,2026-02-09 23:00:00,open,1738
1998,2025-11-07 02:00:00,open,1970
1998,2025-11-07 07:00:00,closed,1970
1999,2025-10-01 06:00:00,pending,1669
1999,2025-10-01 10:00:00,open,1669
1999,2025-10-03 22:00:00,closed,1669
2000,2025-09-17 09:00:00,open,237
2000,2025-09-18 20:00:00,open,237
2000,2025-09-20 05:00:00,closed,237
2000,2025-09-20 00:00:00,open,237
2000,2025-09-18 13:00:00,open,237
2000,2025-09-18 05:00:00,open,237
2000,2025-09-25 03:00:00,closed,237
2001,2025-11-06 06:00:00,closed,1468
2001,2025-11-06 07:00:00,pending,1468
2001,2025-11-06 16:00:00,pending,1468
2001,2025-11-10 15:00:00,closed,1468
2002,2026-02-18 11:00:00,solved,190
2002,2026-02-19 12:00:00,pending,190
2002,2026-02-20 11:00:00,closed,190
2002,2026-02-19 14:00:00,closed,190
2002,2026-02-18 23:00:00,open,190
2002,2026-02-18 21:00:00,closed,190
2003,2026-01-19 03:00:00,pending,1346
2003,2026-01-19 21:00:00,pending,1346
2003,2026-01-21 09:00:00,open,1346
2003,2026-01-21 00:00:00,solved,1346
2003,2026-01-21 11:00:00,closed,1346
2003,2026-01-24 08:00:00,solved,1346
2003,2026-01-22 21:00:00,closed,1346
2004,2025-09-26 11:00:00,open,171
2004,2025-09-26 12:00:00,pending,171
2004,2025-09-28 21:00:00,open,171
2004,2025-09-26 20:00:00,pending,171
2004,2025-09-29 19:00:00,open,171
2004,2025-10-03 23:00:00,closed,171
2005,2025-12-12 05:00:00,open,594
2005,2025-12-12 19:00:00,open,594
2005,2025-12-14 05:00:00,pending,594
2005,2025-12-16 14:00:00,solved,594
2005,2025-12-12 13:00:00,closed,594
2006,2025-09-17 05:00:00,pending,512
2006,2025-09-17 21:00:00,open,512
2006,2025-09-18 07:00:00,closed,512
2007,2025-12-24 07:00:00,open,814
2007,2025-12-24 14:00:00,pending,814
2007,2025-12-25 05:00:00,closed,814
2007,2025-12-26 07:00:00,closed,814
2007,2025-12-30 07:00:00,solved,814
2007,2025-12-25 08:00:00,closed,814
2008,2026-02-19 12:00:00,open,784
2008,2026-02-20 08:00:00,pending,784
2008,2026-02-21 00:00:00,open,784
2008,2026-02-20 09:00:00,closed,784
2009,2025-10-25 02:00:00,solved,559
2009,2025-10-25 06:00:00,open,559
2009,2025-10-27 02:00:00,pending,559
2009,2025-10-28 11:00:00,open,559
2009,2025-10-27 06:00:00,open,559
2009,2025-10-27 09:00:00,pending,559
2009,2025-11-01 14:00:00,closed,559
2010,2026-01-20 00:00:00,closed,408
2010,2026-01-21 07:00:00,solved,408
2010,2026-01-22 02:00:00,pending,408
2010,2026-01-21 18:00:00,open,408
2010,2026-01-24 12:00:00,pending,408
2010,2026-01-22 02:00:00,closed,408
2011,2026-02-23 10:00:00,closed,686
2011,2026-02-24 14:00:00,open,686
2011,2026-02-24 06:00:00,open,686
2011,2026-02-23 22:00:00,pending,686
2011,2026-02-27 22:00:00,closed,686
2012,2025-10-02 01:00:00,pending,1109
2012,2025-10-03 13:00:00,open,1109
2012,2025-10-02 21:00:00,open,1109
2012,2025-10-05 22:00:00,pending,1109
2012,2025-10-06 05:00:00,closed,1109
2012,2025-10-09 08:00:00,open,1109
2012,2025-10-09 13:00:00,closed,1109
2013,2025-11-08 04:00:00,pending,853
2013,2025-11-08 19:00:00,open,853
2013,2025-11-10 04:00:00,pending,853
2013,2025-11-08 22:00:00,pending,853
2013,2025-11-10 16:00:00,pending,853
2013,2025-11-14 05:00:00,closed,853
2014,2026-02-12 07:00:00,pending,1469
2014,2026-02-12 12:00:00,closed,1469
2015,2026-02-10 01:00:00,open,1456
2015,2026-02-11 12:00:00,open,1456
2015,2026-02-11 09:00:00,pending,1456
2015,2026-02-14 10:00:00,closed,1456
2016,2025-09-25 05:00:00,open,382
2016,2025-09-25 08:00:00,open,382
2016,2025-09-27 19:00:00,solved,382
2016,2025-09-26 05:00:00,open,382
2016,2025-09-27 17:00:00,solved,382
2016,2025-10-02 02:00:00,solved,382
2017,2025-11-27 01:00:00,pending,917
2017,2025-11-28 04:00:00,closed,917
2018,2025-12-07 04:00:00,solved,1059
2018,2025-12-08 05:00:00,open,1059
2018,2025-12-08 22:00:00,pending,1059
2018,2025-12-09 22:00:00,closed,1059
2018,2025-12-12 08:00:00,open,1059
2019,2026-02-16 10:00:00,open,1548
2019,2026-02-17 12:00:00,closed,1548
2020,2025-12-08 06:00:00,closed,167
2020,2025-12-09 06:00:00,closed,167
2021,2026-02-06 01:00:00,solved,1033
2021,2026-02-06 21:00:00,open,1033
2021,2026-02-06 23:00:00,pending,1033
2021,2026-02-09 16:00:00,pending,1033
2021,2026-02-09 05:00:00,closed,1033
2022,2025-10-09 11:00:00,open,1942
2022,2025-10-10 21:00:00,open,1942
2022,2025-10-09 17:00:00,pending,1942
2022,2025-10-09 17:00:00,pending,1942
2022,2025-10-13 03:00:00,open,1942
2022,2025-10-12 09:00:00,closed,1942
2023,2025-09-15 04:00:00,solved,359
2023,2025-09-15 23:00:00,closed,359
2024,2025-12-05 00:00:00,pending,2059
2024,2025-12-05 11:00:00,open,2059
2024,2025-12-06 02:00:00,pending,2059
2024,2025-12-08 18:00:00,solved,2059
2024,2025-12-08 00:00:00,open,2059
2024,2025-12-05 05:00:00,closed,2059
2025,2026-02-08 09:00:00,open,2149
2025,2026-02-09 19:00:00,solved,2149
2025,2026-02-10 05:00:00,open,2149
2025,2026-02-11 00:00:00,closed,2149
2025,2026-02-10 05:00:00,closed,2149
2025,2026-02-14 10:00:00,pending,2149
2025,2026-02-14 03:00:00,pending,2149
2025,2026-02-12 04:00:00,closed,2149
2026,2026-02-16 02:00:00,open,15
2026,2026-02-16 11:00:00,pending,15
2026,2026-02-17 22:00:00,solved,15
2026,2026-02-20 08:00:00,pending,15
2026,2026-02-16 10:00:00,pending,15
2026,2026-02-20 21:00:00,open,15
2026,2026-02-24 08:00:00,open,15
2026,2026-02-21 15:00:00,solved,15
2027,2026-02-08 04:00:00,pending,1349
2027,2026-02-08 13:00:00,solved,1349
2027,2026-02-08 06:00:00,pending,1349
2027,2026-02-09 19:00:00,solved,1349
2027,2026-02-11 12:00:00,closed,1349
2028,2026-03-08 00:00:00,open,1061
2028,2026-03-08 13:00:00,pending,1061
2028,2026-03-09 08:00:00,solved,1061
2029,2026-02-01 10:00:00,solved,1798
2029,2026-02-02 01:00:00,closed,1798
2029,2026-02-03 08:00:00,closed,1798
2029,2026-02-02 13:00:00,pending,1798
2029,2026-02-05 02:00:00,pending,1798
2030,2025-12-17 02:00:00,closed,2248
2030,2025-12-18 13:00:00,pending,2248
2030,2025-12-18 04:00:00,closed,2248
2031,2026-01-15 04:00:00,open,1652
2031,2026-01-15 10:00:00,open,1652
2031,2026-01-16 00:00:00,open,1652
2031,2026-01-15 13:00:00,open,1652
2031,2026-01-19 16:00:00,open,1652
2031,2026-01-19 13:00:00,closed,1652
2032,2025-11-03 10:00:00,open,118
2032,2025-11-04 22:00:00,solved,118
2032,2025-11-05 18:00:00,solved,118
2032,2025-11-07 22:00:00,closed,118
2033,2026-03-08 00:00:00,closed,1431
2033,2026-03-08 19:00:00,pending,1431
2033,2026-03-09 06:00:00,pending,1431
2033,2026-03-09 03:00:00,open,1431
2033,2026-03-09 04:00:00,closed,1431
2033,2026-03-15 07:00:00,open,1431
2034,2026-01-23 11:00:00,closed,817
2034,2026-01-24 02:00:00,pending,817
2035,2025-10-06 07:00:00,open,811
2035,2025-10-07 16:00:00,pending,811
2035,2025-10-07 23:00:00,solved,811
2035,2025-10-06 16:00:00,closed,811
2036,2025-11-23 01:00:00,open,1288
2036,2025-11-23 17:00:00,open,1288
2036,2025-11-25 01:00:00,pending,1288
2036,2025-11-24 16:00:00,closed,1288
2037,2026-02-05 07:00:00,pending,1438
2037,2026-02-06 19:00:00,pending,1438
2037,2026-02-07 13:00:00,solved,1438
2037,2026-02-09 04:00:00,closed,1438
2038,2025-09-26 01:00:00,pending,1010
2038,2025-09-26 13:00:00,solved,1010
2038,2025-09-28 01:00:00,solved,1010
2038,2025-09-27 07:00:00,pending,1010
2038,2025-09-30 13:00:00,closed,1010
2038,2025-09-27 22:00:00,open,1010
2038,2025-10-02 01:00:00,closed,1010
2039,2025-09-17 04:00:00,closed,171
2039,2025-09-17 22:00:00,solved,171
2039,2025-09-19 16:00:00,solved,171
2039,2025-09-20 13:00:00,solved,171
2039,2025-09-18 16:00:00,closed,171
2039,2025-09-19 21:00:00,closed,171
2039,2025-09-22 04:00:00,closed,171
2040,2026-03-05 08:00:00,closed,1991
2040,2026-03-06 13:00:00,pending,1991
2041,2026-03-10 00:00:00,solved,1104
2041,2026-03-10 16:00:00,solved,1104
2041,2026-03-11 20:00:00,solved,1104
2041,2026-03-10 06:00:00,closed,1104
2042,2025-10-13 08:00:00,solved,848
2042,2025-10-13 18:00:00,pending,848
2042,2025-10-16 02:00:00,pending,848
2042,2025-10-16 05:00:00,solved,848
2042,2025-10-14 00:00:00,pending,848
2042,2025-10-20 15:00:00,pending,848
2042,2025-10-13 14:00:00,solved,848
2042,2025-10-21 19:00:00,closed,848
2043,2025-11-20 05:00:00,pending,1944
2043,2025-11-20 15:00:00,closed,1944
2043,2025-11-22 23:00:00,closed,1944
2043,2025-11-21 02:00:00,pending,1944
2043,2025-11-24 09:00:00,closed,1944
2044,2025-12-08 09:00:00,solved,1307
2044,2025-12-09 18:00:00,open,1307
2044,2025-12-10 23:00:00,solved,1307
2044,2025-12-11 06:00:00,closed,1307
2044,2025-12-11 17:00:00,closed,1307
2044,2025-12-10 11:00:00,open,1307
2044,2025-12-09 03:00:00,open,1307
2044,2025-12-13 08:00:00,closed,1307
2045,2026-01-07 12:00:00,pending,879
2045,2026-01-08 00:00:00,open,879
2045,2026-01-09 14:00:00,pending,879
2045,2026-01-08 21:00:00,pending,879
2045,2026-01-09 08:00:00,pending,879
2045,2026-01-14 09:00:00,pending,879
2045,2026-01-14 12:00:00,closed,879
2046,2025-10-04 06:00:00,open,39
2046,2025-10-05 07:00:00,open,39
2046,2025-10-06 16:00:00,solved,39
2046,2025-10-08 06:00:00,closed,39
2046,2025-10-10 02:00:00,solved,39
2046,2025-10-05 12:00:00,pending,39
2046,2025-10-08 18:00:00,closed,39
2047,2025-09-17 12:00:00,solved,1659
2047,2025-09-18 15:00:00,open,1659
2047,2025-09-18 06:00:00,open,1659
2047,2025-09-19 03:00:00,open,1659
2047,2025-09-21 08:00:00,pending,1659
2047,2025-09-20 15:00:00,open,1659
2047,2025-09-18 18:00:00,closed,1659
2048,2025-11-01 00:00:00,open,516
2048,2025-11-01 06:00:00,solved,516
2048,2025-11-02 10:00:00,pending,516
2048,2025-11-03 21:00:00,open,516
2048,2025-11-05 20:00:00,pending,516
2048,2025-11-04 03:00:00,solved,516
2048,2025-11-06 12:00:00,closed,516
2049,2025-09-27 06:00:00,solved,300
2049,2025-09-28 10:00:00,solved,300
2049,2025-09-27 22:00:00,open,300
2050,2025-12-11 04:00:00,open,397
2050,2025-12-12 00:00:00,solved,397
2050,2025-12-11 16:00:00,solved,397
2050,2025-12-12 19:00:00,pending,397
2050,2025-12-14 04:00:00,closed,397
2050,2025-12-16 04:00:00,closed,397
2050,2025-12-16 16:00:00,pending,397
2051,2025-12-22 00:00:00,open,985
2051,2025-12-22 12:00:00,solved,985
2051,2025-12-23 08:00:00,closed,985
2051,2025-12-23 06:00:00,solved,985
2051,2025-12-25 16:00:00,pending,985
2051,2025-12-23 16:00:00,open,985
2052,2026-02-27 09:00:00,open,792
2052,2026-02-28 18:00:00,open,792
2053,2026-02-28 08:00:00,open,1428
2053,2026-03-01 01:00:00,pending,1428
2053,2026-03-01 22:00:00,pending,1428
2053,2026-03-04 11:00:00,closed,1428
2054,2025-09-21 10:00:00,pending,972
2054,2025-09-22 10:00:00,open,972
2054,2025-09-22 22:00:00,closed,972
2054,2025-09-23 13:00:00,pending,972
2054,2025-09-26 18:00:00,closed,972
2054,2025-09-22 16:00:00,open,972
2054,2025-09-30 10:00:00,closed,972
2055,2025-11-27 11:00:00,open,2164
2055,2025-11-28 23:00:00,open,2164
2056,2026-03-05 05:00:00,pending,258
2056,2026-03-06 16:00:00,open,258
2056,2026-03-05 07:00:00,open,258
2056,2026-03-06 20:00:00,closed,258
2056,2026-03-05 09:00:00,solved,258
2056,2026-03-12 17:00:00,open,258
2057,2025-09-24 08:00:00,solved,1076
2057,2025-09-24 18:00:00,solved,1076
2057,2025-09-27 06:00:00,closed,1076
2057,2025-09-26 05:00:00,pending,1076
2057,2025-09-26 16:00:00,open,1076
2057,2025-09-27 01:00:00,open,1076
2057,2025-09-26 02:00:00,open,1076
2057,2025-10-02 19:00:00,pending,1076
2058,2026-01-28 08:00:00,pending,984
2058,2026-01-29 08:00:00,closed,984
2058,2026-01-30 14:00:00,closed,984
2059,2025-12-18 00:00:00,open,1467
2059,2025-12-18 18:00:00,closed,1467
2060,2026-01-18 12:00:00,solved,2402
2060,2026-01-19 02:00:00,open,2402
2060,2026-01-20 10:00:00,pending,2402
2060,2026-01-21 21:00:00,closed,2402
2060,2026-01-21 12:00:00,solved,2402
2060,2026-01-19 13:00:00,closed,2402
2060,2026-01-24 00:00:00,closed,2402
2061,2025-12-06 02:00:00,solved,2412
2061,2025-12-07 01:00:00,pending,2412
2061,2025-12-08 10:00:00,closed,2412
2061,2025-12-09 05:00:00,open,2412
2061,2025-12-06 06:00:00,closed,2412
2061,2025-12-09 10:00:00,closed,2412
2061,2025-12-12 08:00:00,open,2412
2061,2025-12-16 07:00:00,closed,2412
2062,2025-12-10 05:00:00,open,2374
2062,2025-12-10 09:00:00,closed,2374
2062,2025-12-11 17:00:00,closed,2374
2062,2025-12-12 14:00:00,open,2374
2062,2025-12-11 21:00:00,closed,2374
2063,2025-09-24 08:00:00,pending,1491
2063,2025-09-25 07:00:00,closed,1491
2063,2025-09-25 12:00:00,solved,1491
2063,2025-09-28 11:00:00,closed,1491
2064,2026-01-26 09:00:00,open,1251
2064,2026-01-26 12:00:00,open,1251
2064,2026-01-27 13:00:00,pending,1251
2064,2026-01-28 00:00:00,open,1251
2064,2026-01-31 21:00:00,open,1251
2064,2026-02-02 11:00:00,closed,1251
2065,2026-02-21 11:00:00,open,255
2065,2026-02-21 20:00:00,pending,255
2065,2026-02-21 23:00:00,pending,255
2065,2026-02-24 05:00:00,closed,255
2065,2026-02-25 19:00:00,solved,255
2065,2026-02-27 22:00:00,closed,255
2066,2026-01-07 03:00:00,solved,1423
2066,2026-01-07 08:00:00,solved,1423
2066,2026-01-07 05:00:00,pending,1423
2066,2026-01-08 12:00:00,pending,1423
2066,2026-01-07 15:00:00,open,1423
2066,2026-01-13 09:00:00,closed,1423
2067,2026-03-03 02:00:00,solved,256
2067,2026-03-04 00:00:00,solved,256
2067,2026-03-03 10:00:00,solved,256
2067,2026-03-05 14:00:00,pending,256
2067,2026-03-06 06:00:00,closed,256
2068,2025-11-09 02:00:00,open,2437
2068,2025-11-09 12:00:00,open,2437
2068,2025-11-11 22:00:00,pending,2437
2068,2025-11-12 05:00:00,pending,2437
2068,2025-11-11 10:00:00,solved,2437
2068,2025-11-15 13:00:00,solved,2437
2068,2025-11-15 08:00:00,pending,2437
2069,2025-09-14 01:00:00,pending,615
2069,2025-09-15 03:00:00,closed,615
2069,2025-09-15 09:00:00,pending,615
2069,2025-09-14 04:00:00,closed,615
2070,2026-02-07 06:00:00,pending,389
2070,2026-02-08 05:00:00,closed,389
2070,2026-02-09 02:00:00,pending,389
2070,2026-02-11 15:00:00,closed,389
2071,2025-09-29 01:00:00,solved,286
2071,2025-09-29 03:00:00,closed,286
2072,2025-11-03 12:00:00,pending,962
2072,2025-11-04 02:00:00,closed,962
2072,2025-11-04 16:00:00,pending,962
2072,2025-11-05 18:00:00,pending,962
2072,2025-11-07 16:00:00,pending,962
2072,2025-11-06 15:00:00,pending,962
2072,2025-11-03 18:00:00,solved,962
2072,2025-11-05 06:00:00,closed,962
2073,2026-01-21 09:00:00,open,1393
2073,2026-01-21 20:00:00,open,1393
2073,2026-01-23 03:00:00,pending,1393
2073,2026-01-22 06:00:00,open,1393
2073,2026-01-21 21:00:00,solved,1393
2073,2026-01-26 19:00:00,closed,1393
2074,2025-09-17 00:00:00,pending,2052
2074,2025-09-17 17:00:00,open,2052
2074,2025-09-17 22:00:00,open,2052
2074,2025-09-20 03:00:00,closed,2052
2074,2025-09-20 16:00:00,closed,2052
2075,2025-12-25 10:00:00,pending,2120
2075,2025-12-26 04:00:00,solved,2120
2075,2025-12-27 08:00:00,pending,2120
2075,2025-12-29 04:00:00,solved,2120
2075,2025-12-29 06:00:00,open,2120
2075,2025-12-26 06:00:00,pending,2120
2075,2026-01-03 10:00:00,pending,2120
2075,2025-12-28 08:00:00,open,2120
2076,2025-12-04 08:00:00,solved,985
2076,2025-12-05 12:00:00,pending,985
2076,2025-12-04 12:00:00,pending,985
2076,2025-12-05 23:00:00,open,985
2076,2025-12-05 12:00:00,open,985
2076,2025-12-08 07:00:00,closed,985
2076,2025-12-04 20:00:00,solved,985
2077,2025-11-04 09:00:00,pending,1791
2077,2025-11-05 02:00:00,pending,1791
2077,2025-11-06 13:00:00,pending,1791
2077,2025-11-05 12:00:00,open,1791
2077,2025-11-06 05:00:00,solved,1791
2077,2025-11-05 15:00:00,pending,1791
2077,2025-11-04 15:00:00,solved,1791
2077,2025-11-04 16:00:00,closed,1791
2078,2025-10-14 04:00:00,closed,1832
2078,2025-10-15 00:00:00,solved,1832
2078,2025-10-15 18:00:00,closed,1832
2079,2026-01-08 12:00:00,closed,1591
2079,2026-01-09 08:00:00,closed,1591
2079,2026-01-08 14:00:00,open,1591
2079,2026-01-09 03:00:00,closed,1591
2080,2026-02-14 04:00:00,closed,437
2080,2026-02-15 11:00:00,closed,437
2080,2026-02-14 20:00:00,pending,437
2080,2026-02-17 07:00:00,pending,437
2080,2026-02-18 20:00:00,closed,437
2081,2025-09-30 11:00:00,open,542
2081,2025-09-30 21:00:00,pending,542
2081,2025-09-30 19:00:00,pending,542
2081,2025-10-02 20:00:00,solved,542
2081,2025-10-03 15:00:00,pending,542
2081,2025-10-07 08:00:00,open,542
2081,2025-10-02 17:00:00,closed,542
2082,2025-10-01 06:00:00,solved,1758
2082,2025-10-01 13:00:00,open,1758
2082,2025-10-01 18:00:00,open,1758
2082,2025-10-04 09:00:00,solved,1758
2082,2025-10-01 22:00:00,closed,1758
2083,2025-10-03 01:00:00,open,1339
2083,2025-10-03 17:00:00,pending,1339
2083,2025-10-04 03:00:00,closed,1339
2083,2025-10-04 04:00:00,open,1339
2083,2025-10-04 09:00:00,closed,1339
2083,2025-10-04 22:00:00,open,1339
2083,2025-10-03 19:00:00,open,1339
2083,2025-10-06 13:00:00,closed,1339
2084,2026-02-22 04:00:00,open,149
2084,2026-02-23 16:00:00,open,149
2084,2026-02-23 22:00:00,open,149
2084,2026-02-23 19:00:00,closed,149
2085,2026-02-26 01:00:00,pending,1032
2085,2026-02-26 22:00:00,pending,1032
2085,2026-02-26 03:00:00,closed,1032
2085,2026-02-26 19:00:00,closed,1032
2086,2025-09-23 03:00:00,solved,720
2086,2025-09-23 13:00:00,open,720
2087,2025-11-24 08:00:00,solved,1359
2087,2025-11-24 10:00:00,open,1359
2087,2025-11-24 20:00:00,open,1359
2087,2025-11-25 20:00:00,closed,1359
2088,2026-02-10 09:00:00,pending,2070
2088,2026-02-11 20:00:00,closed,2070
2088,2026-02-10 15:00:00,open,2070
2088,2026-02-14 09:00:00,solved,2070
2088,2026-02-14 05:00:00,closed,2070
2089,2025-10-23 01:00:00,pending,565
2089,2025-10-24 08:00:00,open,565
2089,2025-10-23 09:00:00,open,565
2089,2025-10-25 22:00:00,closed,565
2089,2025-10-27 13:00:00,closed,565
2089,2025-10-25 13:00:00,solved,565
2089,2025-10-25 19:00:00,closed,565
2090,2025-12-28 07:00:00,open,2147
2090,2025-12-28 10:00:00,pending,2147
2090,2025-12-28 13:00:00,solved,2147
2090,2025-12-31 13:00:00,open,2147
2090,2025-12-30 19:00:00,pending,2147
2090,2026-01-02 12:00:00,open,2147
2090,2026-01-01 01:00:00,open,2147
2090,2025-12-29 11:00:00,closed,2147
2091,2026-01-02 04:00:00,pending,1797
2091,2026-01-02 05:00:00,open,1797
2091,2026-01-04 06:00:00,closed,1797
2091,2026-01-06 01:00:00,open,1797
2091,2026-01-07 04:00:00,solved,1797
2091,2026-01-09 06:00:00,open,1797
2091,2026-01-04 04:00:00,closed,1797
2091,2026-01-11 19:00:00,closed,1797
2092,2026-03-07 07:00:00,pending,1576
2092,2026-03-08 06:00:00,solved,1576
2092,2026-03-08 09:00:00,closed,1576
2092,2026-03-10 01:00:00,closed,1576
2092,2026-03-10 23:00:00,open,1576
2092,2026-03-07 12:00:00,open,1576
2092,2026-03-14 01:00:00,pending,1576
2093,2026-01-21 12:00:00,solved,2035
2093,2026-01-22 20:00:00,open,2035
2093,2026-01-22 06:00:00,open,2035
2093,2026-01-22 03:00:00,pending,2035
2093,2026-01-27 12:00:00,open,2035
2093,2026-01-21 17:00:00,open,2035
2093,2026-01-22 18:00:00,closed,2035
2093,2026-01-28 19:00:00,closed,2035
2094,2025-12-27 07:00:00,open,443
2094,2025-12-27 19:00:00,pending,443
2094,2025-12-29 21:00:00,pending,443
2094,2025-12-29 22:00:00,solved,443
2094,2025-12-28 19:00:00,open,443
2094,2026-01-02 18:00:00,open,443
2094,2026-01-04 01:00:00,pending,443
2095,2025-11-10 08:00:00,closed,1421
2095,2025-11-10 15:00:00,closed,1421
2095,2025-11-13 08:00:00,closed,1421
2095,2025-11-12 11:00:00,open,1421
2095,2025-11-11 16:00:00,pending,1421
2095,2025-11-16 19:00:00,closed,1421
2095,2025-11-11 02:00:00,closed,1421
2096,2026-01-30 10:00:00,pending,1598
2096,2026-01-31 14:00:00,pending,1598
2096,2026-01-30 16:00:00,pending,1598
2096,2026-01-31 22:00:00,closed,1598
2096,2026-02-02 10:00:00,pending,1598
2096,2026-02-01 12:00:00,closed,1598
2096,2026-02-04 22:00:00,closed,1598
2097,2026-02-16 11:00:00,pending,2469
2097,2026-02-17 09:00:00,open,2469
2097,2026-02-16 19:00:00,pending,2469
2097,2026-02-18 05:00:00,pending,2469
2097,2026-02-19 23:00:00,pending,2469
2097,2026-02-17 17:00:00,open,2469
2097,2026-02-16 23:00:00,closed,2469
2098,2025-12-12 04:00:00,pending,142
2098,2025-12-12 12:00:00,open,142
2098,2025-12-14 14:00:00,open,142
2098,2025-12-15 04:00:00,open,142
2098,2025-12-15 12:00:00,open,142
2098,2025-12-12 14:00:00,closed,142
2098,2025-12-16 10:00:00,closed,142
2099,2025-11-23 02:00:00,solved,1811
2099,2025-11-23 08:00:00,open,1811
2099,2025-11-25 14:00:00,closed,1811
2100,2025-09-16 02:00:00,pending,1830
2100,2025-09-17 10:00:00,pending,1830
2100,2025-09-18 04:00:00,closed,1830
2101,2025-09-13 08:00:00,solved,949
2101,2025-09-14 13:00:00,closed,949
2101,2025-09-14 06:00:00,solved,949
2101,2025-09-17 08:00:00,open,949
2101,2025-09-14 04:00:00,open,949
2101,2025-09-17 02:00:00,closed,949
2101,2025-09-16 08:00:00,open,949
2101,2025-09-17 17:00:00,pending,949
2102,2025-11-18 09:00:00,closed,1781
2102,2025-11-19 17:00:00,solved,1781
2102,2025-11-20 05:00:00,solved,1781
2102,2025-11-21 00:00:00,solved,1781
2102,2025-11-21 17:00:00,closed,1781
2103,2026-01-07 00:00:00,solved,688
2103,2026-01-07 16:00:00,pending,688
2103,2026-01-08 12:00:00,pending,688
2103,2026-01-11 12:00:00,pending,688
2103,2026-01-10 16:00:00,closed,688
2104,2025-12-28 07:00:00,pending,2207
2104,2025-12-29 05:00:00,pending,2207
2104,2025-12-30 13:00:00,solved,2207
2104,2025-12-31 04:00:00,pending,2207
2104,2026-01-03 03:00:00,open,2207
2104,2026-01-04 19:00:00,pending,2207
2104,2025-12-31 13:00:00,closed,2207
2105,2025-10-15 02:00:00,pending,942
2105,2025-10-15 20:00:00,open,942
2105,2025-10-17 00:00:00,closed,942
2105,2025-10-17 20:00:00,open,942
2105,2025-10-16 18:00:00,solved,942
2106,2025-10-07 12:00:00,open,1575
2106,2025-10-07 16:00:00,closed,1575
2106,2025-10-07 16:00:00,closed,1575
2106,2025-10-11 18:00:00,solved,1575
2106,2025-10-12 20:00:00,closed,1575
2107,2025-12-16 11:00:00,open,1917
2107,2025-12-16 22:00:00,open,1917
2107,2025-12-16 15:00:00,closed,1917
2107,2025-12-16 20:00:00,open,1917
2107,2025-12-20 03:00:00,closed,1917
2108,2025-11-19 06:00:00,pending,2463
2108,2025-11-20 09:00:00,solved,2463
2108,2025-11-21 14:00:00,open,2463
2109,2026-01-12 00:00:00,pending,92
2109,2026-01-13 08:00:00,open,92
2109,2026-01-14 22:00:00,closed,92
2110,2025-12-04 09:00:00,open,1695
2110,2025-12-05 11:00:00,pending,1695
2110,2025-12-06 03:00:00,open,1695
2110,2025-12-05 18:00:00,pending,1695
2110,2025-12-10 09:00:00,solved,1695
2110,2025-12-08 18:00:00,pending,1695
2110,2025-12-04 15:00:00,pending,1695
2110,2025-12-09 01:00:00,closed,1695
2111,2025-10-09 01:00:00,pending,2369
2111,2025-10-09 15:00:00,solved,2369
2111,2025-10-10 13:00:00,closed,2369
2112,2025-09-28 12:00:00,open,1301
2112,2025-09-29 16:00:00,solved,1301
2112,2025-10-01 00:00:00,open,1301
2112,2025-10-02 00:00:00,open,1301
2112,2025-09-30 12:00:00,pending,1301
2112,2025-09-30 19:00:00,open,1301
2112,2025-10-06 18:00:00,closed,1301
2112,2025-10-04 08:00:00,solved,1301
2113,2025-12-28 02:00:00,open,866
2113,2025-12-29 00:00:00,solved,866
2113,2025-12-29 22:00:00,pending,866
2113,2025-12-30 20:00:00,closed,866
2114,2025-10-25 07:00:00,closed,1305
2114,2025-10-25 18:00:00,pending,1305
2114,2025-10-26 01:00:00,solved,1305
2114,2025-10-28 04:00:00,pending,1305
2114,2025-10-30 15:00:00,open,1305
2114,2025-10-28 05:00:00,closed,1305
2114,2025-10-30 13:00:00,pending,1305
2115,2026-01-11 01:00:00,open,1744
2115,2026-01-11 18:00:00,closed,1744
2115,2026-01-12 17:00:00,open,1744
2115,2026-01-12 13:00:00,pending,1744
2115,2026-01-15 01:00:00,pending,1744
2116,2025-10-01 11:00:00,solved,2147
2116,2025-10-02 15:00:00,pending,2147
2116,2025-10-03 01:00:00,closed,2147
2117,2026-02-28 00:00:00,solved,700
2117,2026-03-01 00:00:00,pending,700
2117,2026-03-02 14:00:00,closed,700
2117,2026-03-01 21:00:00,closed,700
2118,2025-11-28 02:00:00,open,938
2118,2025-11-29 07:00:00,pending,938
2118,2025-11-30 14:00:00,closed,938
2119,2025-11-30 09:00:00,closed,2080
2119,2025-11-30 17:00:00,open,2080
2119,2025-12-02 15:00:00,closed,2080
2120,2025-09-24 00:00:00,pending,1389
2120,2025-09-25 02:00:00,pending,1389
2120,2025-09-24 20:00:00,closed,1389
2121,2025-11-13 11:00:00,open,2394
2121,2025-11-13 15:00:00,pending,2394
2121,2025-11-15 17:00:00,open,2394
2121,2025-11-15 14:00:00,pending,2394
2121,2025-11-14 03:00:00,closed,2394
2122,2026-03-07 05:00:00,pending,1174
2122,2026-03-07 23:00:00,pending,1174
2122,2026-03-07 11:00:00,solved,1174
2123,2026-02-14 07:00:00,solved,1353
2123,2026-02-15 09:00:00,pending,1353
2123,2026-02-16 19:00:00,solved,1353
2123,2026-02-15 01:00:00,closed,1353
2123,2026-02-19 07:00:00,open,1353
2123,2026-02-19 02:00:00,open,1353
2123,2026-02-15 01:00:00,closed,1353
2124,2025-10-24 02:00:00,pending,2362
2124,2025-10-24 20:00:00,solved,2362
2124,2025-10-24 10:00:00,closed,2362
2125,2025-10-26 05:00:00,closed,1734
2125,2025-10-26 06:00:00,pending,1734
2125,2025-10-28 13:00:00,solved,1734
2125,2025-10-28 08:00:00,solved,1734
2125,2025-10-26 13:00:00,solved,1734
2125,2025-10-31 15:00:00,closed,1734
2125,2025-10-31 17:00:00,solved,1734
2125,2025-10-29 03:00:00,closed,1734
2126,2025-10-26 10:00:00,open,1389
2126,2025-10-27 22:00:00,pending,1389
2126,2025-10-27 00:00:00,closed,1389
2126,2025-10-29 13:00:00,solved,1389
2126,2025-10-26 22:00:00,closed,1389
2127,2026-02-21 03:00:00,pending,2304
2127,2026-02-22 06:00:00,open,2304
2127,2026-02-21 21:00:00,pending,2304
2127,2026-02-21 06:00:00,pending,2304
2127,2026-02-22 03:00:00,open,2304
2127,2026-02-21 08:00:00,open,2304
2127,2026-02-22 09:00:00,closed,2304
2128,2026-03-05 09:00:00,pending,2226
2128,2026-03-05 14:00:00,open,2226
2128,2026-03-05 21:00:00,open,2226
2128,2026-03-08 12:00:00,pending,2226
2128,2026-03-10 17:00:00,pending,2226
2128,2026-03-07 06:00:00,closed,2226
2129,2025-11-29 08:00:00,open,2022
2129,2025-11-30 05:00:00,solved,2022
2129,2025-11-29 18:00:00,solved,2022
2129,2025-11-29 14:00:00,pending,2022
2129,2025-12-05 08:00:00,pending,2022
2129,2025-11-30 04:00:00,pending,2022
2129,2025-11-30 20:00:00,closed,2022
2130,2025-09-29 05:00:00,solved,1358
2130,2025-09-29 17:00:00,open,1358
2130,2025-09-30 23:00:00,open,1358
2130,2025-10-01 23:00:00,closed,1358
2130,2025-10-03 05:00:00,open,1358
2130,2025-10-03 04:00:00,open,1358
2130,2025-10-05 05:00:00,closed,1358
2131,2025-11-04 04:00:00,pending,1587
2131,2025-11-05 12:00:00,pending,1587
2131,2025-11-05 18:00:00,closed,1587
2131,2025-11-05 01:00:00,pending,1587
2131,2025-11-08 16:00:00,open,1587
2131,2025-11-08 03:00:00,closed,1587
2131,2025-11-07 16:00:00,pending,1587
2132,2026-03-04 05:00:00,open,7
2132,2026-03-04 18:00:00,solved,7
2132,2026-03-06 15:00:00,open,7
2132,2026-03-05 14:00:00,open,7
2132,2026-03-07 05:00:00,solved,7
2132,2026-03-11 17:00:00,closed,7
2133,2026-01-22 08:00:00,open,1428
2133,2026-01-22 17:00:00,pending,1428
2133,2026-01-24 10:00:00,pending,1428
2133,2026-01-24 08:00:00,open,1428
2133,2026-01-26 20:00:00,solved,1428
2133,2026-01-29 05:00:00,open,1428
2133,2026-01-28 08:00:00,closed,1428
2134,2025-12-04 01:00:00,open,1971
2134,2025-12-04 21:00:00,open,1971
2134,2025-12-05 23:00:00,open,1971
2134,2025-12-05 22:00:00,open,1971
2134,2025-12-09 05:00:00,open,1971
2134,2025-12-11 13:00:00,closed,1971
2134,2025-12-04 13:00:00,solved,1971
2134,2025-12-06 09:00:00,closed,1971
2135,2025-09-29 00:00:00,open,657
2135,2025-09-29 19:00:00,pending,657
2135,2025-10-01 02:00:00,pending,657
2135,2025-10-03 00:00:00,closed,657
2136,2025-11-14 05:00:00,open,2089
2136,2025-11-14 07:00:00,pending,2089
2136,2025-11-16 23:00:00,open,2089
2136,2025-11-14 17:00:00,open,2089
2136,2025-11-14 21:00:00,open,2089
2136,2025-11-19 15:00:00,closed,2089
2137,2026-01-21 08:00:00,solved,1324
2137,2026-01-21 18:00:00,solved,1324
2137,2026-01-24 08:00:00,pending,1324
2137,2026-01-22 23:00:00,solved,1324
2137,2026-01-26 00:00:00,pending,1324
2137,2026-01-22 14:00:00,closed,1324
2138,2025-09-25 12:00:00,open,463
2138,2025-09-26 16:00:00,pending,463
2138,2025-09-26 20:00:00,closed,463
2138,2025-09-28 12:00:00,open,463
2138,2025-10-01 12:00:00,closed,463
2139,2026-03-01 05:00:00,open,242
2139,2026-03-02 14:00:00,solved,242
2139,2026-03-02 01:00:00,pending,242
2139,2026-03-03 20:00:00,solved,242
2139,2026-03-02 17:00:00,pending,242
2139,2026-03-02 16:00:00,solved,242
2139,2026-03-03 05:00:00,open,242
2139,2026-03-06 18:00:00,closed,242
2140,2025-09-21 01:00:00,closed,1063
2140,2025-09-21 07:00:00,pending,1063
2140,2025-09-22 07:00:00,closed,1063
2141,2025-09-22 08:00:00,pending,2256
2141,2025-09-23 14:00:00,solved,2256
2141,2025-09-22 10:00:00,open,2256
2142,2026-02-28 10:00:00,solved,421
2142,2026-02-28 14:00:00,open,421
2142,2026-03-03 10:00:00,pending,421
2142,2026-03-04 22:00:00,pending,421
2142,2026-03-04 18:00:00,open,421
2142,2026-03-05 15:00:00,solved,421
2142,2026-02-28 16:00:00,pending,421
2142,2026-03-06 06:00:00,closed,421
2143,2025-11-15 03:00:00,solved,868
2143,2025-11-16 11:00:00,pending,868
2143,2025-11-17 13:00:00,solved,868
2143,2025-11-16 03:00:00,solved,868
2143,2025-11-20 15:00:00,closed,868
2143,2025-11-17 15:00:00,solved,868
2143,2025-11-18 15:00:00,closed,868
2144,2026-02-05 04:00:00,pending,1162
2144,2026-02-05 06:00:00,pending,1162
2144,2026-02-06 06:00:00,open,1162
2144,2026-02-05 07:00:00,open,1162
2144,2026-02-06 16:00:00,closed,1162
2145,2026-03-07 03:00:00,pending,1799
2145,2026-03-07 14:00:00,open,1799
2145,2026-03-08 01:00:00,pending,1799
2145,2026-03-08 18:00:00,closed,1799
2146,2026-01-27 11:00:00,open,1760
2146,2026-01-27 19:00:00,pending,1760
2146,2026-01-29 01:00:00,open,1760
2146,2026-01-29 05:00:00,open,1760
2146,2026-01-31 19:00:00,open,1760
2146,2026-01-31 10:00:00,closed,1760
2147,2026-03-09 05:00:00,pending,492
2147,2026-03-09 08:00:00,closed,492
2147,2026-03-09 23:00:00,pending,492
2147,2026-03-10 02:00:00,pending,492
2148,2026-02-05 01:00:00,pending,380
2148,2026-02-05 20:00:00,open,380
2148,2026-02-05 19:00:00,solved,380
2149,2025-12-24 09:00:00,pending,500
2149,2025-12-25 14:00:00,pending,500
2149,2025-12-24 15:00:00,solved,500
2149,2025-12-26 21:00:00,solved,500
2149,2025-12-26 17:00:00,open,500
2149,2025-12-30 10:00:00,solved,500
2149,2025-12-28 03:00:00,closed,500
2150,2025-10-02 07:00:00,open,1567
2150,2025-10-03 10:00:00,closed,1567
2151,2025-11-02 01:00:00,open,949
2151,2025-11-03 08:00:00,open,949
2151,2025-11-02 09:00:00,closed,949
2151,2025-11-05 01:00:00,closed,949
2152,2026-02-25 12:00:00,closed,1166
2152,2026-02-26 22:00:00,open,1166
2152,2026-02-26 06:00:00,closed,1166
2153,2025-12-16 07:00:00,solved,1343
2153,2025-12-16 14:00:00,pending,1343
2153,2025-12-16 13:00:00,closed,1343
2154,2025-09-29 08:00:00,open,971
2154,2025-09-30 07:00:00,open,971
2154,2025-10-02 04:00:00,open,971
2154,2025-09-29 17:00:00,solved,971
2154,2025-10-01 12:00:00,closed,971
2155,2026-03-01 02:00:00,open,2164
2155,2026-03-02 12:00:00,open,2164
2155,2026-03-01 08:00:00,closed,2164
2155,2026-03-03 02:00:00,open,2164
2155,2026-03-05 18:00:00,solved,2164
2155,2026-03-05 16:00:00,closed,2164
2155,2026-03-09 08:00:00,pending,2164
2155,2026-03-01 16:00:00,open,2164
2156,2025-10-03 07:00:00,open,638
2156,2025-10-04 00:00:00,open,638
2156,2025-10-04 21:00:00,open,638
2156,2025-10-05 13:00:00,open,638
2156,2025-10-06 15:00:00,pending,638
2156,2025-10-06 05:00:00,solved,638
2156,2025-10-10 13:00:00,closed,638
2157,2026-02-18 01:00:00,pending,1349
2157,2026-02-19 11:00:00,open,1349
2157,2026-02-20 17:00:00,open,1349
2157,2026-02-18 19:00:00,pending,1349
2157,2026-02-18 05:00:00,pending,1349
2157,2026-02-25 13:00:00,closed,1349
2158,2025-09-29 12:00:00,open,889
2158,2025-09-29 15:00:00,open,889
2158,2025-09-29 16:00:00,open,889
2158,2025-10-02 09:00:00,open,889
2158,2025-10-04 16:00:00,pending,889
2158,2025-10-04 02:00:00,pending,889
2158,2025-10-03 18:00:00,closed,889
2159,2026-01-04 01:00:00,open,2290
2159,2026-01-04 04:00:00,pending,2290
2159,2026-01-05 07:00:00,closed,2290
2160,2025-11-08 07:00:00,pending,1621
2160,2025-11-09 02:00:00,open,1621
2160,2025-11-08 09:00:00,open,1621
2160,2025-11-11 04:00:00,open,1621
2160,2025-11-11 11:00:00,closed,1621
2160,2025-11-14 03:00:00,solved,1621
2161,2025-10-02 12:00:00,pending,1950
2161,2025-10-03 19:00:00,open,1950
2161,2025-10-02 22:00:00,open,1950
2161,2025-10-06 09:00:00,open,1950
2161,2025-10-07 04:00:00,closed,1950
2162,2025-11-18 02:00:00,solved,2025
2162,2025-11-19 02:00:00,open,2025
2162,2025-11-18 18:00:00,solved,2025
2162,2025-11-19 02:00:00,solved,2025
2162,2025-11-18 22:00:00,solved,2025
2162,2025-11-20 14:00:00,solved,2025
2162,2025-11-26 20:00:00,pending,2025
2162,2025-11-26 20:00:00,closed,2025
2163,2025-12-16 02:00:00,pending,1405
2163,2025-12-16 05:00:00,closed,1405
2164,2025-12-12 02:00:00,closed,1906
2164,2025-12-12 22:00:00,open,1906
2164,2025-12-12 06:00:00,pending,1906
2164,2025-12-12 14:00:00,closed,1906
2164,2025-12-16 14:00:00,open,1906
2164,2025-12-19 04:00:00,pending,1906
2164,2025-12-13 08:00:00,pending,1906
2164,2025-12-16 04:00:00,closed,1906
2165,2025-12-01 11:00:00,open,1498
2165,2025-12-02 23:00:00,open,1498
2165,2025-12-04 03:00:00,pending,1498
2165,2025-12-02 23:00:00,pending,1498
2165,2025-12-01 19:00:00,open,1498
2165,2025-12-02 22:00:00,closed,1498
2166,2026-02-11 07:00:00,closed,1057
2166,2026-02-11 19:00:00,pending,1057
2166,2026-02-13 09:00:00,pending,1057
2166,2026-02-15 10:00:00,closed,1057
2167,2026-03-11 05:00:00,open,227
2167,2026-03-12 11:00:00,open,227
2167,2026-03-11 21:00:00,pending,227
2168,2025-09-26 04:00:00,solved,1901
2168,2025-09-27 08:00:00,closed,1901
2169,2026-03-06 12:00:00,open,1130
2169,2026-03-06 13:00:00,open,1130
2169,2026-03-09 00:00:00,open,1130
2169,2026-03-10 06:00:00,closed,1130
2169,2026-03-10 00:00:00,closed,1130
2170,2026-02-15 02:00:00,solved,1398
2170,2026-02-16 13:00:00,pending,1398
2170,2026-02-15 10:00:00,open,1398
2170,2026-02-18 08:00:00,closed,1398
2171,2025-09-18 09:00:00,open,2422
2171,2025-09-18 15:00:00,open,2422
2171,2025-09-18 23:00:00,solved,2422
2171,2025-09-20 18:00:00,closed,2422
2171,2025-09-22 21:00:00,pending,2422
2171,2025-09-24 20:00:00,open,2422
2171,2025-09-22 15:00:00,closed,2422
2172,2026-01-05 10:00:00,pending,1410
2172,2026-01-06 11:00:00,closed,1410
2172,2026-01-07 10:00:00,open,1410
2172,2026-01-07 16:00:00,pending,1410
2172,2026-01-08 18:00:00,open,1410
2172,2026-01-08 03:00:00,open,1410
2173,2025-10-08 01:00:00,open,540
2173,2025-10-08 17:00:00,closed,540
2173,2025-10-09 09:00:00,closed,540
2173,2025-10-11 01:00:00,solved,540
2173,2025-10-11 01:00:00,pending,540
2173,2025-10-11 14:00:00,pending,540
2173,2025-10-15 01:00:00,closed,540
2174,2025-12-09 09:00:00,pending,414
2174,2025-12-10 15:00:00,solved,414
2174,2025-12-11 01:00:00,closed,414
2175,2025-12-20 06:00:00,pending,1772
2175,2025-12-20 19:00:00,closed,1772
2175,2025-12-23 04:00:00,solved,1772
2175,2025-12-22 18:00:00,pending,1772
2175,2025-12-23 14:00:00,closed,1772
2176,2025-10-31 03:00:00,open,1717
2176,2025-10-31 10:00:00,solved,1717
2176,2025-10-31 09:00:00,open,1717
2176,2025-11-01 00:00:00,open,1717
2176,2025-10-31 23:00:00,open,1717
2176,2025-11-01 19:00:00,closed,1717
2176,2025-11-01 03:00:00,pending,1717
2176,2025-11-06 20:00:00,closed,1717
2177,2026-01-15 09:00:00,pending,833
2177,2026-01-16 21:00:00,open,833
2178,2025-12-23 05:00:00,pending,57
2178,2025-12-23 12:00:00,pending,57
2178,2025-12-23 23:00:00,pending,57
2178,2025-12-24 23:00:00,pending,57
2178,2025-12-25 09:00:00,closed,57
2179,2026-03-07 01:00:00,solved,1088
2179,2026-03-08 08:00:00,open,1088
2179,2026-03-09 13:00:00,open,1088
2179,2026-03-09 22:00:00,open,1088
2179,2026-03-12 13:00:00,pending,1088
2179,2026-03-12 16:00:00,open,1088
2179,2026-03-15 19:00:00,solved,1088
2179,2026-03-14 01:00:00,closed,1088
2180,2026-01-14 11:00:00,pending,2354
2180,2026-01-15 18:00:00,closed,2354
2180,2026-01-16 05:00:00,pending,2354
2180,2026-01-18 05:00:00,open,2354
2180,2026-01-19 15:00:00,open,2354
2180,2026-01-16 08:00:00,pending,2354
2181,2025-09-20 00:00:00,pending,1997
2181,2025-09-21 01:00:00,pending,1997
2181,2025-09-22 04:00:00,open,1997
2181,2025-09-23 18:00:00,pending,1997
2181,2025-09-25 00:00:00,closed,1997
2182,2025-09-30 08:00:00,solved,976
2182,2025-10-01 20:00:00,closed,976
2182,2025-10-02 02:00:00,solved,976
2183,2025-12-12 01:00:00,solved,1703
2183,2025-12-13 05:00:00,closed,1703
2184,2025-12-06 00:00:00,pending,681
2184,2025-12-06 06:00:00,solved,681
2184,2025-12-07 22:00:00,closed,681
2185,2026-02-14 04:00:00,open,874
2185,2026-02-14 10:00:00,open,874
2185,2026-02-15 14:00:00,open,874
2185,2026-02-14 07:00:00,closed,874
2186,2026-03-01 05:00:00,open,1643
2186,2026-03-02 00:00:00,closed,1643
2187,2025-09-14 11:00:00,open,235
2187,2025-09-15 09:00:00,pending,235
2187,2025-09-15 11:00:00,pending,235
2187,2025-09-16 11:00:00,open,235
2187,2025-09-16 03:00:00,closed,235
2188,2025-10-12 11:00:00,pending,1107
2188,2025-10-13 10:00:00,pending,1107
2188,2025-10-13 09:00:00,closed,1107
2188,2025-10-16 23:00:00,solved,1107
2188,2025-10-17 15:00:00,closed,1107
2189,2025-09-24 08:00:00,pending,1229
2189,2025-09-25 07:00:00,pending,1229
2189,2025-09-25 20:00:00,closed,1229
2190,2025-12-29 06:00:00,pending,1323
2190,2025-12-29 11:00:00,closed,1323
2190,2025-12-30 20:00:00,open,1323
2190,2026-01-01 18:00:00,pending,1323
2190,2026-01-01 14:00:00,solved,1323
2190,2026-01-01 14:00:00,open,1323
2190,2026-01-05 00:00:00,closed,1323
2191,2026-03-06 02:00:00,pending,889
2191,2026-03-07 01:00:00,solved,889
2191,2026-03-08 14:00:00,open,889
2191,2026-03-08 20:00:00,open,889
2191,2026-03-09 02:00:00,pending,889
2191,2026-03-09 15:00:00,closed,889
2192,2026-01-21 05:00:00,solved,1663
2192,2026-01-21 11:00:00,solved,1663
2192,2026-01-24 05:00:00,closed,1663
2192,2026-01-22 20:00:00,closed,1663
2193,2026-03-11 03:00:00,closed,1942
2193,2026-03-12 01:00:00,pending,1942
2193,2026-03-12 09:00:00,closed,1942
2193,2026-03-13 06:00:00,closed,1942
2193,2026-03-14 15:00:00,open,1942
2193,2026-03-15 07:00:00,pending,1942
2193,2026-03-16 15:00:00,open,1942
2194,2026-01-04 10:00:00,pending,2087
2194,2026-01-05 00:00:00,closed,2087
2194,2026-01-07 00:00:00,solved,2087
2194,2026-01-08 16:00:00,open,2087
2195,2026-02-11 11:00:00,closed,942
2195,2026-02-11 22:00:00,open,942
2195,2026-02-12 21:00:00,pending,942
2195,2026-02-14 23:00:00,closed,942
2195,2026-02-14 19:00:00,open,942
2195,2026-02-17 22:00:00,closed,942
2196,2026-03-11 12:00:00,open,1567
2196,2026-03-11 18:00:00,pending,1567
2196,2026-03-14 04:00:00,pending,1567
2196,2026-03-13 09:00:00,solved,1567
2196,2026-03-16 20:00:00,open,1567
2197,2025-09-30 04:00:00,solved,1889
2197,2025-09-30 21:00:00,open,1889
2197,2025-09-30 06:00:00,pending,1889
2197,2025-10-02 16:00:00,solved,1889
2197,2025-10-04 12:00:00,open,1889
2197,2025-10-01 15:00:00,solved,1889
2198,2026-02-26 09:00:00,open,1926
2198,2026-02-27 07:00:00,pending,1926
2198,2026-02-28 21:00:00,open,1926
2198,2026-02-28 15:00:00,closed,1926
2199,2025-12-16 11:00:00,closed,1832
2199,2025-12-17 00:00:00,closed,1832
2200,2025-11-29 05:00:00,open,1828
2200,2025-11-29 12:00:00,pending,1828
2200,2025-11-29 17:00:00,closed,1828
2201,2025-11-09 00:00:00,pending,2117
2201,2025-11-09 21:00:00,closed,2117
2201,2025-11-09 02:00:00,solved,2117
2201,2025-11-12 12:00:00,pending,2117
2201,2025-11-12 16:00:00,closed,2117
2201,2025-11-12 08:00:00,closed,2117
2201,2025-11-14 18:00:00,solved,2117
2202,2026-02-08 07:00:00,solved,2227
2202,2026-02-08 16:00:00,open,2227
2202,2026-02-10 13:00:00,solved,2227
2202,2026-02-11 16:00:00,pending,2227
2202,2026-02-09 23:00:00,pending,2227
2202,2026-02-14 13:00:00,open,2227
2202,2026-02-09 19:00:00,closed,2227
2203,2025-12-02 01:00:00,pending,1663
2203,2025-12-03 09:00:00,pending,1663
2203,2025-12-03 03:00:00,open,1663
2204,2026-01-29 11:00:00,open,1260
2204,2026-01-30 14:00:00,open,1260
2204,2026-02-01 07:00:00,solved,1260
2204,2026-01-30 05:00:00,open,1260
2204,2026-01-31 03:00:00,open,1260
2204,2026-02-01 19:00:00,solved,1260
2204,2026-02-07 05:00:00,closed,1260
2205,2026-02-07 12:00:00,pending,2261
2205,2026-02-08 20:00:00,pending,2261
2205,2026-02-09 22:00:00,pending,2261
2206,2026-02-25 09:00:00,closed,267
2206,2026-02-25 17:00:00,solved,267
2206,2026-02-27 11:00:00,open,267
2206,2026-02-27 00:00:00,pending,267
2206,2026-03-02 17:00:00,closed,267
2207,2025-09-25 03:00:00,open,2461
2207,2025-09-25 21:00:00,closed,2461
2208,2026-02-24 00:00:00,closed,2193
2208,2026-02-24 16:00:00,solved,2193
2208,2026-02-26 12:00:00,pending,2193
2208,2026-02-27 12:00:00,open,2193
2208,2026-02-27 16:00:00,closed,2193
2209,2026-01-17 04:00:00,solved,685
2209,2026-01-18 01:00:00,open,685
2209,2026-01-19 18:00:00,closed,685
2210,2025-12-16 07:00:00,solved,1106
2210,2025-12-17 00:00:00,solved,1106
2210,2025-12-16 21:00:00,closed,1106
2211,2025-11-14 10:00:00,open,1910
2211,2025-11-15 02:00:00,open,1910
2211,2025-11-17 06:00:00,pending,1910
2211,2025-11-16 19:00:00,solved,1910
2211,2025-11-19 18:00:00,closed,1910
2211,2025-11-16 02:00:00,open,1910
2211,2025-11-15 10:00:00,open,1910
2212,2025-12-25 02:00:00,open,108
2212,2025-12-26 08:00:00,solved,108
2212,2025-12-25 16:00:00,pending,108
2212,2025-12-27 23:00:00,open,108
2212,2025-12-30 10:00:00,pending,108
2212,2025-12-27 09:00:00,pending,108
2212,2026-01-02 14:00:00,open,108
2212,2025-12-26 20:00:00,closed,108
2213,2026-01-22 12:00:00,pending,684
2213,2026-01-23 17:00:00,solved,684
2213,2026-01-24 20:00:00,closed,684
2214,2026-02-15 06:00:00,solved,2336
2214,2026-02-15 08:00:00,closed,2336
2214,2026-02-17 20:00:00,closed,2336
2214,2026-02-16 12:00:00,closed,2336
2215,2025-12-01 12:00:00,open,1127
2215,2025-12-02 20:00:00,solved,1127
2215,2025-12-02 18:00:00,open,1127
2215,2025-12-04 12:00:00,closed,1127
2216,2025-10-05 06:00:00,pending,2200
2216,2025-10-05 22:00:00,open,2200
2216,2025-10-06 18:00:00,open,2200
2217,2026-01-25 11:00:00,pending,460
2217,2026-01-25 16:00:00,open,460
2217,2026-01-27 03:00:00,pending,460
2217,2026-01-25 14:00:00,open,460
2217,2026-01-29 19:00:00,pending,460
2217,2026-01-30 11:00:00,pending,460
2217,2026-01-25 23:00:00,pending,460
2218,2025-10-01 09:00:00,open,1729
2218,2025-10-02 04:00:00,solved,1729
2218,2025-10-03 23:00:00,open,1729
2218,2025-10-03 09:00:00,solved,1729
2218,2025-10-07 09:00:00,closed,1729
2219,2025-12-23 09:00:00,solved,790
2219,2025-12-24 08:00:00,open,790
2219,2025-12-24 19:00:00,closed,790
2220,2025-11-17 12:00:00,solved,1597
2220,2025-11-18 23:00:00,pending,1597
2220,2025-11-19 12:00:00,closed,1597
2221,2025-09-14 02:00:00,open,872
2221,2025-09-15 13:00:00,solved,872
2221,2025-09-14 16:00:00,pending,872
2221,2025-09-18 11:00:00,closed,872
2222,2025-10-13 06:00:00,closed,786
2222,2025-10-13 08:00:00,closed,786
2222,2025-10-15 00:00:00,open,786
2222,2025-10-17 00:00:00,solved,786
2222,2025-10-16 06:00:00,pending,786
2222,2025-10-18 16:00:00,closed,786
2222,2025-10-20 06:00:00,closed,786
2223,2025-09-27 04:00:00,pending,759
2223,2025-09-28 11:00:00,closed,759
2223,2025-09-28 22:00:00,pending,759
2223,2025-10-01 04:00:00,pending,759
2223,2025-09-29 12:00:00,closed,759
2224,2025-10-10 10:00:00,solved,999
2224,2025-10-11 17:00:00,open,999
2224,2025-10-13 08:00:00,open,999
2224,2025-10-13 16:00:00,open,999
2224,2025-10-12 06:00:00,closed,999
2224,2025-10-17 07:00:00,pending,999
2224,2025-10-18 04:00:00,solved,999
2224,2025-10-13 01:00:00,closed,999
2225,2025-12-16 04:00:00,solved,234
2225,2025-12-16 07:00:00,pending,234
2225,2025-12-16 16:00:00,pending,234
2225,2025-12-19 13:00:00,solved,234
2225,2025-12-17 08:00:00,solved,234
2225,2025-12-18 01:00:00,pending,234
2225,2025-12-17 22:00:00,closed,234
2225,2025-12-20 06:00:00,open,234
2226,2026-03-11 12:00:00,pending,950
2226,2026-03-12 15:00:00,closed,950
2226,2026-03-14 02:00:00,open,950
2226,2026-03-13 15:00:00,closed,950
2226,2026-03-15 20:00:00,pending,950
2227,2026-03-03 03:00:00,solved,1972
2227,2026-03-04 00:00:00,pending,1972
2227,2026-03-05 17:00:00,solved,1972
2227,2026-03-04 00:00:00,open,1972
2227,2026-03-08 19:00:00,pending,1972
2227,2026-03-06 11:00:00,closed,1972
2228,2026-01-22 05:00:00,pending,182
2228,2026-01-23 13:00:00,open,182
2228,2026-01-23 01:00:00,pending,182
2228,2026-01-26 08:00:00,open,182
2228,2026-01-24 13:00:00,pending,182
2228,2026-01-29 12:00:00,closed,182
2228,2026-01-27 17:00:00,solved,182
2228,2026-01-23 02:00:00,closed,182
2229,2025-11-10 09:00:00,solved,116
2229,2025-11-10 15:00:00,pending,116
2229,2025-11-11 15:00:00,open,116
2229,2025-11-14 00:00:00,pending,116
2229,2025-11-13 17:00:00,closed,116
2230,2025-12-14 07:00:00,solved,134
2230,2025-12-15 11:00:00,open,134
2230,2025-12-16 13:00:00,open,134
2230,2025-12-16 01:00:00,pending,134
2230,2025-12-18 03:00:00,closed,134
2231,2026-02-24 03:00:00,closed,995
2231,2026-02-24 10:00:00,pending,995
2231,2026-02-25 15:00:00,closed,995
2232,2025-10-30 08:00:00,open,906
2232,2025-10-31 13:00:00,open,906
2232,2025-11-01 02:00:00,closed,906
2232,2025-11-03 05:00:00,closed,906
2233,2026-01-06 09:00:00,open,1725
2233,2026-01-07 04:00:00,pending,1725
2233,2026-01-08 07:00:00,pending,1725
2233,2026-01-06 21:00:00,pending,1725
2233,2026-01-07 13:00:00,pending,1725
2233,2026-01-08 06:00:00,closed,1725
2234,2026-01-03 07:00:00,solved,341
2234,2026-01-04 07:00:00,solved,341
2234,2026-01-04 17:00:00,pending,341
2234,2026-01-03 19:00:00,open,341
2234,2026-01-06 19:00:00,solved,341
2234,2026-01-09 08:00:00,closed,341
2234,2026-01-04 19:00:00,pending,341
2235,2025-10-17 12:00:00,closed,1423
2235,2025-10-18 13:00:00,open,1423
2235,2025-10-17 20:00:00,pending,1423
2235,2025-10-21 09:00:00,closed,1423
2235,2025-10-21 20:00:00,solved,1423
2235,2025-10-22 02:00:00,open,1423
2235,2025-10-19 06:00:00,open,1423
2235,2025-10-18 16:00:00,open,1423
2236,2025-12-31 10:00:00,open,726
2236,2026-01-01 21:00:00,pending,726
2236,2025-12-31 18:00:00,solved,726
2236,2026-01-03 04:00:00,solved,726
2236,2026-01-06 06:00:00,open,726
2236,2025-12-31 20:00:00,pending,726
2236,2026-01-01 16:00:00,closed,726
2237,2025-10-17 01:00:00,pending,1950
2237,2025-10-18 00:00:00,open,1950
2237,2025-10-17 03:00:00,pending,1950
2237,2025-10-18 07:00:00,solved,1950
2237,2025-10-20 01:00:00,closed,1950
2238,2025-10-05 05:00:00,closed,1909
2238,2025-10-05 19:00:00,pending,1909
2238,2025-10-05 09:00:00,open,1909
2238,2025-10-06 17:00:00,closed,1909
2238,2025-10-06 05:00:00,pending,1909
2238,2025-10-09 09:00:00,closed,1909
2238,2025-10-11 23:00:00,open,1909
2238,2025-10-11 01:00:00,closed,1909
2239,2026-01-14 12:00:00,solved,1326
2239,2026-01-15 20:00:00,solved,1326
2239,2026-01-15 22:00:00,open,1326
2239,2026-01-15 21:00:00,closed,1326
2240,2026-02-21 09:00:00,solved,2193
2240,2026-02-22 08:00:00,pending,2193
2240,2026-02-23 05:00:00,pending,2193
2240,2026-02-25 21:00:00,open,2193
2240,2026-02-22 09:00:00,closed,2193
2240,2026-02-23 11:00:00,solved,2193
2240,2026-02-24 15:00:00,solved,2193
2241,2026-01-25 04:00:00,solved,1376
2241,2026-01-26 04:00:00,open,1376
2242,2025-11-07 09:00:00,open,1946
2242,2025-11-07 16:00:00,open,1946
2242,2025-11-08 03:00:00,open,1946
2242,2025-11-10 18:00:00,solved,1946
2243,2026-01-25 02:00:00,closed,214
2243,2026-01-25 13:00:00,pending,214
2243,2026-01-26 10:00:00,solved,214
2243,2026-01-26 08:00:00,pending,214
2243,2026-01-29 14:00:00,open,214
2243,2026-01-25 12:00:00,solved,214
2244,2025-11-07 07:00:00,solved,1479
2244,2025-11-08 12:00:00,closed,1479
2245,2025-12-24 00:00:00,open,2316
2245,2025-12-25 01:00:00,solved,2316
2245,2025-12-25 16:00:00,solved,2316
2245,2025-12-24 12:00:00,pending,2316
2245,2025-12-24 16:00:00,pending,2316
2245,2025-12-30 06:00:00,pending,2316
2245,2025-12-25 12:00:00,closed,2316
2246,2026-03-03 02:00:00,open,2329
2246,2026-03-04 10:00:00,closed,2329
2246,2026-03-03 06:00:00,solved,2329
2246,2026-03-03 23:00:00,pending,2329
2246,2026-03-06 14:00:00,closed,2329
2246,2026-03-07 01:00:00,open,2329
2246,2026-03-07 08:00:00,open,2329
2246,2026-03-11 13:00:00,closed,2329
2247,2026-02-14 03:00:00,closed,2475
2247,2026-02-15 08:00:00,closed,2475
2247,2026-02-15 11:00:00,pending,2475
2247,2026-02-16 06:00:00,open,2475
2247,2026-02-16 11:00:00,pending,2475
2247,2026-02-21 05:00:00,closed,2475
2248,2025-12-13 10:00:00,open,9
2248,2025-12-14 00:00:00,closed,9
2248,2025-12-15 02:00:00,closed,9
2248,2025-12-16 01:00:00,pending,9
2248,2025-12-17 10:00:00,pending,9
2248,2025-12-17 19:00:00,solved,9
2248,2025-12-14 10:00:00,open,9
2248,2025-12-21 07:00:00,closed,9
2249,2026-02-11 09:00:00,closed,562
2249,2026-02-11 23:00:00,open,562
2249,2026-02-12 17:00:00,pending,562
2249,2026-02-13 21:00:00,pending,562
2249,2026-02-14 13:00:00,closed,562
2250,2025-10-28 02:00:00,pending,507
2250,2025-10-29 04:00:00,pending,507
2250,2025-10-30 16:00:00,solved,507
2250,2025-10-31 14:00:00,closed,507
2250,2025-10-31 18:00:00,pending,507
2250,2025-11-02 02:00:00,closed,507
2251,2026-02-26 00:00:00,open,2101
2251,2026-02-26 11:00:00,solved,2101
2251,2026-02-26 14:00:00,closed,2101
2251,2026-02-28 18:00:00,closed,2101
2252,2025-09-24 07:00:00,open,267
2252,2025-09-25 17:00:00,closed,267
2252,2025-09-25 21:00:00,closed,267
2253,2025-11-06 10:00:00,pending,2087
2253,2025-11-06 16:00:00,open,2087
2253,2025-11-07 06:00:00,closed,2087
2253,2025-11-08 04:00:00,pending,2087
2253,2025-11-10 22:00:00,pending,2087
2253,2025-11-12 01:00:00,pending,2087
2253,2025-11-14 10:00:00,pending,2087
2254,2025-11-22 08:00:00,open,1262
2254,2025-11-23 17:00:00,open,1262
2254,2025-11-23 16:00:00,open,1262
2254,2025-11-23 05:00:00,closed,1262
2255,2026-01-11 10:00:00,open,1980
2255,2026-01-12 18:00:00,open,1980
2255,2026-01-12 08:00:00,pending,1980
2255,2026-01-13 07:00:00,pending,1980
2256,2026-01-10 08:00:00,open,588
2256,2026-01-10 18:00:00,pending,588
2256,2026-01-11 10:00:00,open,588
2256,2026-01-14 08:00:00,closed,588
2257,2026-02-14 07:00:00,solved,1401
2257,2026-02-14 14:00:00,open,1401
2257,2026-02-15 15:00:00,open,1401
2257,2026-02-16 22:00:00,pending,1401
2257,2026-02-19 23:00:00,closed,1401
2258,2025-09-25 08:00:00,open,2361
2258,2025-09-26 09:00:00,open,2361
2258,2025-09-26 14:00:00,open,2361
2258,2025-09-26 05:00:00,open,2361
2258,2025-09-26 20:00:00,pending,2361
2258,2025-09-27 10:00:00,open,2361
2258,2025-09-26 02:00:00,open,2361
2258,2025-10-02 01:00:00,closed,2361
2259,2025-09-14 11:00:00,open,821
2259,2025-09-14 22:00:00,closed,821
2260,2025-11-07 09:00:00,closed,345
2260,2025-11-08 10:00:00,open,345
2261,2025-09-16 04:00:00,pending,191
2261,2025-09-17 16:00:00,closed,191
2262,2026-01-17 00:00:00,open,667
2262,2026-01-18 09:00:00,open,667
2262,2026-01-18 08:00:00,open,667
2262,2026-01-17 06:00:00,solved,667
2263,2025-11-25 07:00:00,solved,387
2263,2025-11-26 07:00:00,pending,387
2263,2025-11-28 07:00:00,pending,387
2263,2025-11-28 13:00:00,closed,387
2263,2025-11-30 19:00:00,solved,387
2264,2025-11-15 01:00:00,pending,1289
2264,2025-11-15 18:00:00,pending,1289
2264,2025-11-15 09:00:00,open,1289
2264,2025-11-16 22:00:00,closed,1289
2264,2025-11-17 21:00:00,closed,1289
2265,2025-12-21 05:00:00,closed,2435
2265,2025-12-21 21:00:00,closed,2435
2265,2025-12-23 09:00:00,solved,2435
2265,2025-12-25 08:00:00,closed,2435
2266,2025-10-02 08:00:00,pending,2027
2266,2025-10-02 11:00:00,solved,2027
2266,2025-10-04 16:00:00,open,2027
2266,2025-10-04 05:00:00,solved,2027
2266,2025-10-04 04:00:00,closed,2027
2266,2025-10-06 22:00:00,closed,2027
2266,2025-10-07 14:00:00,open,2027
2266,2025-10-06 03:00:00,closed,2027
2267,2026-01-10 02:00:00,solved,1720
2267,2026-01-11 03:00:00,open,1720
2267,2026-01-11 22:00:00,pending,1720
2267,2026-01-14 14:00:00,pending,1720
2268,2025-11-13 11:00:00,solved,2497
2268,2025-11-14 02:00:00,closed,2497
2268,2025-11-16 01:00:00,pending,2497
2268,2025-11-13 14:00:00,open,2497
2268,2025-11-14 03:00:00,open,2497
2268,2025-11-15 18:00:00,solved,2497
2268,2025-11-13 23:00:00,pending,2497
2268,2025-11-23 09:00:00,closed,2497
2269,2025-09-13 07:00:00,solved,2011
2269,2025-09-13 18:00:00,open,2011
2269,2025-09-14 17:00:00,pending,2011
2269,2025-09-15 19:00:00,open,2011
2269,2025-09-13 15:00:00,pending,2011
2269,2025-09-19 13:00:00,solved,2011
2269,2025-09-18 01:00:00,pending,2011
2269,2025-09-20 14:00:00,closed,2011
2270,2026-02-24 05:00:00,open,1224
2270,2026-02-24 11:00:00,pending,1224
2270,2026-02-24 17:00:00,solved,1224
2271,2026-02-02 10:00:00,closed,2226
2271,2026-02-02 23:00:00,open,2226
2271,2026-02-02 14:00:00,closed,2226
2271,2026-02-05 04:00:00,open,2226
2271,2026-02-02 18:00:00,pending,2226
2272,2026-02-06 05:00:00,pending,1794
2272,2026-02-07 13:00:00,open,1794
2272,2026-02-07 07:00:00,closed,1794
2273,2025-12-30 07:00:00,pending,1520
2273,2025-12-31 02:00:00,pending,1520
2273,2025-12-31 11:00:00,closed,1520
2273,2026-01-03 04:00:00,solved,1520
2273,2026-01-03 07:00:00,open,1520
2273,2026-01-01 04:00:00,solved,1520
2273,2026-01-02 07:00:00,open,1520
2273,2026-01-04 06:00:00,closed,1520
2274,2026-02-26 11:00:00,open,2425
2274,2026-02-26 23:00:00,pending,2425
2274,2026-02-28 07:00:00,closed,2425
2275,2026-01-17 12:00:00,open,1207
2275,2026-01-18 17:00:00,closed,1207
2275,2026-01-18 22:00:00,solved,1207
2275,2026-01-18 09:00:00,open,1207
2275,2026-01-23 12:00:00,open,1207
2276,2025-10-26 03:00:00,open,191
2276,2025-10-26 07:00:00,solved,191
2276,2025-10-28 21:00:00,solved,191
2276,2025-10-28 12:00:00,solved,191
2276,2025-10-30 19:00:00,pending,191
2276,2025-10-31 18:00:00,solved,191
2276,2025-11-01 15:00:00,closed,191
2277,2025-11-18 06:00:00,open,149
2277,2025-11-18 22:00:00,closed,149
2278,2026-01-24 09:00:00,open,1592
2278,2026-01-25 14:00:00,solved,1592
2278,2026-01-25 21:00:00,open,1592
2278,2026-01-28 00:00:00,open,1592
2278,2026-01-28 05:00:00,closed,1592
2279,2025-09-18 11:00:00,closed,1425
2279,2025-09-18 20:00:00,closed,1425
2279,2025-09-18 23:00:00,closed,1425
2279,2025-09-20 20:00:00,closed,1425
2279,2025-09-20 15:00:00,closed,1425
2279,2025-09-21 19:00:00,pending,1425
2279,2025-09-22 17:00:00,open,1425
2279,2025-09-21 09:00:00,closed,1425
2280,2025-09-18 06:00:00,open,2178
2280,2025-09-19 07:00:00,pending,2178
2280,2025-09-20 00:00:00,open,2178
2280,2025-09-19 12:00:00,open,2178
2280,2025-09-21 22:00:00,solved,2178
2280,2025-09-20 03:00:00,open,2178
2281,2025-10-18 12:00:00,pending,186
2281,2025-10-19 16:00:00,closed,186
2282,2025-09-27 05:00:00,pending,1139
2282,2025-09-27 13:00:00,solved,1139
2282,2025-09-28 17:00:00,open,1139
2282,2025-09-30 14:00:00,open,1139
2282,2025-09-28 05:00:00,closed,1139
2283,2026-01-04 09:00:00,closed,16
2283,2026-01-04 17:00:00,open,16
2283,2026-01-06 11:00:00,open,16
2283,2026-01-04 12:00:00,closed,16
2284,2026-01-07 00:00:00,solved,1715
2284,2026-01-07 17:00:00,closed,1715
2285,2025-12-11 12:00:00,solved,2483
2285,2025-12-13 00:00:00,pending,2483
2285,2025-12-14 04:00:00,solved,2483
2286,2025-11-21 04:00:00,pending,1571
2286,2025-11-21 20:00:00,open,1571
2286,2025-11-23 22:00:00,open,1571
2286,2025-11-24 01:00:00,solved,1571
2286,2025-11-22 00:00:00,closed,1571
2287,2026-01-13 06:00:00,open,1454
2287,2026-01-14 05:00:00,solved,1454
2287,2026-01-13 10:00:00,pending,1454
2287,2026-01-13 09:00:00,open,1454
2287,2026-01-16 06:00:00,open,1454
2287,2026-01-14 07:00:00,open,1454
2287,2026-01-19 18:00:00,closed,1454
2288,2025-10-25 11:00:00,solved,1664
2288,2025-10-26 08:00:00,open,1664
2288,2025-10-26 07:00:00,solved,1664
2288,2025-10-27 11:00:00,open,1664
2288,2025-10-27 11:00:00,open,1664
2288,2025-10-28 04:00:00,closed,1664
2289,2026-01-20 04:00:00,solved,880
2289,2026-01-20 12:00:00,solved,880
2289,2026-01-20 16:00:00,open,880
2289,2026-01-23 16:00:00,closed,880
2289,2026-01-20 20:00:00,open,880
2289,2026-01-22 21:00:00,open,880
2289,2026-01-21 10:00:00,pending,880
2289,2026-01-28 15:00:00,pending,880
2290,2026-02-12 02:00:00,closed,2022
2290,2026-02-13 00:00:00,pending,2022
2290,2026-02-14 16:00:00,open,2022
2290,2026-02-16 02:00:00,solved,2022
2290,2026-02-16 06:00:00,open,2022
2290,2026-02-17 22:00:00,open,2022
2290,2026-02-13 14:00:00,solved,2022
2290,2026-02-18 05:00:00,closed,2022
2291,2025-12-03 08:00:00,closed,1537
2291,2025-12-04 13:00:00,solved,1537
2291,2025-12-04 02:00:00,open,1537
2291,2025-12-05 05:00:00,open,1537
2292,2025-12-04 08:00:00,closed,912
2292,2025-12-04 10:00:00,pending,912
2292,2025-12-04 18:00:00,closed,912
2293,2025-10-28 00:00:00,open,1059
2293,2025-10-28 17:00:00,pending,1059
2293,2025-10-29 10:00:00,closed,1059
2293,2025-10-31 06:00:00,solved,1059
2293,2025-10-30 16:00:00,open,1059
2293,2025-11-03 11:00:00,pending,1059
2293,2025-11-04 12:00:00,solved,1059
2293,2025-10-31 19:00:00,closed,1059
2294,2026-01-15 03:00:00,closed,171
2294,2026-01-16 08:00:00,closed,171
2295,2025-12-28 11:00:00,open,463
2295,2025-12-29 22:00:00,solved,463
2295,2025-12-30 13:00:00,closed,463
2295,2025-12-28 23:00:00,closed,463
2295,2026-01-02 19:00:00,closed,463
2296,2025-11-19 08:00:00,open,1233
2296,2025-11-19 16:00:00,closed,1233
2297,2025-11-16 00:00:00,pending,741
2297,2025-11-16 09:00:00,pending,741
2297,2025-11-19 00:00:00,pending,741
2298,2026-02-24 11:00:00,solved,2463
2298,2026-02-25 09:00:00,pending,2463
2298,2026-02-27 01:00:00,solved,2463
2298,2026-02-25 23:00:00,open,2463
2298,2026-02-27 19:00:00,open,2463
2298,2026-02-28 00:00:00,open,2463
2298,2026-03-02 11:00:00,closed,2463
2299,2025-11-05 09:00:00,open,1122
2299,2025-11-06 18:00:00,closed,1122
2299,2025-11-06 11:00:00,open,1122
2299,2025-11-05 12:00:00,closed,1122
2300,2026-02-14 00:00:00,solved,1368
2300,2026-02-15 10:00:00,pending,1368
2300,2026-02-15 20:00:00,open,1368
2300,2026-02-15 06:00:00,pending,1368
2300,2026-02-17 08:00:00,closed,1368
2300,2026-02-16 07:00:00,pending,1368
2300,2026-02-16 00:00:00,closed,1368
2301,2026-03-07 03:00:00,open,455
2301,2026-03-07 14:00:00,pending,455
2301,2026-03-08 21:00:00,solved,455
2301,2026-03-08 03:00:00,solved,455
2302,2026-02-11 06:00:00,closed,1916
2302,2026-02-11 22:00:00,pending,1916
2302,2026-02-13 20:00:00,solved,1916
2302,2026-02-14 09:00:00,open,1916
2302,2026-02-15 22:00:00,open,1916
2302,2026-02-16 06:00:00,closed,1916
2303,2025-11-03 02:00:00,open,2460
2303,2025-11-04 04:00:00,open,2460
2303,2025-11-04 02:00:00,solved,2460
2303,2025-11-04 05:00:00,open,2460
2303,2025-11-07 02:00:00,solved,2460
2303,2025-11-08 17:00:00,open,2460
2303,2025-11-06 20:00:00,closed,2460
2304,2026-02-08 11:00:00,solved,2137
2304,2026-02-09 14:00:00,open,2137
2304,2026-02-11 01:00:00,pending,2137
2304,2026-02-08 20:00:00,pending,2137
2304,2026-02-11 19:00:00,solved,2137
2304,2026-02-11 14:00:00,closed,2137
2305,2025-09-24 05:00:00,pending,156
2305,2025-09-24 23:00:00,closed,156
2306,2025-12-23 10:00:00,open,1437
2306,2025-12-24 22:00:00,open,1437
2306,2025-12-25 08:00:00,solved,1437
2306,2025-12-25 10:00:00,pending,1437
2306,2025-12-28 14:00:00,open,1437
2306,2025-12-30 22:00:00,open,1437
2306,2025-12-30 04:00:00,solved,1437
2307,2025-10-28 01:00:00,open,2395
2307,2025-10-29 07:00:00,open,2395
2307,2025-10-30 15:00:00,pending,2395
2307,2025-10-28 13:00:00,open,2395
2307,2025-10-30 13:00:00,closed,2395
2308,2026-02-07 01:00:00,solved,700
2308,2026-02-07 09:00:00,pending,700
2308,2026-02-09 23:00:00,closed,700
2309,2025-10-16 02:00:00,solved,1841
2309,2025-10-16 12:00:00,open,1841
2309,2025-10-16 12:00:00,open,1841
2309,2025-10-17 02:00:00,open,1841
2310,2026-01-07 09:00:00,open,1106
2310,2026-01-08 18:00:00,open,1106
2310,2026-01-09 03:00:00,pending,1106
2311,2025-11-05 01:00:00,open,206
2311,2025-11-05 15:00:00,pending,206
2311,2025-11-05 11:00:00,pending,206
2311,2025-11-07 22:00:00,closed,206
2312,2025-12-10 09:00:00,open,2063
2312,2025-12-10 10:00:00,open,2063
2312,2025-12-10 15:00:00,solved,2063
2313,2026-02-14 11:00:00,solved,2333
2313,2026-02-14 18:00:00,pending,2333
2313,2026-02-14 17:00:00,pending,2333
2313,2026-02-15 11:00:00,solved,2333
2313,2026-02-19 19:00:00,open,2333
2313,2026-02-21 08:00:00,open,2333
2313,2026-02-23 05:00:00,pending,2333
2313,2026-02-14 18:00:00,closed,2333
2314,2025-10-23 01:00:00,pending,2208
2314,2025-10-23 08:00:00,closed,2208
2315,2026-02-09 03:00:00,solved,799
2315,2026-02-10 06:00:00,closed,799
2316,2025-10-29 09:00:00,pending,611
2316,2025-10-29 13:00:00,pending,611
2316,2025-11-01 09:00:00,closed,611
2317,2026-01-22 02:00:00,pending,932
2317,2026-01-23 02:00:00,closed,932
2317,2026-01-24 22:00:00,open,932
2317,2026-01-25 20:00:00,pending,932
2317,2026-01-26 18:00:00,solved,932
2317,2026-01-28 23:00:00,closed,932
2318,2026-02-28 09:00:00,pending,246
2318,2026-03-01 15:00:00,open,246
2318,2026-03-01 17:00:00,pending,246
2318,2026-03-03 21:00:00,closed,246
2318,2026-02-28 13:00:00,pending,246
2318,2026-03-05 04:00:00,open,246
2318,2026-03-04 15:00:00,open,246
2318,2026-03-03 07:00:00,closed,246
2319,2025-11-17 11:00:00,open,1426
2319,2025-11-18 11:00:00,closed,1426
2320,2026-02-20 04:00:00,closed,2040
2320,2026-02-21 07:00:00,closed,2040
2321,2025-09-23 07:00:00,solved,2017
2321,2025-09-24 17:00:00,closed,2017
2321,2025-09-23 21:00:00,open,2017
2321,2025-09-27 16:00:00,open,2017
2321,2025-09-25 07:00:00,solved,2017
2321,2025-09-29 23:00:00,open,2017
2321,2025-09-25 13:00:00,open,2017
2321,2025-09-30 00:00:00,closed,2017
2322,2025-12-22 12:00:00,closed,1798
2322,2025-12-23 13:00:00,solved,1798
2322,2025-12-23 10:00:00,closed,1798
2323,2025-12-30 01:00:00,pending,2490
2323,2025-12-31 00:00:00,solved,2490
2323,2025-12-30 19:00:00,open,2490
2323,2026-01-02 13:00:00,solved,2490
2323,2026-01-04 13:00:00,open,2490
2323,2026-01-05 12:00:00,pending,2490
2324,2025-10-31 08:00:00,open,554
2324,2025-10-31 20:00:00,pending,554
2324,2025-11-01 06:00:00,open,554
2324,2025-10-31 11:00:00,closed,554
2325,2025-11-28 06:00:00,open,366
2325,2025-11-28 18:00:00,open,366
2325,2025-11-29 04:00:00,pending,366
2325,2025-11-30 03:00:00,pending,366
2325,2025-11-29 14:00:00,closed,366
2325,2025-12-05 08:00:00,solved,366
2325,2025-12-06 12:00:00,pending,366
2325,2025-12-02 15:00:00,closed,366
2326,2026-03-10 06:00:00,open,2136
2326,2026-03-11 17:00:00,closed,2136
2326,2026-03-10 14:00:00,open,2136
2326,2026-03-13 12:00:00,open,2136
2327,2026-02-12 01:00:00,open,125
2327,2026-02-13 05:00:00,pending,125
2327,2026-02-14 21:00:00,open,125
2327,2026-02-12 19:00:00,closed,125
2327,2026-02-15 13:00:00,open,125
2327,2026-02-17 16:00:00,closed,125
2327,2026-02-14 07:00:00,closed,125
2328,2026-01-31 05:00:00,closed,20
2328,2026-02-01 05:00:00,pending,20
2328,2026-02-02 01:00:00,open,20
2328,2026-02-03 11:00:00,open,20
2328,2026-02-01 17:00:00,pending,20
2328,2026-02-05 05:00:00,open,20
2328,2026-02-08 11:00:00,open,20
2328,2026-02-07 19:00:00,open,20
2329,2025-12-21 07:00:00,open,86
2329,2025-12-22 04:00:00,solved,86
2329,2025-12-23 15:00:00,closed,86
2329,2025-12-25 07:00:00,closed,86
2329,2025-12-24 11:00:00,pending,86
2329,2025-12-22 03:00:00,open,86
2329,2025-12-22 07:00:00,open,86
2329,2025-12-25 09:00:00,open,86
2330,2026-01-10 02:00:00,pending,683
2330,2026-01-11 02:00:00,pending,683
2330,2026-01-11 18:00:00,pending,683
2330,2026-01-14 02:00:00,pending,683
2330,2026-01-13 10:00:00,pending,683
2330,2026-01-11 03:00:00,open,683
2330,2026-01-18 20:00:00,pending,683
2330,2026-01-15 01:00:00,closed,683
2331,2026-02-11 10:00:00,pending,2366
2331,2026-02-12 16:00:00,open,2366
2331,2026-02-13 22:00:00,pending,2366
2331,2026-02-15 10:00:00,pending,2366
2331,2026-02-13 22:00:00,pending,2366
2331,2026-02-14 18:00:00,solved,2366
2332,2026-02-23 08:00:00,open,2306
2332,2026-02-23 16:00:00,pending,2306
2332,2026-02-24 04:00:00,closed,2306
2333,2025-12-25 03:00:00,pending,789
2333,2025-12-25 05:00:00,open,789
2334,2026-01-25 02:00:00,open,1853
2334,2026-01-26 11:00:00,solved,1853
2334,2026-01-26 00:00:00,closed,1853
2334,2026-01-27 17:00:00,pending,1853
2334,2026-01-28 06:00:00,pending,1853
2334,2026-01-27 14:00:00,closed,1853
2335,2025-11-29 10:00:00,open,523
2335,2025-11-30 07:00:00,closed,523
2335,2025-11-30 00:00:00,open,523
2335,2025-11-29 19:00:00,open,523
2335,2025-12-04 18:00:00,pending,523
2335,2025-11-29 20:00:00,solved,523
2336,2026-03-11 11:00:00,open,2348
2336,2026-03-11 17:00:00,open,2348
2336,2026-03-14 07:00:00,open,2348
2336,2026-03-15 20:00:00,open,2348
2336,2026-03-12 07:00:00,pending,2348
2336,2026-03-12 02:00:00,closed,2348
2336,2026-03-17 05:00:00,open,2348
2337,2026-01-08 03:00:00,pending,1990
2337,2026-01-09 09:00:00,solved,1990
2337,2026-01-11 01:00:00,open,1990
2337,2026-01-11 00:00:00,open,1990
2338,2026-03-11 02:00:00,pending,119
2338,2026-03-11 04:00:00,closed,119
2339,2025-10-13 01:00:00,pending,1970
2339,2025-10-13 08:00:00,open,1970
2339,2025-10-15 09:00:00,pending,1970
2339,2025-10-16 10:00:00,pending,1970
2339,2025-10-15 09:00:00,open,1970
2339,2025-10-15 18:00:00,pending,1970
2339,2025-10-18 01:00:00,open,1970
2339,2025-10-22 02:00:00,open,1970
2340,2026-02-22 03:00:00,pending,1351
2340,2026-02-22 18:00:00,solved,1351
2340,2026-02-24 19:00:00,open,1351
2340,2026-02-23 12:00:00,open,1351
2340,2026-02-27 11:00:00,open,1351
2340,2026-02-27 23:00:00,closed,1351
2341,2026-01-01 00:00:00,solved,1604
2341,2026-01-02 02:00:00,solved,1604
2341,2026-01-01 10:00:00,closed,1604
2342,2026-01-27 11:00:00,open,2121
2342,2026-01-28 05:00:00,pending,2121
2342,2026-01-30 05:00:00,open,2121
2342,2026-01-29 08:00:00,solved,2121
2342,2026-01-28 11:00:00,open,2121
2342,2026-01-29 23:00:00,pending,2121
2342,2026-02-04 11:00:00,solved,2121
2342,2026-02-03 11:00:00,closed,2121
2343,2026-01-24 09:00:00,pending,1750
2343,2026-01-24 17:00:00,closed,1750
2344,2025-11-24 04:00:00,solved,995
2344,2025-11-25 09:00:00,open,995
2344,2025-11-26 04:00:00,closed,995
2345,2026-02-16 00:00:00,open,2325
2345,2026-02-17 03:00:00,open,2325
2345,2026-02-16 14:00:00,closed,2325
2346,2025-09-27 00:00:00,solved,1148
2346,2025-09-28 11:00:00,solved,1148
2346,2025-09-27 04:00:00,closed,1148
2346,2025-09-30 00:00:00,open,1148
2346,2025-10-01 00:00:00,open,1148
2346,2025-09-27 05:00:00,pending,1148
2346,2025-10-02 00:00:00,pending,1148
2346,2025-10-05 04:00:00,closed,1148
2347,2025-12-09 00:00:00,open,457
2347,2025-12-09 02:00:00,pending,457
2347,2025-12-11 22:00:00,closed,457
2347,2025-12-13 12:00:00,pending,457
2347,2025-12-12 16:00:00,closed,457
2347,2025-12-14 10:00:00,closed,457
2348,2026-01-06 07:00:00,solved,1592
2348,2026-01-06 08:00:00,pending,1592
2349,2025-10-23 08:00:00,open,2250
2349,2025-10-24 17:00:00,solved,2250
2349,2025-10-25 16:00:00,open,2250
2349,2025-10-26 02:00:00,closed,2250
2350,2026-02-17 02:00:00,open,1741
2350,2026-02-17 21:00:00,pending,1741
2350,2026-02-19 22:00:00,pending,1741
2350,2026-02-19 14:00:00,open,1741
2350,2026-02-22 18:00:00,open,1741
2350,2026-02-23 18:00:00,open,1741
2351,2025-11-01 09:00:00,pending,598
2351,2025-11-02 10:00:00,pending,598
2351,2025-11-03 13:00:00,open,598
2352,2025-12-07 08:00:00,pending,1693
2352,2025-12-08 08:00:00,closed,1693
2353,2026-02-20 00:00:00,open,2478
2353,2026-02-21 06:00:00,open,2478
2353,2026-02-22 06:00:00,open,2478
2353,2026-02-20 06:00:00,pending,2478
2354,2025-10-31 06:00:00,solved,2116
2354,2025-11-01 14:00:00,open,2116
2355,2026-01-18 04:00:00,open,835
2355,2026-01-19 14:00:00,pending,835
2355,2026-01-18 14:00:00,closed,835
2355,2026-01-20 04:00:00,solved,835
2355,2026-01-18 16:00:00,pending,835
2355,2026-01-21 12:00:00,pending,835
2356,2025-09-13 11:00:00,pending,521
2356,2025-09-14 15:00:00,solved,521
2356,2025-09-15 19:00:00,closed,521
2357,2026-01-09 10:00:00,pending,1655
2357,2026-01-10 22:00:00,pending,1655
2357,2026-01-11 06:00:00,pending,1655
2357,2026-01-10 07:00:00,closed,1655
2358,2025-10-23 07:00:00,pending,1185
2358,2025-10-24 00:00:00,pending,1185
2358,2025-10-23 19:00:00,closed,1185
2359,2025-12-23 09:00:00,solved,306
2359,2025-12-24 15:00:00,open,306
2359,2025-12-24 05:00:00,solved,306
2359,2025-12-24 06:00:00,closed,306
2360,2025-12-03 07:00:00,open,2287
2360,2025-12-03 16:00:00,solved,2287
2360,2025-12-05 05:00:00,open,2287
2360,2025-12-06 01:00:00,closed,2287
2360,2025-12-05 03:00:00,solved,2287
2360,2025-12-09 23:00:00,pending,2287
2360,2025-12-08 19:00:00,open,2287
2360,2025-12-09 03:00:00,closed,2287
2361,2025-11-26 12:00:00,open,95
2361,2025-11-27 11:00:00,open,95
2361,2025-11-29 04:00:00,open,95
2361,2025-11-29 12:00:00,pending,95
2361,2025-11-30 04:00:00,open,95
2361,2025-11-27 13:00:00,solved,95
2361,2025-12-03 06:00:00,solved,95
2361,2025-12-06 03:00:00,closed,95
2362,2025-09-23 07:00:00,solved,1195
2362,2025-09-24 02:00:00,open,1195
2362,2025-09-23 15:00:00,solved,1195
2362,2025-09-26 22:00:00,pending,1195
2362,2025-09-25 11:00:00,pending,1195
2362,2025-09-29 03:00:00,closed,1195
2362,2025-09-28 07:00:00,closed,1195
2363,2026-01-24 10:00:00,open,90
2363,2026-01-25 17:00:00,solved,90
2363,2026-01-24 20:00:00,pending,90
2363,2026-01-24 22:00:00,closed,90
2364,2025-11-30 03:00:00,solved,365
2364,2025-11-30 06:00:00,pending,365
2364,2025-12-01 21:00:00,closed,365
2365,2026-01-20 00:00:00,pending,844
2365,2026-01-20 11:00:00,solved,844
2365,2026-01-20 10:00:00,closed,844
2366,2026-03-01 08:00:00,closed,383
2366,2026-03-01 13:00:00,solved,383
2366,2026-03-01 22:00:00,solved,383
2366,2026-03-04 14:00:00,solved,383
2366,2026-03-06 20:00:00,closed,383
2367,2025-11-09 11:00:00,solved,1344
2367,2025-11-10 16:00:00,closed,1344
2367,2025-11-10 15:00:00,solved,1344
2367,2025-11-10 05:00:00,open,1344
2367,2025-11-09 19:00:00,pending,1344
2367,2025-11-16 03:00:00,open,1344
2367,2025-11-14 11:00:00,pending,1344
2367,2025-11-19 09:00:00,closed,1344
2368,2026-01-05 00:00:00,open,1750
2368,2026-01-06 01:00:00,closed,1750
2369,2026-03-01 04:00:00,open,1202
2369,2026-03-02 01:00:00,closed,1202
2369,2026-03-02 14:00:00,solved,1202
2369,2026-03-01 10:00:00,open,1202
2369,2026-03-06 16:00:00,open,1202
2369,2026-03-04 07:00:00,open,1202
2369,2026-03-07 16:00:00,pending,1202
2369,2026-03-07 21:00:00,closed,1202
2370,2026-01-16 08:00:00,closed,360
2370,2026-01-17 16:00:00,solved,360
2370,2026-01-18 08:00:00,pending,360
2370,2026-01-17 17:00:00,closed,360
2371,2026-01-04 00:00:00,open,1184
2371,2026-01-04 19:00:00,pending,1184
2371,2026-01-06 04:00:00,closed,1184
2371,2026-01-04 06:00:00,closed,1184
2371,2026-01-06 12:00:00,open,1184
2371,2026-01-09 10:00:00,closed,1184
2371,2026-01-05 06:00:00,closed,1184
2372,2025-12-23 07:00:00,solved,2262
2372,2025-12-24 06:00:00,solved,2262
2372,2025-12-23 19:00:00,open,2262
2372,2025-12-25 19:00:00,pending,2262
2372,2025-12-24 07:00:00,closed,2262
2372,2025-12-26 20:00:00,pending,2262
2372,2025-12-26 19:00:00,closed,2262
2373,2026-02-21 12:00:00,closed,2165
2373,2026-02-21 20:00:00,closed,2165
2373,2026-02-22 22:00:00,open,2165
2373,2026-02-25 03:00:00,open,2165
2373,2026-02-24 00:00:00,open,2165
2373,2026-02-27 13:00:00,pending,2165
2373,2026-02-28 00:00:00,closed,2165
2374,2025-10-11 06:00:00,closed,200
2374,2025-10-11 23:00:00,pending,200
2374,2025-10-14 04:00:00,closed,200
2374,2025-10-12 18:00:00,open,200
2374,2025-10-14 14:00:00,open,200
2374,2025-10-17 22:00:00,pending,200
2374,2025-10-13 06:00:00,open,200
2375,2025-12-19 04:00:00,open,2057
2375,2025-12-19 15:00:00,pending,2057
2375,2025-12-21 10:00:00,pending,2057
2375,2025-12-20 13:00:00,open,2057
2375,2025-12-22 04:00:00,open,2057
2375,2025-12-20 15:00:00,closed,2057
2376,2025-09-17 10:00:00,closed,1957
2376,2025-09-18 15:00:00,closed,1957
2377,2025-12-16 10:00:00,pending,1920
2377,2025-12-17 01:00:00,open,1920
2377,2025-12-19 08:00:00,closed,1920
2377,2025-12-19 19:00:00,closed,1920
2377,2025-12-19 18:00:00,solved,1920
2377,2025-12-16 20:00:00,pending,1920
2377,2025-12-18 16:00:00,open,1920
2377,2025-12-23 10:00:00,closed,1920
2378,2025-10-28 01:00:00,pending,1193
2378,2025-10-28 15:00:00,solved,1193
2378,2025-10-28 03:00:00,open,1193
2378,2025-10-29 13:00:00,open,1193
2378,2025-10-30 21:00:00,pending,1193
2378,2025-10-30 03:00:00,pending,1193
2378,2025-10-29 07:00:00,closed,1193
2379,2026-01-16 09:00:00,closed,1690
2379,2026-01-16 13:00:00,solved,1690
2379,2026-01-19 01:00:00,solved,1690
2379,2026-01-18 18:00:00,pending,1690
2379,2026-01-20 09:00:00,open,1690
2379,2026-01-21 04:00:00,pending,1690
2379,2026-01-18 21:00:00,closed,1690
2380,2025-12-04 12:00:00,solved,2358
2380,2025-12-05 05:00:00,solved,2358
2380,2025-12-06 14:00:00,closed,2358
2380,2025-12-07 21:00:00,open,2358
2380,2025-12-06 00:00:00,open,2358
2380,2025-12-08 21:00:00,closed,2358
2380,2025-12-05 06:00:00,solved,2358
2380,2025-12-10 01:00:00,closed,2358
2381,2025-10-12 10:00:00,open,1977
2381,2025-10-13 05:00:00,open,1977
2381,2025-10-14 10:00:00,solved,1977
2381,2025-10-13 13:00:00,open,1977
2381,2025-10-17 22:00:00,closed,1977
2381,2025-10-14 22:00:00,pending,1977
2382,2025-09-27 02:00:00,open,813
2382,2025-09-28 02:00:00,pending,813
2382,2025-09-28 22:00:00,open,813
2382,2025-09-30 23:00:00,open,813
2382,2025-09-27 22:00:00,pending,813
2382,2025-09-27 07:00:00,solved,813
2382,2025-10-03 14:00:00,closed,813
2382,2025-09-27 23:00:00,closed,813
2383,2026-02-27 06:00:00,open,1664
2383,2026-02-27 11:00:00,pending,1664
2383,2026-02-27 18:00:00,solved,1664
2383,2026-03-02 00:00:00,solved,1664
2383,2026-02-28 14:00:00,pending,1664
2383,2026-02-28 22:00:00,closed,1664
2384,2026-02-18 01:00:00,open,1589
2384,2026-02-18 05:00:00,closed,1589
2384,2026-02-20 17:00:00,pending,1589
2384,2026-02-22 04:00:00,solved,1589
2384,2026-02-19 01:00:00,open,1589
2384,2026-02-24 07:00:00,closed,1589
2385,2026-01-14 04:00:00,open,923
2385,2026-01-14 06:00:00,pending,923
2385,2026-01-14 10:00:00,open,923
2385,2026-01-14 07:00:00,open,923
2385,2026-01-16 12:00:00,closed,923
2386,2025-10-13 11:00:00,pending,1095
2386,2025-10-14 09:00:00,pending,1095
2386,2025-10-14 03:00:00,open,1095
2386,2025-10-17 11:00:00,solved,1095
2386,2025-10-14 11:00:00,solved,1095
2386,2025-10-14 22:00:00,pending,1095
2386,2025-10-21 23:00:00,solved,1095
2386,2025-10-23 16:00:00,closed,1095
2387,2026-02-03 11:00:00,pending,26
2387,2026-02-03 17:00:00,closed,26
2387,2026-02-05 01:00:00,open,26
2387,2026-02-04 05:00:00,closed,26
2387,2026-02-07 11:00:00,solved,26
2387,2026-02-07 10:00:00,solved,26
2387,2026-02-04 17:00:00,open,26
2387,2026-02-05 19:00:00,closed,26
2388,2026-02-17 11:00:00,pending,1447
2388,2026-02-18 02:00:00,closed,1447
2389,2026-01-26 02:00:00,solved,341
2389,2026-01-27 08:00:00,open,341
2389,2026-01-28 02:00:00,pending,341
2389,2026-01-28 02:00:00,closed,341
2389,2026-01-28 14:00:00,solved,341
2389,2026-01-29 00:00:00,pending,341
2389,2026-01-26 20:00:00,solved,341
2390,2025-09-26 06:00:00,open,810
2390,2025-09-27 17:00:00,open,810
2390,2025-09-27 02:00:00,closed,810
2391,2026-02-06 11:00:00,open,2384
2391,2026-02-07 22:00:00,solved,2384
2391,2026-02-07 01:00:00,pending,2384
2391,2026-02-07 02:00:00,open,2384
2392,2026-02-19 12:00:00,closed,1715
2392,2026-02-19 13:00:00,pending,1715
2392,2026-02-21 06:00:00,pending,1715
2392,2026-02-24 00:00:00,open,1715
2392,2026-02-24 00:00:00,pending,1715
2392,2026-02-26 04:00:00,pending,1715
2392,2026-02-21 12:00:00,closed,1715
2393,2026-01-29 12:00:00,solved,1487
2393,2026-01-30 23:00:00,closed,1487
2394,2025-10-31 12:00:00,pending,278
2394,2025-11-01 00:00:00,open,278
2394,2025-10-31 16:00:00,pending,278
2395,2026-02-12 10:00:00,pending,998
2395,2026-02-13 03:00:00,open,998
2395,2026-02-14 20:00:00,solved,998
2395,2026-02-15 16:00:00,open,998
2396,2026-03-09 07:00:00,pending,147
2396,2026-03-09 12:00:00,closed,147
2396,2026-03-12 07:00:00,open,147
2396,2026-03-11 13:00:00,pending,147
2396,2026-03-09 11:00:00,pending,147
2397,2025-10-10 01:00:00,solved,720
2397,2025-10-10 06:00:00,open,720
2397,2025-10-11 21:00:00,solved,720
2397,2025-10-13 10:00:00,closed,720
2397,2025-10-10 09:00:00,solved,720
2397,2025-10-11 12:00:00,open,720
2397,2025-10-16 07:00:00,open,720
2397,2025-10-19 02:00:00,open,720
2398,2025-11-10 06:00:00,pending,1253
2398,2025-11-10 18:00:00,pending,1253
2398,2025-11-12 20:00:00,open,1253
2398,2025-11-11 09:00:00,closed,1253
2399,2025-09-16 03:00:00,closed,2459
2399,2025-09-16 07:00:00,pending,2459
2399,2025-09-18 05:00:00,solved,2459
2399,2025-09-16 12:00:00,pending,2459
2399,2025-09-20 07:00:00,pending,2459
2399,2025-09-21 08:00:00,closed,2459
2400,2026-03-11 10:00:00,open,1872
2400,2026-03-12 14:00:00,solved,1872
2400,2026-03-13 22:00:00,open,1872
2400,2026-03-15 04:00:00,open,1872
2400,2026-03-16 22:00:00,closed,1872
2400,2026-03-16 10:00:00,closed,1872
2400,2026-03-20 10:00:00,closed,1872
2400,2026-03-19 14:00:00,pending,1872
2401,2025-10-27 04:00:00,open,102
2401,2025-10-28 09:00:00,open,102
2401,2025-10-29 14:00:00,pending,102
2401,2025-10-31 16:00:00,pending,102
2401,2025-10-29 08:00:00,closed,102
2402,2025-12-06 03:00:00,open,494
2402,2025-12-07 03:00:00,open,494
2402,2025-12-07 17:00:00,open,494
2402,2025-12-08 00:00:00,closed,494
2402,2025-12-11 11:00:00,closed,494
2403,2025-09-24 04:00:00,pending,982
2403,2025-09-24 21:00:00,pending,982
2403,2025-09-25 10:00:00,pending,982
2403,2025-09-25 19:00:00,open,982
2403,2025-09-29 04:00:00,open,982
2403,2025-09-28 23:00:00,pending,982
2403,2025-10-03 04:00:00,pending,982
2403,2025-09-25 15:00:00,closed,982
2404,2025-11-08 01:00:00,pending,573
2404,2025-11-08 06:00:00,closed,573
2405,2026-02-08 01:00:00,pending,1249
2405,2026-02-09 13:00:00,pending,1249
2405,2026-02-10 09:00:00,pending,1249
2405,2026-02-09 22:00:00,open,1249
2405,2026-02-08 17:00:00,closed,1249
2405,2026-02-08 16:00:00,closed,1249
2406,2025-11-25 12:00:00,pending,2055
2406,2025-11-26 10:00:00,pending,2055
2406,2025-11-27 06:00:00,closed,2055
2407,2025-12-14 03:00:00,open,1244
2407,2025-12-14 10:00:00,solved,1244
2407,2025-12-15 23:00:00,pending,1244
2407,2025-12-16 06:00:00,pending,1244
2407,2025-12-17 03:00:00,solved,1244
2407,2025-12-14 23:00:00,pending,1244
2407,2025-12-15 09:00:00,closed,1244
2408,2026-01-03 06:00:00,pending,481
2408,2026-01-03 20:00:00,solved,481
2408,2026-01-03 18:00:00,open,481
2408,2026-01-05 12:00:00,closed,481
2409,2025-11-17 02:00:00,pending,821
2409,2025-11-18 09:00:00,closed,821
2409,2025-11-18 12:00:00,closed,821
2409,2025-11-21 08:00:00,solved,821
2409,2025-11-22 10:00:00,open,821
2409,2025-11-20 15:00:00,closed,821
2410,2025-11-17 10:00:00,solved,527
2410,2025-11-17 13:00:00,closed,527
2410,2025-11-19 08:00:00,open,527
2410,2025-11-19 01:00:00,open,527
2410,2025-11-22 06:00:00,pending,527
2410,2025-11-19 12:00:00,pending,527
2410,2025-11-25 16:00:00,pending,527
2410,2025-11-27 01:00:00,closed,527
2411,2026-02-26 00:00:00,open,1993
2411,2026-02-26 16:00:00,open,1993
2411,2026-02-26 18:00:00,pending,1993
2411,2026-02-28 18:00:00,solved,1993
2411,2026-02-28 08:00:00,closed,1993
2411,2026-03-02 04:00:00,open,1993
2411,2026-03-01 18:00:00,closed,1993
2412,2026-01-22 12:00:00,open,1534
2412,2026-01-22 21:00:00,pending,1534
2412,2026-01-23 22:00:00,pending,1534
2412,2026-01-24 12:00:00,closed,1534
2412,2026-01-25 04:00:00,closed,1534
2413,2025-11-15 10:00:00,pending,274
2413,2025-11-16 02:00:00,pending,274
2414,2025-12-23 00:00:00,open,1703
2414,2025-12-23 05:00:00,solved,1703
2414,2025-12-24 04:00:00,pending,1703
2414,2025-12-27 03:00:00,open,1703
2414,2025-12-27 00:00:00,closed,1703
2415,2026-01-04 11:00:00,closed,157
2415,2026-01-04 17:00:00,solved,157
2415,2026-01-05 15:00:00,pending,157
2415,2026-01-05 11:00:00,open,157
2415,2026-01-06 15:00:00,solved,157
2415,2026-01-08 00:00:00,closed,157
2415,2026-01-13 05:00:00,closed,157
2416,2025-10-06 06:00:00,solved,55
2416,2025-10-07 09:00:00,closed,55
2416,2025-10-07 00:00:00,closed,55
2417,2026-01-13 02:00:00,pending,1125
2417,2026-01-13 04:00:00,open,1125
2417,2026-01-15 00:00:00,pending,1125
2417,2026-01-17 08:00:00,pending,1125
2418,2025-10-17 01:00:00,pending,1242
2418,2025-10-18 08:00:00,open,1242
2418,2025-10-19 01:00:00,pending,1242
2418,2025-10-20 07:00:00,closed,1242
2419,2026-02-07 05:00:00,solved,1760
2419,2026-02-08 02:00:00,pending,1760
2419,2026-02-08 05:00:00,open,1760
2419,2026-02-09 17:00:00,pending,1760
2419,2026-02-08 13:00:00,pending,1760
2419,2026-02-08 06:00:00,open,1760
2419,2026-02-14 17:00:00,closed,1760
2419,2026-02-16 20:00:00,open,1760
2420,2025-12-01 12:00:00,pending,2321
2420,2025-12-01 23:00:00,closed,2321
2420,2025-12-01 16:00:00,pending,2321
2420,2025-12-05 00:00:00,solved,2321
2420,2025-12-01 20:00:00,pending,2321
2420,2025-12-06 12:00:00,closed,2321
2421,2025-11-12 06:00:00,pending,1294
2421,2025-11-12 14:00:00,solved,1294
2421,2025-11-14 20:00:00,open,1294
2421,2025-11-13 15:00:00,closed,1294
2421,2025-11-14 02:00:00,open,1294
2421,2025-11-13 22:00:00,open,1294
2421,2025-11-18 12:00:00,solved,1294
2421,2025-11-12 20:00:00,closed,1294
2422,2025-09-24 08:00:00,pending,1395
2422,2025-09-25 13:00:00,closed,1395
2423,2026-02-19 01:00:00,pending,839
2423,2026-02-20 09:00:00,pending,839
2423,2026-02-19 11:00:00,closed,839
2423,2026-02-21 16:00:00,open,839
2424,2026-01-20 07:00:00,pending,2032
2424,2026-01-20 21:00:00,solved,2032
2424,2026-01-22 15:00:00,pending,2032
2424,2026-01-20 10:00:00,closed,2032
2424,2026-01-22 19:00:00,open,2032
2424,2026-01-23 20:00:00,closed,2032
2425,2025-12-27 09:00:00,closed,835
2425,2025-12-27 16:00:00,pending,835
2425,2025-12-28 11:00:00,closed,835
2426,2025-12-13 06:00:00,pending,2259
2426,2025-12-14 11:00:00,pending,2259
2426,2025-12-13 08:00:00,closed,2259
2427,2025-11-13 07:00:00,solved,2033
2427,2025-11-14 11:00:00,open,2033
2427,2025-11-14 05:00:00,closed,2033
2427,2025-11-14 07:00:00,solved,2033
2427,2025-11-14 07:00:00,open,2033
2427,2025-11-14 18:00:00,closed,2033
2428,2025-12-29 10:00:00,open,2011
2428,2025-12-29 16:00:00,pending,2011
2428,2025-12-31 00:00:00,closed,2011
2428,2025-12-31 07:00:00,open,2011
2428,2026-01-02 10:00:00,open,2011
2428,2026-01-04 11:00:00,pending,2011
2428,2025-12-30 10:00:00,solved,2011
2429,2025-10-03 03:00:00,open,1683
2429,2025-10-04 13:00:00,closed,1683
2430,2025-09-22 09:00:00,solved,1645
2430,2025-09-23 04:00:00,pending,1645
2430,2025-09-23 11:00:00,open,1645
2430,2025-09-25 09:00:00,solved,1645
2430,2025-09-23 21:00:00,solved,1645
2430,2025-09-27 09:00:00,closed,1645
2431,2025-09-22 00:00:00,open,712
2431,2025-09-22 04:00:00,open,712
2431,2025-09-24 08:00:00,open,712
2431,2025-09-23 00:00:00,solved,712
2431,2025-09-24 00:00:00,open,712
2431,2025-09-28 16:00:00,solved,712
2432,2026-01-20 10:00:00,pending,2097
2432,2026-01-21 00:00:00,closed,2097
2432,2026-01-22 08:00:00,open,2097
2432,2026-01-20 13:00:00,pending,2097
2432,2026-01-24 10:00:00,pending,2097
2433,2025-11-01 07:00:00,pending,2223
2433,2025-11-01 15:00:00,closed,2223
2434,2025-11-29 07:00:00,open,2321
2434,2025-11-30 03:00:00,closed,2321
2434,2025-12-01 17:00:00,open,2321
2434,2025-11-30 22:00:00,closed,2321
2435,2026-01-12 09:00:00,open,510
2435,2026-01-13 14:00:00,pending,510
2435,2026-01-14 01:00:00,closed,510
2436,2025-11-14 11:00:00,closed,1220
2436,2025-11-15 15:00:00,pending,1220
2436,2025-11-17 05:00:00,open,1220
2437,2026-03-07 00:00:00,closed,352
2437,2026-03-08 12:00:00,pending,352
2437,2026-03-08 22:00:00,closed,352
2437,2026-03-10 21:00:00,open,352
2438,2025-12-06 01:00:00,pending,2306
2438,2025-12-06 22:00:00,closed,2306
2438,2025-12-07 07:00:00,solved,2306
2438,2025-12-08 13:00:00,open,2306
2439,2025-11-04 02:00:00,pending,848
2439,2025-11-05 10:00:00,closed,848
2440,2026-02-19 05:00:00,solved,589
2440,2026-02-20 16:00:00,solved,589
2440,2026-02-19 19:00:00,open,589
2440,2026-02-20 08:00:00,open,589
2440,2026-02-25 01:00:00,solved,589
2440,2026-02-21 22:00:00,closed,589
2441,2026-02-08 04:00:00,solved,1581
2441,2026-02-09 05:00:00,closed,1581
2441,2026-02-09 22:00:00,solved,1581
2441,2026-02-11 10:00:00,open,1581
2441,2026-02-12 00:00:00,solved,1581
2442,2026-01-15 06:00:00,open,869
2442,2026-01-16 15:00:00,closed,869
2443,2026-01-07 06:00:00,open,1579
2443,2026-01-08 09:00:00,pending,1579
2443,2026-01-09 02:00:00,solved,1579
2443,2026-01-08 21:00:00,open,1579
2443,2026-01-10 18:00:00,closed,1579
2443,2026-01-14 13:00:00,open,1579
2443,2026-01-12 12:00:00,solved,1579
2443,2026-01-08 10:00:00,closed,1579
2444,2025-12-06 05:00:00,solved,455
2444,2025-12-06 14:00:00,solved,455
2444,2025-12-06 19:00:00,open,455
2444,2025-12-07 08:00:00,pending,455
2444,2025-12-06 13:00:00,closed,455
2445,2026-01-24 08:00:00,closed,1586
2445,2026-01-24 16:00:00,pending,1586
2445,2026-01-25 08:00:00,pending,1586
2445,2026-01-25 08:00:00,solved,1586
2445,2026-01-26 04:00:00,pending,1586
2445,2026-01-28 22:00:00,closed,1586
2445,2026-02-01 08:00:00,pending,1586
2445,2026-01-25 05:00:00,closed,1586
2446,2026-01-07 10:00:00,open,497
2446,2026-01-07 16:00:00,pending,497
2446,2026-01-07 22:00:00,closed,497
2447,2026-01-27 06:00:00,open,917
2447,2026-01-28 17:00:00,pending,917
2447,2026-01-29 08:00:00,pending,917
2447,2026-01-30 03:00:00,closed,917
2448,2026-01-08 03:00:00,pending,2058
2448,2026-01-09 07:00:00,open,2058
2448,2026-01-09 01:00:00,pending,2058
2448,2026-01-12 03:00:00,open,2058
2448,2026-01-09 23:00:00,pending,2058
2448,2026-01-14 19:00:00,closed,2058
2449,2026-02-23 04:00:00,pending,456
2449,2026-02-24 08:00:00,pending,456
2449,2026-02-24 18:00:00,open,456
2449,2026-02-27 10:00:00,open,456
2449,2026-02-25 20:00:00,open,456
2449,2026-02-25 11:00:00,pending,456
2449,2026-03-02 22:00:00,open,456
2449,2026-02-23 11:00:00,open,456
2450,2025-12-22 09:00:00,pending,23
2450,2025-12-22 22:00:00,pending,23
2450,2025-12-24 23:00:00,solved,23
2450,2025-12-23 15:00:00,solved,23
2450,2025-12-27 05:00:00,solved,23
2450,2025-12-29 06:00:00,open,23
2450,2025-12-29 09:00:00,closed,23
2451,2025-12-20 04:00:00,closed,2001
2451,2025-12-20 09:00:00,closed,2001
2452,2025-10-19 03:00:00,open,1950
2452,2025-10-19 17:00:00,open,1950
2452,2025-10-20 19:00:00,open,1950
2452,2025-10-21 21:00:00,closed,1950
2453,2025-12-23 07:00:00,pending,1344
2453,2025-12-24 03:00:00,solved,1344
2453,2025-12-25 23:00:00,solved,1344
2453,2025-12-25 16:00:00,open,1344
2453,2025-12-28 11:00:00,closed,1344
2454,2026-03-04 03:00:00,solved,872
2454,2026-03-04 19:00:00,solved,872
2455,2026-02-22 02:00:00,open,2178
2455,2026-02-22 18:00:00,open,2178
2455,2026-02-23 12:00:00,solved,2178
2455,2026-02-25 23:00:00,pending,2178
2456,2025-12-06 02:00:00,solved,1141
2456,2025-12-06 17:00:00,solved,1141
2456,2025-12-07 18:00:00,pending,1141
2456,2025-12-08 11:00:00,open,1141
2456,2025-12-11 14:00:00,closed,1141
2456,2025-12-06 07:00:00,solved,1141
2456,2025-12-13 02:00:00,closed,1141
2457,2026-02-18 01:00:00,closed,256
2457,2026-02-18 03:00:00,solved,256
2457,2026-02-20 15:00:00,closed,256
2458,2025-10-30 02:00:00,pending,1284
2458,2025-10-31 02:00:00,closed,1284
2458,2025-11-01 14:00:00,pending,1284
2458,2025-11-01 17:00:00,closed,1284
2459,2025-11-15 07:00:00,solved,619
2459,2025-11-15 13:00:00,pending,619
2459,2025-11-17 05:00:00,pending,619
2459,2025-11-16 22:00:00,closed,619
2460,2026-01-15 08:00:00,open,941
2460,2026-01-15 14:00:00,open,941
2460,2026-01-17 04:00:00,closed,941
2460,2026-01-18 05:00:00,closed,941
2460,2026-01-16 08:00:00,closed,941
2461,2025-12-08 12:00:00,open,868
2461,2025-12-09 14:00:00,solved,868
2461,2025-12-09 08:00:00,closed,868
2462,2026-02-27 00:00:00,open,1921
2462,2026-02-28 04:00:00,pending,1921
2462,2026-03-01 14:00:00,open,1921
2462,2026-03-01 00:00:00,solved,1921
2462,2026-03-02 16:00:00,pending,1921
2462,2026-03-04 10:00:00,open,1921
2462,2026-02-28 18:00:00,solved,1921
2462,2026-03-03 02:00:00,closed,1921
2463,2026-01-20 09:00:00,open,2194
2463,2026-01-21 14:00:00,solved,2194
2463,2026-01-21 19:00:00,closed,2194
2463,2026-01-21 18:00:00,open,2194
2464,2025-09-18 11:00:00,pending,2269
2464,2025-09-18 22:00:00,solved,2269
2464,2025-09-18 19:00:00,solved,2269
2464,2025-09-18 14:00:00,pending,2269
2464,2025-09-20 19:00:00,open,2269
2464,2025-09-18 21:00:00,closed,2269
2464,2025-09-21 05:00:00,pending,2269
2464,2025-09-20 19:00:00,open,2269
2465,2026-03-06 07:00:00,solved,1073
2465,2026-03-07 17:00:00,open,1073
2465,2026-03-08 05:00:00,closed,1073
2465,2026-03-08 13:00:00,open,1073
2465,2026-03-09 03:00:00,closed,1073
2466,2025-11-14 10:00:00,open,107
2466,2025-11-14 23:00:00,pending,107
2466,2025-11-15 20:00:00,pending,107
2466,2025-11-18 10:00:00,open,107
2466,2025-11-16 02:00:00,solved,107
2466,2025-11-16 02:00:00,closed,107
2467,2026-02-15 12:00:00,open,1067
2467,2026-02-16 08:00:00,open,1067
2467,2026-02-17 00:00:00,closed,1067
2467,2026-02-18 00:00:00,closed,1067
2467,2026-02-15 16:00:00,pending,1067
2467,2026-02-16 08:00:00,closed,1067
2468,2026-01-16 04:00:00,open,533
2468,2026-01-16 13:00:00,solved,533
2468,2026-01-17 08:00:00,pending,533
2468,2026-01-16 13:00:00,pending,533
2468,2026-01-21 16:00:00,closed,533
2468,2026-01-22 00:00:00,pending,533
2468,2026-01-20 10:00:00,solved,533
2468,2026-01-22 21:00:00,closed,533
2469,2026-02-23 08:00:00,pending,1775
2469,2026-02-24 18:00:00,open,1775
2469,2026-02-25 06:00:00,pending,1775
2469,2026-02-24 05:00:00,open,1775
2469,2026-02-23 12:00:00,pending,1775
2469,2026-02-24 09:00:00,closed,1775
2470,2025-11-04 04:00:00,closed,295
2470,2025-11-04 20:00:00,open,295
2470,2025-11-06 12:00:00,solved,295
2470,2025-11-05 13:00:00,closed,295
2471,2025-11-17 01:00:00,pending,154
2471,2025-11-17 12:00:00,open,154
2471,2025-11-19 21:00:00,pending,154
2471,2025-11-17 19:00:00,closed,154
2472,2025-10-10 07:00:00,open,2071
2472,2025-10-11 07:00:00,open,2071
2472,2025-10-10 19:00:00,solved,2071
2472,2025-10-11 13:00:00,solved,2071
2472,2025-10-15 19:00:00,open,2071
2472,2025-10-13 10:00:00,closed,2071
2472,2025-10-19 07:00:00,closed,2071
2473,2026-02-28 07:00:00,open,694
2473,2026-03-01 18:00:00,solved,694
2473,2026-03-02 01:00:00,open,694
2473,2026-03-03 16:00:00,open,694
2473,2026-03-01 23:00:00,closed,694
2474,2026-01-09 10:00:00,pending,1543
2474,2026-01-10 16:00:00,closed,1543
2475,2025-11-17 08:00:00,open,1155
2475,2025-11-18 03:00:00,pending,1155
2475,2025-11-17 20:00:00,closed,1155
2475,2025-11-18 11:00:00,open,1155
2475,2025-11-20 08:00:00,pending,1155
2475,2025-11-18 04:00:00,closed,1155
2476,2025-11-11 02:00:00,open,2359
2476,2025-11-11 05:00:00,solved,2359
2476,2025-11-13 00:00:00,solved,2359
2476,2025-11-14 23:00:00,closed,2359
2477,2026-01-13 12:00:00,open,2386
2477,2026-01-14 04:00:00,closed,2386
2477,2026-01-16 12:00:00,open,2386
2477,2026-01-17 03:00:00,solved,2386
2478,2026-02-14 08:00:00,open,670
2478,2026-02-14 23:00:00,pending,670
2478,2026-02-15 08:00:00,solved,670
2478,2026-02-15 17:00:00,solved,670
2478,2026-02-17 04:00:00,open,670
2478,2026-02-17 11:00:00,pending,670
2478,2026-02-21 08:00:00,solved,670
2479,2025-10-08 05:00:00,open,1187
2479,2025-10-09 04:00:00,open,1187
2479,2025-10-10 17:00:00,pending,1187
2479,2025-10-10 23:00:00,open,1187
2479,2025-10-11 17:00:00,closed,1187
2479,2025-10-15 12:00:00,pending,1187
2479,2025-10-09 23:00:00,closed,1187
2480,2025-12-22 01:00:00,open,21
2480,2025-12-22 05:00:00,closed,21
2480,2025-12-24 11:00:00,open,21
2480,2025-12-26 07:00:00,closed,21
2481,2026-01-09 00:00:00,pending,627
2481,2026-01-10 12:00:00,pending,627
2481,2026-01-11 22:00:00,closed,627
2482,2026-03-12 03:00:00,open,82
2482,2026-03-13 02:00:00,pending,82
2483,2025-10-30 01:00:00,open,132
2483,2025-10-30 15:00:00,open,132
2483,2025-11-01 19:00:00,open,132
2483,2025-10-31 07:00:00,open,132
2483,2025-11-01 21:00:00,closed,132
2483,2025-11-05 22:00:00,solved,132
2483,2025-11-01 13:00:00,closed,132
2484,2025-11-30 03:00:00,pending,354
2484,2025-12-01 15:00:00,solved,354
2484,2025-12-01 11:00:00,closed,354
2485,2026-02-12 01:00:00,pending,2439
2485,2026-02-13 06:00:00,closed,2439
2486,2025-12-13 04:00:00,pending,1194
2486,2025-12-14 15:00:00,open,1194
2486,2025-12-16 00:00:00,solved,1194
2486,2025-12-13 19:00:00,open,1194
2486,2025-12-16 08:00:00,pending,1194
2486,2025-12-16 22:00:00,closed,1194
2487,2026-02-17 11:00:00,pending,538
2487,2026-02-18 11:00:00,pending,538
2487,2026-02-19 09:00:00,closed,538
2488,2026-02-12 11:00:00,solved,1585
2488,2026-02-12 21:00:00,open,1585
2488,2026-02-15 07:00:00,closed,1585
2489,2026-02-20 10:00:00,solved,1004
2489,2026-02-21 16:00:00,closed,1004
2490,2026-01-18 06:00:00,closed,508
2490,2026-01-18 21:00:00,open,508
2490,2026-01-19 12:00:00,closed,508
2490,2026-01-21 18:00:00,pending,508
2490,2026-01-21 22:00:00,pending,508
2490,2026-01-23 11:00:00,pending,508
2490,2026-01-27 06:00:00,closed,508
2491,2025-09-26 04:00:00,solved,740
2491,2025-09-27 02:00:00,closed,740
2492,2025-12-12 04:00:00,open,334
2492,2025-12-13 00:00:00,solved,334
2492,2025-12-12 18:00:00,pending,334
2492,2025-12-13 19:00:00,closed,334
2492,2025-12-13 12:00:00,closed,334
2492,2025-12-18 05:00:00,solved,334
2492,2025-12-16 10:00:00,open,334
2492,2025-12-18 21:00:00,closed,334
2493,2025-12-26 02:00:00,closed,2052
2493,2025-12-26 22:00:00,solved,2052
2493,2025-12-27 08:00:00,solved,2052
2493,2025-12-26 14:00:00,pending,2052
2494,2025-10-06 01:00:00,open,2333
2494,2025-10-07 08:00:00,solved,2333
2494,2025-10-07 05:00:00,open,2333
2494,2025-10-10 01:00:00,pending,2333
2494,2025-10-07 17:00:00,closed,2333
2494,2025-10-06 11:00:00,closed,2333
2494,2025-10-08 19:00:00,pending,2333
2494,2025-10-07 05:00:00,solved,2333
2495,2025-12-26 01:00:00,open,998
2495,2025-12-26 12:00:00,solved,998
2495,2025-12-27 21:00:00,open,998
2495,2025-12-27 13:00:00,pending,998
2495,2025-12-27 05:00:00,pending,998
2495,2025-12-30 05:00:00,closed,998
2495,2026-01-01 13:00:00,closed,998
2496,2026-03-11 07:00:00,solved,628
2496,2026-03-12 18:00:00,solved,628
2496,2026-03-12 21:00:00,open,628
2496,2026-03-15 19:00:00,solved,628
2496,2026-03-12 23:00:00,closed,628
2496,2026-03-14 00:00:00,pending,628
2496,2026-03-13 01:00:00,solved,628
2496,2026-03-21 19:00:00,open,628
2497,2026-02-19 09:00:00,solved,1729
2497,2026-02-19 17:00:00,pending,1729
2497,2026-02-20 17:00:00,closed,1729
2498,2025-12-20 03:00:00,pending,448
2498,2025-12-20 09:00:00,solved,448
2498,2025-12-22 17:00:00,closed,448
2499,2025-09-13 02:00:00,open,1268
2499,2025-09-13 09:00:00,open,1268
2499,2025-09-13 06:00:00,closed,1268
2499,2025-09-16 20:00:00,solved,1268
2499,2025-09-18 10:00:00,closed,1268
2500,2026-01-24 07:00:00,solved,644
2500,2026-01-24 22:00:00,open,644
2500,2026-01-24 17:00:00,open,644
2500,2026-01-25 22:00:00,closed,644
2500,2026-01-29 23:00:00,open,644
2500,2026-01-27 05:00:00,open,644
2500,2026-01-30 19:00:00,closed,644
2501,2025-12-19 04:00:00,closed,1322
2501,2025-12-19 06:00:00,pending,1322
2501,2025-12-20 04:00:00,closed,1322
2501,2025-12-22 07:00:00,open,1322
2501,2025-12-24 20:00:00,pending,1322
2501,2025-12-25 05:00:00,open,1322
2501,2025-12-21 04:00:00,pending,1322
2501,2025-12-29 09:00:00,closed,1322
2502,2026-02-14 08:00:00,solved,1086
2502,2026-02-15 04:00:00,closed,1086
2502,2026-02-14 16:00:00,pending,1086
2502,2026-02-16 08:00:00,open,1086
2502,2026-02-15 00:00:00,pending,1086
2502,2026-02-16 20:00:00,open,1086
2502,2026-02-16 20:00:00,pending,1086
2502,2026-02-20 11:00:00,closed,1086
2503,2026-02-27 12:00:00,open,2459
2503,2026-02-27 16:00:00,open,2459
2503,2026-03-01 18:00:00,closed,2459
2503,2026-03-02 18:00:00,solved,2459
2503,2026-03-04 12:00:00,solved,2459
2503,2026-02-28 08:00:00,closed,2459
2504,2025-10-06 08:00:00,pending,2109
2504,2025-10-06 19:00:00,pending,2109
2504,2025-10-08 12:00:00,pending,2109
2504,2025-10-10 05:00:00,pending,2109
2505,2026-03-04 02:00:00,pending,1628
2505,2026-03-05 13:00:00,open,1628
2505,2026-03-05 18:00:00,pending,1628
2505,2026-03-08 14:00:00,solved,1628
2505,2026-03-07 18:00:00,solved,1628
2505,2026-03-04 22:00:00,closed,1628
2506,2026-02-28 10:00:00,pending,1685
2506,2026-03-01 02:00:00,pending,1685
2506,2026-03-01 12:00:00,solved,1685
2506,2026-03-02 01:00:00,pending,1685
2507,2025-12-28 06:00:00,pending,2475
2507,2025-12-29 18:00:00,solved,2475
2507,2025-12-30 02:00:00,open,2475
2507,2025-12-30 15:00:00,pending,2475
2507,2025-12-29 18:00:00,closed,2475
2508,2025-11-12 06:00:00,solved,307
2508,2025-11-12 15:00:00,pending,307
2508,2025-11-13 04:00:00,solved,307
2508,2025-11-14 00:00:00,pending,307
2508,2025-11-16 14:00:00,solved,307
2508,2025-11-19 03:00:00,open,307
2508,2025-11-17 12:00:00,closed,307
2508,2025-11-18 16:00:00,closed,307
2509,2025-10-04 01:00:00,pending,2482
2509,2025-10-05 01:00:00,open,2482
2509,2025-10-04 03:00:00,solved,2482
2509,2025-10-08 04:00:00,closed,2482
2510,2026-01-10 01:00:00,open,1828
2510,2026-01-11 13:00:00,pending,1828
2510,2026-01-11 09:00:00,closed,1828
2510,2026-01-13 04:00:00,open,1828
2510,2026-01-10 17:00:00,solved,1828
2510,2026-01-11 02:00:00,closed,1828
2511,2025-10-09 08:00:00,open,746
2511,2025-10-10 14:00:00,open,746
2511,2025-10-09 10:00:00,closed,746
2512,2026-01-26 07:00:00,solved,2433
2512,2026-01-26 17:00:00,pending,2433
2512,2026-01-28 11:00:00,solved,2433
2513,2025-10-09 03:00:00,closed,1906
2513,2025-10-09 10:00:00,solved,1906
2513,2025-10-12 03:00:00,pending,1906
2513,2025-10-10 06:00:00,open,1906
2513,2025-10-13 11:00:00,solved,1906
2513,2025-10-10 09:00:00,open,1906
2513,2025-10-11 15:00:00,pending,1906
2513,2025-10-10 14:00:00,closed,1906
2514,2025-11-07 05:00:00,solved,2164
2514,2025-11-08 06:00:00,closed,2164
2514,2025-11-08 13:00:00,closed,2164
2515,2026-02-26 05:00:00,open,1990
2515,2026-02-26 22:00:00,closed,1990
2516,2025-11-08 00:00:00,solved,1521
2516,2025-11-08 02:00:00,pending,1521
2516,2025-11-10 18:00:00,open,1521
2516,2025-11-12 03:00:00,open,1521
2516,2025-11-12 04:00:00,solved,1521
2516,2025-11-10 17:00:00,open,1521
2516,2025-11-10 12:00:00,open,1521
2516,2025-11-13 13:00:00,open,1521
2517,2026-02-26 07:00:00,open,1507
2517,2026-02-27 15:00:00,solved,1507
2517,2026-02-26 11:00:00,closed,1507
2518,2025-11-30 06:00:00,open,1201
2518,2025-11-30 07:00:00,open,1201
2518,2025-12-01 16:00:00,closed,1201
2519,2026-02-23 09:00:00,solved,2092
2519,2026-02-23 22:00:00,open,2092
2519,2026-02-24 05:00:00,open,2092
2519,2026-02-26 00:00:00,solved,2092
2519,2026-02-27 09:00:00,open,2092
2519,2026-02-28 14:00:00,open,2092
2519,2026-02-23 15:00:00,closed,2092
2519,2026-02-26 00:00:00,closed,2092
2520,2026-02-28 10:00:00,pending,2050
2520,2026-02-28 19:00:00,closed,2050
2521,2025-10-31 06:00:00,solved,66
2521,2025-11-01 07:00:00,pending,66
2521,2025-11-01 04:00:00,open,66
2521,2025-11-02 15:00:00,open,66
2521,2025-10-31 14:00:00,closed,66
2522,2026-03-08 02:00:00,open,709
2522,2026-03-09 00:00:00,pending,709
2522,2026-03-09 00:00:00,pending,709
2522,2026-03-10 23:00:00,solved,709
2522,2026-03-09 22:00:00,pending,709
2522,2026-03-12 01:00:00,open,709
2522,2026-03-09 02:00:00,pending,709
2522,2026-03-16 13:00:00,pending,709
2523,2025-12-27 02:00:00,solved,611
2523,2025-12-27 03:00:00,closed,611
2523,2025-12-29 02:00:00,closed,611
2524,2025-09-20 07:00:00,pending,1485
2524,2025-09-21 11:00:00,open,1485
2524,2025-09-23 05:00:00,pending,1485
2524,2025-09-20 19:00:00,open,1485
2524,2025-09-21 23:00:00,closed,1485
2525,2025-10-10 06:00:00,pending,242
2525,2025-10-10 08:00:00,pending,242
2525,2025-10-11 12:00:00,pending,242
2525,2025-10-13 03:00:00,open,242
2525,2025-10-15 06:00:00,pending,242
2525,2025-10-15 21:00:00,pending,242
2525,2025-10-19 06:00:00,closed,242
2526,2026-03-06 06:00:00,closed,672
2526,2026-03-06 22:00:00,closed,672
2526,2026-03-07 18:00:00,pending,672
2526,2026-03-07 03:00:00,open,672
2526,2026-03-11 06:00:00,solved,672
2526,2026-03-11 21:00:00,open,672
2527,2025-11-05 01:00:00,open,183
2527,2025-11-06 13:00:00,pending,183
2527,2025-11-05 05:00:00,closed,183
2528,2025-11-10 08:00:00,closed,8
2528,2025-11-10 20:00:00,solved,8
2528,2025-11-10 16:00:00,closed,8
2529,2025-10-25 00:00:00,pending,765
2529,2025-10-25 04:00:00,solved,765
2529,2025-10-25 12:00:00,open,765
2529,2025-10-29 00:00:00,pending,765
2529,2025-10-27 00:00:00,pending,765
2529,2025-10-28 08:00:00,pending,765
2529,2025-11-02 18:00:00,solved,765
2529,2025-11-01 00:00:00,closed,765
2530,2025-10-19 06:00:00,pending,2028
2530,2025-10-19 07:00:00,pending,2028
2530,2025-10-21 02:00:00,open,2028
2530,2025-10-23 15:00:00,open,2028
2530,2025-10-22 06:00:00,closed,2028
2530,2025-10-20 22:00:00,closed,2028
2530,2025-10-25 00:00:00,solved,2028
2530,2025-10-26 06:00:00,closed,2028
2531,2025-12-03 12:00:00,closed,2246
2531,2025-12-03 20:00:00,open,2246
2531,2025-12-04 06:00:00,solved,2246
2531,2025-12-05 06:00:00,closed,2246
2532,2025-12-22 00:00:00,solved,2188
2532,2025-12-22 12:00:00,solved,2188
2532,2025-12-24 08:00:00,closed,2188
2533,2026-03-07 07:00:00,pending,1304
2533,2026-03-07 23:00:00,solved,1304
2533,2026-03-08 17:00:00,solved,1304
2533,2026-03-10 22:00:00,solved,1304
2534,2026-03-05 05:00:00,solved,609
2534,2026-03-05 08:00:00,pending,609
2534,2026-03-07 19:00:00,pending,609
2534,2026-03-09 08:00:00,open,609
2534,2026-03-09 09:00:00,open,609
2534,2026-03-09 04:00:00,pending,609
2535,2025-10-12 07:00:00,open,633
2535,2025-10-13 15:00:00,closed,633
2535,2025-10-14 07:00:00,solved,633
2535,2025-10-14 04:00:00,closed,633
2535,2025-10-13 03:00:00,open,633
2535,2025-10-14 09:00:00,closed,633
2536,2026-02-16 00:00:00,closed,1506
2536,2026-02-17 10:00:00,open,1506
2536,2026-02-18 16:00:00,pending,1506
2536,2026-02-17 21:00:00,open,1506
2536,2026-02-17 00:00:00,open,1506
2536,2026-02-23 07:00:00,closed,1506
2536,2026-02-17 12:00:00,closed,1506
2537,2025-12-02 06:00:00,open,1162
2537,2025-12-03 12:00:00,closed,1162
2537,2025-12-03 00:00:00,pending,1162
2537,2025-12-06 18:00:00,open,1162
2537,2025-12-06 22:00:00,open,1162
2537,2025-12-05 09:00:00,closed,1162
2538,2025-12-18 05:00:00,solved,1914
2538,2025-12-18 06:00:00,closed,1914
2539,2026-01-02 12:00:00,open,2075
2539,2026-01-04 00:00:00,pending,2075
2539,2026-01-03 08:00:00,closed,2075
2540,2025-09-27 12:00:00,open,600
2540,2025-09-28 18:00:00,open,600
2540,2025-09-28 06:00:00,pending,600
2540,2025-09-29 00:00:00,open,600
2540,2025-09-29 00:00:00,pending,600
2540,2025-10-03 03:00:00,closed,600
2541,2025-11-02 11:00:00,pending,50
2541,2025-11-03 02:00:00,open,50
2541,2025-11-04 17:00:00,open,50
2541,2025-11-03 20:00:00,closed,50
2542,2025-12-23 07:00:00,solved,1042
2542,2025-12-23 22:00:00,open,1042
2542,2025-12-24 03:00:00,pending,1042
2542,2025-12-27 16:00:00,solved,1042
2542,2025-12-26 11:00:00,pending,1042
2542,2025-12-24 18:00:00,open,1042
2542,2025-12-26 19:00:00,closed,1042
2543,2025-12-16 11:00:00,pending,1934
2543,2025-12-16 21:00:00,pending,1934
2543,2025-12-16 19:00:00,solved,1934
2543,2025-12-20 14:00:00,open,1934
2543,2025-12-17 15:00:00,open,1934
2543,2025-12-19 09:00:00,pending,1934
2543,2025-12-18 17:00:00,closed,1934
2544,2026-01-12 07:00:00,closed,1158
2544,2026-01-13 19:00:00,solved,1158
2544,2026-01-15 01:00:00,solved,1158
2544,2026-01-16 01:00:00,open,1158
2544,2026-01-18 03:00:00,closed,1158
2545,2025-12-08 00:00:00,closed,1973
2545,2025-12-08 10:00:00,pending,1973
2545,2025-12-10 22:00:00,open,1973
2545,2025-12-12 09:00:00,solved,1973
2545,2025-12-08 04:00:00,closed,1973
2546,2026-01-21 07:00:00,open,1299
2546,2026-01-21 17:00:00,closed,1299
2547,2025-12-08 11:00:00,pending,1665
2547,2025-12-09 08:00:00,solved,1665
2547,2025-12-11 07:00:00,open,1665
2547,2025-12-10 20:00:00,open,1665
2547,2025-12-08 19:00:00,closed,1665
2548,2025-10-02 04:00:00,solved,661
2548,2025-10-03 16:00:00,open,661
2549,2026-01-27 09:00:00,open,689
2549,2026-01-28 06:00:00,open,689
2549,2026-01-28 05:00:00,open,689
2549,2026-01-30 21:00:00,open,689
2549,2026-01-31 05:00:00,pending,689
2549,2026-01-30 22:00:00,closed,689
2550,2026-02-24 03:00:00,pending,1654
2550,2026-02-24 05:00:00,open,1654
2551,2025-10-13 10:00:00,solved,2228
2551,2025-10-14 15:00:00,pending,2228
2551,2025-10-14 14:00:00,open,2228
2551,2025-10-16 10:00:00,closed,2228
2551,2025-10-14 06:00:00,pending,2228
2551,2025-10-16 08:00:00,open,2228
2551,2025-10-19 10:00:00,closed,2228
2552,2026-01-08 09:00:00,pending,1257
2552,2026-01-09 09:00:00,open,1257
2552,2026-01-08 19:00:00,solved,1257
2552,2026-01-12 09:00:00,pending,1257
2552,2026-01-11 09:00:00,closed,1257
2553,2026-03-05 11:00:00,solved,1503
2553,2026-03-05 15:00:00,solved,1503
2553,2026-03-07 11:00:00,pending,1503
2554,2026-01-24 10:00:00,open,437
2554,2026-01-25 20:00:00,closed,437
2555,2025-10-21 02:00:00,open,1149
2555,2025-10-21 07:00:00,open,1149
2555,2025-10-23 22:00:00,pending,1149
2555,2025-10-21 20:00:00,open,1149
2555,2025-10-24 18:00:00,closed,1149
2556,2025-12-08 10:00:00,open,2489
2556,2025-12-09 02:00:00,pending,2489
2556,2025-12-10 08:00:00,closed,2489
2557,2025-10-01 07:00:00,open,1984
2557,2025-10-01 10:00:00,solved,1984
2557,2025-10-04 03:00:00,pending,1984
2557,2025-10-03 01:00:00,solved,1984
2557,2025-10-06 15:00:00,open,1984
2557,2025-10-02 03:00:00,closed,1984
2557,2025-10-05 07:00:00,solved,1984
2557,2025-10-10 01:00:00,closed,1984
2558,2026-01-21 09:00:00,solved,452
2558,2026-01-21 21:00:00,open,452
2558,2026-01-22 09:00:00,solved,452
2559,2025-12-19 05:00:00,pending,1425
2559,2025-12-20 02:00:00,open,1425
2560,2025-10-06 11:00:00,solved,2063
2560,2025-10-06 16:00:00,pending,2063
2560,2025-10-06 17:00:00,open,2063
2560,2025-10-07 11:00:00,closed,2063
2561,2025-10-20 11:00:00,solved,521
2561,2025-10-21 08:00:00,solved,521
2561,2025-10-23 01:00:00,closed,521
2561,2025-10-22 02:00:00,pending,521
2561,2025-10-21 19:00:00,open,521
2561,2025-10-26 12:00:00,pending,521
2561,2025-10-27 05:00:00,closed,521
2561,2025-10-28 01:00:00,closed,521
2562,2026-02-02 01:00:00,solved,241
2562,2026-02-02 21:00:00,open,241
2562,2026-02-02 19:00:00,open,241
2562,2026-02-02 19:00:00,solved,241
2562,2026-02-07 17:00:00,closed,241
2562,2026-02-08 07:00:00,closed,241
2563,2026-02-17 06:00:00,solved,1610
2563,2026-02-17 10:00:00,solved,1610
2563,2026-02-17 12:00:00,solved,1610
2563,2026-02-21 15:00:00,pending,1610
2563,2026-02-22 06:00:00,open,1610
2563,2026-02-21 15:00:00,closed,1610
2563,2026-02-21 12:00:00,pending,1610
2563,2026-02-22 19:00:00,closed,1610
2564,2025-10-27 01:00:00,closed,560
2564,2025-10-27 02:00:00,open,560
2564,2025-10-27 17:00:00,open,560
2564,2025-10-29 13:00:00,closed,560
2565,2025-09-26 04:00:00,pending,483
2565,2025-09-26 22:00:00,pending,483
2565,2025-09-27 08:00:00,closed,483
2566,2025-12-19 01:00:00,solved,2437
2566,2025-12-19 21:00:00,open,2437
2566,2025-12-20 21:00:00,open,2437
2566,2025-12-21 22:00:00,open,2437
2566,2025-12-20 13:00:00,pending,2437
2566,2025-12-19 06:00:00,pending,2437
2566,2025-12-27 19:00:00,closed,2437
2567,2026-03-12 07:00:00,closed,1767
2567,2026-03-13 07:00:00,closed,1767
2567,2026-03-15 01:00:00,pending,1767
2567,2026-03-13 16:00:00,open,1767
2567,2026-03-16 19:00:00,pending,1767
2567,2026-03-16 11:00:00,closed,1767
2567,2026-03-19 19:00:00,open,1767
2567,2026-03-22 12:00:00,closed,1767
2568,2025-10-23 09:00:00,pending,26
2568,2025-10-23 15:00:00,open,26
2568,2025-10-25 19:00:00,solved,26
2568,2025-10-25 15:00:00,closed,26
2568,2025-10-27 21:00:00,closed,26
2569,2025-10-29 05:00:00,pending,1471
2569,2025-10-30 16:00:00,solved,1471
2569,2025-10-31 03:00:00,open,1471
2569,2025-11-01 05:00:00,open,1471
2569,2025-11-03 09:00:00,solved,1471
2569,2025-11-04 01:00:00,closed,1471
2569,2025-11-04 05:00:00,solved,1471
2569,2025-10-31 20:00:00,closed,1471
2570,2026-02-07 06:00:00,pending,873
2570,2026-02-08 07:00:00,closed,873
2571,2025-10-01 03:00:00,pending,1861
2571,2025-10-01 13:00:00,closed,1861
2571,2025-10-01 13:00:00,closed,1861
2571,2025-10-04 09:00:00,open,1861
2571,2025-10-01 07:00:00,closed,1861
2572,2025-11-01 09:00:00,solved,1941
2572,2025-11-02 08:00:00,closed,1941
2573,2025-12-12 10:00:00,open,133
2573,2025-12-12 15:00:00,solved,133
2573,2025-12-14 08:00:00,pending,133
2573,2025-12-15 22:00:00,pending,133
2573,2025-12-14 22:00:00,solved,133
2573,2025-12-14 02:00:00,closed,133
2574,2025-12-26 09:00:00,pending,1645
2574,2025-12-27 21:00:00,pending,1645
2574,2025-12-27 11:00:00,closed,1645
2575,2025-11-17 10:00:00,open,659
2575,2025-11-17 17:00:00,pending,659
2576,2025-09-17 04:00:00,pending,833
2576,2025-09-18 16:00:00,closed,833
2577,2025-09-28 05:00:00,open,1225
2577,2025-09-28 19:00:00,open,1225
2577,2025-09-29 17:00:00,pending,1225
2577,2025-09-30 17:00:00,closed,1225
2577,2025-10-04 05:00:00,open,1225
2577,2025-10-04 16:00:00,pending,1225
2577,2025-10-01 11:00:00,closed,1225
2578,2026-02-18 07:00:00,open,1276
2578,2026-02-19 17:00:00,pending,1276
2578,2026-02-18 21:00:00,open,1276
2578,2026-02-19 10:00:00,closed,1276
2578,2026-02-22 07:00:00,open,1276
2578,2026-02-20 14:00:00,open,1276
2578,2026-02-21 07:00:00,pending,1276
2578,2026-02-19 18:00:00,closed,1276
2579,2026-02-22 08:00:00,pending,1103
2579,2026-02-23 07:00:00,solved,1103
2579,2026-02-23 22:00:00,closed,1103
2579,2026-02-25 23:00:00,open,1103
2579,2026-02-25 12:00:00,closed,1103
2580,2026-03-07 02:00:00,closed,348
2580,2026-03-08 09:00:00,pending,348
2580,2026-03-07 22:00:00,open,348
2580,2026-03-09 11:00:00,solved,348
2580,2026-03-09 10:00:00,closed,348
2580,2026-03-08 23:00:00,solved,348
2580,2026-03-16 02:00:00,pending,348
2581,2025-10-14 02:00:00,pending,2123
2581,2025-10-14 14:00:00,pending,2123
2581,2025-10-15 08:00:00,closed,2123
2582,2025-12-19 00:00:00,solved,1927
2582,2025-12-20 06:00:00,solved,1927
2582,2025-12-20 04:00:00,closed,1927
2583,2025-10-30 00:00:00,closed,1743
2583,2025-10-30 01:00:00,open,1743
2583,2025-10-30 16:00:00,solved,1743
2583,2025-11-02 15:00:00,pending,1743
2583,2025-11-03 20:00:00,closed,1743
2583,2025-11-03 19:00:00,pending,1743
2583,2025-11-05 18:00:00,open,1743
2583,2025-11-07 11:00:00,pending,1743
2584,2025-11-17 03:00:00,pending,918
2584,2025-11-17 21:00:00,solved,918
2584,2025-11-18 23:00:00,pending,918
2584,2025-11-21 09:00:00,pending,918
2584,2025-11-21 15:00:00,closed,918
2584,2025-11-24 00:00:00,open,918
2584,2025-11-19 15:00:00,pending,918
2584,2025-11-25 14:00:00,closed,918
2585,2026-01-08 03:00:00,open,1797
2585,2026-01-08 21:00:00,solved,1797
2585,2026-01-09 19:00:00,open,1797
2585,2026-01-09 15:00:00,closed,1797
2586,2025-12-19 02:00:00,pending,346
2586,2025-12-20 05:00:00,closed,346
2586,2025-12-20 00:00:00,open,346
2586,2025-12-23 11:00:00,closed,346
2586,2025-12-20 14:00:00,closed,346
2587,2026-02-18 06:00:00,pending,930
2587,2026-02-18 21:00:00,open,930
2587,2026-02-18 14:00:00,open,930
2587,2026-02-19 00:00:00,solved,930
2587,2026-02-23 18:00:00,open,930
2587,2026-02-20 23:00:00,closed,930
2588,2025-11-23 09:00:00,pending,1601
2588,2025-11-24 02:00:00,pending,1601
2588,2025-11-23 15:00:00,open,1601
2589,2025-12-21 01:00:00,open,1382
2589,2025-12-21 03:00:00,closed,1382
2589,2025-12-22 23:00:00,closed,1382
2590,2026-01-05 00:00:00,pending,2452
2590,2026-01-05 08:00:00,open,2452
2590,2026-01-06 04:00:00,solved,2452
2590,2026-01-08 03:00:00,pending,2452
2590,2026-01-05 04:00:00,solved,2452
2590,2026-01-07 22:00:00,open,2452
2590,2026-01-13 06:00:00,open,2452
2590,2026-01-08 05:00:00,closed,2452
2591,2026-01-08 07:00:00,pending,188
2591,2026-01-09 02:00:00,open,188
2591,2026-01-08 09:00:00,closed,188
2592,2026-01-23 06:00:00,solved,1008
2592,2026-01-23 17:00:00,open,1008
2592,2026-01-26 06:00:00,open,1008
2593,2025-11-14 07:00:00,open,594
2593,2025-11-15 14:00:00,pending,594
2593,2025-11-15 05:00:00,closed,594
2593,2025-11-15 19:00:00,closed,594
2593,2025-11-16 03:00:00,pending,594
2593,2025-11-15 18:00:00,pending,594
2594,2025-11-30 09:00:00,pending,1693
2594,2025-11-30 13:00:00,pending,1693
2594,2025-12-01 13:00:00,open,1693
2594,2025-12-04 06:00:00,pending,1693
2594,2025-12-02 17:00:00,solved,1693
2595,2025-10-04 01:00:00,open,443
2595,2025-10-05 04:00:00,closed,443
2595,2025-10-06 07:00:00,open,443
2595,2025-10-06 13:00:00,closed,443
2595,2025-10-07 21:00:00,solved,443
2595,2025-10-06 13:00:00,solved,443
2595,2025-10-06 19:00:00,closed,443
2596,2026-01-07 03:00:00,open,622
2596,2026-01-08 02:00:00,closed,622
2596,2026-01-08 13:00:00,closed,622
2597,2025-10-31 06:00:00,solved,1422
2597,2025-11-01 06:00:00,closed,1422
2597,2025-11-01 18:00:00,open,1422
2597,2025-11-03 09:00:00,closed,1422
2597,2025-11-01 18:00:00,open,1422
2597,2025-11-07 08:00:00,closed,1422
2597,2025-11-02 12:00:00,pending,1422
2597,2025-11-07 13:00:00,closed,1422
2598,2026-02-25 08:00:00,open,500
2598,2026-02-25 09:00:00,open,500
2598,2026-02-27 12:00:00,closed,500
2598,2026-02-27 05:00:00,pending,500
2598,2026-03-01 08:00:00,pending,500
2598,2026-03-01 12:00:00,solved,500
2598,2026-03-02 02:00:00,closed,500
2599,2025-10-16 04:00:00,solved,176
2599,2025-10-17 01:00:00,open,176
2599,2025-10-17 08:00:00,pending,176
2599,2025-10-17 13:00:00,closed,176
2599,2025-10-19 08:00:00,open,176
2599,2025-10-20 13:00:00,closed,176
2600,2026-02-18 02:00:00,pending,1056
2600,2026-02-19 03:00:00,pending,1056
2600,2026-02-18 08:00:00,solved,1056
2600,2026-02-18 20:00:00,closed,1056
2601,2026-02-15 03:00:00,closed,2469
2601,2026-02-15 12:00:00,closed,2469
2601,2026-02-17 21:00:00,closed,2469
2601,2026-02-19 15:00:00,pending,2469
2601,2026-02-19 03:00:00,solved,2469
2601,2026-02-16 14:00:00,pending,2469
2601,2026-02-23 15:00:00,closed,2469
2602,2026-02-04 01:00:00,open,380
2602,2026-02-04 13:00:00,open,380
2602,2026-02-06 07:00:00,pending,380
2602,2026-02-05 16:00:00,closed,380
2603,2025-10-25 07:00:00,pending,1386
2603,2025-10-26 05:00:00,pending,1386
2603,2025-10-25 15:00:00,open,1386
2603,2025-10-27 04:00:00,solved,1386
2603,2025-10-27 03:00:00,closed,1386
2604,2026-02-20 11:00:00,pending,374
2604,2026-02-20 23:00:00,open,374
2604,2026-02-22 07:00:00,open,374
2604,2026-02-24 08:00:00,open,374
2604,2026-02-23 23:00:00,pending,374
2605,2025-10-14 01:00:00,open,1166
2605,2025-10-14 19:00:00,solved,1166
2605,2025-10-16 13:00:00,solved,1166
2605,2025-10-16 16:00:00,open,1166
2605,2025-10-17 13:00:00,open,1166
2605,2025-10-17 09:00:00,pending,1166
2605,2025-10-16 13:00:00,closed,1166
2605,2025-10-23 16:00:00,open,1166
2606,2026-01-25 02:00:00,pending,1847
2606,2026-01-25 12:00:00,open,1847
2606,2026-01-25 10:00:00,pending,1847
2606,2026-01-29 05:00:00,closed,1847
2606,2026-01-27 22:00:00,solved,1847
2606,2026-01-26 03:00:00,closed,1847
2607,2025-10-23 09:00:00,open,1666
2607,2025-10-24 01:00:00,solved,1666
2607,2025-10-25 15:00:00,open,1666
2607,2025-10-25 09:00:00,open,1666
2607,2025-10-26 05:00:00,solved,1666
2607,2025-10-26 02:00:00,open,1666
2607,2025-10-31 15:00:00,open,1666
2607,2025-10-29 12:00:00,solved,1666
2608,2025-09-14 11:00:00,open,1370
2608,2025-09-15 05:00:00,open,1370
2608,2025-09-16 09:00:00,pending,1370
2608,2025-09-18 02:00:00,pending,1370
2608,2025-09-14 19:00:00,pending,1370
2608,2025-09-17 04:00:00,open,1370
2608,2025-09-16 11:00:00,open,1370
2608,2025-09-15 08:00:00,pending,1370
2609,2026-02-21 12:00:00,open,1391
2609,2026-02-22 10:00:00,closed,1391
2610,2025-12-26 08:00:00,pending,1960
2610,2025-12-27 10:00:00,open,1960
2610,2025-12-29 02:00:00,pending,1960
2610,2025-12-29 17:00:00,closed,1960
2610,2026-01-01 00:00:00,open,1960
2610,2025-12-27 04:00:00,pending,1960
2610,2025-12-29 20:00:00,open,1960
2611,2026-01-22 05:00:00,pending,1935
2611,2026-01-23 13:00:00,solved,1935
2611,2026-01-22 09:00:00,open,1935
2611,2026-01-23 08:00:00,closed,1935
2612,2026-02-27 12:00:00,open,962
2612,2026-02-27 22:00:00,open,962
2612,2026-02-28 18:00:00,closed,962
2612,2026-03-01 00:00:00,pending,962
2613,2025-12-26 10:00:00,pending,2113
2613,2025-12-27 13:00:00,open,2113
2613,2025-12-26 22:00:00,closed,2113
2614,2025-11-04 10:00:00,open,1664
2614,2025-11-05 11:00:00,closed,1664
2614,2025-11-06 06:00:00,closed,1664
2614,2025-11-04 22:00:00,open,1664
2614,2025-11-05 06:00:00,open,1664
2614,2025-11-05 16:00:00,closed,1664
2615,2026-02-18 03:00:00,pending,147
2615,2026-02-18 21:00:00,pending,147
2615,2026-02-20 07:00:00,solved,147
2615,2026-02-20 06:00:00,pending,147
2615,2026-02-19 19:00:00,solved,147
2615,2026-02-25 00:00:00,open,147
2616,2025-11-01 08:00:00,open,708
2616,2025-11-01 23:00:00,pending,708
2616,2025-11-01 18:00:00,open,708
2616,2025-11-03 08:00:00,pending,708
2616,2025-11-06 04:00:00,pending,708
2616,2025-11-02 04:00:00,open,708
2616,2025-11-02 20:00:00,closed,708
2617,2025-10-04 04:00:00,pending,735
2617,2025-10-04 08:00:00,closed,735
2617,2025-10-04 14:00:00,closed,735
2618,2026-01-26 06:00:00,closed,699
2618,2026-01-27 15:00:00,pending,699
2618,2026-01-26 12:00:00,pending,699
2618,2026-01-26 12:00:00,open,699
2619,2025-12-03 10:00:00,open,1434
2619,2025-12-04 15:00:00,solved,1434
2619,2025-12-04 14:00:00,pending,1434
2619,2025-12-04 07:00:00,closed,1434
2619,2025-12-03 14:00:00,open,1434
2619,2025-12-08 00:00:00,open,1434
2619,2025-12-06 22:00:00,closed,1434
2620,2026-02-09 01:00:00,solved,1059
2620,2026-02-09 02:00:00,pending,1059
2620,2026-02-10 09:00:00,solved,1059
2620,2026-02-11 22:00:00,pending,1059
2620,2026-02-09 05:00:00,closed,1059
2620,2026-02-11 03:00:00,pending,1059
2620,2026-02-09 13:00:00,closed,1059
2621,2025-12-04 04:00:00,open,2239
2621,2025-12-05 14:00:00,open,2239
2621,2025-12-05 04:00:00,pending,2239
2621,2025-12-04 16:00:00,closed,2239
2622,2025-11-27 08:00:00,open,2178
2622,2025-11-28 07:00:00,open,2178
2622,2025-11-28 20:00:00,open,2178
2622,2025-11-29 11:00:00,pending,2178
2622,2025-12-02 00:00:00,pending,2178
2622,2025-12-03 04:00:00,closed,2178
2622,2025-11-28 08:00:00,pending,2178
2623,2025-12-20 10:00:00,closed,1031
2623,2025-12-21 20:00:00,open,1031
2623,2025-12-20 22:00:00,open,1031
2623,2025-12-24 13:00:00,closed,1031
2624,2026-02-17 12:00:00,pending,35
2624,2026-02-18 02:00:00,pending,35
2624,2026-02-19 12:00:00,pending,35
2624,2026-02-21 06:00:00,solved,35
2624,2026-02-18 00:00:00,open,35
2624,2026-02-23 18:00:00,closed,35
2625,2025-09-25 05:00:00,pending,1582
2625,2025-09-25 19:00:00,solved,1582
2625,2025-09-27 15:00:00,pending,1582
2625,2025-09-28 17:00:00,pending,1582
2625,2025-09-30 09:00:00,pending,1582
2625,2025-09-26 06:00:00,closed,1582
2626,2025-10-19 09:00:00,solved,2177
2626,2025-10-19 13:00:00,open,2177
2626,2025-10-21 07:00:00,open,2177
2626,2025-10-21 09:00:00,open,2177
2626,2025-10-21 01:00:00,closed,2177
2627,2025-12-21 07:00:00,open,1909
2627,2025-12-21 08:00:00,closed,1909
2628,2025-12-20 06:00:00,closed,2472
2628,2025-12-21 14:00:00,closed,2472
2628,2025-12-22 12:00:00,solved,2472
2629,2026-02-25 03:00:00,solved,373
2629,2026-02-26 14:00:00,solved,373
2629,2026-02-28 03:00:00,closed,373
2629,2026-03-01 03:00:00,closed,373
2629,2026-03-01 15:00:00,open,373
2629,2026-03-04 10:00:00,pending,373
2629,2026-02-27 21:00:00,closed,373
2630,2026-02-04 11:00:00,open,292
2630,2026-02-05 19:00:00,solved,292
2630,2026-02-04 21:00:00,pending,292
2630,2026-02-08 08:00:00,open,292
2630,2026-02-09 15:00:00,pending,292
2630,2026-02-09 06:00:00,closed,292
2631,2025-11-11 00:00:00,pending,485
2631,2025-11-11 20:00:00,open,485
2631,2025-11-13 10:00:00,open,485
2631,2025-11-13 12:00:00,pending,485
2631,2025-11-16 16:00:00,closed,485
2632,2026-02-03 11:00:00,solved,2150
2632,2026-02-04 02:00:00,pending,2150
2632,2026-02-03 23:00:00,open,2150
2632,2026-02-03 23:00:00,pending,2150
2632,2026-02-07 11:00:00,pending,2150
2632,2026-02-04 07:00:00,solved,2150
2632,2026-02-07 11:00:00,closed,2150
2633,2025-10-01 01:00:00,open,697
2633,2025-10-01 07:00:00,solved,697
2633,2025-10-02 19:00:00,closed,697
2634,2025-10-20 03:00:00,solved,1700
2634,2025-10-21 00:00:00,closed,1700
2634,2025-10-21 07:00:00,open,1700
2634,2025-10-20 21:00:00,solved,1700
2634,2025-10-22 15:00:00,open,1700
2634,2025-10-25 23:00:00,pending,1700
2634,2025-10-22 21:00:00,pending,1700
2635,2026-01-14 10:00:00,pending,276
2635,2026-01-15 07:00:00,open,276
2635,2026-01-16 00:00:00,closed,276
2636,2025-11-18 12:00:00,solved,814
2636,2025-11-19 02:00:00,solved,814
2636,2025-11-20 04:00:00,pending,814
2636,2025-11-21 03:00:00,pending,814
2636,2025-11-20 20:00:00,closed,814
2636,2025-11-19 23:00:00,solved,814
2636,2025-11-21 18:00:00,pending,814
2636,2025-11-26 23:00:00,closed,814
2637,2025-11-19 02:00:00,solved,386
2637,2025-11-19 06:00:00,pending,386
2637,2025-11-21 12:00:00,open,386
2637,2025-11-22 11:00:00,closed,386
2638,2025-11-30 07:00:00,closed,769
2638,2025-11-30 14:00:00,closed,769
2639,2025-11-17 12:00:00,open,107
2639,2025-11-18 13:00:00,pending,107
2639,2025-11-18 16:00:00,closed,107
2639,2025-11-21 06:00:00,open,107
2639,2025-11-19 16:00:00,open,107
2639,2025-11-24 14:00:00,closed,107
2640,2025-11-28 11:00:00,pending,467
2640,2025-11-29 01:00:00,solved,467
2640,2025-12-01 07:00:00,closed,467
2640,2025-12-01 17:00:00,open,467
2640,2025-11-29 15:00:00,pending,467
2640,2025-12-02 20:00:00,pending,467
2640,2025-12-03 05:00:00,closed,467
2640,2025-12-01 16:00:00,closed,467
2641,2025-09-18 11:00:00,open,2484
2641,2025-09-19 13:00:00,open,2484
2641,2025-09-18 21:00:00,solved,2484
2641,2025-09-22 17:00:00,open,2484
2641,2025-09-23 15:00:00,solved,2484
2641,2025-09-25 23:00:00,open,2484
2641,2025-09-19 11:00:00,open,2484
2641,2025-09-27 12:00:00,closed,2484
2642,2025-12-27 06:00:00,open,648
2642,2025-12-28 18:00:00,open,648
2642,2025-12-28 18:00:00,closed,648
2642,2025-12-29 18:00:00,open,648
2642,2025-12-29 10:00:00,closed,648
2643,2026-03-05 09:00:00,pending,763
2643,2026-03-06 03:00:00,open,763
2643,2026-03-05 11:00:00,pending,763
2643,2026-03-09 18:00:00,pending,763
2643,2026-03-09 09:00:00,closed,763
2644,2026-01-08 05:00:00,open,839
2644,2026-01-09 04:00:00,closed,839
2645,2026-02-03 06:00:00,pending,683
2645,2026-02-04 00:00:00,closed,683
2646,2026-03-01 05:00:00,pending,2417
2646,2026-03-02 14:00:00,open,2417
2646,2026-03-03 01:00:00,solved,2417
2646,2026-03-04 08:00:00,open,2417
2646,2026-03-02 17:00:00,open,2417
2646,2026-03-08 07:00:00,open,2417
2646,2026-03-05 23:00:00,closed,2417
2647,2025-11-26 02:00:00,pending,202
2647,2025-11-26 09:00:00,closed,202
2648,2025-12-19 09:00:00,open,983
2648,2025-12-20 05:00:00,pending,983
2648,2025-12-21 03:00:00,solved,983
2648,2025-12-22 18:00:00,open,983
2648,2025-12-21 05:00:00,open,983
2648,2025-12-23 18:00:00,closed,983
2649,2025-09-18 00:00:00,open,917
2649,2025-09-18 21:00:00,solved,917
2649,2025-09-19 14:00:00,open,917
2649,2025-09-19 12:00:00,closed,917
2650,2026-02-18 09:00:00,closed,1460
2650,2026-02-19 02:00:00,solved,1460
2650,2026-02-19 19:00:00,open,1460
2650,2026-02-19 09:00:00,closed,1460
2651,2025-10-27 06:00:00,solved,535
2651,2025-10-27 17:00:00,closed,535
2652,2025-11-23 11:00:00,pending,2366
2652,2025-11-24 02:00:00,open,2366
2652,2025-11-24 15:00:00,open,2366
2652,2025-11-26 08:00:00,open,2366
2652,2025-11-24 23:00:00,pending,2366
2652,2025-11-30 18:00:00,closed,2366
2653,2026-02-26 07:00:00,solved,685
2653,2026-02-27 00:00:00,open,685
2653,2026-02-27 23:00:00,closed,685
2654,2026-02-25 06:00:00,open,1126
2654,2026-02-25 23:00:00,pending,1126
2654,2026-02-26 04:00:00,closed,1126
2655,2025-09-25 12:00:00,pending,800
2655,2025-09-26 11:00:00,solved,800
2655,2025-09-26 00:00:00,solved,800
2655,2025-09-26 12:00:00,open,800
2655,2025-09-26 16:00:00,closed,800
2656,2025-09-13 08:00:00,pending,1408
2656,2025-09-13 18:00:00,open,1408
2656,2025-09-15 10:00:00,open,1408
2656,2025-09-16 20:00:00,pending,1408
2656,2025-09-16 08:00:00,pending,1408
2656,2025-09-17 12:00:00,solved,1408
2656,2025-09-16 20:00:00,pending,1408
2657,2025-10-19 00:00:00,pending,1063
2657,2025-10-19 16:00:00,pending,1063
2657,2025-10-20 02:00:00,closed,1063
2657,2025-10-20 18:00:00,open,1063
2657,2025-10-20 20:00:00,pending,1063
2657,2025-10-23 09:00:00,closed,1063
2657,2025-10-19 18:00:00,closed,1063
2658,2026-03-05 06:00:00,open,258
2658,2026-03-05 20:00:00,open,258
2659,2026-02-07 10:00:00,pending,604
2659,2026-02-08 11:00:00,closed,604
2660,2026-03-12 06:00:00,solved,1839
2660,2026-03-12 13:00:00,pending,1839
2660,2026-03-13 22:00:00,pending,1839
2660,2026-03-15 09:00:00,closed,1839
2660,2026-03-14 06:00:00,open,1839
2660,2026-03-18 22:00:00,pending,1839
2661,2026-01-30 05:00:00,pending,363
2661,2026-01-30 23:00:00,open,363
2661,2026-02-01 09:00:00,closed,363
2661,2026-02-01 17:00:00,pending,363
2662,2026-01-11 05:00:00,open,558
2662,2026-01-12 10:00:00,pending,558
2663,2025-12-09 09:00:00,pending,2464
2663,2025-12-10 19:00:00,pending,2464
2663,2025-12-11 07:00:00,open,2464
2663,2025-12-11 15:00:00,closed,2464
2663,2025-12-09 17:00:00,open,2464
2663,2025-12-10 05:00:00,solved,2464
2663,2025-12-11 21:00:00,open,2464
2663,2025-12-15 05:00:00,open,2464
2664,2025-11-26 03:00:00,pending,314
2664,2025-11-26 14:00:00,pending,314
2664,2025-11-27 17:00:00,solved,314
2664,2025-11-27 21:00:00,pending,314
2664,2025-11-26 07:00:00,solved,314
2664,2025-11-28 10:00:00,closed,314
2665,2026-01-18 08:00:00,closed,1550
2665,2026-01-19 01:00:00,pending,1550
2665,2026-01-20 12:00:00,pending,1550
2665,2026-01-21 14:00:00,open,1550
2665,2026-01-22 00:00:00,closed,1550
2666,2026-03-12 06:00:00,pending,1065
2666,2026-03-12 14:00:00,open,1065
2666,2026-03-14 04:00:00,pending,1065
2666,2026-03-16 03:00:00,pending,1065
2666,2026-03-15 22:00:00,pending,1065
2666,2026-03-18 12:00:00,pending,1065
2666,2026-03-18 06:00:00,pending,1065
2667,2025-12-15 07:00:00,pending,1021
2667,2025-12-15 16:00:00,pending,1021
2667,2025-12-15 09:00:00,pending,1021
2667,2025-12-16 10:00:00,solved,1021
2667,2025-12-15 19:00:00,pending,1021
2667,2025-12-16 03:00:00,pending,1021
2667,2025-12-22 01:00:00,solved,1021
2667,2025-12-15 14:00:00,closed,1021
2668,2025-11-16 08:00:00,solved,693
2668,2025-11-17 11:00:00,open,693
2668,2025-11-17 14:00:00,closed,693
2668,2025-11-20 08:00:00,pending,693
2668,2025-11-21 08:00:00,pending,693
2668,2025-11-16 18:00:00,pending,693
2668,2025-11-25 02:00:00,open,693
2668,2025-11-22 11:00:00,pending,693
2669,2025-11-18 09:00:00,open,1109
2669,2025-11-19 07:00:00,open,1109
2669,2025-11-19 15:00:00,pending,1109
2669,2025-11-19 18:00:00,open,1109
2669,2025-11-21 05:00:00,pending,1109
2669,2025-11-24 20:00:00,open,1109
2669,2025-11-27 03:00:00,closed,1109
2670,2026-02-11 12:00:00,open,1458
2670,2026-02-11 20:00:00,open,1458
2670,2026-02-12 04:00:00,pending,1458
2670,2026-02-11 21:00:00,solved,1458
2670,2026-02-17 04:00:00,open,1458
2670,2026-02-18 14:00:00,open,1458
2671,2025-10-10 10:00:00,pending,1696
2671,2025-10-11 15:00:00,pending,1696
2671,2025-10-12 04:00:00,pending,1696
2671,2025-10-11 19:00:00,solved,1696
2671,2025-10-14 22:00:00,solved,1696
2671,2025-10-13 23:00:00,solved,1696
2671,2025-10-15 10:00:00,open,1696
2672,2025-12-01 04:00:00,open,930
2672,2025-12-01 12:00:00,closed,930
2673,2025-12-06 00:00:00,solved,22
2673,2025-12-06 07:00:00,solved,22
2673,2025-12-07 04:00:00,closed,22
2674,2025-11-07 01:00:00,solved,1586
2674,2025-11-08 07:00:00,solved,1586
2674,2025-11-07 09:00:00,closed,1586
2675,2025-12-28 05:00:00,closed,2471
2675,2025-12-28 20:00:00,open,2471
2675,2025-12-31 01:00:00,pending,2471
2675,2025-12-31 20:00:00,solved,2471
2675,2025-12-31 05:00:00,pending,2471
2675,2026-01-03 21:00:00,closed,2471
2676,2025-12-08 04:00:00,solved,1648
2676,2025-12-09 09:00:00,open,1648
2676,2025-12-10 04:00:00,closed,1648
2677,2026-02-05 08:00:00,pending,2482
2677,2026-02-05 13:00:00,open,2482
2677,2026-02-08 00:00:00,closed,2482
2678,2025-12-23 04:00:00,open,1363
2678,2025-12-24 14:00:00,pending,1363
2678,2025-12-23 20:00:00,solved,1363
2678,2025-12-23 22:00:00,open,1363
2678,2025-12-25 12:00:00,open,1363
2678,2025-12-29 05:00:00,pending,1363
2678,2025-12-28 10:00:00,open,1363
2678,2026-01-02 09:00:00,pending,1363
2679,2025-11-24 09:00:00,pending,1665
2679,2025-11-25 11:00:00,closed,1665
2679,2025-11-25 09:00:00,closed,1665
2679,2025-11-25 18:00:00,closed,1665
2679,2025-11-26 09:00:00,closed,1665
2680,2026-02-19 01:00:00,pending,2160
2680,2026-02-19 03:00:00,closed,2160
2681,2026-02-14 08:00:00,open,226
2681,2026-02-15 12:00:00,closed,226
2682,2025-09-24 12:00:00,open,180
2682,2025-09-25 06:00:00,pending,180
2683,2026-02-14 06:00:00,solved,582
2683,2026-02-14 16:00:00,closed,582
2684,2025-12-20 00:00:00,pending,790
2684,2025-12-20 16:00:00,closed,790
2684,2025-12-22 16:00:00,pending,790
2684,2025-12-22 03:00:00,closed,790
2685,2025-11-20 10:00:00,pending,1959
2685,2025-11-21 14:00:00,open,1959
2685,2025-11-23 04:00:00,pending,1959
2685,2025-11-20 19:00:00,pending,1959
2685,2025-11-23 02:00:00,open,1959
2685,2025-11-23 13:00:00,closed,1959
2686,2025-12-21 10:00:00,closed,2013
2686,2025-12-22 18:00:00,closed,2013
2687,2025-09-27 02:00:00,open,1621
2687,2025-09-27 08:00:00,pending,1621
2687,2025-09-28 08:00:00,closed,1621
2688,2026-02-06 11:00:00,open,1441
2688,2026-02-07 23:00:00,open,1441
2688,2026-02-06 21:00:00,closed,1441
2689,2026-01-28 10:00:00,solved,1351
2689,2026-01-29 08:00:00,open,1351
2689,2026-01-29 04:00:00,open,1351
2689,2026-01-30 16:00:00,pending,1351
2690,2025-10-15 04:00:00,solved,2491
2690,2025-10-15 18:00:00,closed,2491
2690,2025-10-16 04:00:00,pending,2491
2690,2025-10-18 19:00:00,solved,2491
2690,2025-10-17 04:00:00,open,2491
2690,2025-10-17 11:00:00,pending,2491
2690,2025-10-20 16:00:00,open,2491
2690,2025-10-25 09:00:00,closed,2491
2691,2025-09-22 10:00:00,open,632
2691,2025-09-22 14:00:00,solved,632
2691,2025-09-24 00:00:00,closed,632
2691,2025-09-24 19:00:00,closed,632
2692,2025-10-10 03:00:00,open,732
2692,2025-10-10 12:00:00,pending,732
2692,2025-10-10 19:00:00,closed,732
2693,2026-02-10 04:00:00,pending,1808
2693,2026-02-10 09:00:00,closed,1808
2693,2026-02-12 20:00:00,closed,1808
2693,2026-02-14 13:00:00,open,1808
2693,2026-02-16 00:00:00,open,1808
2693,2026-02-10 19:00:00,solved,1808
2693,2026-02-18 10:00:00,closed,1808
2694,2026-01-17 09:00:00,solved,415
2694,2026-01-18 14:00:00,open,415
2694,2026-01-17 13:00:00,open,415
2694,2026-01-21 15:00:00,open,415
2694,2026-01-20 17:00:00,solved,415
2694,2026-01-24 11:00:00,closed,415
2695,2026-01-03 05:00:00,pending,571
2695,2026-01-04 13:00:00,closed,571
2696,2025-12-21 09:00:00,solved,2337
2696,2025-12-22 06:00:00,open,2337
2696,2025-12-24 01:00:00,closed,2337
2696,2025-12-23 12:00:00,closed,2337
2696,2025-12-25 13:00:00,pending,2337
2696,2025-12-23 06:00:00,open,2337
2696,2025-12-28 03:00:00,solved,2337
2696,2025-12-22 06:00:00,closed,2337
2697,2026-03-06 02:00:00,solved,616
2697,2026-03-06 07:00:00,closed,616
2698,2026-01-26 10:00:00,closed,1375
2698,2026-01-27 19:00:00,solved,1375
2698,2026-01-26 12:00:00,closed,1375
2699,2026-01-29 09:00:00,pending,2246
2699,2026-01-30 05:00:00,closed,2246
2700,2026-02-11 06:00:00,open,794
2700,2026-02-12 03:00:00,open,794
2700,2026-02-11 18:00:00,solved,794
2700,2026-02-14 09:00:00,pending,794
2700,2026-02-15 10:00:00,closed,794
2700,2026-02-12 22:00:00,closed,794
2700,2026-02-18 12:00:00,closed,794
2701,2025-10-12 08:00:00,closed,1675
2701,2025-10-12 13:00:00,open,1675
2701,2025-10-13 18:00:00,open,1675
2701,2025-10-13 14:00:00,closed,1675
2702,2026-02-20 10:00:00,open,1265
2702,2026-02-21 02:00:00,pending,1265
2702,2026-02-23 04:00:00,open,1265
2702,2026-02-21 10:00:00,solved,1265
2702,2026-02-25 06:00:00,open,1265
2702,2026-02-27 07:00:00,pending,1265
2702,2026-02-22 22:00:00,open,1265
2703,2026-03-05 05:00:00,pending,322
2703,2026-03-06 07:00:00,closed,322
2703,2026-03-05 17:00:00,closed,322
2703,2026-03-05 20:00:00,solved,322
2703,2026-03-07 17:00:00,solved,322
2703,2026-03-07 02:00:00,solved,322
2704,2026-01-09 01:00:00,open,343
2704,2026-01-09 16:00:00,pending,343
2704,2026-01-09 05:00:00,pending,343
2704,2026-01-11 10:00:00,pending,343
2704,2026-01-13 09:00:00,closed,343
2704,2026-01-11 03:00:00,solved,343
2704,2026-01-12 07:00:00,closed,343
2704,2026-01-15 18:00:00,closed,343
2705,2026-02-03 02:00:00,solved,457
2705,2026-02-04 08:00:00,pending,457
2705,2026-02-04 06:00:00,solved,457
2705,2026-02-07 02:00:00,solved,457
2705,2026-02-03 10:00:00,closed,457
2706,2026-01-07 10:00:00,pending,670
2706,2026-01-07 13:00:00,solved,670
2706,2026-01-07 20:00:00,closed,670
2707,2025-10-29 07:00:00,open,2005
2707,2025-10-30 07:00:00,solved,2005
2707,2025-10-29 21:00:00,open,2005
2707,2025-10-30 01:00:00,closed,2005
2707,2025-11-02 15:00:00,open,2005
2707,2025-10-29 12:00:00,open,2005
2707,2025-11-06 07:00:00,solved,2005
2708,2026-01-26 00:00:00,solved,1363
2708,2026-01-27 02:00:00,solved,1363
2708,2026-01-27 12:00:00,open,1363
2708,2026-01-26 03:00:00,open,1363
2708,2026-01-28 08:00:00,pending,1363
2709,2026-03-03 06:00:00,open,1432
2709,2026-03-03 22:00:00,open,1432
2709,2026-03-03 18:00:00,pending,1432
2709,2026-03-07 06:00:00,pending,1432
2709,2026-03-05 22:00:00,closed,1432
2710,2026-01-05 08:00:00,pending,1947
2710,2026-01-06 14:00:00,pending,1947
2711,2026-02-11 11:00:00,open,169
2711,2026-02-12 09:00:00,solved,169
2711,2026-02-13 13:00:00,pending,169
2711,2026-02-14 17:00:00,open,169
2711,2026-02-12 11:00:00,closed,169
2712,2026-03-03 09:00:00,solved,1459
2712,2026-03-04 01:00:00,pending,1459
2712,2026-03-05 03:00:00,closed,1459
2713,2025-12-23 01:00:00,closed,241
2713,2025-12-23 10:00:00,pending,241
2713,2025-12-25 17:00:00,solved,241
2713,2025-12-27 10:00:00,closed,241
2714,2025-11-12 11:00:00,solved,1421
2714,2025-11-13 16:00:00,open,1421
2714,2025-11-15 07:00:00,closed,1421
2714,2025-11-16 20:00:00,open,1421
2714,2025-11-17 19:00:00,open,1421
2715,2025-12-25 11:00:00,pending,95
2715,2025-12-25 20:00:00,solved,95
2715,2025-12-27 23:00:00,closed,95
2716,2025-10-08 10:00:00,open,690
2716,2025-10-08 23:00:00,pending,690
2716,2025-10-10 18:00:00,solved,690
2716,2025-10-10 07:00:00,open,690
2716,2025-10-11 18:00:00,closed,690
2717,2025-11-12 07:00:00,pending,1210
2717,2025-11-13 15:00:00,open,1210
2717,2025-11-14 03:00:00,pending,1210
2717,2025-11-16 07:00:00,closed,1210
2718,2025-12-14 00:00:00,solved,786
2718,2025-12-14 18:00:00,open,786
2718,2025-12-14 12:00:00,pending,786
2718,2025-12-15 03:00:00,closed,786
2718,2025-12-19 08:00:00,pending,786
2719,2025-10-21 10:00:00,solved,2446
2719,2025-10-21 14:00:00,open,2446
2719,2025-10-23 10:00:00,closed,2446
2720,2026-01-10 02:00:00,pending,2405
2720,2026-01-11 12:00:00,solved,2405
2720,2026-01-11 16:00:00,open,2405
2720,2026-01-14 05:00:00,closed,2405
2721,2026-02-19 04:00:00,solved,1769
2721,2026-02-19 09:00:00,pending,1769
2721,2026-02-19 12:00:00,pending,1769
2721,2026-02-21 13:00:00,solved,1769
2721,2026-02-20 20:00:00,closed,1769
2722,2025-10-20 06:00:00,pending,313
2722,2025-10-20 08:00:00,closed,313
2723,2026-02-10 07:00:00,pending,2462
2723,2026-02-10 22:00:00,solved,2462
2723,2026-02-11 15:00:00,open,2462
2723,2026-02-13 13:00:00,open,2462
2723,2026-02-15 15:00:00,open,2462
2723,2026-02-10 12:00:00,closed,2462
2723,2026-02-15 19:00:00,closed,2462
2724,2025-10-09 11:00:00,solved,375
2724,2025-10-10 08:00:00,solved,375
2724,2025-10-10 17:00:00,solved,375
2725,2026-02-14 01:00:00,pending,1787
2725,2026-02-14 11:00:00,pending,1787
2725,2026-02-16 01:00:00,closed,1787
2725,2026-02-15 01:00:00,pending,1787
2725,2026-02-17 09:00:00,open,1787
2725,2026-02-20 12:00:00,pending,1787
2726,2025-11-17 08:00:00,open,2010
2726,2025-11-17 15:00:00,solved,2010
2726,2025-11-19 08:00:00,open,2010
2726,2025-11-20 20:00:00,pending,2010
2726,2025-11-17 20:00:00,solved,2010
2726,2025-11-22 18:00:00,closed,2010
2726,2025-11-23 08:00:00,closed,2010
2727,2026-02-23 06:00:00,open,1756
2727,2026-02-23 07:00:00,pending,1756
2727,2026-02-24 02:00:00,closed,1756
2728,2025-09-19 08:00:00,solved,1791
2728,2025-09-20 10:00:00,open,1791
2728,2025-09-20 22:00:00,open,1791
2728,2025-09-20 02:00:00,pending,1791
2728,2025-09-20 08:00:00,closed,1791
2729,2025-10-11 07:00:00,open,1765
2729,2025-10-12 05:00:00,closed,1765
2730,2025-12-19 07:00:00,open,2162
2730,2025-12-20 16:00:00,closed,2162
2731,2026-02-28 07:00:00,open,1799
2731,2026-03-01 18:00:00,closed,1799
2732,2025-11-20 12:00:00,closed,231
2732,2025-11-20 20:00:00,open,231
2732,2025-11-21 20:00:00,pending,231
2732,2025-11-23 06:00:00,open,231
2732,2025-11-22 20:00:00,open,231
2732,2025-11-26 03:00:00,closed,231
2733,2025-12-22 05:00:00,open,123
2733,2025-12-23 01:00:00,open,123
2733,2025-12-24 09:00:00,pending,123
2733,2025-12-25 11:00:00,closed,123
2733,2025-12-27 17:00:00,pending,123
2733,2025-12-27 00:00:00,closed,123
2734,2026-02-01 11:00:00,pending,664
2734,2026-02-02 07:00:00,pending,664
2734,2026-02-03 09:00:00,open,664
2734,2026-02-03 02:00:00,pending,664
2734,2026-02-07 03:00:00,pending,664
2734,2026-02-03 18:00:00,solved,664
2734,2026-02-06 17:00:00,open,664
2734,2026-02-06 10:00:00,closed,664
2735,2025-09-17 03:00:00,pending,1340
2735,2025-09-18 15:00:00,pending,1340
2735,2025-09-19 07:00:00,closed,1340
2736,2026-02-27 08:00:00,solved,1747
2736,2026-02-28 08:00:00,closed,1747
2737,2026-03-05 07:00:00,solved,88
2737,2026-03-05 23:00:00,open,88
2737,2026-03-07 11:00:00,open,88
2737,2026-03-07 07:00:00,open,88
2737,2026-03-11 03:00:00,pending,88
2737,2026-03-09 11:00:00,pending,88
2737,2026-03-14 01:00:00,closed,88
2738,2026-02-21 02:00:00,solved,1849
2738,2026-02-22 11:00:00,solved,1849
2738,2026-02-21 14:00:00,closed,1849
2739,2025-11-16 02:00:00,pending,1670
2739,2025-11-17 01:00:00,open,1670
2739,2025-11-18 10:00:00,solved,1670
2739,2025-11-17 20:00:00,pending,1670
2739,2025-11-19 02:00:00,open,1670
2739,2025-11-16 22:00:00,open,1670
2739,2025-11-21 14:00:00,closed,1670
2740,2025-10-05 10:00:00,solved,1392
2740,2025-10-05 23:00:00,closed,1392
2740,2025-10-07 22:00:00,closed,1392
2741,2026-02-26 00:00:00,closed,2423
2741,2026-02-26 19:00:00,closed,2423
2741,2026-02-28 02:00:00,pending,2423
2741,2026-03-02 00:00:00,pending,2423
2741,2026-02-27 12:00:00,open,2423
2741,2026-03-02 14:00:00,open,2423
2741,2026-03-05 06:00:00,closed,2423
2741,2026-03-06 04:00:00,closed,2423
2742,2025-09-28 01:00:00,open,1041
2742,2025-09-28 15:00:00,open,1041
2742,2025-09-29 23:00:00,pending,1041
2742,2025-09-29 10:00:00,closed,1041
2742,2025-09-30 21:00:00,open,1041
2742,2025-09-30 03:00:00,open,1041
2742,2025-10-02 19:00:00,closed,1041
2742,2025-09-30 23:00:00,closed,1041
2743,2025-11-19 10:00:00,open,102
2743,2025-11-19 19:00:00,closed,102
2743,2025-11-20 04:00:00,pending,102
2743,2025-11-20 01:00:00,open,102
2743,2025-11-25 06:00:00,open,102
2743,2025-11-20 16:00:00,closed,102
2743,2025-11-22 10:00:00,solved,102
2743,2025-11-21 04:00:00,closed,102
2744,2026-03-12 03:00:00,closed,2296
2744,2026-03-12 19:00:00,open,2296
2744,2026-03-13 23:00:00,open,2296
2744,2026-03-14 21:00:00,pending,2296
2744,2026-03-13 11:00:00,pending,2296
2744,2026-03-16 12:00:00,pending,2296
2744,2026-03-13 03:00:00,closed,2296
2744,2026-03-17 09:00:00,closed,2296
2745,2025-10-08 09:00:00,closed,540
2745,2025-10-08 21:00:00,pending,540
2745,2025-10-09 17:00:00,pending,540
2746,2026-01-31 06:00:00,open,2045
2746,2026-01-31 09:00:00,pending,2045
2746,2026-02-02 10:00:00,pending,2045
2746,2026-02-02 15:00:00,closed,2045
2746,2026-02-05 22:00:00,pending,2045
2746,2026-02-07 08:00:00,closed,2045
2747,2025-12-14 09:00:00,solved,434
2747,2025-12-14 10:00:00,open,434
2747,2025-12-15 09:00:00,pending,434
2747,2025-12-14 12:00:00,closed,434
2747,2025-12-17 17:00:00,pending,434
2748,2025-12-28 03:00:00,open,1417
2748,2025-12-28 09:00:00,open,1417
2748,2025-12-29 23:00:00,closed,1417
2749,2025-11-18 03:00:00,open,1313
2749,2025-11-18 13:00:00,pending,1313
2749,2025-11-18 23:00:00,pending,1313
2749,2025-11-22 12:00:00,pending,1313
2749,2025-11-22 23:00:00,closed,1313
2750,2025-10-31 11:00:00,pending,20
2750,2025-10-31 23:00:00,closed,20
2750,2025-11-03 09:00:00,pending,20
2750,2025-11-04 14:00:00,open,20
2750,2025-11-05 03:00:00,solved,20
2751,2025-09-13 12:00:00,closed,1696
2751,2025-09-14 04:00:00,pending,1696
2751,2025-09-16 00:00:00,pending,1696
2752,2025-12-28 05:00:00,open,1366
2752,2025-12-29 06:00:00,solved,1366
2752,2025-12-30 15:00:00,solved,1366
2752,2025-12-30 08:00:00,closed,1366
2752,2026-01-02 13:00:00,closed,1366
2753,2026-03-03 05:00:00,pending,2245
2753,2026-03-04 15:00:00,closed,2245
2753,2026-03-04 11:00:00,open,2245
2753,2026-03-06 20:00:00,closed,2245
2754,2025-12-06 12:00:00,pending,1772
2754,2025-12-06 17:00:00,open,1772
2754,2025-12-09 12:00:00,pending,1772
2754,2025-12-10 15:00:00,open,1772
2754,2025-12-07 20:00:00,closed,1772
2755,2026-03-03 05:00:00,pending,969
2755,2026-03-04 09:00:00,pending,969
2755,2026-03-04 03:00:00,pending,969
2755,2026-03-07 08:00:00,closed,969
2756,2026-01-29 00:00:00,open,975
2756,2026-01-29 06:00:00,open,975
2756,2026-01-29 08:00:00,closed,975
2757,2025-10-14 12:00:00,open,77
2757,2025-10-15 09:00:00,solved,77
2757,2025-10-16 00:00:00,pending,77
2757,2025-10-16 06:00:00,solved,77
2757,2025-10-15 00:00:00,open,77
2757,2025-10-19 07:00:00,pending,77
2757,2025-10-16 06:00:00,closed,77
2758,2025-10-04 00:00:00,solved,1102
2758,2025-10-04 17:00:00,open,1102
2758,2025-10-05 00:00:00,solved,1102
2758,2025-10-06 21:00:00,closed,1102
2758,2025-10-09 20:00:00,closed,1102
2758,2025-10-04 20:00:00,solved,1102
2758,2025-10-10 06:00:00,solved,1102
2758,2025-10-06 01:00:00,closed,1102
2759,2025-10-01 08:00:00,solved,1606
2759,2025-10-01 09:00:00,closed,1606
2759,2025-10-01 18:00:00,closed,1606
2759,2025-10-03 11:00:00,open,1606
2759,2025-10-02 16:00:00,open,1606
2759,2025-10-04 16:00:00,pending,1606
2760,2026-02-19 02:00:00,open,1293
2760,2026-02-20 01:00:00,pending,1293
2760,2026-02-20 10:00:00,closed,1293
2761,2025-11-13 04:00:00,closed,466
2761,2025-11-13 20:00:00,pending,466
2761,2025-11-16 02:00:00,pending,466
2761,2025-11-16 16:00:00,closed,466
2762,2026-02-13 05:00:00,pending,2226
2762,2026-02-14 13:00:00,open,2226
2762,2026-02-14 05:00:00,solved,2226
2762,2026-02-13 14:00:00,solved,2226
2762,2026-02-16 21:00:00,open,2226
2762,2026-02-14 06:00:00,open,2226
2762,2026-02-19 11:00:00,open,2226
2762,2026-02-18 11:00:00,open,2226
2763,2025-12-14 09:00:00,open,281
2763,2025-12-15 10:00:00,pending,281
2763,2025-12-16 17:00:00,open,281
2763,2025-12-16 06:00:00,pending,281
2763,2025-12-15 13:00:00,open,281
2763,2025-12-21 16:00:00,closed,281
2764,2025-10-09 07:00:00,pending,1552
2764,2025-10-10 10:00:00,solved,1552
2764,2025-10-09 13:00:00,open,1552
2764,2025-10-12 04:00:00,closed,1552
2765,2025-10-01 01:00:00,solved,1006
2765,2025-10-01 02:00:00,open,1006
2765,2025-10-02 03:00:00,open,1006
2765,2025-10-05 13:00:00,closed,1006
2766,2025-11-15 06:00:00,solved,839
2766,2025-11-16 17:00:00,open,839
2766,2025-11-17 06:00:00,closed,839
2766,2025-11-16 09:00:00,pending,839
2766,2025-11-19 14:00:00,closed,839
2766,2025-11-17 23:00:00,closed,839
2767,2026-01-23 01:00:00,pending,1128
2767,2026-01-23 20:00:00,open,1128
2768,2026-02-21 12:00:00,open,1200
2768,2026-02-22 13:00:00,pending,1200
2768,2026-02-22 22:00:00,open,1200
2768,2026-02-23 09:00:00,solved,1200
2768,2026-02-22 00:00:00,open,1200
2768,2026-02-24 15:00:00,open,1200
2768,2026-02-23 12:00:00,closed,1200
2769,2026-01-17 01:00:00,open,1866
2769,2026-01-17 19:00:00,pending,1866
2769,2026-01-20 01:00:00,closed,1866
2769,2026-01-17 22:00:00,closed,1866
2770,2026-03-08 11:00:00,solved,552
2770,2026-03-08 18:00:00,pending,552
2770,2026-03-10 09:00:00,open,552
2770,2026-03-12 20:00:00,solved,552
2770,2026-03-12 19:00:00,open,552
2770,2026-03-14 22:00:00,pending,552
2770,2026-03-16 11:00:00,pending,552
2770,2026-03-13 10:00:00,open,552
2771,2025-11-06 07:00:00,closed,2226
2771,2025-11-06 18:00:00,solved,2226
2771,2025-11-06 15:00:00,open,2226
2772,2026-02-12 06:00:00,closed,470
2772,2026-02-13 09:00:00,open,470
2772,2026-02-13 14:00:00,closed,470
2772,2026-02-13 09:00:00,pending,470
2772,2026-02-17 10:00:00,pending,470
2772,2026-02-14 13:00:00,closed,470
2773,2025-12-21 08:00:00,pending,2450
2773,2025-12-21 15:00:00,open,2450
2773,2025-12-21 18:00:00,pending,2450
2773,2025-12-24 02:00:00,pending,2450
2774,2025-11-06 07:00:00,open,1114
2774,2025-11-07 13:00:00,open,1114
2774,2025-11-07 11:00:00,pending,1114
2774,2025-11-07 10:00:00,closed,1114
2774,2025-11-09 19:00:00,open,1114
2774,2025-11-11 22:00:00,open,1114
2774,2025-11-07 01:00:00,closed,1114
2775,2026-01-20 03:00:00,pending,1233
2775,2026-01-20 22:00:00,closed,1233
2775,2026-01-22 07:00:00,open,1233
2775,2026-01-20 15:00:00,closed,1233
2775,2026-01-22 03:00:00,closed,1233
2775,2026-01-27 10:00:00,open,1233
2775,2026-01-26 21:00:00,open,1233
2775,2026-01-22 11:00:00,closed,1233
2776,2025-11-29 11:00:00,solved,1113
2776,2025-11-30 03:00:00,open,1113
2776,2025-12-01 17:00:00,open,1113
2776,2025-12-03 05:00:00,open,1113
2776,2025-12-01 19:00:00,closed,1113
2777,2026-01-01 10:00:00,open,1956
2777,2026-01-01 20:00:00,closed,1956
2778,2026-02-06 02:00:00,closed,200
2778,2026-02-07 02:00:00,pending,200
2778,2026-02-08 18:00:00,solved,200
2778,2026-02-10 02:00:00,pending,200
2778,2026-02-07 18:00:00,open,200
2778,2026-02-08 14:00:00,closed,200
2779,2026-02-28 11:00:00,solved,55
2779,2026-03-01 22:00:00,solved,55
2779,2026-03-03 01:00:00,pending,55
2779,2026-03-04 14:00:00,pending,55
2779,2026-03-05 15:00:00,pending,55
2779,2026-03-07 23:00:00,solved,55
2780,2025-10-02 06:00:00,closed,309
2780,2025-10-02 11:00:00,closed,309
2781,2025-12-12 07:00:00,pending,420
2781,2025-12-13 01:00:00,closed,420
2781,2025-12-12 19:00:00,pending,420
2781,2025-12-14 13:00:00,pending,420
2781,2025-12-12 19:00:00,open,420
2781,2025-12-13 13:00:00,open,420
2781,2025-12-13 01:00:00,pending,420
2781,2025-12-16 02:00:00,closed,420
2782,2026-01-25 07:00:00,pending,201
2782,2026-01-26 13:00:00,pending,201
2782,2026-01-26 03:00:00,pending,201
2782,2026-01-27 07:00:00,closed,201
2783,2025-11-27 09:00:00,open,1545
2783,2025-11-28 16:00:00,pending,1545
2783,2025-11-29 03:00:00,closed,1545
2784,2025-09-30 02:00:00,open,121
2784,2025-10-01 10:00:00,open,121
2784,2025-09-30 22:00:00,pending,121
2784,2025-09-30 17:00:00,open,121
2784,2025-10-05 02:00:00,solved,121
2784,2025-10-04 21:00:00,pending,121
2785,2025-12-24 09:00:00,closed,316
2785,2025-12-24 17:00:00,pending,316
2786,2026-02-24 03:00:00,closed,586
2786,2026-02-24 17:00:00,open,586
2786,2026-02-26 21:00:00,solved,586
2786,2026-02-28 09:00:00,pending,586
2786,2026-02-26 19:00:00,solved,586
2786,2026-03-03 10:00:00,closed,586
2786,2026-02-25 09:00:00,closed,586
2787,2026-02-22 10:00:00,pending,2456
2787,2026-02-23 12:00:00,closed,2456
2787,2026-02-24 00:00:00,solved,2456
2787,2026-02-23 16:00:00,open,2456
2787,2026-02-28 02:00:00,closed,2456
2788,2025-10-12 01:00:00,open,1472
2788,2025-10-13 03:00:00,closed,1472
2788,2025-10-12 15:00:00,open,1472
2789,2025-11-20 06:00:00,open,2043
2789,2025-11-21 08:00:00,open,2043
2789,2025-11-21 22:00:00,solved,2043
2789,2025-11-22 15:00:00,open,2043
2790,2025-11-15 05:00:00,open,918
2790,2025-11-15 19:00:00,closed,918
2791,2025-12-22 08:00:00,open,1772
2791,2025-12-23 15:00:00,closed,1772
2791,2025-12-25 08:00:00,pending,1772
2791,2025-12-22 23:00:00,open,1772
2791,2025-12-22 16:00:00,open,1772
2791,2025-12-27 23:00:00,solved,1772
2791,2025-12-26 02:00:00,closed,1772
2792,2025-09-15 02:00:00,pending,344
2792,2025-09-16 08:00:00,pending,344
2792,2025-09-17 12:00:00,closed,344
2793,2025-10-19 01:00:00,open,2127
2793,2025-10-19 18:00:00,solved,2127
2793,2025-10-20 17:00:00,open,2127
2793,2025-10-20 16:00:00,open,2127
2793,2025-10-24 17:00:00,pending,2127
2793,2025-10-19 16:00:00,pending,2127
2794,2025-10-19 09:00:00,open,1765
2794,2025-10-20 11:00:00,open,1765
2794,2025-10-21 21:00:00,pending,1765
2794,2025-10-21 12:00:00,solved,1765
2794,2025-10-23 17:00:00,closed,1765
2795,2025-11-13 04:00:00,open,1217
2795,2025-11-14 04:00:00,solved,1217
2795,2025-11-15 10:00:00,solved,1217
2795,2025-11-14 10:00:00,open,1217
2795,2025-11-13 12:00:00,solved,1217
2795,2025-11-19 05:00:00,open,1217
2795,2025-11-18 16:00:00,solved,1217
2795,2025-11-14 01:00:00,closed,1217
2796,2026-01-10 03:00:00,closed,2214
2796,2026-01-11 02:00:00,pending,2214
2796,2026-01-12 23:00:00,open,2214
2796,2026-01-11 09:00:00,closed,2214
2797,2026-02-05 07:00:00,pending,1648
2797,2026-02-06 18:00:00,solved,1648
2797,2026-02-06 11:00:00,closed,1648
2798,2026-02-18 06:00:00,closed,1731
2798,2026-02-19 13:00:00,closed,1731
2798,2026-02-18 10:00:00,pending,1731
2798,2026-02-20 12:00:00,solved,1731
2798,2026-02-22 06:00:00,closed,1731
2798,2026-02-25 18:00:00,solved,1731
2798,2026-02-25 06:00:00,open,1731
2799,2025-09-25 05:00:00,open,600
2799,2025-09-26 15:00:00,open,600
2799,2025-09-27 17:00:00,pending,600
2799,2025-09-27 17:00:00,solved,600
2799,2025-09-29 09:00:00,closed,600
2800,2025-10-31 07:00:00,open,2118
2800,2025-10-31 09:00:00,closed,2118
2800,2025-11-01 19:00:00,pending,2118
2800,2025-11-03 22:00:00,solved,2118
2800,2025-11-01 19:00:00,solved,2118
2800,2025-11-06 18:00:00,solved,2118
2800,2025-11-04 01:00:00,open,2118
2800,2025-11-01 04:00:00,closed,2118
2801,2026-03-11 08:00:00,closed,1222
2801,2026-03-12 06:00:00,solved,1222
2801,2026-03-14 08:00:00,open,1222
2801,2026-03-15 14:00:00,pending,1222
2801,2026-03-13 08:00:00,closed,1222
2801,2026-03-18 00:00:00,solved,1222
2801,2026-03-12 14:00:00,open,1222
2801,2026-03-18 08:00:00,pending,1222
2802,2025-12-08 04:00:00,pending,2458
2802,2025-12-08 17:00:00,open,2458
2803,2026-03-06 09:00:00,open,772
2803,2026-03-07 04:00:00,closed,772
2803,2026-03-09 09:00:00,closed,772
2804,2026-02-12 08:00:00,pending,883
2804,2026-02-12 21:00:00,closed,883
2805,2026-03-07 08:00:00,solved,1175
2805,2026-03-07 22:00:00,solved,1175
2805,2026-03-09 06:00:00,open,1175
2805,2026-03-10 11:00:00,solved,1175
2806,2025-12-06 10:00:00,solved,2486
2806,2025-12-07 21:00:00,open,2486
2806,2025-12-07 00:00:00,closed,2486
2807,2026-03-10 08:00:00,solved,599
2807,2026-03-11 05:00:00,open,599
2807,2026-03-11 04:00:00,solved,599
2807,2026-03-14 05:00:00,open,599
2807,2026-03-11 04:00:00,open,599
2807,2026-03-17 00:00:00,open,599
2808,2026-03-12 06:00:00,pending,160
2808,2026-03-13 06:00:00,solved,160
2809,2026-03-08 01:00:00,pending,209
2809,2026-03-08 03:00:00,open,209
2809,2026-03-09 23:00:00,solved,209
2810,2026-03-09 05:00:00,open,369
2810,2026-03-10 06:00:00,open,369
2810,2026-03-10 09:00:00,open,369
2810,2026-03-11 05:00:00,solved,369
2811,2025-11-13 07:00:00,solved,2380
2811,2025-11-14 05:00:00,closed,2380
2811,2025-11-13 19:00:00,pending,2380
2811,2025-11-15 01:00:00,pending,2380
2811,2025-11-18 19:00:00,closed,2380
2812,2026-01-11 07:00:00,solved,2071
2812,2026-01-11 16:00:00,open,2071
2812,2026-01-13 05:00:00,open,2071
2812,2026-01-12 13:00:00,pending,2071
2812,2026-01-11 15:00:00,pending,2071
2812,2026-01-16 12:00:00,open,2071
2812,2026-01-18 07:00:00,closed,2071
2813,2025-11-20 00:00:00,closed,2128
2813,2025-11-21 08:00:00,solved,2128
2813,2025-11-22 10:00:00,open,2128
2813,2025-11-23 06:00:00,solved,2128
2813,2025-11-20 12:00:00,closed,2128
2814,2025-09-20 09:00:00,pending,2014
2814,2025-09-21 12:00:00,pending,2014
2814,2025-09-21 15:00:00,open,2014
2814,2025-09-22 15:00:00,closed,2014
2815,2025-12-26 05:00:00,closed,549
2815,2025-12-27 14:00:00,closed,549
2816,2025-12-16 07:00:00,open,77
2816,2025-12-16 12:00:00,open,77
2816,2025-12-18 05:00:00,open,77
2816,2025-12-17 04:00:00,solved,77
2816,2025-12-21 15:00:00,open,77
2816,2025-12-20 11:00:00,open,77
2816,2025-12-20 13:00:00,open,77
2816,2025-12-22 03:00:00,closed,77
2817,2026-02-12 06:00:00,open,539
2817,2026-02-12 22:00:00,solved,539
2817,2026-02-14 02:00:00,solved,539
2817,2026-02-14 18:00:00,closed,539
2817,2026-02-13 22:00:00,closed,539
2817,2026-02-16 10:00:00,pending,539
2817,2026-02-14 00:00:00,open,539
2817,2026-02-14 21:00:00,pending,539
2818,2025-10-17 11:00:00,pending,1636
2818,2025-10-18 07:00:00,pending,1636
2818,2025-10-18 13:00:00,pending,1636
2818,2025-10-19 08:00:00,open,1636
2818,2025-10-18 11:00:00,solved,1636
2818,2025-10-23 17:00:00,open,1636
2818,2025-10-19 05:00:00,solved,1636
2819,2025-11-13 11:00:00,pending,1850
2819,2025-11-13 16:00:00,closed,1850
2820,2025-09-18 03:00:00,pending,783
2820,2025-09-18 11:00:00,closed,783
2820,2025-09-19 19:00:00,closed,783
2821,2026-03-12 00:00:00,solved,2168
2821,2026-03-12 04:00:00,open,2168
2821,2026-03-13 08:00:00,solved,2168
2821,2026-03-16 03:00:00,pending,2168
2821,2026-03-14 08:00:00,solved,2168
2822,2026-02-11 04:00:00,solved,78
2822,2026-02-11 05:00:00,open,78
2822,2026-02-13 10:00:00,open,78
2822,2026-02-12 10:00:00,solved,78
2822,2026-02-13 00:00:00,closed,78
2822,2026-02-17 15:00:00,pending,78
2823,2026-01-13 05:00:00,pending,72
2823,2026-01-13 18:00:00,pending,72
2823,2026-01-13 23:00:00,closed,72
2824,2026-03-09 05:00:00,solved,2351
2824,2026-03-10 05:00:00,pending,2351
2824,2026-03-12 03:00:00,open,2351
2825,2025-12-17 00:00:00,pending,1401
2825,2025-12-18 05:00:00,closed,1401
2825,2025-12-18 10:00:00,open,1401
2825,2025-12-18 03:00:00,pending,1401
2825,2025-12-18 08:00:00,open,1401
2825,2025-12-22 00:00:00,closed,1401
2825,2025-12-21 12:00:00,closed,1401
2826,2026-03-05 10:00:00,open,1801
2826,2026-03-05 13:00:00,solved,1801
2826,2026-03-08 04:00:00,solved,1801
2826,2026-03-09 04:00:00,closed,1801
2827,2025-11-15 11:00:00,open,2162
2827,2025-11-16 09:00:00,solved,2162
2827,2025-11-17 01:00:00,closed,2162
2828,2026-02-20 07:00:00,closed,2312
2828,2026-02-21 05:00:00,pending,2312
2828,2026-02-23 01:00:00,open,2312
2828,2026-02-24 16:00:00,closed,2312
2828,2026-02-25 07:00:00,pending,2312
2828,2026-02-27 14:00:00,open,2312
2828,2026-03-01 07:00:00,pending,2312
2828,2026-02-26 10:00:00,closed,2312
2829,2025-11-11 02:00:00,solved,623
2829,2025-11-11 08:00:00,closed,623
2830,2025-12-14 12:00:00,pending,916
2830,2025-12-14 23:00:00,open,916
2831,2026-02-07 02:00:00,pending,811
2831,2026-02-07 14:00:00,closed,811
2831,2026-02-08 20:00:00,open,811
2831,2026-02-07 11:00:00,closed,811
2832,2025-12-07 00:00:00,closed,1420
2832,2025-12-08 01:00:00,closed,1420
2832,2025-12-07 20:00:00,open,1420
2832,2025-12-10 06:00:00,closed,1420
2833,2026-02-22 12:00:00,closed,325
2833,2026-02-22 14:00:00,open,325
2833,2026-02-25 08:00:00,pending,325
2833,2026-02-26 12:00:00,pending,325
2833,2026-02-27 00:00:00,closed,325
2834,2025-10-12 02:00:00,pending,70
2834,2025-10-12 15:00:00,closed,70
2834,2025-10-14 04:00:00,solved,70
2834,2025-10-15 02:00:00,solved,70
2834,2025-10-13 14:00:00,pending,70
2834,2025-10-18 08:00:00,pending,70
2834,2025-10-18 14:00:00,open,70
2835,2025-11-09 02:00:00,solved,1428
2835,2025-11-09 15:00:00,solved,1428
2835,2025-11-11 12:00:00,open,1428
2835,2025-11-13 11:00:00,closed,1428
2835,2025-11-12 14:00:00,closed,1428
2835,2025-11-10 18:00:00,closed,1428
2836,2025-11-26 09:00:00,closed,1989
2836,2025-11-27 13:00:00,open,1989
2836,2025-11-28 13:00:00,closed,1989
2837,2025-11-30 04:00:00,solved,916
2837,2025-11-30 17:00:00,pending,916
2837,2025-12-03 04:00:00,open,916
2837,2025-11-30 10:00:00,closed,916
2837,2025-11-30 12:00:00,pending,916
2837,2025-12-06 20:00:00,solved,916
2837,2025-12-08 16:00:00,open,916
2838,2025-11-24 06:00:00,open,1561
2838,2025-11-24 08:00:00,pending,1561
2839,2025-11-02 12:00:00,closed,2130
2839,2025-11-03 23:00:00,pending,2130
2839,2025-11-03 00:00:00,pending,2130
2839,2025-11-06 12:00:00,open,2130
2839,2025-11-07 20:00:00,open,2130
2839,2025-11-05 15:00:00,pending,2130
2839,2025-11-10 12:00:00,pending,2130
2840,2026-02-06 12:00:00,pending,903
2840,2026-02-07 06:00:00,pending,903
2840,2026-02-08 16:00:00,pending,903
2840,2026-02-08 06:00:00,open,903
2840,2026-02-08 00:00:00,solved,903
2840,2026-02-13 19:00:00,closed,903
2841,2026-01-13 06:00:00,open,1522
2841,2026-01-13 21:00:00,solved,1522
2841,2026-01-14 14:00:00,closed,1522
2842,2026-01-15 05:00:00,solved,1205
2842,2026-01-16 01:00:00,closed,1205
2843,2025-12-28 00:00:00,open,1760
2843,2025-12-28 08:00:00,open,1760
2843,2025-12-30 20:00:00,solved,1760
2843,2026-01-01 03:00:00,open,1760
2844,2026-02-23 04:00:00,solved,2479
2844,2026-02-24 13:00:00,pending,2479
2844,2026-02-26 04:00:00,open,2479
2844,2026-02-26 13:00:00,closed,2479
2844,2026-02-24 00:00:00,closed,2479
2845,2025-11-30 03:00:00,open,1055
2845,2025-12-01 07:00:00,pending,1055
2845,2025-12-02 13:00:00,open,1055
2845,2025-12-01 06:00:00,open,1055
2845,2025-12-05 07:00:00,solved,1055
2845,2025-12-04 07:00:00,pending,1055
2845,2025-12-04 15:00:00,closed,1055
2846,2026-02-21 06:00:00,pending,1504
2846,2026-02-22 06:00:00,closed,1504
2847,2025-12-18 06:00:00,open,265
2847,2025-12-18 17:00:00,solved,265
2847,2025-12-20 00:00:00,solved,265
2847,2025-12-19 09:00:00,solved,265
2847,2025-12-18 22:00:00,closed,265
2848,2025-11-29 05:00:00,closed,1249
2848,2025-11-30 06:00:00,pending,1249
2848,2025-11-30 17:00:00,closed,1249
2849,2026-01-22 11:00:00,solved,2241
2849,2026-01-23 18:00:00,open,2241
2849,2026-01-23 11:00:00,open,2241
2849,2026-01-22 17:00:00,pending,2241
2849,2026-01-23 07:00:00,closed,2241
2849,2026-01-27 21:00:00,open,2241
2849,2026-01-24 05:00:00,solved,2241
2849,2026-01-25 09:00:00,closed,2241
2850,2025-10-26 09:00:00,open,406
2850,2025-10-26 15:00:00,closed,406
2850,2025-10-28 05:00:00,solved,406
2850,2025-10-30 03:00:00,closed,406
2851,2025-12-12 09:00:00,closed,376
2851,2025-12-13 18:00:00,open,376
2851,2025-12-13 23:00:00,open,376
2851,2025-12-16 15:00:00,open,376
2851,2025-12-15 21:00:00,open,376
2851,2025-12-16 03:00:00,pending,376
2851,2025-12-21 03:00:00,pending,376
2851,2025-12-21 10:00:00,open,376
2852,2026-02-06 01:00:00,open,897
2852,2026-02-07 00:00:00,solved,897
2852,2026-02-07 03:00:00,solved,897
2853,2025-10-17 05:00:00,pending,309
2853,2025-10-18 05:00:00,pending,309
2853,2025-10-18 05:00:00,solved,309
2853,2025-10-20 08:00:00,pending,309
2853,2025-10-23 05:00:00,solved,309
2853,2025-10-21 19:00:00,closed,309
2853,2025-10-19 23:00:00,pending,309
2853,2025-10-19 20:00:00,closed,309
2854,2025-10-25 07:00:00,pending,1980
2854,2025-10-25 20:00:00,pending,1980
2854,2025-10-25 15:00:00,solved,1980
2854,2025-10-25 10:00:00,closed,1980
2855,2025-10-29 04:00:00,solved,658
2855,2025-10-30 02:00:00,closed,658
2856,2026-02-18 04:00:00,solved,455
2856,2026-02-18 18:00:00,open,455
2856,2026-02-20 06:00:00,solved,455
2856,2026-02-22 07:00:00,pending,455
2856,2026-02-23 00:00:00,open,455
2856,2026-02-19 15:00:00,closed,455
2856,2026-02-22 04:00:00,pending,455
2857,2025-10-23 09:00:00,pending,1174
2857,2025-10-23 21:00:00,closed,1174
2858,2025-10-20 05:00:00,open,651
2858,2025-10-20 11:00:00,open,651
2858,2025-10-21 09:00:00,closed,651
2859,2026-03-01 08:00:00,pending,363
2859,2026-03-02 15:00:00,open,363
2859,2026-03-04 02:00:00,solved,363
2859,2026-03-03 05:00:00,closed,363
2860,2025-12-15 06:00:00,open,1255
2860,2025-12-16 11:00:00,open,1255
2860,2025-12-16 20:00:00,pending,1255
2860,2025-12-19 15:00:00,open,1255
2861,2025-11-09 05:00:00,closed,333
2861,2025-11-10 09:00:00,closed,333
2862,2026-02-15 08:00:00,open,1120
2862,2026-02-16 00:00:00,solved,1120
2862,2026-02-17 08:00:00,open,1120
2862,2026-02-19 02:00:00,open,1120
2862,2026-02-20 08:00:00,solved,1120
2863,2026-01-26 11:00:00,closed,208
2863,2026-01-27 07:00:00,pending,208
2863,2026-01-28 11:00:00,solved,208
2863,2026-01-29 08:00:00,closed,208
2863,2026-01-31 23:00:00,pending,208
2863,2026-01-31 16:00:00,closed,208
2863,2026-02-02 17:00:00,open,208
2863,2026-01-27 01:00:00,closed,208
2864,2025-11-15 06:00:00,closed,1673
2864,2025-11-16 02:00:00,closed,1673
2865,2025-10-18 07:00:00,solved,987
2865,2025-10-19 06:00:00,closed,987
2865,2025-10-18 21:00:00,open,987
2865,2025-10-21 04:00:00,solved,987
2865,2025-10-22 15:00:00,pending,987
2865,2025-10-23 07:00:00,closed,987
2866,2025-12-28 11:00:00,solved,2155
2866,2025-12-29 09:00:00,solved,2155
2866,2025-12-30 01:00:00,open,2155
2866,2025-12-29 05:00:00,pending,2155
2866,2025-12-30 07:00:00,open,2155
2866,2026-01-03 02:00:00,closed,2155
2866,2026-01-06 11:00:00,closed,2155
2866,2026-01-07 23:00:00,closed,2155
2867,2026-01-29 11:00:00,pending,2316
2867,2026-01-29 20:00:00,solved,2316
2868,2025-09-14 00:00:00,pending,2176
2868,2025-09-15 10:00:00,pending,2176
2868,2025-09-16 14:00:00,open,2176
2868,2025-09-17 06:00:00,solved,2176
2868,2025-09-19 00:00:00,closed,2176
2869,2026-02-08 03:00:00,pending,2368
2869,2026-02-08 10:00:00,open,2368
2869,2026-02-09 15:00:00,pending,2368
2869,2026-02-12 03:00:00,open,2368
2869,2026-02-08 07:00:00,open,2368
2869,2026-02-14 19:00:00,closed,2368
2870,2026-02-12 09:00:00,pending,2178
2870,2026-02-12 22:00:00,open,2178
2870,2026-02-12 15:00:00,open,2178
2870,2026-02-14 12:00:00,closed,2178
2871,2026-03-08 07:00:00,open,1222
2871,2026-03-08 20:00:00,open,1222
2871,2026-03-09 23:00:00,closed,1222
2871,2026-03-09 07:00:00,pending,1222
2871,2026-03-10 03:00:00,open,1222
2872,2026-01-27 03:00:00,open,2067
2872,2026-01-28 13:00:00,pending,2067
2872,2026-01-30 03:00:00,open,2067
2872,2026-01-28 09:00:00,open,2067
2872,2026-01-28 23:00:00,open,2067
2872,2026-01-31 07:00:00,closed,2067
2873,2026-03-11 08:00:00,solved,1645
2873,2026-03-12 12:00:00,open,1645
2873,2026-03-12 10:00:00,open,1645
2873,2026-03-13 20:00:00,pending,1645
2873,2026-03-14 04:00:00,open,1645
2873,2026-03-16 03:00:00,open,1645
2873,2026-03-16 08:00:00,open,1645
2873,2026-03-19 19:00:00,closed,1645
2874,2026-03-04 08:00:00,open,2043
2874,2026-03-05 03:00:00,open,2043
2874,2026-03-04 20:00:00,open,2043
2874,2026-03-04 17:00:00,closed,2043
2875,2025-11-25 12:00:00,pending,353
2875,2025-11-26 11:00:00,open,353
2875,2025-11-26 00:00:00,pending,353
2875,2025-11-25 15:00:00,closed,353
2876,2025-10-06 10:00:00,open,1714
2876,2025-10-07 00:00:00,closed,1714
2876,2025-10-07 08:00:00,open,1714
2876,2025-10-08 19:00:00,open,1714
2876,2025-10-12 10:00:00,pending,1714
2876,2025-10-07 21:00:00,closed,1714
2877,2025-09-24 01:00:00,pending,398
2877,2025-09-24 10:00:00,pending,398
2877,2025-09-26 05:00:00,pending,398
2877,2025-09-24 16:00:00,open,398
2877,2025-09-24 17:00:00,open,398
2877,2025-09-30 07:00:00,pending,398
2878,2026-01-06 06:00:00,closed,809
2878,2026-01-06 07:00:00,solved,809
2878,2026-01-08 04:00:00,pending,809
2878,2026-01-08 09:00:00,pending,809
2878,2026-01-10 22:00:00,pending,809
2878,2026-01-08 18:00:00,closed,809
2878,2026-01-08 12:00:00,closed,809
2879,2026-01-12 04:00:00,open,941
2879,2026-01-13 02:00:00,pending,941
2879,2026-01-14 02:00:00,solved,941
2879,2026-01-12 07:00:00,pending,941
2879,2026-01-13 16:00:00,open,941
2880,2026-01-14 12:00:00,open,2276
2880,2026-01-15 08:00:00,open,2276
2880,2026-01-14 14:00:00,open,2276
2880,2026-01-16 00:00:00,pending,2276
2880,2026-01-19 00:00:00,pending,2276
2880,2026-01-15 13:00:00,closed,2276
2881,2026-03-04 02:00:00,solved,2322
2881,2026-03-04 03:00:00,closed,2322
2882,2026-02-09 02:00:00,open,89
2882,2026-02-10 12:00:00,closed,89
2883,2025-10-16 07:00:00,open,704
2883,2025-10-17 07:00:00,pending,704
2883,2025-10-16 23:00:00,pending,704
2883,2025-10-18 10:00:00,closed,704
2883,2025-10-20 23:00:00,solved,704
2883,2025-10-19 00:00:00,pending,704
2883,2025-10-21 01:00:00,open,704
2884,2026-02-02 09:00:00,solved,404
2884,2026-02-03 08:00:00,closed,404
2885,2025-11-04 07:00:00,pending,2148
2885,2025-11-05 01:00:00,closed,2148
2885,2025-11-05 05:00:00,pending,2148
2885,2025-11-04 22:00:00,pending,2148
2885,2025-11-05 07:00:00,pending,2148
2885,2025-11-05 23:00:00,pending,2148
2885,2025-11-08 01:00:00,pending,2148
2885,2025-11-14 19:00:00,pending,2148
2886,2025-11-12 01:00:00,closed,699
2886,2025-11-12 23:00:00,open,699
2886,2025-11-13 23:00:00,closed,699
2886,2025-11-15 10:00:00,closed,699
2886,2025-11-15 21:00:00,closed,699
2886,2025-11-17 06:00:00,pending,699
2886,2025-11-18 19:00:00,solved,699
2886,2025-11-19 01:00:00,closed,699
2887,2025-12-03 05:00:00,open,1742
2887,2025-12-04 07:00:00,closed,1742
2887,2025-12-03 19:00:00,pending,1742
2888,2025-11-05 01:00:00,closed,343
2888,2025-11-06 04:00:00,solved,343
2888,2025-11-08 01:00:00,closed,343
2888,2025-11-08 01:00:00,pending,343
2888,2025-11-09 17:00:00,pending,343
2888,2025-11-07 23:00:00,closed,343
2889,2026-03-04 11:00:00,open,1130
2889,2026-03-05 01:00:00,closed,1130
2890,2026-01-02 12:00:00,closed,2366
2890,2026-01-02 22:00:00,closed,2366
2891,2026-01-10 04:00:00,open,394
2891,2026-01-11 10:00:00,open,394
2891,2026-01-10 06:00:00,open,394
2891,2026-01-13 13:00:00,solved,394
2891,2026-01-13 04:00:00,closed,394
2892,2025-11-19 02:00:00,closed,1627
2892,2025-11-20 04:00:00,solved,1627
2892,2025-11-21 00:00:00,solved,1627
2892,2025-11-21 02:00:00,open,1627
2892,2025-11-20 10:00:00,pending,1627
2892,2025-11-22 15:00:00,pending,1627
2892,2025-11-24 14:00:00,open,1627
2892,2025-11-28 10:00:00,pending,1627
2893,2026-03-08 04:00:00,open,240
2893,2026-03-08 07:00:00,closed,240
2893,2026-03-11 02:00:00,open,240
2893,2026-03-11 01:00:00,solved,240
2893,2026-03-13 08:00:00,open,240
2894,2025-11-18 03:00:00,pending,254
2894,2025-11-19 12:00:00,closed,254
2895,2026-01-10 04:00:00,closed,2219
2895,2026-01-11 14:00:00,open,2219
2895,2026-01-12 14:00:00,closed,2219
2896,2025-09-27 06:00:00,pending,344
2896,2025-09-27 16:00:00,solved,344
2896,2025-09-27 22:00:00,open,344
2896,2025-09-30 15:00:00,open,344
2896,2025-09-28 02:00:00,closed,344
2897,2025-10-28 02:00:00,closed,942
2897,2025-10-28 14:00:00,solved,942
2897,2025-10-30 12:00:00,closed,942
2897,2025-11-01 05:00:00,closed,942
2897,2025-11-01 22:00:00,closed,942
2898,2026-02-14 06:00:00,pending,2459
2898,2026-02-15 15:00:00,solved,2459
2898,2026-02-16 06:00:00,pending,2459
2898,2026-02-15 18:00:00,closed,2459
2898,2026-02-17 18:00:00,closed,2459
2898,2026-02-19 11:00:00,open,2459
2898,2026-02-16 18:00:00,open,2459
2898,2026-02-23 07:00:00,closed,2459
2899,2025-09-17 00:00:00,open,2286
2899,2025-09-18 00:00:00,open,2286
2899,2025-09-17 02:00:00,closed,2286
2899,2025-09-18 06:00:00,pending,2286
2899,2025-09-21 04:00:00,closed,2286
2900,2025-09-16 07:00:00,solved,12
2900,2025-09-17 01:00:00,pending,12
2900,2025-09-18 03:00:00,solved,12
2900,2025-09-17 16:00:00,pending,12
2900,2025-09-17 15:00:00,pending,12
2900,2025-09-21 22:00:00,solved,12
2900,2025-09-23 01:00:00,open,12
2900,2025-09-26 19:00:00,closed,12
2901,2026-03-07 04:00:00,open,2078
2901,2026-03-08 11:00:00,pending,2078
2901,2026-03-09 20:00:00,pending,2078
2901,2026-03-09 16:00:00,solved,2078
2901,2026-03-12 00:00:00,pending,2078
2902,2026-02-14 11:00:00,solved,1459
2902,2026-02-15 23:00:00,pending,1459
2902,2026-02-14 13:00:00,pending,1459
2902,2026-02-15 11:00:00,closed,1459
2902,2026-02-16 19:00:00,solved,1459
2902,2026-02-16 08:00:00,closed,1459
2903,2025-12-23 09:00:00,open,1209
2903,2025-12-24 09:00:00,solved,1209
2903,2025-12-25 05:00:00,open,1209
2903,2025-12-27 15:00:00,pending,1209
2903,2025-12-26 13:00:00,closed,1209
2904,2026-02-19 12:00:00,solved,1951
2904,2026-02-20 12:00:00,closed,1951
2905,2026-02-23 04:00:00,solved,1905
2905,2026-02-23 09:00:00,solved,1905
2905,2026-02-24 12:00:00,solved,1905
2905,2026-02-24 01:00:00,closed,1905
2905,2026-02-24 12:00:00,open,1905
2905,2026-02-25 01:00:00,closed,1905
2905,2026-02-25 22:00:00,closed,1905
2906,2025-10-24 12:00:00,solved,2370
2906,2025-10-25 11:00:00,closed,2370
2906,2025-10-25 14:00:00,solved,2370
2906,2025-10-27 15:00:00,pending,2370
2906,2025-10-28 08:00:00,pending,2370
2906,2025-10-25 03:00:00,solved,2370
2906,2025-10-29 00:00:00,open,2370
2906,2025-11-01 02:00:00,open,2370
2907,2025-12-11 05:00:00,closed,2099
2907,2025-12-11 17:00:00,solved,2099
2907,2025-12-11 15:00:00,pending,2099
2907,2025-12-12 17:00:00,pending,2099
2907,2025-12-12 17:00:00,closed,2099
2908,2025-11-05 00:00:00,open,1253
2908,2025-11-05 04:00:00,open,1253
2908,2025-11-05 04:00:00,solved,1253
2908,2025-11-05 09:00:00,open,1253
2908,2025-11-05 16:00:00,pending,1253
2908,2025-11-10 10:00:00,open,1253
2908,2025-11-09 12:00:00,solved,1253
2908,2025-11-15 12:00:00,closed,1253
2909,2025-10-01 00:00:00,solved,2172
2909,2025-10-02 10:00:00,closed,2172
2910,2025-11-27 01:00:00,open,1175
2910,2025-11-28 06:00:00,pending,1175
2911,2026-02-25 09:00:00,solved,1007
2911,2026-02-26 07:00:00,pending,1007
2911,2026-02-25 13:00:00,pending,1007
2912,2026-01-02 09:00:00,pending,135
2912,2026-01-02 10:00:00,closed,135
2913,2026-02-04 05:00:00,open,1633
2913,2026-02-04 09:00:00,solved,1633
2913,2026-02-06 21:00:00,solved,1633
2913,2026-02-08 08:00:00,closed,1633
2914,2026-02-28 01:00:00,closed,88
2914,2026-02-28 11:00:00,closed,88
2915,2026-01-31 00:00:00,closed,1605
2915,2026-02-01 04:00:00,solved,1605
2915,2026-01-31 16:00:00,closed,1605
2916,2026-01-26 04:00:00,solved,2462
2916,2026-01-27 07:00:00,closed,2462
2916,2026-01-28 10:00:00,open,2462
2916,2026-01-27 01:00:00,pending,2462
2916,2026-01-28 08:00:00,solved,2462
2916,2026-01-29 17:00:00,open,2462
2916,2026-02-02 10:00:00,closed,2462
2917,2026-03-01 09:00:00,solved,1473
2917,2026-03-01 19:00:00,closed,1473
2918,2026-01-14 11:00:00,open,1493
2918,2026-01-15 22:00:00,open,1493
2918,2026-01-16 21:00:00,open,1493
2918,2026-01-18 02:00:00,open,1493
2918,2026-01-18 23:00:00,closed,1493
2918,2026-01-21 08:00:00,pending,1493
2918,2026-01-14 17:00:00,solved,1493
2919,2025-11-12 12:00:00,pending,940
2919,2025-11-13 01:00:00,pending,940
2919,2025-11-14 20:00:00,open,940
2919,2025-11-12 18:00:00,pending,940
2919,2025-11-16 08:00:00,solved,940
2919,2025-11-14 19:00:00,closed,940
2920,2026-02-06 10:00:00,closed,1063
2920,2026-02-06 22:00:00,closed,1063
2920,2026-02-08 20:00:00,closed,1063
2921,2025-11-16 07:00:00,open,2104
2921,2025-11-16 11:00:00,open,2104
2921,2025-11-16 15:00:00,open,2104
2921,2025-11-16 13:00:00,open,2104
2921,2025-11-19 03:00:00,open,2104
2921,2025-11-22 18:00:00,open,2104
2921,2025-11-19 19:00:00,pending,2104
2921,2025-11-19 05:00:00,closed,2104
2922,2025-10-15 07:00:00,closed,195
2922,2025-10-16 00:00:00,closed,195
2922,2025-10-15 15:00:00,open,195
2922,2025-10-17 16:00:00,closed,195
2923,2026-01-15 12:00:00,solved,1118
2923,2026-01-16 21:00:00,solved,1118
2923,2026-01-15 22:00:00,closed,1118
2924,2026-02-01 05:00:00,pending,832
2924,2026-02-02 03:00:00,solved,832
2924,2026-02-03 07:00:00,pending,832
2925,2026-01-12 02:00:00,solved,1564
2925,2026-01-12 17:00:00,solved,1564
2925,2026-01-14 06:00:00,open,1564
2925,2026-01-14 11:00:00,pending,1564
2925,2026-01-17 18:00:00,open,1564
2925,2026-01-17 02:00:00,solved,1564
2925,2026-01-19 20:00:00,closed,1564
2926,2025-10-26 02:00:00,solved,1231
2926,2025-10-26 18:00:00,pending,1231
2926,2025-10-26 20:00:00,solved,1231
2926,2025-10-28 02:00:00,pending,1231
2926,2025-10-26 06:00:00,closed,1231
2926,2025-10-27 03:00:00,closed,1231
2927,2026-02-28 01:00:00,solved,1192
2927,2026-02-28 16:00:00,open,1192
2927,2026-02-28 03:00:00,closed,1192
2927,2026-02-28 16:00:00,pending,1192
2927,2026-03-05 09:00:00,open,1192
2927,2026-03-01 17:00:00,open,1192
2927,2026-03-02 19:00:00,open,1192
2927,2026-03-04 17:00:00,closed,1192
2928,2025-11-23 03:00:00,solved,324
2928,2025-11-23 08:00:00,solved,324
2928,2025-11-24 01:00:00,open,324
2928,2025-11-25 00:00:00,closed,324
2929,2025-11-23 03:00:00,closed,1051
2929,2025-11-24 03:00:00,pending,1051
2929,2025-11-24 09:00:00,pending,1051
2929,2025-11-23 06:00:00,closed,1051
2930,2026-01-22 11:00:00,pending,2316
2930,2026-01-23 08:00:00,solved,2316
2930,2026-01-24 11:00:00,closed,2316
2930,2026-01-23 08:00:00,open,2316
2931,2026-01-28 09:00:00,pending,2271
2931,2026-01-28 21:00:00,closed,2271
2932,2025-12-14 00:00:00,open,2211
2932,2025-12-14 14:00:00,pending,2211
2932,2025-12-16 10:00:00,pending,2211
2932,2025-12-18 06:00:00,pending,2211
2933,2025-11-15 01:00:00,pending,1349
2933,2025-11-15 04:00:00,pending,1349
2933,2025-11-15 05:00:00,open,1349
2933,2025-11-19 10:00:00,open,1349
2933,2025-11-20 01:00:00,closed,1349
2933,2025-11-21 07:00:00,solved,1349
2934,2026-02-20 08:00:00,open,793
2934,2026-02-21 07:00:00,pending,793
2934,2026-02-21 04:00:00,closed,793
2934,2026-02-23 05:00:00,open,793
2934,2026-02-25 20:00:00,solved,793
2934,2026-02-21 09:00:00,closed,793
2934,2026-02-24 02:00:00,pending,793
2934,2026-02-26 11:00:00,closed,793
2935,2025-09-16 09:00:00,solved,1224
2935,2025-09-17 02:00:00,open,1224
2935,2025-09-17 07:00:00,closed,1224
2936,2025-12-23 03:00:00,closed,1839
2936,2025-12-24 08:00:00,pending,1839
2936,2025-12-23 13:00:00,closed,1839
2936,2025-12-25 15:00:00,closed,1839
2936,2025-12-27 19:00:00,pending,1839
2936,2025-12-29 09:00:00,closed,1839
2937,2026-03-10 04:00:00,solved,712
2937,2026-03-11 08:00:00,solved,712
2937,2026-03-12 02:00:00,open,712
2937,2026-03-11 22:00:00,closed,712
2937,2026-03-10 12:00:00,pending,712
2937,2026-03-10 09:00:00,pending,712
2937,2026-03-17 16:00:00,open,712
2938,2025-10-30 11:00:00,pending,1357
2938,2025-10-31 16:00:00,closed,1357
2939,2025-10-16 07:00:00,open,1339
2939,2025-10-17 14:00:00,open,1339
2939,2025-10-17 13:00:00,solved,1339
2939,2025-10-20 13:00:00,pending,1339
2939,2025-10-19 07:00:00,closed,1339
2940,2026-01-30 11:00:00,closed,1125
2940,2026-01-31 12:00:00,open,1125
2940,2026-02-01 07:00:00,closed,1125
2941,2025-09-28 08:00:00,pending,667
2941,2025-09-29 11:00:00,pending,667
2941,2025-09-28 14:00:00,open,667
2942,2025-11-29 02:00:00,pending,143
2942,2025-11-29 18:00:00,solved,143
2942,2025-11-30 00:00:00,open,143
2942,2025-12-01 14:00:00,open,143
2942,2025-12-03 18:00:00,open,143
2942,2025-12-02 20:00:00,open,143
2942,2025-12-01 20:00:00,closed,143
2943,2025-10-26 02:00:00,open,2247
2943,2025-10-27 00:00:00,pending,2247
2943,2025-10-26 12:00:00,pending,2247
2943,2025-10-27 05:00:00,pending,2247
2943,2025-10-30 02:00:00,closed,2247
2943,2025-11-01 03:00:00,closed,2247
2944,2025-10-29 11:00:00,open,1505
2944,2025-10-30 12:00:00,pending,1505
2944,2025-10-29 15:00:00,pending,1505
2944,2025-10-30 08:00:00,pending,1505
2944,2025-11-01 23:00:00,closed,1505
2945,2025-12-21 02:00:00,open,1300
2945,2025-12-21 06:00:00,pending,1300
2945,2025-12-22 12:00:00,closed,1300
2946,2025-11-15 12:00:00,solved,2418
2946,2025-11-15 15:00:00,pending,2418
2946,2025-11-17 20:00:00,pending,2418
2946,2025-11-19 03:00:00,closed,2418
2946,2025-11-20 20:00:00,closed,2418
2947,2025-09-18 11:00:00,open,487
2947,2025-09-19 15:00:00,open,487
2947,2025-09-18 23:00:00,open,487
2947,2025-09-18 17:00:00,closed,487
2947,2025-09-19 15:00:00,closed,487
2948,2025-12-27 03:00:00,solved,29
2948,2025-12-28 02:00:00,solved,29
2948,2025-12-27 11:00:00,open,29
2948,2025-12-30 21:00:00,open,29
2948,2025-12-31 11:00:00,pending,29
2948,2026-01-02 09:00:00,open,29
2948,2025-12-30 21:00:00,open,29
2948,2026-01-03 10:00:00,closed,29
2949,2025-12-24 05:00:00,solved,914
2949,2025-12-25 08:00:00,closed,914
2949,2025-12-25 05:00:00,closed,914
2949,2025-12-25 17:00:00,open,914
2949,2025-12-27 21:00:00,solved,914
2949,2025-12-27 13:00:00,open,914
2949,2025-12-25 17:00:00,closed,914
2950,2025-11-15 11:00:00,open,617
2950,2025-11-15 15:00:00,solved,617
2950,2025-11-15 13:00:00,solved,617
2950,2025-11-18 05:00:00,solved,617
2950,2025-11-18 03:00:00,pending,617
2950,2025-11-15 16:00:00,pending,617
2950,2025-11-17 11:00:00,closed,617
2950,2025-11-25 23:00:00,closed,617
2951,2026-01-06 11:00:00,open,2247
2951,2026-01-07 23:00:00,open,2247
2951,2026-01-09 09:00:00,pending,2247
2951,2026-01-10 23:00:00,pending,2247
2951,2026-01-11 11:00:00,solved,2247
2951,2026-01-09 04:00:00,pending,2247
2951,2026-01-07 11:00:00,open,2247
2952,2025-10-30 00:00:00,pending,2167
2952,2025-10-31 01:00:00,open,2167
2952,2025-11-02 00:00:00,pending,2167
2952,2025-10-30 06:00:00,solved,2167
2952,2025-10-31 00:00:00,closed,2167
2953,2026-02-23 04:00:00,closed,312
2953,2026-02-23 14:00:00,pending,312
2953,2026-02-24 16:00:00,solved,312
2953,2026-02-24 16:00:00,closed,312
2953,2026-02-28 20:00:00,solved,312
2953,2026-02-25 01:00:00,solved,312
2953,2026-02-27 10:00:00,closed,312
2953,2026-03-04 05:00:00,closed,312
2954,2025-12-18 09:00:00,pending,1985
2954,2025-12-18 22:00:00,pending,1985
2954,2025-12-21 05:00:00,solved,1985
2954,2025-12-21 18:00:00,pending,1985
2954,2025-12-23 09:00:00,solved,1985
2954,2025-12-22 13:00:00,open,1985
2955,2025-12-22 05:00:00,pending,421
2955,2025-12-22 10:00:00,open,421
2955,2025-12-23 01:00:00,pending,421
2955,2025-12-23 08:00:00,pending,421
2955,2025-12-23 21:00:00,closed,421
2956,2025-12-19 02:00:00,pending,1855
2956,2025-12-20 12:00:00,pending,1855
2956,2025-12-19 18:00:00,open,1855
2956,2025-12-22 05:00:00,pending,1855
2956,2025-12-21 02:00:00,open,1855
2957,2025-11-14 05:00:00,pending,1769
2957,2025-11-15 02:00:00,pending,1769
2957,2025-11-15 03:00:00,solved,1769
2957,2025-11-15 20:00:00,pending,1769
2957,2025-11-20 05:00:00,closed,1769
2957,2025-11-20 16:00:00,closed,1769
2957,2025-11-20 17:00:00,closed,1769
2958,2026-01-23 11:00:00,open,280
2958,2026-01-24 00:00:00,pending,280
2958,2026-01-24 09:00:00,open,280
2958,2026-01-25 14:00:00,closed,280
2958,2026-01-28 15:00:00,solved,280
2958,2026-01-30 13:00:00,solved,280
2959,2025-10-18 01:00:00,open,721
2959,2025-10-18 22:00:00,solved,721
2959,2025-10-18 07:00:00,closed,721
2959,2025-10-22 13:00:00,closed,721
2960,2025-09-15 08:00:00,closed,206
2960,2025-09-15 19:00:00,open,206
2960,2025-09-16 16:00:00,pending,206
2960,2025-09-16 14:00:00,closed,206
2960,2025-09-15 12:00:00,closed,206
2961,2025-10-10 01:00:00,open,977
2961,2025-10-10 11:00:00,open,977
2961,2025-10-11 05:00:00,open,977
2961,2025-10-11 01:00:00,solved,977
2961,2025-10-14 05:00:00,solved,977
2961,2025-10-16 22:00:00,open,977
2961,2025-10-14 07:00:00,solved,977
2961,2025-10-15 14:00:00,closed,977
2962,2025-10-09 12:00:00,solved,1947
2962,2025-10-09 18:00:00,closed,1947
2963,2026-02-28 08:00:00,solved,1347
2963,2026-02-28 13:00:00,open,1347
2963,2026-02-28 18:00:00,open,1347
2963,2026-03-04 17:00:00,pending,1347
2963,2026-02-28 12:00:00,closed,1347
2964,2025-11-12 04:00:00,open,1548
2964,2025-11-13 15:00:00,open,1548
2964,2025-11-13 16:00:00,solved,1548
2964,2025-11-14 10:00:00,closed,1548
2965,2026-01-07 02:00:00,pending,913
2965,2026-01-07 15:00:00,closed,913
2965,2026-01-09 20:00:00,open,913
2965,2026-01-08 23:00:00,closed,913
2966,2026-03-06 05:00:00,solved,813
2966,2026-03-06 14:00:00,pending,813
2966,2026-03-07 19:00:00,pending,813
2966,2026-03-06 17:00:00,pending,813
2966,2026-03-06 17:00:00,pending,813
2966,2026-03-09 18:00:00,closed,813
2967,2025-10-21 04:00:00,pending,788
2967,2025-10-22 07:00:00,solved,788
2967,2025-10-22 06:00:00,pending,788
2967,2025-10-22 10:00:00,pending,788
2967,2025-10-21 12:00:00,open,788
2967,2025-10-22 15:00:00,open,788
2967,2025-10-22 22:00:00,closed,788
2968,2026-02-10 07:00:00,pending,1148
2968,2026-02-11 19:00:00,closed,1148
2968,2026-02-11 21:00:00,pending,1148
2968,2026-02-14 01:00:00,pending,1148
2969,2026-01-30 06:00:00,open,7
2969,2026-01-31 00:00:00,open,7
2969,2026-02-02 06:00:00,open,7
2969,2026-01-31 15:00:00,closed,7
2970,2025-11-02 08:00:00,pending,1138
2970,2025-11-03 19:00:00,solved,1138
2970,2025-11-04 22:00:00,solved,1138
2970,2025-11-06 02:00:00,pending,1138
2970,2025-11-06 12:00:00,closed,1138
2971,2025-09-19 02:00:00,open,1541
2971,2025-09-19 14:00:00,open,1541
2971,2025-09-21 06:00:00,pending,1541
2971,2025-09-21 17:00:00,open,1541
2971,2025-09-21 14:00:00,pending,1541
2971,2025-09-26 09:00:00,open,1541
2971,2025-09-24 08:00:00,pending,1541
2971,2025-09-21 03:00:00,closed,1541
2972,2025-11-27 04:00:00,open,2173
2972,2025-11-27 13:00:00,solved,2173
2972,2025-11-30 00:00:00,open,2173
2973,2025-09-13 09:00:00,solved,1430
2973,2025-09-13 14:00:00,solved,1430
2973,2025-09-15 01:00:00,solved,1430
2973,2025-09-15 12:00:00,solved,1430
2973,2025-09-17 09:00:00,open,1430
2973,2025-09-16 07:00:00,open,1430
2973,2025-09-14 03:00:00,pending,1430
2973,2025-09-19 12:00:00,open,1430
2974,2026-02-02 12:00:00,pending,1001
2974,2026-02-03 09:00:00,open,1001
2974,2026-02-04 02:00:00,solved,1001
2974,2026-02-04 15:00:00,pending,1001
2974,2026-02-08 08:00:00,pending,1001
2974,2026-02-06 06:00:00,open,1001
2974,2026-02-09 06:00:00,pending,1001
2974,2026-02-03 02:00:00,closed,1001
2975,2026-01-21 12:00:00,closed,1483
2975,2026-01-22 03:00:00,pending,1483
2975,2026-01-24 04:00:00,pending,1483
2975,2026-01-24 12:00:00,open,1483
2975,2026-01-25 12:00:00,pending,1483
2975,2026-01-23 09:00:00,open,1483
2975,2026-01-24 12:00:00,pending,1483
2975,2026-01-27 15:00:00,closed,1483
2976,2026-02-12 02:00:00,solved,1542
2976,2026-02-12 05:00:00,solved,1542
2976,2026-02-13 20:00:00,closed,1542
2977,2025-11-15 04:00:00,pending,571
2977,2025-11-16 16:00:00,closed,571
2977,2025-11-16 22:00:00,open,571
2977,2025-11-18 04:00:00,closed,571
2977,2025-11-17 00:00:00,open,571
2977,2025-11-15 14:00:00,solved,571
2977,2025-11-18 04:00:00,pending,571
2978,2025-11-10 12:00:00,closed,1389
2978,2025-11-11 18:00:00,closed,1389
2979,2025-09-21 01:00:00,pending,2187
2979,2025-09-21 18:00:00,open,2187
2979,2025-09-21 11:00:00,pending,2187
2980,2026-01-18 04:00:00,open,1148
2980,2026-01-18 14:00:00,open,1148
2980,2026-01-18 12:00:00,solved,1148
2980,2026-01-20 07:00:00,closed,1148
2981,2026-01-26 08:00:00,open,2258
2981,2026-01-27 06:00:00,pending,2258
2981,2026-01-26 20:00:00,closed,2258
2981,2026-01-28 14:00:00,pending,2258
2981,2026-01-31 20:00:00,closed,2258
2982,2025-12-01 03:00:00,solved,269
2982,2025-12-01 12:00:00,pending,269
2983,2026-03-02 00:00:00,solved,760
2983,2026-03-02 19:00:00,solved,760
2983,2026-03-04 18:00:00,open,760
2983,2026-03-03 09:00:00,closed,760
2983,2026-03-06 08:00:00,solved,760
2983,2026-03-06 14:00:00,open,760
2983,2026-03-05 18:00:00,solved,760
2983,2026-03-05 05:00:00,closed,760
2984,2025-11-21 03:00:00,pending,784
2984,2025-11-22 06:00:00,open,784
2984,2025-11-23 19:00:00,solved,784
2984,2025-11-21 21:00:00,closed,784
2984,2025-11-22 03:00:00,solved,784
2984,2025-11-27 04:00:00,open,784
2984,2025-11-27 09:00:00,closed,784
2985,2025-09-28 04:00:00,pending,1767
2985,2025-09-29 11:00:00,open,1767
2985,2025-09-28 20:00:00,pending,1767
2985,2025-09-28 22:00:00,open,1767
2985,2025-10-03 00:00:00,closed,1767
2985,2025-10-04 05:00:00,solved,1767
2985,2025-10-03 10:00:00,pending,1767
2985,2025-10-08 16:00:00,closed,1767
2986,2026-02-23 12:00:00,pending,2001
2986,2026-02-24 06:00:00,solved,2001
2986,2026-02-24 08:00:00,pending,2001
2986,2026-02-24 06:00:00,open,2001
2986,2026-02-26 16:00:00,open,2001
2986,2026-02-27 01:00:00,pending,2001
2986,2026-03-01 12:00:00,open,2001
2986,2026-02-24 02:00:00,closed,2001
2987,2025-09-14 08:00:00,closed,595
2987,2025-09-15 06:00:00,pending,595
2987,2025-09-15 02:00:00,open,595
2987,2025-09-15 23:00:00,open,595
2987,2025-09-15 12:00:00,closed,595
2988,2026-03-03 10:00:00,solved,86
2988,2026-03-04 22:00:00,open,86
2988,2026-03-04 18:00:00,solved,86
2988,2026-03-06 10:00:00,open,86
2989,2026-01-25 12:00:00,open,2053
2989,2026-01-26 21:00:00,closed,2053
2990,2025-11-18 04:00:00,open,572
2990,2025-11-19 12:00:00,pending,572
2991,2026-02-18 01:00:00,open,184
2991,2026-02-18 13:00:00,pending,184
2991,2026-02-20 17:00:00,open,184
2991,2026-02-19 16:00:00,closed,184
2992,2026-03-01 06:00:00,solved,481
2992,2026-03-02 15:00:00,pending,481
2992,2026-03-04 04:00:00,pending,481
2992,2026-03-05 06:00:00,closed,481
2993,2025-12-26 06:00:00,open,2132
2993,2025-12-27 16:00:00,pending,2132
2993,2025-12-26 16:00:00,closed,2132
2994,2026-01-08 11:00:00,pending,2300
2994,2026-01-09 16:00:00,solved,2300
2994,2026-01-11 07:00:00,pending,2300
2994,2026-01-12 17:00:00,closed,2300
2994,2026-01-13 15:00:00,closed,2300
2995,2025-12-19 08:00:00,open,348
2995,2025-12-20 05:00:00,open,348
2995,2025-12-21 12:00:00,pending,348
2995,2025-12-20 08:00:00,solved,348
2995,2025-12-22 04:00:00,open,348
2995,2025-12-23 07:00:00,closed,348
2995,2025-12-21 20:00:00,closed,348
2996,2025-11-30 12:00:00,solved,1973
2996,2025-11-30 15:00:00,closed,1973
2997,2026-02-13 07:00:00,pending,1525
2997,2026-02-13 21:00:00,open,1525
2997,2026-02-14 01:00:00,solved,1525
2997,2026-02-15 10:00:00,open,1525
2997,2026-02-18 03:00:00,pending,1525
2997,2026-02-19 08:00:00,closed,1525
2998,2026-01-14 05:00:00,closed,2203
2998,2026-01-15 13:00:00,open,2203
2998,2026-01-15 23:00:00,solved,2203
2998,2026-01-17 20:00:00,solved,2203
2998,2026-01-15 17:00:00,pending,2203
2999,2026-01-14 05:00:00,pending,1605
2999,2026-01-15 13:00:00,pending,1605
2999,2026-01-15 01:00:00,closed,1605
2999,2026-01-16 14:00:00,closed,1605
3000,2025-12-02 00:00:00,open,83
3000,2025-12-02 15:00:00,solved,83
3000,2025-12-02 06:00:00,pending,83
3000,2025-12-03 03:00:00,closed,83
3001,2025-10-14 10:00:00,solved,1189
3001,2025-10-14 12:00:00,solved,1189
3001,2025-10-14 20:00:00,closed,1189
3001,2025-10-18 13:00:00,open,1189
3001,2025-10-18 02:00:00,open,1189
3001,2025-10-20 01:00:00,pending,1189
3002,2025-11-25 02:00:00,open,39
3002,2025-11-26 11:00:00,closed,39
3002,2025-11-27 06:00:00,open,39
3002,2025-11-28 17:00:00,closed,39
3003,2025-11-17 04:00:00,solved,688
3003,2025-11-17 05:00:00,solved,688
3003,2025-11-19 12:00:00,open,688
3003,2025-11-20 04:00:00,closed,688
3004,2025-09-19 05:00:00,pending,1217
3004,2025-09-19 08:00:00,pending,1217
3004,2025-09-19 21:00:00,solved,1217
3004,2025-09-20 20:00:00,solved,1217
3004,2025-09-19 17:00:00,open,1217
3004,2025-09-21 12:00:00,pending,1217
3004,2025-09-23 23:00:00,pending,1217
3005,2025-11-02 03:00:00,pending,735
3005,2025-11-02 11:00:00,open,735
3005,2025-11-04 05:00:00,solved,735
3005,2025-11-03 06:00:00,pending,735
3005,2025-11-05 15:00:00,solved,735
3005,2025-11-06 02:00:00,pending,735
3006,2026-01-30 11:00:00,solved,400
3006,2026-01-30 17:00:00,solved,400
3006,2026-01-30 23:00:00,pending,400
3006,2026-01-30 20:00:00,solved,400
3006,2026-02-04 07:00:00,open,400
3006,2026-02-01 03:00:00,open,400
3006,2026-01-31 17:00:00,closed,400
3007,2025-09-20 10:00:00,pending,125
3007,2025-09-21 22:00:00,solved,125
3007,2025-09-22 06:00:00,open,125
3007,2025-09-21 10:00:00,open,125
3007,2025-09-25 06:00:00,open,125
3007,2025-09-21 11:00:00,closed,125
3008,2025-11-06 06:00:00,pending,1041
3008,2025-11-07 17:00:00,solved,1041
3008,2025-11-07 22:00:00,closed,1041
3009,2026-01-24 03:00:00,pending,174
3009,2026-01-24 19:00:00,closed,174
3010,2026-01-03 04:00:00,pending,1053
3010,2026-01-03 05:00:00,pending,1053
3010,2026-01-03 20:00:00,pending,1053
3010,2026-01-06 04:00:00,solved,1053
3010,2026-01-04 08:00:00,open,1053
3010,2026-01-04 00:00:00,pending,1053
3010,2026-01-07 22:00:00,closed,1053
3011,2025-10-02 02:00:00,pending,410
3011,2025-10-02 13:00:00,pending,410
3011,2025-10-02 14:00:00,pending,410
3011,2025-10-03 02:00:00,pending,410
3011,2025-10-03 06:00:00,pending,410
3011,2025-10-05 20:00:00,open,410
3011,2025-10-06 02:00:00,closed,410
3012,2025-10-13 12:00:00,pending,2109
3012,2025-10-13 16:00:00,solved,2109
3012,2025-10-13 16:00:00,closed,2109
3013,2025-12-29 09:00:00,solved,332
3013,2025-12-30 16:00:00,solved,332
3013,2025-12-31 21:00:00,pending,332
3013,2025-12-29 15:00:00,open,332
3013,2026-01-03 05:00:00,open,332
3013,2026-01-01 17:00:00,open,332
3013,2026-01-04 03:00:00,solved,332
3013,2026-01-01 14:00:00,open,332
3014,2026-03-02 11:00:00,pending,1073
3014,2026-03-02 16:00:00,solved,1073
3014,2026-03-04 05:00:00,open,1073
3014,2026-03-03 20:00:00,open,1073
3014,2026-03-04 23:00:00,solved,1073
3015,2026-02-14 02:00:00,solved,311
3015,2026-02-14 05:00:00,pending,311
3015,2026-02-15 22:00:00,pending,311
3016,2025-09-16 07:00:00,solved,305
3016,2025-09-17 02:00:00,open,305
3016,2025-09-18 19:00:00,pending,305
3016,2025-09-17 19:00:00,solved,305
3016,2025-09-21 23:00:00,closed,305
3017,2025-12-03 05:00:00,closed,365
3017,2025-12-04 00:00:00,closed,365
3018,2025-10-26 09:00:00,closed,1035
3018,2025-10-27 03:00:00,open,1035
3018,2025-10-28 11:00:00,pending,1035
3019,2025-11-08 05:00:00,open,902
3019,2025-11-08 15:00:00,open,902
3019,2025-11-10 23:00:00,open,902
3019,2025-11-10 20:00:00,open,902
3019,2025-11-12 05:00:00,open,902
3019,2025-11-12 04:00:00,open,902
3019,2025-11-16 11:00:00,closed,902
3020,2026-02-20 07:00:00,open,2279
3020,2026-02-21 08:00:00,open,2279
3020,2026-02-22 03:00:00,open,2279
3020,2026-02-21 13:00:00,pending,2279
3020,2026-02-25 03:00:00,solved,2279
3020,2026-02-23 20:00:00,solved,2279
3020,2026-02-23 13:00:00,open,2279
3020,2026-02-28 11:00:00,closed,2279
3021,2026-01-17 09:00:00,open,407
3021,2026-01-17 12:00:00,pending,407
3021,2026-01-19 11:00:00,solved,407
3021,2026-01-19 03:00:00,open,407
3021,2026-01-18 13:00:00,pending,407
3021,2026-01-20 02:00:00,closed,407
3021,2026-01-24 15:00:00,pending,407
3021,2026-01-20 14:00:00,closed,407
3022,2026-01-25 02:00:00,closed,1650
3022,2026-01-26 09:00:00,closed,1650
3022,2026-01-27 02:00:00,closed,1650
3023,2025-11-05 09:00:00,solved,766
3023,2025-11-06 05:00:00,pending,766
3023,2025-11-07 17:00:00,solved,766
3023,2025-11-09 15:00:00,closed,766
3024,2026-01-25 01:00:00,pending,1998
3024,2026-01-25 05:00:00,solved,1998
3024,2026-01-26 13:00:00,closed,1998
3025,2025-11-11 10:00:00,pending,1470
3025,2025-11-12 14:00:00,solved,1470
3025,2025-11-13 10:00:00,closed,1470
3025,2025-11-12 13:00:00,closed,1470
3026,2026-02-22 06:00:00,solved,1674
3026,2026-02-22 08:00:00,solved,1674
3027,2026-02-28 09:00:00,solved,1231
3027,2026-02-28 15:00:00,closed,1231
3027,2026-03-01 01:00:00,solved,1231
3027,2026-03-01 03:00:00,pending,1231
3027,2026-03-01 09:00:00,pending,1231
3027,2026-03-02 11:00:00,closed,1231
3028,2025-09-14 00:00:00,closed,514
3028,2025-09-15 04:00:00,pending,514
3028,2025-09-16 00:00:00,solved,514
3028,2025-09-15 09:00:00,closed,514
3028,2025-09-14 20:00:00,solved,514
3028,2025-09-16 22:00:00,pending,514
3028,2025-09-23 00:00:00,pending,514
3028,2025-09-20 17:00:00,closed,514
3029,2025-11-16 06:00:00,closed,443
3029,2025-11-17 14:00:00,solved,443
3029,2025-11-18 02:00:00,closed,443
3030,2026-01-03 01:00:00,solved,1108
3030,2026-01-04 05:00:00,pending,1108
3030,2026-01-05 15:00:00,open,1108
3030,2026-01-06 04:00:00,open,1108
3030,2026-01-08 01:00:00,open,1108
3030,2026-01-07 05:00:00,solved,1108
3030,2026-01-03 13:00:00,solved,1108
3031,2025-12-10 10:00:00,pending,1659
3031,2025-12-10 11:00:00,open,1659
3031,2025-12-11 02:00:00,closed,1659
3031,2025-12-14 07:00:00,solved,1659
3031,2025-12-12 22:00:00,pending,1659
3031,2025-12-12 17:00:00,open,1659
3031,2025-12-14 22:00:00,pending,1659
3031,2025-12-14 05:00:00,closed,1659
3032,2026-01-26 08:00:00,solved,193
3032,2026-01-27 15:00:00,solved,193
3032,2026-01-29 00:00:00,closed,193
3032,2026-01-28 11:00:00,pending,193
3032,2026-01-26 20:00:00,pending,193
3032,2026-01-26 13:00:00,solved,193
3032,2026-01-27 14:00:00,closed,193
3033,2025-09-13 05:00:00,pending,16
3033,2025-09-13 13:00:00,open,16
3033,2025-09-13 15:00:00,closed,16
3034,2025-10-12 00:00:00,open,1726
3034,2025-10-12 16:00:00,pending,1726
3034,2025-10-14 06:00:00,closed,1726
3034,2025-10-16 06:00:00,open,1726
3034,2025-10-17 12:00:00,closed,1726
3035,2025-11-01 02:00:00,pending,2217
3035,2025-11-02 07:00:00,pending,2217
3035,2025-11-03 16:00:00,pending,2217
3035,2025-11-05 14:00:00,open,2217
3035,2025-11-02 06:00:00,open,2217
3035,2025-11-08 14:00:00,open,2217
3035,2025-11-08 02:00:00,closed,2217
3036,2026-01-27 12:00:00,pending,2088
3036,2026-01-27 19:00:00,solved,2088
3036,2026-01-28 20:00:00,pending,2088
3036,2026-01-28 15:00:00,pending,2088
3036,2026-01-27 16:00:00,closed,2088
3036,2026-01-30 05:00:00,open,2088
3036,2026-01-30 12:00:00,closed,2088
3037,2025-10-28 09:00:00,open,1143
3037,2025-10-28 20:00:00,solved,1143
3037,2025-10-29 19:00:00,open,1143
3037,2025-10-28 21:00:00,closed,1143
3037,2025-11-01 21:00:00,pending,1143
3037,2025-11-03 15:00:00,closed,1143
3038,2026-01-08 02:00:00,open,191
3038,2026-01-09 07:00:00,open,191
3038,2026-01-10 08:00:00,closed,191
3039,2026-01-11 09:00:00,pending,1055
3039,2026-01-11 14:00:00,closed,1055
3040,2026-03-06 12:00:00,open,1051
3040,2026-03-06 14:00:00,solved,1051
3040,2026-03-09 10:00:00,pending,1051
3040,2026-03-08 21:00:00,solved,1051
3040,2026-03-09 00:00:00,open,1051
3041,2025-11-21 02:00:00,solved,1780
3041,2025-11-21 12:00:00,pending,1780
3041,2025-11-22 12:00:00,closed,1780
3042,2025-12-10 03:00:00,open,49
3042,2025-12-11 09:00:00,open,49
3042,2025-12-12 19:00:00,closed,49
3043,2026-03-07 11:00:00,solved,1526
3043,2026-03-07 18:00:00,open,1526
3043,2026-03-07 19:00:00,closed,1526
3043,2026-03-10 14:00:00,closed,1526
3043,2026-03-08 23:00:00,closed,1526
3043,2026-03-10 19:00:00,pending,1526
3044,2025-10-13 00:00:00,open,2008
3044,2025-10-14 04:00:00,closed,2008
3045,2026-01-22 12:00:00,open,278
3045,2026-01-23 02:00:00,open,278
3045,2026-01-23 12:00:00,pending,278
3046,2025-11-08 07:00:00,closed,233
3046,2025-11-09 05:00:00,closed,233
3047,2026-02-23 06:00:00,pending,922
3047,2026-02-24 07:00:00,closed,922
3048,2026-01-24 09:00:00,closed,2242
3048,2026-01-25 12:00:00,open,2242
3048,2026-01-26 09:00:00,pending,2242
3048,2026-01-27 21:00:00,closed,2242
3049,2026-02-24 11:00:00,open,2308
3049,2026-02-24 18:00:00,open,2308
3049,2026-02-26 13:00:00,open,2308
3049,2026-02-28 02:00:00,closed,2308
3050,2025-10-24 02:00:00,solved,403
3050,2025-10-25 00:00:00,open,403
3050,2025-10-26 02:00:00,solved,403
3051,2026-02-25 09:00:00,solved,1625
3051,2026-02-26 19:00:00,pending,1625
3051,2026-02-27 03:00:00,open,1625
3051,2026-02-28 09:00:00,pending,1625
3051,2026-02-28 09:00:00,pending,1625
3051,2026-02-26 20:00:00,open,1625
3051,2026-03-06 03:00:00,solved,1625
3051,2026-03-05 06:00:00,open,1625
3052,2025-10-13 04:00:00,open,2259
3052,2025-10-14 07:00:00,closed,2259
3052,2025-10-15 00:00:00,solved,2259
3052,2025-10-16 19:00:00,closed,2259
3052,2025-10-18 08:00:00,solved,2259
3052,2025-10-14 05:00:00,closed,2259
3053,2026-02-21 08:00:00,open,1929
3053,2026-02-22 15:00:00,solved,1929
3053,2026-02-22 06:00:00,pending,1929
3053,2026-02-21 11:00:00,closed,1929
3054,2026-01-20 01:00:00,pending,1144
3054,2026-01-21 02:00:00,pending,1144
3054,2026-01-22 01:00:00,open,1144
3054,2026-01-21 07:00:00,pending,1144
3055,2026-01-10 01:00:00,solved,1837
3055,2026-01-11 03:00:00,open,1837
3055,2026-01-12 01:00:00,pending,1837
3055,2026-01-10 19:00:00,open,1837
3055,2026-01-12 13:00:00,solved,1837
3055,2026-01-10 06:00:00,open,1837
3055,2026-01-14 01:00:00,pending,1837
3055,2026-01-19 09:00:00,closed,1837
3056,2025-09-24 03:00:00,closed,1173
3056,2025-09-25 14:00:00,closed,1173
3056,2025-09-25 03:00:00,pending,1173
3056,2025-09-28 09:00:00,closed,1173
3057,2026-02-13 00:00:00,closed,455
3057,2026-02-13 15:00:00,closed,455
3058,2025-10-23 06:00:00,open,531
3058,2025-10-23 13:00:00,pending,531
3058,2025-10-26 02:00:00,open,531
3058,2025-10-26 18:00:00,closed,531
3059,2025-10-15 04:00:00,closed,297
3059,2025-10-15 13:00:00,pending,297
3059,2025-10-17 16:00:00,open,297
3059,2025-10-16 13:00:00,closed,297
3059,2025-10-16 04:00:00,open,297
3059,2025-10-17 11:00:00,closed,297
3060,2026-01-12 05:00:00,closed,599
3060,2026-01-12 14:00:00,closed,599
3060,2026-01-13 01:00:00,pending,599
3060,2026-01-12 20:00:00,open,599
3060,2026-01-13 21:00:00,open,599
3061,2026-01-01 04:00:00,open,2009
3061,2026-01-02 12:00:00,pending,2009
3062,2026-03-08 01:00:00,closed,679
3062,2026-03-09 05:00:00,pending,679
3062,2026-03-08 09:00:00,pending,679
3062,2026-03-09 01:00:00,solved,679
3062,2026-03-09 13:00:00,pending,679
3063,2025-11-12 04:00:00,open,303
3063,2025-11-12 12:00:00,pending,303
3063,2025-11-14 22:00:00,solved,303
3063,2025-11-15 04:00:00,pending,303
3063,2025-11-13 08:00:00,open,303
3064,2026-02-18 06:00:00,pending,329
3064,2026-02-18 23:00:00,open,329
3064,2026-02-18 08:00:00,closed,329
3064,2026-02-21 21:00:00,pending,329
3064,2026-02-20 18:00:00,open,329
3064,2026-02-22 15:00:00,open,329
3064,2026-02-20 18:00:00,closed,329
3064,2026-02-23 05:00:00,closed,329
3065,2025-10-04 05:00:00,pending,2453
3065,2025-10-04 15:00:00,open,2453
3065,2025-10-04 17:00:00,pending,2453
3065,2025-10-06 08:00:00,open,2453
3065,2025-10-04 13:00:00,pending,2453
3065,2025-10-04 20:00:00,closed,2453
3066,2025-10-07 11:00:00,pending,1846
3066,2025-10-07 20:00:00,open,1846
3066,2025-10-09 21:00:00,open,1846
3066,2025-10-11 05:00:00,open,1846
3066,2025-10-09 03:00:00,solved,1846
3066,2025-10-08 22:00:00,pending,1846
3067,2026-02-16 09:00:00,open,1244
3067,2026-02-16 11:00:00,solved,1244
3067,2026-02-16 23:00:00,closed,1244
3067,2026-02-19 21:00:00,pending,1244
3067,2026-02-18 05:00:00,solved,1244
3067,2026-02-20 23:00:00,solved,1244
3068,2026-02-27 07:00:00,solved,632
3068,2026-02-28 07:00:00,pending,632
3068,2026-03-01 11:00:00,open,632
3068,2026-03-01 19:00:00,pending,632
3068,2026-03-03 07:00:00,open,632
3068,2026-03-03 21:00:00,pending,632
3068,2026-03-07 01:00:00,closed,632
3068,2026-03-02 05:00:00,closed,632
3069,2025-10-08 07:00:00,pending,725
3069,2025-10-08 11:00:00,open,725
3069,2025-10-09 19:00:00,closed,725
3070,2025-11-20 04:00:00,open,2479
3070,2025-11-20 16:00:00,pending,2479
3070,2025-11-22 06:00:00,pending,2479
3070,2025-11-24 13:00:00,pending,2479
3070,2025-11-21 08:00:00,open,2479
3070,2025-11-20 09:00:00,solved,2479
3070,2025-11-20 22:00:00,pending,2479
3070,2025-11-21 15:00:00,closed,2479
3071,2026-02-27 05:00:00,pending,2136
3071,2026-02-27 22:00:00,pending,2136
3071,2026-03-01 09:00:00,closed,2136
3071,2026-02-27 08:00:00,closed,2136
3071,2026-02-28 17:00:00,closed,2136
3072,2025-09-14 02:00:00,closed,159
3072,2025-09-15 06:00:00,closed,159
3072,2025-09-14 04:00:00,open,159
3072,2025-09-17 23:00:00,closed,159
3072,2025-09-19 18:00:00,closed,159
3073,2026-02-10 05:00:00,solved,1087
3073,2026-02-11 02:00:00,open,1087
3073,2026-02-11 19:00:00,open,1087
3073,2026-02-14 14:00:00,closed,1087
3073,2026-02-14 17:00:00,pending,1087
3074,2026-02-10 09:00:00,open,886
3074,2026-02-11 00:00:00,pending,886
3074,2026-02-12 13:00:00,closed,886
3075,2026-02-07 03:00:00,open,378
3075,2026-02-08 02:00:00,closed,378
3075,2026-02-09 07:00:00,closed,378
3075,2026-02-09 00:00:00,pending,378
3075,2026-02-11 11:00:00,open,378
3075,2026-02-07 18:00:00,open,378
3075,2026-02-15 09:00:00,open,378
3075,2026-02-10 08:00:00,open,378
3076,2025-10-15 11:00:00,solved,465
3076,2025-10-15 15:00:00,closed,465
3076,2025-10-17 01:00:00,open,465
3076,2025-10-16 02:00:00,closed,465
3077,2025-12-03 09:00:00,open,901
3077,2025-12-04 00:00:00,pending,901
3077,2025-12-04 07:00:00,closed,901
3077,2025-12-07 12:00:00,solved,901
3077,2025-12-09 09:00:00,pending,901
3078,2026-01-22 03:00:00,pending,732
3078,2026-01-23 12:00:00,closed,732
3078,2026-01-22 15:00:00,solved,732
3078,2026-01-26 00:00:00,pending,732
3078,2026-01-23 15:00:00,pending,732
3078,2026-01-28 14:00:00,solved,732
3079,2025-11-27 12:00:00,solved,387
3079,2025-11-27 23:00:00,closed,387
3080,2026-02-09 10:00:00,closed,2138
3080,2026-02-10 22:00:00,closed,2138
3080,2026-02-11 16:00:00,solved,2138
3080,2026-02-13 22:00:00,open,2138
3080,2026-02-15 06:00:00,closed,2138
3080,2026-02-13 14:00:00,open,2138
3081,2026-01-02 12:00:00,open,281
3081,2026-01-03 22:00:00,solved,281
3081,2026-01-04 08:00:00,solved,281
3081,2026-01-05 06:00:00,solved,281
3081,2026-01-05 16:00:00,pending,281
3081,2026-01-06 06:00:00,pending,281
3081,2026-01-07 00:00:00,solved,281
3081,2026-01-12 10:00:00,closed,281
3082,2026-03-07 09:00:00,open,295
3082,2026-03-08 13:00:00,pending,295
3082,2026-03-09 13:00:00,pending,295
3082,2026-03-07 21:00:00,pending,295
3083,2025-10-04 03:00:00,open,1702
3083,2025-10-04 12:00:00,pending,1702
3083,2025-10-04 09:00:00,pending,1702
3083,2025-10-04 06:00:00,open,1702
3083,2025-10-06 19:00:00,open,1702
3083,2025-10-09 08:00:00,solved,1702
3083,2025-10-07 09:00:00,closed,1702
3083,2025-10-04 10:00:00,closed,1702
3084,2026-03-08 01:00:00,pending,689
3084,2026-03-08 14:00:00,solved,689
3084,2026-03-08 11:00:00,open,689
3084,2026-03-10 13:00:00,open,689
3085,2026-02-23 12:00:00,closed,1716
3085,2026-02-24 04:00:00,solved,1716
3085,2026-02-24 06:00:00,solved,1716
3085,2026-02-27 06:00:00,open,1716
3085,2026-02-28 00:00:00,closed,1716
3085,2026-02-25 09:00:00,solved,1716
3085,2026-02-24 00:00:00,open,1716
3085,2026-02-26 17:00:00,closed,1716
3086,2025-12-21 07:00:00,open,2438
3086,2025-12-22 16:00:00,pending,2438
3086,2025-12-23 05:00:00,solved,2438
3086,2025-12-22 13:00:00,solved,2438
3087,2026-02-20 06:00:00,open,1538
3087,2026-02-20 14:00:00,solved,1538
3087,2026-02-23 04:00:00,open,1538
3087,2026-02-22 12:00:00,pending,1538
3087,2026-02-22 22:00:00,solved,1538
3087,2026-02-24 15:00:00,closed,1538
3087,2026-02-22 12:00:00,pending,1538
3087,2026-03-01 00:00:00,closed,1538
3088,2025-12-10 04:00:00,closed,1681
3088,2025-12-10 19:00:00,pending,1681
3088,2025-12-11 20:00:00,open,1681
3088,2025-12-12 10:00:00,pending,1681
3088,2025-12-13 08:00:00,pending,1681
3088,2025-12-13 12:00:00,open,1681
3088,2025-12-15 04:00:00,solved,1681
3089,2025-09-20 03:00:00,open,1130
3089,2025-09-21 13:00:00,open,1130
3089,2025-09-20 15:00:00,open,1130
3089,2025-09-24 09:00:00,open,1130
3089,2025-09-22 07:00:00,pending,1130
3090,2025-09-29 12:00:00,solved,2103
3090,2025-09-30 04:00:00,solved,2103
3090,2025-09-30 22:00:00,pending,2103
3090,2025-09-30 09:00:00,solved,2103
3090,2025-10-04 00:00:00,solved,2103
3090,2025-10-04 17:00:00,open,2103
3090,2025-10-01 06:00:00,closed,2103
3091,2026-02-24 08:00:00,open,551
3091,2026-02-25 20:00:00,open,551
3091,2026-02-26 22:00:00,closed,551
3091,2026-02-25 14:00:00,solved,551
3092,2025-12-28 00:00:00,open,1022
3092,2025-12-29 04:00:00,open,1022
3092,2025-12-30 06:00:00,closed,1022
3092,2025-12-31 06:00:00,solved,1022
3092,2026-01-01 08:00:00,solved,1022
3092,2025-12-28 20:00:00,closed,1022
3092,2026-01-03 00:00:00,pending,1022
3092,2025-12-28 07:00:00,closed,1022
3093,2025-11-07 12:00:00,solved,1641
3093,2025-11-08 08:00:00,closed,1641
3094,2025-11-25 08:00:00,open,86
3094,2025-11-25 21:00:00,pending,86
3094,2025-11-25 14:00:00,closed,86
3095,2026-01-10 00:00:00,pending,370
3095,2026-01-11 05:00:00,closed,370
3095,2026-01-11 22:00:00,pending,370
3095,2026-01-14 12:00:00,open,370
3095,2026-01-13 00:00:00,solved,370
3095,2026-01-10 10:00:00,open,370
3095,2026-01-14 18:00:00,closed,370
3096,2025-10-06 12:00:00,pending,2094
3096,2025-10-08 00:00:00,solved,2094
3096,2025-10-07 12:00:00,solved,2094
3096,2025-10-07 21:00:00,solved,2094
3096,2025-10-11 08:00:00,closed,2094
3097,2026-01-06 07:00:00,pending,253
3097,2026-01-07 09:00:00,solved,253
3097,2026-01-07 17:00:00,pending,253
3097,2026-01-10 07:00:00,pending,253
3097,2026-01-10 15:00:00,pending,253
3097,2026-01-08 14:00:00,pending,253
3097,2026-01-14 07:00:00,closed,253
3098,2025-11-19 07:00:00,solved,728
3098,2025-11-20 06:00:00,closed,728
3098,2025-11-20 19:00:00,pending,728
3098,2025-11-19 19:00:00,closed,728
3098,2025-11-20 11:00:00,solved,728
3098,2025-11-26 09:00:00,open,728
3098,2025-11-21 01:00:00,open,728
3099,2026-02-08 01:00:00,solved,1727
3099,2026-02-08 20:00:00,pending,1727
3099,2026-02-09 17:00:00,solved,1727
3099,2026-02-11 19:00:00,closed,1727
3099,2026-02-12 17:00:00,open,1727
3099,2026-02-12 00:00:00,closed,1727
3100,2025-12-20 09:00:00,open,909
3100,2025-12-20 18:00:00,closed,909
3101,2025-11-02 10:00:00,solved,409
3101,2025-11-02 13:00:00,open,409
3101,2025-11-02 16:00:00,open,409
3101,2025-11-03 01:00:00,closed,409
3102,2026-02-28 04:00:00,open,2230
3102,2026-02-28 12:00:00,open,2230
3102,2026-02-28 18:00:00,closed,2230
3102,2026-03-03 16:00:00,pending,2230
3102,2026-03-03 12:00:00,closed,2230
3103,2025-10-06 04:00:00,solved,331
3103,2025-10-06 11:00:00,pending,331
3103,2025-10-09 00:00:00,closed,331
3103,2025-10-08 19:00:00,open,331
3103,2025-10-11 08:00:00,open,331
3103,2025-10-13 16:00:00,closed,331
3104,2026-03-07 02:00:00,pending,2432
3104,2026-03-07 10:00:00,pending,2432
3104,2026-03-09 08:00:00,pending,2432
3104,2026-03-07 20:00:00,closed,2432
3104,2026-03-09 18:00:00,solved,2432
3105,2026-01-18 11:00:00,pending,161
3105,2026-01-19 02:00:00,closed,161
3105,2026-01-21 11:00:00,solved,161
3105,2026-01-19 11:00:00,pending,161
3105,2026-01-19 07:00:00,open,161
3105,2026-01-19 17:00:00,open,161
3105,2026-01-20 05:00:00,closed,161
3106,2025-09-24 08:00:00,solved,936
3106,2025-09-25 17:00:00,closed,936
3106,2025-09-24 18:00:00,closed,936
3107,2026-02-28 08:00:00,pending,2035
3107,2026-03-01 03:00:00,pending,2035
3107,2026-03-01 10:00:00,closed,2035
3108,2026-02-25 00:00:00,solved,1867
3108,2026-02-26 06:00:00,solved,1867
3108,2026-02-26 04:00:00,closed,1867
3108,2026-02-25 18:00:00,open,1867
3108,2026-03-03 00:00:00,open,1867
3108,2026-02-27 12:00:00,closed,1867
3109,2026-02-05 01:00:00,open,974
3109,2026-02-06 07:00:00,pending,974
3109,2026-02-07 15:00:00,solved,974
3109,2026-02-09 10:00:00,closed,974
3110,2025-12-19 02:00:00,pending,825
3110,2025-12-20 07:00:00,pending,825
3110,2025-12-20 00:00:00,pending,825
3110,2025-12-20 20:00:00,open,825
3110,2025-12-24 22:00:00,open,825
3110,2025-12-25 08:00:00,open,825
3110,2025-12-27 20:00:00,pending,825
3110,2025-12-24 22:00:00,solved,825
3111,2026-01-22 10:00:00,closed,381
3111,2026-01-23 07:00:00,open,381
3111,2026-01-24 08:00:00,open,381
3111,2026-01-25 13:00:00,closed,381
3111,2026-01-22 14:00:00,closed,381
3111,2026-01-23 06:00:00,closed,381
3112,2025-11-13 02:00:00,solved,418
3112,2025-11-14 05:00:00,closed,418
3113,2026-02-28 04:00:00,open,2171
3113,2026-02-28 22:00:00,closed,2171
3114,2025-11-29 02:00:00,open,1461
3114,2025-11-30 09:00:00,solved,1461
3114,2025-11-30 16:00:00,pending,1461
3114,2025-12-02 23:00:00,closed,1461
3115,2025-10-29 07:00:00,open,8
3115,2025-10-29 12:00:00,solved,8
3115,2025-10-29 11:00:00,pending,8
3115,2025-11-01 16:00:00,pending,8
3115,2025-11-01 23:00:00,pending,8
3115,2025-11-03 22:00:00,open,8
3115,2025-10-29 13:00:00,closed,8
3116,2025-11-24 08:00:00,pending,2004
3116,2025-11-25 14:00:00,open,2004
3116,2025-11-26 16:00:00,pending,2004
3116,2025-11-26 20:00:00,pending,2004
3116,2025-11-28 08:00:00,closed,2004
3117,2025-12-30 08:00:00,open,1172
3117,2025-12-30 16:00:00,closed,1172
3117,2026-01-01 10:00:00,closed,1172
3117,2026-01-02 23:00:00,open,1172
3117,2026-01-04 20:00:00,open,1172
3117,2026-01-02 21:00:00,solved,1172
3117,2026-01-06 08:00:00,open,1172
3117,2026-01-03 17:00:00,closed,1172
3118,2026-02-20 08:00:00,closed,504
3118,2026-02-21 10:00:00,closed,504
3118,2026-02-21 12:00:00,pending,504
3118,2026-02-20 14:00:00,solved,504
3118,2026-02-22 20:00:00,open,504
3118,2026-02-26 09:00:00,closed,504
3118,2026-02-25 20:00:00,open,504
3119,2026-03-01 12:00:00,open,1164
3119,2026-03-02 17:00:00,pending,1164
3120,2026-02-24 00:00:00,solved,1734
3120,2026-02-25 04:00:00,solved,1734
3120,2026-02-26 22:00:00,closed,1734
3120,2026-02-25 06:00:00,pending,1734
3120,2026-02-27 00:00:00,pending,1734
3121,2025-10-01 00:00:00,closed,1058
3121,2025-10-02 09:00:00,closed,1058
3121,2025-10-02 18:00:00,open,1058
3121,2025-10-05 00:00:00,pending,1058
3121,2025-10-04 00:00:00,solved,1058
3121,2025-10-04 08:00:00,pending,1058
3121,2025-10-03 06:00:00,pending,1058
3121,2025-10-04 12:00:00,closed,1058
3122,2026-01-16 08:00:00,open,1276
3122,2026-01-16 22:00:00,closed,1276
3122,2026-01-17 12:00:00,solved,1276
3122,2026-01-19 23:00:00,closed,1276
3122,2026-01-19 16:00:00,open,1276
3122,2026-01-17 09:00:00,closed,1276
3123,2025-09-21 07:00:00,open,1939
3123,2025-09-22 01:00:00,pending,1939
3123,2025-09-22 19:00:00,solved,1939
3123,2025-09-25 16:00:00,pending,1939
3123,2025-09-21 11:00:00,closed,1939
3124,2025-10-01 05:00:00,pending,2091
3124,2025-10-01 19:00:00,pending,2091
3124,2025-10-01 07:00:00,pending,2091
3124,2025-10-01 23:00:00,closed,2091
3125,2025-12-13 00:00:00,open,872
3125,2025-12-14 08:00:00,solved,872
3125,2025-12-14 00:00:00,closed,872
3125,2025-12-16 06:00:00,pending,872
3125,2025-12-18 04:00:00,closed,872
3126,2025-11-09 02:00:00,closed,25
3126,2025-11-09 18:00:00,closed,25
3127,2025-10-05 03:00:00,pending,2089
3127,2025-10-05 05:00:00,closed,2089
3127,2025-10-05 09:00:00,closed,2089
3128,2025-10-31 08:00:00,pending,494
3128,2025-10-31 21:00:00,closed,494
3128,2025-10-31 14:00:00,open,494
3128,2025-11-02 05:00:00,open,494
3128,2025-10-31 16:00:00,closed,494
3128,2025-11-07 05:00:00,pending,494
3128,2025-11-04 08:00:00,open,494
3128,2025-11-08 12:00:00,closed,494
3129,2025-09-13 10:00:00,open,384
3129,2025-09-14 21:00:00,solved,384
3129,2025-09-15 16:00:00,solved,384
3129,2025-09-14 10:00:00,pending,384
3130,2025-11-13 01:00:00,solved,2024
3130,2025-11-14 11:00:00,pending,2024
3130,2025-11-15 13:00:00,pending,2024
3130,2025-11-16 13:00:00,open,2024
3130,2025-11-14 01:00:00,solved,2024
3131,2025-10-08 03:00:00,pending,741
3131,2025-10-09 12:00:00,pending,741
3131,2025-10-09 03:00:00,open,741
3131,2025-10-10 09:00:00,closed,741
3132,2026-02-06 07:00:00,open,1154
3132,2026-02-06 15:00:00,closed,1154
3132,2026-02-07 17:00:00,pending,1154
3132,2026-02-06 10:00:00,closed,1154
3133,2025-11-13 01:00:00,open,2402
3133,2025-11-13 04:00:00,pending,2402
3134,2025-11-13 05:00:00,solved,1307
3134,2025-11-13 22:00:00,open,1307
3134,2025-11-16 05:00:00,open,1307
3134,2025-11-17 17:00:00,closed,1307
3135,2025-10-18 04:00:00,solved,338
3135,2025-10-19 06:00:00,solved,338
3135,2025-10-21 04:00:00,open,338
3135,2025-10-22 16:00:00,open,338
3135,2025-10-18 12:00:00,closed,338
3136,2025-11-17 10:00:00,solved,713
3136,2025-11-18 16:00:00,open,713
3136,2025-11-17 12:00:00,open,713
3136,2025-11-20 10:00:00,open,713
3137,2026-01-27 11:00:00,pending,999
3137,2026-01-28 00:00:00,pending,999
3137,2026-01-29 17:00:00,pending,999
3137,2026-01-31 14:00:00,solved,999
3138,2026-02-08 09:00:00,open,1235
3138,2026-02-08 20:00:00,open,1235
3138,2026-02-09 13:00:00,closed,1235
3139,2025-10-11 09:00:00,pending,2363
3139,2025-10-12 05:00:00,pending,2363
3139,2025-10-12 19:00:00,pending,2363
3139,2025-10-13 21:00:00,open,2363
3139,2025-10-13 13:00:00,pending,2363
3139,2025-10-14 12:00:00,pending,2363
3139,2025-10-16 09:00:00,solved,2363
3139,2025-10-12 13:00:00,closed,2363
3140,2026-01-13 01:00:00,solved,1810
3140,2026-01-14 05:00:00,open,1810
3140,2026-01-14 13:00:00,pending,1810
3140,2026-01-16 13:00:00,solved,1810
3140,2026-01-15 13:00:00,closed,1810
3140,2026-01-18 16:00:00,solved,1810
3140,2026-01-15 01:00:00,closed,1810
3141,2026-03-11 05:00:00,solved,1253
3141,2026-03-12 02:00:00,open,1253
3141,2026-03-13 15:00:00,open,1253
3141,2026-03-11 23:00:00,pending,1253
3141,2026-03-15 17:00:00,open,1253
3142,2025-10-18 02:00:00,open,668
3142,2025-10-18 17:00:00,open,668
3142,2025-10-18 06:00:00,pending,668
3142,2025-10-19 08:00:00,closed,668
3143,2026-01-08 05:00:00,pending,1629
3143,2026-01-08 13:00:00,open,1629
3143,2026-01-09 23:00:00,open,1629
3143,2026-01-12 08:00:00,closed,1629
3144,2026-01-22 06:00:00,pending,685
3144,2026-01-22 16:00:00,closed,685
3144,2026-01-23 10:00:00,pending,685
3144,2026-01-25 09:00:00,open,685
3144,2026-01-25 14:00:00,pending,685
3144,2026-01-28 02:00:00,closed,685
3145,2025-12-27 11:00:00,open,819
3145,2025-12-27 15:00:00,open,819
3146,2026-01-09 07:00:00,open,1839
3146,2026-01-10 03:00:00,closed,1839
3147,2025-10-15 05:00:00,pending,2338
3147,2025-10-16 04:00:00,open,2338
3147,2025-10-17 23:00:00,pending,2338
3147,2025-10-19 08:00:00,pending,2338
3147,2025-10-17 13:00:00,pending,2338
3147,2025-10-16 01:00:00,closed,2338
3147,2025-10-15 17:00:00,closed,2338
3148,2026-02-16 02:00:00,open,1334
3148,2026-02-17 01:00:00,open,1334
3148,2026-02-18 10:00:00,closed,1334
3149,2026-03-12 12:00:00,closed,1867
3149,2026-03-13 04:00:00,pending,1867
3149,2026-03-15 08:00:00,open,1867
3150,2025-11-28 03:00:00,solved,850
3150,2025-11-29 11:00:00,pending,850
3150,2025-11-28 11:00:00,closed,850
3150,2025-12-01 12:00:00,solved,850
3150,2025-12-01 03:00:00,pending,850
3150,2025-12-03 18:00:00,solved,850
3150,2025-11-30 15:00:00,pending,850
3150,2025-11-28 10:00:00,closed,850
3151,2025-10-02 09:00:00,solved,424
3151,2025-10-03 12:00:00,closed,424
3152,2026-01-06 07:00:00,open,1143
3152,2026-01-07 02:00:00,open,1143
3153,2025-10-19 03:00:00,pending,1894
3153,2025-10-20 05:00:00,open,1894
3153,2025-10-19 23:00:00,pending,1894
3153,2025-10-21 00:00:00,pending,1894
3153,2025-10-19 07:00:00,pending,1894
3153,2025-10-19 18:00:00,closed,1894
3153,2025-10-19 09:00:00,closed,1894
3154,2025-10-24 05:00:00,solved,2327
3154,2025-10-24 10:00:00,solved,2327
3154,2025-10-24 07:00:00,closed,2327
3155,2025-10-31 08:00:00,open,1038
3155,2025-11-01 00:00:00,solved,1038
3155,2025-11-01 20:00:00,solved,1038
3155,2025-11-02 20:00:00,open,1038
3155,2025-11-05 04:00:00,closed,1038
3155,2025-11-02 20:00:00,closed,1038
3156,2025-10-16 11:00:00,open,1858
3156,2025-10-17 09:00:00,pending,1858
3156,2025-10-18 21:00:00,closed,1858
3156,2025-10-19 20:00:00,pending,1858
3156,2025-10-20 19:00:00,open,1858
3156,2025-10-17 22:00:00,pending,1858
3156,2025-10-22 23:00:00,pending,1858
3156,2025-10-21 03:00:00,open,1858
3157,2025-10-02 05:00:00,closed,2450
3157,2025-10-03 12:00:00,open,2450
3157,2025-10-02 13:00:00,open,2450
3157,2025-10-02 17:00:00,solved,2450
3157,2025-10-03 01:00:00,pending,2450
3157,2025-10-03 16:00:00,solved,2450
3157,2025-10-02 11:00:00,closed,2450
3158,2026-01-18 05:00:00,pending,392
3158,2026-01-18 10:00:00,solved,392
3158,2026-01-19 19:00:00,closed,392
3159,2025-09-23 01:00:00,pending,1108
3159,2025-09-23 05:00:00,solved,1108
3159,2025-09-23 09:00:00,solved,1108
3159,2025-09-27 01:00:00,closed,1108
3160,2026-01-29 12:00:00,open,94
3160,2026-01-30 13:00:00,solved,94
3160,2026-01-30 22:00:00,open,94
3160,2026-01-30 21:00:00,closed,94
3160,2026-01-29 16:00:00,open,94
3160,2026-02-05 09:00:00,closed,94
3161,2025-12-07 08:00:00,solved,381
3161,2025-12-07 09:00:00,closed,381
3161,2025-12-08 06:00:00,open,381
3161,2025-12-09 11:00:00,closed,381
3162,2025-11-15 08:00:00,solved,17
3162,2025-11-16 13:00:00,open,17
3162,2025-11-17 04:00:00,solved,17
3162,2025-11-17 11:00:00,solved,17
3162,2025-11-19 12:00:00,open,17
3162,2025-11-22 20:00:00,open,17
3162,2025-11-21 14:00:00,open,17
3162,2025-11-22 01:00:00,pending,17
3163,2026-01-31 00:00:00,closed,2459
3163,2026-02-01 08:00:00,solved,2459
3163,2026-02-02 14:00:00,open,2459
3164,2026-01-08 10:00:00,closed,1601
3164,2026-01-08 15:00:00,closed,1601
3164,2026-01-10 20:00:00,pending,1601
3164,2026-01-11 10:00:00,closed,1601
3164,2026-01-09 02:00:00,open,1601
3164,2026-01-10 17:00:00,pending,1601
3164,2026-01-08 22:00:00,closed,1601
3165,2025-11-23 03:00:00,pending,720
3165,2025-11-24 14:00:00,solved,720
3165,2025-11-25 13:00:00,pending,720
3165,2025-11-25 12:00:00,closed,720
3166,2026-02-28 00:00:00,closed,301
3166,2026-02-28 11:00:00,solved,301
3166,2026-03-01 06:00:00,open,301
3166,2026-03-01 06:00:00,closed,301
3167,2025-12-07 09:00:00,open,830
3167,2025-12-07 17:00:00,open,830
3167,2025-12-07 13:00:00,pending,830
3167,2025-12-11 03:00:00,pending,830
3167,2025-12-07 13:00:00,closed,830
3167,2025-12-12 14:00:00,closed,830
3167,2025-12-11 21:00:00,open,830
3167,2025-12-11 11:00:00,pending,830
3168,2025-12-31 10:00:00,pending,1865
3168,2025-12-31 19:00:00,open,1865
3168,2025-12-31 18:00:00,pending,1865
3168,2026-01-02 16:00:00,pending,1865
3168,2026-01-04 18:00:00,closed,1865
3169,2025-12-14 11:00:00,pending,333
3169,2025-12-14 17:00:00,closed,333
3170,2025-12-23 03:00:00,pending,2187
3170,2025-12-23 13:00:00,open,2187
3170,2025-12-25 21:00:00,open,2187
3170,2025-12-27 12:00:00,pending,2187
3170,2025-12-26 07:00:00,open,2187
3170,2025-12-23 23:00:00,open,2187
3170,2025-12-24 15:00:00,closed,2187
3171,2026-02-12 07:00:00,open,1150
3171,2026-02-13 04:00:00,open,1150
3171,2026-02-13 07:00:00,open,1150
3171,2026-02-15 01:00:00,solved,1150
3171,2026-02-12 23:00:00,closed,1150
3172,2025-12-05 12:00:00,closed,507
3172,2025-12-06 01:00:00,solved,507
3172,2025-12-05 18:00:00,open,507
3172,2025-12-07 00:00:00,open,507
3172,2025-12-08 16:00:00,open,507
3172,2025-12-10 12:00:00,solved,507
3172,2025-12-07 00:00:00,closed,507
3173,2026-01-16 02:00:00,pending,1473
3173,2026-01-17 03:00:00,closed,1473
3174,2025-11-23 03:00:00,open,1133
3174,2025-11-24 05:00:00,closed,1133
3175,2025-10-26 06:00:00,open,2087
3175,2025-10-26 08:00:00,solved,2087
3175,2025-10-28 22:00:00,pending,2087
3175,2025-10-30 15:00:00,pending,2087
3175,2025-10-28 10:00:00,open,2087
3175,2025-11-01 07:00:00,pending,2087
3175,2025-11-04 00:00:00,closed,2087
3175,2025-10-26 13:00:00,closed,2087
3176,2025-12-13 03:00:00,open,363
3176,2025-12-14 02:00:00,open,363
3176,2025-12-14 23:00:00,closed,363
3176,2025-12-15 03:00:00,closed,363
3176,2025-12-17 15:00:00,pending,363
3176,2025-12-17 17:00:00,closed,363
3176,2025-12-21 09:00:00,closed,363
3177,2026-02-23 01:00:00,pending,2030
3177,2026-02-23 21:00:00,open,2030
3177,2026-02-24 05:00:00,closed,2030
3177,2026-02-23 19:00:00,solved,2030
3177,2026-02-26 17:00:00,open,2030
3177,2026-02-28 01:00:00,closed,2030
3177,2026-02-27 13:00:00,closed,2030
3178,2025-10-14 08:00:00,closed,788
3178,2025-10-15 20:00:00,closed,788
3179,2025-12-02 01:00:00,closed,2039
3179,2025-12-02 18:00:00,open,2039
3179,2025-12-04 11:00:00,open,2039
3179,2025-12-03 22:00:00,open,2039
3179,2025-12-07 17:00:00,closed,2039
3180,2026-02-14 04:00:00,closed,247
3180,2026-02-14 06:00:00,open,247
3180,2026-02-15 18:00:00,open,247
3180,2026-02-16 13:00:00,open,247
3180,2026-02-20 00:00:00,open,247
3180,2026-02-17 02:00:00,solved,247
3181,2025-12-01 07:00:00,open,153
3181,2025-12-02 02:00:00,closed,153
3182,2026-01-19 11:00:00,open,695
3182,2026-01-20 06:00:00,pending,695
3182,2026-01-22 05:00:00,open,695
3182,2026-01-22 05:00:00,pending,695
3182,2026-01-25 03:00:00,closed,695
3183,2025-11-07 10:00:00,pending,1702
3183,2025-11-07 11:00:00,open,1702
3183,2025-11-10 00:00:00,closed,1702
3184,2025-12-29 02:00:00,solved,1690
3184,2025-12-29 19:00:00,closed,1690
3184,2026-01-01 02:00:00,pending,1690
3184,2026-01-01 23:00:00,solved,1690
3184,2026-01-02 02:00:00,open,1690
3184,2025-12-30 18:00:00,solved,1690
3184,2026-01-04 14:00:00,pending,1690
3184,2026-01-02 04:00:00,closed,1690
3185,2025-11-27 01:00:00,solved,869
3185,2025-11-27 11:00:00,pending,869
3185,2025-11-28 09:00:00,closed,869
3185,2025-11-29 07:00:00,pending,869
3185,2025-12-02 01:00:00,pending,869
3185,2025-11-29 03:00:00,pending,869
3185,2025-12-02 19:00:00,open,869
3185,2025-11-28 05:00:00,closed,869
3186,2026-03-11 04:00:00,pending,1777
3186,2026-03-11 15:00:00,pending,1777
3186,2026-03-11 22:00:00,solved,1777
3186,2026-03-14 13:00:00,solved,1777
3186,2026-03-11 12:00:00,open,1777
3186,2026-03-13 21:00:00,open,1777
3187,2026-02-25 07:00:00,pending,992
3187,2026-02-25 09:00:00,open,992
3187,2026-02-26 07:00:00,open,992
3187,2026-02-27 22:00:00,pending,992
3187,2026-02-27 11:00:00,open,992
3187,2026-03-02 02:00:00,closed,992
3187,2026-03-03 13:00:00,pending,992
3187,2026-03-01 02:00:00,closed,992
3188,2025-09-21 01:00:00,solved,1311
3188,2025-09-21 02:00:00,open,1311
3188,2025-09-22 09:00:00,open,1311
3188,2025-09-24 04:00:00,open,1311
3188,2025-09-27 01:00:00,closed,1311
3189,2026-02-18 00:00:00,closed,2407
3189,2026-02-18 17:00:00,open,2407
3189,2026-02-20 00:00:00,closed,2407
3189,2026-02-18 09:00:00,closed,2407
3189,2026-02-18 08:00:00,solved,2407
3189,2026-02-22 09:00:00,pending,2407
3189,2026-02-21 00:00:00,closed,2407
3190,2025-12-07 03:00:00,pending,2442
3190,2025-12-07 15:00:00,closed,2442
3190,2025-12-09 09:00:00,closed,2442
3190,2025-12-11 12:00:00,closed,2442
3191,2026-01-06 03:00:00,closed,350
3191,2026-01-07 03:00:00,open,350
3191,2026-01-08 19:00:00,pending,350
3191,2026-01-10 09:00:00,pending,350
3191,2026-01-06 15:00:00,closed,350
3192,2026-02-03 00:00:00,pending,1825
3192,2026-02-03 01:00:00,closed,1825
3192,2026-02-04 12:00:00,pending,1825
3192,2026-02-03 18:00:00,closed,1825
3193,2026-02-11 03:00:00,solved,1400
3193,2026-02-11 18:00:00,pending,1400
3193,2026-02-13 05:00:00,closed,1400
3193,2026-02-14 15:00:00,closed,1400
3194,2025-10-17 04:00:00,pending,1222
3194,2025-10-18 14:00:00,open,1222
3194,2025-10-20 02:00:00,pending,1222
3194,2025-10-19 22:00:00,closed,1222
3194,2025-10-18 00:00:00,closed,1222
3195,2025-11-21 01:00:00,pending,31
3195,2025-11-22 06:00:00,solved,31
3195,2025-11-22 15:00:00,closed,31
3196,2026-02-08 06:00:00,closed,2354
3196,2026-02-09 07:00:00,open,2354
3196,2026-02-09 00:00:00,closed,2354
3196,2026-02-09 15:00:00,pending,2354
3197,2025-10-18 12:00:00,solved,421
3197,2025-10-19 16:00:00,pending,421
3197,2025-10-18 18:00:00,open,421
3197,2025-10-21 03:00:00,closed,421
3198,2025-11-04 02:00:00,pending,946
3198,2025-11-04 16:00:00,open,946
3198,2025-11-05 12:00:00,pending,946
3199,2025-11-26 07:00:00,open,1256
3199,2025-11-27 16:00:00,open,1256
3199,2025-11-29 05:00:00,pending,1256
3199,2025-11-28 19:00:00,open,1256
3199,2025-11-27 19:00:00,pending,1256
3199,2025-12-02 13:00:00,solved,1256
3200,2025-09-13 05:00:00,closed,125
3200,2025-09-14 09:00:00,open,125
3200,2025-09-14 19:00:00,solved,125
3200,2025-09-17 11:00:00,pending,125
3200,2025-09-13 17:00:00,closed,125
3201,2025-11-23 08:00:00,open,1040
3201,2025-11-23 19:00:00,closed,1040
3201,2025-11-24 02:00:00,pending,1040
3201,2025-11-25 05:00:00,open,1040
3201,2025-11-26 12:00:00,pending,1040
3202,2025-12-28 02:00:00,pending,294
3202,2025-12-28 03:00:00,closed,294
3202,2025-12-29 06:00:00,pending,294
3202,2025-12-30 20:00:00,closed,294
3203,2026-02-07 06:00:00,open,2008
3203,2026-02-07 10:00:00,closed,2008
3204,2026-02-08 08:00:00,solved,1399
3204,2026-02-09 04:00:00,open,1399
3205,2025-11-27 10:00:00,open,555
3205,2025-11-28 21:00:00,closed,555
3206,2026-02-10 04:00:00,solved,609
3206,2026-02-10 20:00:00,closed,609
3206,2026-02-11 00:00:00,closed,609
3207,2025-09-29 05:00:00,open,1207
3207,2025-09-29 10:00:00,open,1207
3207,2025-09-29 15:00:00,pending,1207
3208,2026-02-08 11:00:00,solved,365
3208,2026-02-09 22:00:00,solved,365
3208,2026-02-10 17:00:00,open,365
3208,2026-02-11 05:00:00,open,365
3208,2026-02-11 07:00:00,open,365
3209,2025-11-30 03:00:00,closed,1515
3209,2025-11-30 18:00:00,pending,1515
3209,2025-12-01 23:00:00,solved,1515
3209,2025-12-03 09:00:00,closed,1515
3210,2026-02-15 06:00:00,pending,243
3210,2026-02-16 00:00:00,open,243
3210,2026-02-15 16:00:00,pending,243
3210,2026-02-17 12:00:00,pending,243
3210,2026-02-17 14:00:00,closed,243
3210,2026-02-18 19:00:00,closed,243
3211,2025-09-24 05:00:00,pending,762
3211,2025-09-25 06:00:00,closed,762
3211,2025-09-25 07:00:00,closed,762
3212,2025-12-08 00:00:00,open,814
3212,2025-12-08 15:00:00,open,814
3212,2025-12-08 10:00:00,open,814
3212,2025-12-11 03:00:00,pending,814
3212,2025-12-09 20:00:00,pending,814
3212,2025-12-13 10:00:00,solved,814
3213,2026-02-02 09:00:00,pending,1642
3213,2026-02-03 21:00:00,solved,1642
3213,2026-02-04 13:00:00,solved,1642
3213,2026-02-04 15:00:00,pending,1642
3213,2026-02-07 09:00:00,closed,1642
3214,2025-11-09 06:00:00,closed,2157
3214,2025-11-09 07:00:00,pending,2157
3214,2025-11-10 12:00:00,pending,2157
3214,2025-11-13 03:00:00,solved,2157
3214,2025-11-09 22:00:00,pending,2157
3214,2025-11-10 17:00:00,solved,2157
3215,2026-02-27 07:00:00,open,129
3215,2026-02-28 19:00:00,pending,129
3215,2026-02-28 23:00:00,pending,129
3215,2026-03-01 04:00:00,solved,129
3215,2026-03-05 03:00:00,closed,129
3216,2026-03-09 01:00:00,closed,832
3216,2026-03-09 22:00:00,solved,832
3216,2026-03-09 03:00:00,pending,832
3216,2026-03-10 13:00:00,pending,832
3216,2026-03-12 21:00:00,pending,832
3216,2026-03-15 07:00:00,open,832
3216,2026-03-13 13:00:00,open,832
3217,2025-10-06 12:00:00,solved,1278
3217,2025-10-06 17:00:00,pending,1278
3217,2025-10-07 08:00:00,pending,1278
3217,2025-10-09 18:00:00,solved,1278
3218,2025-10-30 03:00:00,closed,1959
3218,2025-10-30 22:00:00,closed,1959
3218,2025-10-31 13:00:00,solved,1959
3218,2025-10-30 09:00:00,closed,1959
3219,2025-10-02 08:00:00,solved,311
3219,2025-10-03 05:00:00,solved,311
3219,2025-10-03 04:00:00,open,311
3219,2025-10-03 08:00:00,closed,311
3219,2025-10-06 12:00:00,closed,311
3219,2025-10-03 19:00:00,closed,311
3219,2025-10-07 08:00:00,closed,311
3220,2026-03-02 07:00:00,open,965
3220,2026-03-03 14:00:00,solved,965
3220,2026-03-02 21:00:00,pending,965
3221,2026-02-19 08:00:00,closed,2290
3221,2026-02-19 21:00:00,pending,2290
3221,2026-02-21 22:00:00,closed,2290
3221,2026-02-23 20:00:00,closed,2290
3222,2025-10-05 07:00:00,closed,933
3222,2025-10-05 17:00:00,pending,933
3222,2025-10-06 21:00:00,solved,933
3222,2025-10-09 07:00:00,pending,933
3222,2025-10-08 07:00:00,solved,933
3222,2025-10-12 09:00:00,solved,933
3222,2025-10-07 07:00:00,closed,933
3223,2025-09-19 06:00:00,closed,1234
3223,2025-09-19 14:00:00,open,1234
3223,2025-09-21 14:00:00,pending,1234
3223,2025-09-22 03:00:00,pending,1234
3223,2025-09-24 06:00:00,open,1234
3223,2025-09-20 12:00:00,closed,1234
3223,2025-09-20 12:00:00,closed,1234
3223,2025-09-28 21:00:00,closed,1234
3224,2026-01-24 08:00:00,open,966
3224,2026-01-24 14:00:00,open,966
3224,2026-01-25 00:00:00,open,966
3224,2026-01-27 08:00:00,pending,966
3224,2026-01-29 12:00:00,open,966
3224,2026-01-29 18:00:00,pending,966
3224,2026-01-30 14:00:00,open,966
3224,2026-01-31 08:00:00,closed,966
3225,2026-03-04 05:00:00,solved,146
3225,2026-03-05 03:00:00,solved,146
3225,2026-03-06 01:00:00,pending,146
3225,2026-03-04 11:00:00,pending,146
3225,2026-03-05 17:00:00,open,146
3225,2026-03-07 13:00:00,open,146
3225,2026-03-07 17:00:00,pending,146
3225,2026-03-07 17:00:00,closed,146
3226,2026-01-01 00:00:00,pending,976
3226,2026-01-01 09:00:00,solved,976
3226,2026-01-01 18:00:00,pending,976
3226,2026-01-02 15:00:00,solved,976
3226,2026-01-01 04:00:00,open,976
3226,2026-01-04 23:00:00,closed,976
3227,2026-03-12 07:00:00,pending,352
3227,2026-03-12 08:00:00,closed,352
3227,2026-03-14 13:00:00,pending,352
3227,2026-03-13 01:00:00,pending,352
3228,2025-11-14 05:00:00,open,1412
3228,2025-11-15 15:00:00,open,1412
3228,2025-11-15 07:00:00,open,1412
3228,2025-11-14 08:00:00,open,1412
3228,2025-11-18 09:00:00,solved,1412
3228,2025-11-17 08:00:00,open,1412
3228,2025-11-22 11:00:00,open,1412
3228,2025-11-17 10:00:00,closed,1412
3229,2026-03-11 01:00:00,open,1045
3229,2026-03-12 02:00:00,open,1045
3229,2026-03-12 01:00:00,solved,1045
3229,2026-03-15 07:00:00,solved,1045
3229,2026-03-15 09:00:00,pending,1045
3229,2026-03-13 13:00:00,open,1045
3229,2026-03-13 07:00:00,pending,1045
3230,2025-12-04 02:00:00,closed,316
3230,2025-12-04 08:00:00,closed,316
3230,2025-12-06 08:00:00,closed,316
3230,2025-12-04 20:00:00,closed,316
3231,2025-12-23 03:00:00,pending,317
3231,2025-12-23 08:00:00,open,317
3232,2026-01-03 09:00:00,open,380
3232,2026-01-03 14:00:00,solved,380
3232,2026-01-03 15:00:00,pending,380
3232,2026-01-05 18:00:00,closed,380
3232,2026-01-07 13:00:00,solved,380
3232,2026-01-10 21:00:00,open,380
3232,2026-01-04 09:00:00,closed,380
3232,2026-01-07 11:00:00,closed,380
3233,2025-09-28 11:00:00,solved,600
3233,2025-09-29 18:00:00,closed,600
3233,2025-10-01 03:00:00,closed,600
3233,2025-09-28 14:00:00,closed,600
3233,2025-09-29 03:00:00,pending,600
3233,2025-10-01 14:00:00,pending,600
3233,2025-10-06 11:00:00,solved,600
3234,2025-12-04 08:00:00,solved,169
3234,2025-12-05 00:00:00,solved,169
3234,2025-12-06 02:00:00,pending,169
3234,2025-12-07 05:00:00,solved,169
3234,2025-12-06 08:00:00,solved,169
3234,2025-12-07 11:00:00,closed,169
3234,2025-12-12 02:00:00,open,169
3234,2025-12-05 05:00:00,closed,169
3235,2025-10-15 09:00:00,open,2074
3235,2025-10-16 13:00:00,closed,2074
3236,2025-09-13 02:00:00,open,1410
3236,2025-09-14 03:00:00,open,1410
3236,2025-09-15 16:00:00,closed,1410
3236,2025-09-13 23:00:00,solved,1410
3236,2025-09-16 14:00:00,closed,1410
3237,2025-09-17 08:00:00,open,2409
3237,2025-09-18 08:00:00,pending,2409
3237,2025-09-18 02:00:00,open,2409
3237,2025-09-17 17:00:00,closed,2409
3237,2025-09-19 16:00:00,pending,2409
3238,2025-09-14 05:00:00,open,455
3238,2025-09-14 22:00:00,open,455
3238,2025-09-15 09:00:00,closed,455
3239,2025-10-01 02:00:00,open,614
3239,2025-10-02 01:00:00,open,614
3239,2025-10-01 22:00:00,closed,614
3239,2025-10-04 23:00:00,open,614
3239,2025-10-03 14:00:00,open,614
3239,2025-10-06 07:00:00,solved,614
3239,2025-10-04 14:00:00,pending,614
3240,2026-01-24 04:00:00,solved,1947
3240,2026-01-25 01:00:00,closed,1947
3241,2025-10-31 00:00:00,closed,2405
3241,2025-10-31 22:00:00,pending,2405
3241,2025-11-01 04:00:00,open,2405
3241,2025-11-03 21:00:00,open,2405
3241,2025-11-05 00:00:00,open,2405
3241,2025-11-02 22:00:00,closed,2405
3242,2026-02-17 08:00:00,solved,1136
3242,2026-02-17 22:00:00,open,1136
3242,2026-02-19 02:00:00,open,1136
3242,2026-02-19 17:00:00,pending,1136
3242,2026-02-19 12:00:00,pending,1136
3242,2026-02-19 00:00:00,pending,1136
3242,2026-02-26 08:00:00,pending,1136
3242,2026-02-27 20:00:00,closed,1136
3243,2026-01-10 09:00:00,open,283
3243,2026-01-11 01:00:00,pending,283
3243,2026-01-11 05:00:00,pending,283
3243,2026-01-10 21:00:00,solved,283
3243,2026-01-13 13:00:00,pending,283
3243,2026-01-17 16:00:00,closed,283
3244,2025-12-15 09:00:00,solved,667
3244,2025-12-16 01:00:00,closed,667
3245,2026-02-16 04:00:00,pending,686
3245,2026-02-17 10:00:00,closed,686
3246,2026-01-16 09:00:00,closed,951
3246,2026-01-17 12:00:00,closed,951
3247,2026-01-20 12:00:00,open,1232
3247,2026-01-21 20:00:00,solved,1232
3247,2026-01-20 14:00:00,pending,1232
3247,2026-01-22 00:00:00,open,1232
3247,2026-01-26 12:00:00,open,1232
3247,2026-01-24 06:00:00,pending,1232
3247,2026-01-21 00:00:00,pending,1232
3247,2026-01-30 03:00:00,closed,1232
3248,2026-03-04 01:00:00,closed,2384
3248,2026-03-04 16:00:00,solved,2384
3248,2026-03-05 07:00:00,pending,2384
3248,2026-03-05 04:00:00,open,2384
3248,2026-03-08 21:00:00,open,2384
3248,2026-03-05 12:00:00,closed,2384
3249,2026-02-13 12:00:00,pending,915
3249,2026-02-14 13:00:00,closed,915
3249,2026-02-14 20:00:00,solved,915
3249,2026-02-13 18:00:00,open,915
3249,2026-02-14 08:00:00,open,915
3249,2026-02-18 07:00:00,solved,915
3249,2026-02-20 00:00:00,closed,915
3250,2025-10-26 04:00:00,pending,1319
3250,2025-10-26 07:00:00,solved,1319
3250,2025-10-27 00:00:00,pending,1319
3250,2025-10-30 07:00:00,closed,1319
3251,2026-02-07 06:00:00,solved,2309
3251,2026-02-07 07:00:00,solved,2309
3251,2026-02-08 02:00:00,pending,2309
3251,2026-02-11 06:00:00,open,2309
3251,2026-02-11 22:00:00,closed,2309
3252,2026-02-21 01:00:00,open,1629
3252,2026-02-22 10:00:00,pending,1629
3253,2025-10-02 03:00:00,open,1471
3253,2025-10-03 13:00:00,pending,1471
3253,2025-10-03 15:00:00,open,1471
3253,2025-10-05 03:00:00,closed,1471
3254,2026-01-28 09:00:00,solved,165
3254,2026-01-29 08:00:00,solved,165
3254,2026-01-29 17:00:00,pending,165
3254,2026-01-28 15:00:00,solved,165
3254,2026-02-02 09:00:00,open,165
3254,2026-01-31 02:00:00,pending,165
3254,2026-01-31 09:00:00,pending,165
3254,2026-02-07 14:00:00,closed,165
3255,2025-11-14 05:00:00,open,708
3255,2025-11-14 10:00:00,open,708
3255,2025-11-14 15:00:00,closed,708
3256,2026-02-12 00:00:00,pending,500
3256,2026-02-12 09:00:00,open,500
3256,2026-02-13 04:00:00,pending,500
3256,2026-02-12 21:00:00,open,500
3256,2026-02-17 00:00:00,closed,500
3257,2025-11-03 05:00:00,closed,2080
3257,2025-11-03 10:00:00,pending,2080
3257,2025-11-05 21:00:00,open,2080
3257,2025-11-05 05:00:00,open,2080
3257,2025-11-08 01:00:00,pending,2080
3257,2025-11-05 12:00:00,closed,2080
3258,2026-03-06 10:00:00,open,1736
3258,2026-03-06 18:00:00,pending,1736
3258,2026-03-07 10:00:00,pending,1736
3258,2026-03-08 10:00:00,pending,1736
3259,2026-01-31 10:00:00,closed,649
3259,2026-02-01 10:00:00,closed,649
3259,2026-01-31 18:00:00,closed,649
3260,2026-03-11 07:00:00,solved,1443
3260,2026-03-12 08:00:00,solved,1443
3260,2026-03-13 17:00:00,closed,1443
3260,2026-03-14 16:00:00,pending,1443
3260,2026-03-12 07:00:00,open,1443
3261,2026-02-21 05:00:00,pending,2190
3261,2026-02-22 03:00:00,open,2190
3261,2026-02-21 19:00:00,pending,2190
3261,2026-02-25 11:00:00,open,2190
3261,2026-02-24 09:00:00,open,2190
3261,2026-02-25 14:00:00,closed,2190
3262,2025-11-02 08:00:00,pending,674
3262,2025-11-03 07:00:00,pending,674
3262,2025-11-05 08:00:00,open,674
3262,2025-11-03 11:00:00,closed,674
3263,2025-11-02 02:00:00,pending,403
3263,2025-11-03 04:00:00,solved,403
3263,2025-11-03 12:00:00,pending,403
3263,2025-11-02 14:00:00,closed,403
3263,2025-11-08 02:00:00,pending,403
3263,2025-11-05 10:00:00,pending,403
3263,2025-11-08 02:00:00,solved,403
3263,2025-11-09 02:00:00,closed,403
3264,2026-01-10 06:00:00,open,1620
3264,2026-01-11 16:00:00,open,1620
3264,2026-01-13 00:00:00,open,1620
3264,2026-01-11 21:00:00,solved,1620
3264,2026-01-15 18:00:00,closed,1620
3265,2026-01-06 05:00:00,pending,554
3265,2026-01-06 07:00:00,pending,554
3265,2026-01-06 19:00:00,pending,554
3265,2026-01-08 14:00:00,closed,554
3266,2026-02-10 02:00:00,solved,551
3266,2026-02-10 16:00:00,pending,551
3266,2026-02-11 14:00:00,closed,551
3266,2026-02-10 08:00:00,open,551
3266,2026-02-10 14:00:00,closed,551
3267,2025-12-04 03:00:00,pending,1892
3267,2025-12-04 09:00:00,closed,1892
3267,2025-12-05 03:00:00,pending,1892
3267,2025-12-07 21:00:00,closed,1892
3267,2025-12-08 11:00:00,pending,1892
3268,2026-01-07 05:00:00,solved,121
3268,2026-01-07 08:00:00,solved,121
3268,2026-01-09 05:00:00,pending,121
3268,2026-01-11 11:00:00,open,121
3268,2026-01-09 17:00:00,closed,121
3268,2026-01-12 10:00:00,open,121
3268,2026-01-15 05:00:00,closed,121
3269,2025-10-03 01:00:00,pending,1565
3269,2025-10-03 02:00:00,open,1565
3269,2025-10-03 03:00:00,pending,1565
3269,2025-10-06 10:00:00,open,1565
3269,2025-10-09 01:00:00,closed,1565
3270,2026-02-28 01:00:00,pending,2389
3270,2026-03-01 10:00:00,solved,2389
3270,2026-03-02 13:00:00,closed,2389
3271,2026-02-16 10:00:00,pending,1962
3271,2026-02-16 21:00:00,pending,1962
3271,2026-02-17 08:00:00,solved,1962
3271,2026-02-19 22:00:00,pending,1962
3271,2026-02-20 18:00:00,pending,1962
3271,2026-02-18 07:00:00,closed,1962
3271,2026-02-18 04:00:00,pending,1962
3271,2026-02-26 22:00:00,closed,1962
3272,2026-01-25 03:00:00,pending,945
3272,2026-01-25 07:00:00,closed,945
3272,2026-01-26 15:00:00,solved,945
3272,2026-01-27 00:00:00,pending,945
3272,2026-01-25 23:00:00,open,945
3272,2026-01-28 06:00:00,closed,945
3273,2025-11-14 01:00:00,pending,53
3273,2025-11-14 23:00:00,open,53
3273,2025-11-15 09:00:00,open,53
3274,2025-12-14 06:00:00,pending,1986
3274,2025-12-15 17:00:00,pending,1986
3274,2025-12-16 12:00:00,closed,1986
3274,2025-12-17 09:00:00,open,1986
3274,2025-12-20 06:00:00,pending,1986
3274,2025-12-15 22:00:00,closed,1986
3275,2025-11-17 11:00:00,solved,275
3275,2025-11-18 16:00:00,pending,275
3275,2025-11-20 01:00:00,solved,275
3275,2025-11-19 02:00:00,closed,275
3275,2025-11-20 07:00:00,solved,275
3275,2025-11-20 19:00:00,closed,275
3276,2026-02-26 00:00:00,closed,306
3276,2026-02-27 12:00:00,solved,306
3276,2026-02-27 18:00:00,closed,306
3277,2025-12-03 01:00:00,open,2373
3277,2025-12-03 16:00:00,solved,2373
3277,2025-12-04 15:00:00,pending,2373
3277,2025-12-04 10:00:00,pending,2373
3277,2025-12-03 21:00:00,closed,2373
3277,2025-12-07 00:00:00,closed,2373
3278,2026-03-01 00:00:00,pending,1200
3278,2026-03-01 07:00:00,solved,1200
3278,2026-03-01 14:00:00,closed,1200
3278,2026-03-02 09:00:00,pending,1200
3278,2026-03-03 08:00:00,pending,1200
3279,2026-02-28 01:00:00,open,728
3279,2026-02-28 21:00:00,solved,728
3279,2026-03-02 05:00:00,open,728
3279,2026-03-04 04:00:00,pending,728
3279,2026-03-04 09:00:00,open,728
3279,2026-03-05 11:00:00,closed,728
3280,2026-02-11 09:00:00,pending,1440
3280,2026-02-12 20:00:00,open,1440
3280,2026-02-13 09:00:00,closed,1440
3281,2025-10-17 07:00:00,solved,11
3281,2025-10-18 15:00:00,pending,11
3281,2025-10-18 07:00:00,open,11
3281,2025-10-21 13:00:00,closed,11
3282,2025-10-16 01:00:00,pending,17
3282,2025-10-16 16:00:00,closed,17
3282,2025-10-17 05:00:00,closed,17
3282,2025-10-20 10:00:00,pending,17
3282,2025-10-21 21:00:00,open,17
3282,2025-10-22 22:00:00,closed,17
3282,2025-10-19 19:00:00,closed,17
3283,2025-10-13 05:00:00,solved,786
3283,2025-10-13 21:00:00,open,786
3283,2025-10-13 11:00:00,open,786
3283,2025-10-15 20:00:00,open,786
3283,2025-10-19 05:00:00,closed,786
3284,2026-02-14 05:00:00,solved,2446
3284,2026-02-14 22:00:00,open,2446
3284,2026-02-17 01:00:00,pending,2446
3284,2026-02-17 17:00:00,pending,2446
3284,2026-02-18 01:00:00,pending,2446
3285,2025-12-17 01:00:00,pending,1263
3285,2025-12-17 05:00:00,solved,1263
3285,2025-12-19 17:00:00,pending,1263
3285,2025-12-17 19:00:00,open,1263
3285,2025-12-21 13:00:00,closed,1263
3286,2025-12-18 05:00:00,solved,1773
3286,2025-12-19 08:00:00,open,1773
3286,2025-12-20 03:00:00,closed,1773
3287,2025-12-15 06:00:00,closed,1667
3287,2025-12-15 08:00:00,open,1667
3287,2025-12-17 08:00:00,pending,1667
3287,2025-12-15 18:00:00,open,1667
3287,2025-12-16 02:00:00,open,1667
3287,2025-12-19 05:00:00,open,1667
3287,2025-12-19 12:00:00,pending,1667
3287,2025-12-15 20:00:00,closed,1667
3288,2025-10-04 07:00:00,open,142
3288,2025-10-05 12:00:00,open,142
3288,2025-10-04 11:00:00,solved,142
3288,2025-10-04 19:00:00,open,142
3288,2025-10-04 23:00:00,pending,142
3289,2026-03-10 04:00:00,open,1794
3289,2026-03-11 08:00:00,pending,1794
3289,2026-03-11 00:00:00,pending,1794
3289,2026-03-13 04:00:00,solved,1794
3289,2026-03-13 04:00:00,solved,1794
3289,2026-03-11 15:00:00,open,1794
3289,2026-03-11 16:00:00,pending,1794
3289,2026-03-12 19:00:00,open,1794
3290,2026-02-23 06:00:00,pending,274
3290,2026-02-24 13:00:00,pending,274
3290,2026-02-23 14:00:00,solved,274
3290,2026-02-27 12:00:00,solved,274
3290,2026-02-25 02:00:00,closed,274
3291,2025-10-14 00:00:00,solved,1837
3291,2025-10-15 03:00:00,pending,1837
3291,2025-10-15 14:00:00,pending,1837
3291,2025-10-17 03:00:00,open,1837
3291,2025-10-19 08:00:00,solved,1837
3291,2025-10-17 18:00:00,pending,1837
3291,2025-10-18 12:00:00,closed,1837
3292,2025-11-23 07:00:00,closed,344
3292,2025-11-23 22:00:00,pending,344
3292,2025-11-23 21:00:00,closed,344
3292,2025-11-26 04:00:00,closed,344
3293,2026-02-20 07:00:00,closed,1480
3293,2026-02-21 04:00:00,pending,1480
3293,2026-02-20 23:00:00,closed,1480
3293,2026-02-22 16:00:00,pending,1480
3293,2026-02-25 07:00:00,closed,1480
3293,2026-02-24 16:00:00,open,1480
3293,2026-02-26 01:00:00,closed,1480
3294,2026-01-20 09:00:00,pending,1890
3294,2026-01-20 17:00:00,open,1890
3294,2026-01-22 01:00:00,closed,1890
3295,2026-02-23 07:00:00,solved,1661
3295,2026-02-24 18:00:00,pending,1661
3295,2026-02-25 21:00:00,closed,1661
3296,2026-01-05 01:00:00,pending,1827
3296,2026-01-06 11:00:00,open,1827
3296,2026-01-06 17:00:00,closed,1827
3296,2026-01-06 16:00:00,pending,1827
3296,2026-01-05 13:00:00,open,1827
3296,2026-01-05 06:00:00,pending,1827
3296,2026-01-12 01:00:00,closed,1827
3297,2026-02-22 07:00:00,pending,2407
3297,2026-02-23 00:00:00,solved,2407
3297,2026-02-22 17:00:00,solved,2407
3297,2026-02-22 13:00:00,open,2407
3297,2026-02-23 11:00:00,open,2407
3297,2026-02-26 06:00:00,closed,2407
3297,2026-02-23 01:00:00,closed,2407
3298,2025-11-24 02:00:00,closed,1250
3298,2025-11-25 12:00:00,closed,1250
3298,2025-11-26 18:00:00,pending,1250
3298,2025-11-26 05:00:00,open,1250
3298,2025-11-27 02:00:00,pending,1250
3298,2025-11-25 13:00:00,pending,1250
3298,2025-11-28 02:00:00,closed,1250
3299,2026-02-04 12:00:00,pending,2150
3299,2026-02-05 09:00:00,closed,2150
3299,2026-02-06 04:00:00,pending,2150
3299,2026-02-07 21:00:00,closed,2150
3300,2025-10-13 05:00:00,solved,1725
3300,2025-10-13 10:00:00,pending,1725
3300,2025-10-14 13:00:00,open,1725
3300,2025-10-14 02:00:00,open,1725
3300,2025-10-17 21:00:00,solved,1725
3300,2025-10-15 12:00:00,closed,1725
3301,2025-11-21 05:00:00,pending,734
3301,2025-11-21 18:00:00,pending,734
3301,2025-11-22 11:00:00,solved,734
3301,2025-11-25 02:00:00,solved,734
3301,2025-11-23 21:00:00,solved,734
3301,2025-11-24 18:00:00,closed,734
3302,2026-01-22 09:00:00,closed,239
3302,2026-01-23 00:00:00,closed,239
3302,2026-01-23 09:00:00,closed,239
3303,2026-01-29 10:00:00,open,1022
3303,2026-01-29 13:00:00,open,1022
3303,2026-01-31 18:00:00,closed,1022
3303,2026-02-02 22:00:00,closed,1022
3304,2025-10-17 06:00:00,open,615
3304,2025-10-18 18:00:00,open,615
3304,2025-10-17 16:00:00,solved,615
3304,2025-10-17 18:00:00,closed,615
3305,2026-02-16 12:00:00,open,255
3305,2026-02-17 12:00:00,closed,255
3305,2026-02-17 04:00:00,closed,255
3305,2026-02-20 18:00:00,open,255
3305,2026-02-22 08:00:00,pending,255
3305,2026-02-21 22:00:00,pending,255
3305,2026-02-25 12:00:00,closed,255
3306,2026-03-03 12:00:00,pending,1798
3306,2026-03-03 21:00:00,solved,1798
3306,2026-03-06 08:00:00,open,1798
3306,2026-03-07 03:00:00,solved,1798
3306,2026-03-05 00:00:00,closed,1798
3307,2026-03-10 00:00:00,pending,1920
3307,2026-03-11 01:00:00,open,1920
3307,2026-03-11 16:00:00,closed,1920
3308,2026-02-26 06:00:00,closed,123
3308,2026-02-27 09:00:00,closed,123
3308,2026-02-27 02:00:00,pending,123
3308,2026-02-27 09:00:00,closed,123
3309,2026-01-25 00:00:00,open,1293
3309,2026-01-25 23:00:00,pending,1293
3309,2026-01-25 02:00:00,closed,1293
3309,2026-01-29 03:00:00,open,1293
3309,2026-01-29 16:00:00,open,1293
3309,2026-01-25 20:00:00,open,1293
3309,2026-01-28 06:00:00,closed,1293
3310,2026-02-11 01:00:00,open,996
3310,2026-02-12 01:00:00,closed,996
3310,2026-02-12 19:00:00,pending,996
3310,2026-02-14 13:00:00,solved,996
3310,2026-02-12 17:00:00,closed,996
3310,2026-02-13 13:00:00,open,996
3310,2026-02-17 13:00:00,open,996
3310,2026-02-18 15:00:00,closed,996
3311,2025-12-26 10:00:00,open,1404
3311,2025-12-27 01:00:00,pending,1404
3311,2025-12-27 02:00:00,solved,1404
3311,2025-12-29 22:00:00,closed,1404
3311,2025-12-30 22:00:00,open,1404
3311,2026-01-01 01:00:00,pending,1404
3311,2025-12-27 04:00:00,pending,1404
3311,2025-12-31 16:00:00,pending,1404
3312,2025-11-12 03:00:00,pending,1773
3312,2025-11-13 11:00:00,open,1773
3312,2025-11-13 11:00:00,open,1773
3312,2025-11-14 09:00:00,solved,1773
3313,2025-10-10 02:00:00,closed,1011
3313,2025-10-11 10:00:00,open,1011
3313,2025-10-10 12:00:00,open,1011
3313,2025-10-13 11:00:00,pending,1011
3313,2025-10-13 22:00:00,closed,1011
3314,2025-12-05 00:00:00,pending,679
3314,2025-12-06 03:00:00,solved,679
3314,2025-12-07 16:00:00,closed,679
3315,2025-11-16 01:00:00,pending,1509
3315,2025-11-17 12:00:00,solved,1509
3315,2025-11-17 09:00:00,pending,1509
3315,2025-11-18 07:00:00,solved,1509
3315,2025-11-16 09:00:00,pending,1509
3315,2025-11-17 17:00:00,closed,1509
3316,2025-12-05 02:00:00,open,1136
3316,2025-12-06 01:00:00,closed,1136
3317,2026-01-06 09:00:00,open,821
3317,2026-01-07 00:00:00,pending,821
3317,2026-01-07 15:00:00,open,821
3317,2026-01-08 00:00:00,closed,821
3318,2026-03-02 07:00:00,solved,758
3318,2026-03-03 02:00:00,solved,758
3318,2026-03-05 05:00:00,solved,758
3318,2026-03-05 04:00:00,pending,758
3318,2026-03-04 15:00:00,open,758
3319,2026-01-30 04:00:00,pending,952
3319,2026-01-31 14:00:00,open,952
3319,2026-02-01 06:00:00,open,952
3319,2026-02-03 10:00:00,open,952
3319,2026-02-03 04:00:00,closed,952
3320,2026-01-01 10:00:00,pending,2318
3320,2026-01-01 15:00:00,closed,2318
3321,2025-11-08 01:00:00,solved,43
3321,2025-11-08 13:00:00,pending,43
3321,2025-11-08 11:00:00,open,43
3321,2025-11-11 07:00:00,open,43
3321,2025-11-09 09:00:00,pending,43
3321,2025-11-15 13:00:00,open,43
3321,2025-11-10 01:00:00,pending,43
3321,2025-11-13 21:00:00,closed,43
3322,2025-12-31 04:00:00,open,220
3322,2026-01-01 03:00:00,closed,220
3323,2026-01-29 10:00:00,pending,925
3323,2026-01-30 00:00:00,solved,925
3323,2026-01-29 20:00:00,pending,925
3323,2026-02-02 10:00:00,closed,925
3323,2026-01-31 06:00:00,open,925
3323,2026-02-05 02:00:00,open,925
3323,2026-01-30 04:00:00,pending,925
3324,2026-02-19 10:00:00,open,1051
3324,2026-02-19 21:00:00,closed,1051
3324,2026-02-20 00:00:00,pending,1051
3324,2026-02-21 22:00:00,solved,1051
3325,2025-10-14 02:00:00,solved,1387
3325,2025-10-15 13:00:00,pending,1387
3325,2025-10-15 20:00:00,open,1387
3325,2025-10-18 08:00:00,pending,1387
3325,2025-10-17 14:00:00,closed,1387
3325,2025-10-21 04:00:00,closed,1387
3326,2026-02-06 11:00:00,solved,337
3326,2026-02-07 10:00:00,pending,337
3326,2026-02-06 21:00:00,open,337
3326,2026-02-07 23:00:00,pending,337
3326,2026-02-08 15:00:00,closed,337
3326,2026-02-12 02:00:00,open,337
3326,2026-02-15 05:00:00,closed,337
3327,2025-12-30 03:00:00,pending,208
3327,2025-12-31 13:00:00,pending,208
3327,2025-12-31 09:00:00,closed,208
3328,2025-11-10 11:00:00,open,1517
3328,2025-11-11 15:00:00,closed,1517
3328,2025-11-11 13:00:00,closed,1517
3329,2026-03-08 04:00:00,closed,1171
3329,2026-03-09 13:00:00,pending,1171
3329,2026-03-10 18:00:00,pending,1171
3329,2026-03-08 22:00:00,solved,1171
3329,2026-03-09 00:00:00,pending,1171
3329,2026-03-15 11:00:00,solved,1171
3329,2026-03-15 22:00:00,open,1171
3329,2026-03-12 13:00:00,closed,1171
3330,2025-10-29 06:00:00,solved,722
3330,2025-10-29 23:00:00,pending,722
3330,2025-10-29 14:00:00,pending,722
3330,2025-10-29 09:00:00,solved,722
3330,2025-10-31 14:00:00,closed,722
3331,2026-02-17 04:00:00,solved,730
3331,2026-02-18 01:00:00,pending,730
3331,2026-02-19 12:00:00,pending,730
3331,2026-02-19 04:00:00,closed,730
3332,2025-10-22 04:00:00,solved,467
3332,2025-10-22 10:00:00,open,467
3332,2025-10-24 20:00:00,open,467
3332,2025-10-24 07:00:00,open,467
3332,2025-10-24 16:00:00,open,467
3332,2025-10-28 05:00:00,pending,467
3332,2025-10-27 22:00:00,solved,467
3332,2025-10-25 16:00:00,closed,467
3333,2025-12-21 04:00:00,pending,1138
3333,2025-12-22 14:00:00,open,1138
3333,2025-12-23 12:00:00,open,1138
3333,2025-12-24 07:00:00,solved,1138
3333,2025-12-25 20:00:00,open,1138
3333,2025-12-27 20:00:00,pending,1138
3333,2025-12-23 16:00:00,open,1138
3333,2025-12-21 11:00:00,open,1138
3334,2025-09-22 07:00:00,pending,245
3334,2025-09-23 16:00:00,closed,245
3334,2025-09-22 23:00:00,open,245
3334,2025-09-24 07:00:00,closed,245
3335,2026-02-12 00:00:00,open,1078
3335,2026-02-12 11:00:00,solved,1078
3335,2026-02-12 16:00:00,open,1078
3335,2026-02-15 12:00:00,open,1078
3335,2026-02-12 16:00:00,closed,1078
3335,2026-02-18 06:00:00,open,1078
3335,2026-02-17 00:00:00,closed,1078
3336,2026-02-11 03:00:00,pending,1739
3336,2026-02-11 08:00:00,pending,1739
3336,2026-02-13 05:00:00,open,1739
3336,2026-02-15 00:00:00,closed,1739
3337,2025-10-05 08:00:00,open,2490
3337,2025-10-05 10:00:00,closed,2490
3338,2025-10-10 10:00:00,open,241
3338,2025-10-10 22:00:00,open,241
3338,2025-10-11 16:00:00,closed,241
3339,2025-09-29 03:00:00,open,1500
3339,2025-09-29 13:00:00,open,1500
3339,2025-09-29 15:00:00,solved,1500
3339,2025-10-01 09:00:00,solved,1500
3339,2025-09-30 03:00:00,solved,1500
3339,2025-10-06 00:00:00,closed,1500
3340,2025-11-01 08:00:00,closed,980
3340,2025-11-01 10:00:00,pending,980
3340,2025-11-03 14:00:00,closed,980
3340,2025-11-01 14:00:00,solved,980
3340,2025-11-07 08:00:00,solved,980
3340,2025-11-03 20:00:00,closed,980
3341,2026-02-24 04:00:00,pending,1169
3341,2026-02-25 09:00:00,open,1169
3341,2026-02-26 00:00:00,solved,1169
3341,2026-02-24 13:00:00,solved,1169
3341,2026-03-01 08:00:00,closed,1169
3342,2025-11-16 11:00:00,solved,1116
3342,2025-11-17 23:00:00,open,1116
3342,2025-11-18 05:00:00,open,1116
3343,2025-10-26 10:00:00,open,495
3343,2025-10-27 17:00:00,closed,495
3344,2026-01-03 02:00:00,solved,932
3344,2026-01-03 22:00:00,open,932
3344,2026-01-03 20:00:00,closed,932
3345,2026-01-17 06:00:00,pending,1853
3345,2026-01-18 14:00:00,pending,1853
3345,2026-01-20 00:00:00,solved,1853
3345,2026-01-17 15:00:00,closed,1853
3345,2026-01-22 18:00:00,solved,1853
3345,2026-01-23 07:00:00,open,1853
3346,2025-12-22 00:00:00,closed,2334
3346,2025-12-22 04:00:00,open,2334
3346,2025-12-25 00:00:00,closed,2334
3346,2025-12-24 15:00:00,pending,2334
3346,2025-12-25 04:00:00,open,2334
3346,2025-12-27 10:00:00,pending,2334
3346,2025-12-29 06:00:00,pending,2334
3346,2025-12-22 07:00:00,closed,2334
3347,2026-03-10 07:00:00,closed,260
3347,2026-03-10 08:00:00,closed,260
3347,2026-03-13 01:00:00,open,260
3347,2026-03-13 04:00:00,solved,260
3348,2025-12-31 05:00:00,open,640
3348,2025-12-31 07:00:00,open,640
3348,2026-01-01 01:00:00,open,640
3348,2025-12-31 11:00:00,pending,640
3348,2025-12-31 17:00:00,closed,640
3348,2026-01-01 16:00:00,closed,640
3349,2026-01-30 10:00:00,closed,20
3349,2026-01-31 11:00:00,solved,20
3349,2026-02-01 16:00:00,open,20
3349,2026-01-31 22:00:00,open,20
3349,2026-02-03 06:00:00,closed,20
3350,2026-01-19 04:00:00,open,853
3350,2026-01-20 12:00:00,open,853
3350,2026-01-19 10:00:00,closed,853
3351,2025-12-29 02:00:00,solved,483
3351,2025-12-30 11:00:00,closed,483
3351,2025-12-30 22:00:00,pending,483
3351,2026-01-01 23:00:00,open,483
3351,2026-01-03 22:00:00,pending,483
3351,2025-12-31 09:00:00,closed,483
3352,2026-02-27 12:00:00,pending,359
3352,2026-02-28 22:00:00,closed,359
3353,2025-10-28 09:00:00,open,1279
3353,2025-10-29 12:00:00,solved,1279
3353,2025-10-31 05:00:00,solved,1279
3353,2025-11-01 06:00:00,solved,1279
3353,2025-10-31 05:00:00,open,1279
3353,2025-10-31 07:00:00,pending,1279
3353,2025-11-03 09:00:00,closed,1279
3354,2025-10-06 09:00:00,open,284
3354,2025-10-06 15:00:00,open,284
3354,2025-10-07 03:00:00,open,284
3354,2025-10-08 06:00:00,closed,284
3354,2025-10-08 05:00:00,solved,284
3354,2025-10-10 03:00:00,closed,284
3355,2025-09-16 02:00:00,open,1247
3355,2025-09-17 01:00:00,pending,1247
3355,2025-09-17 10:00:00,pending,1247
3355,2025-09-17 05:00:00,pending,1247
3355,2025-09-18 14:00:00,solved,1247
3356,2025-11-12 08:00:00,solved,2151
3356,2025-11-13 13:00:00,closed,2151
3357,2026-03-06 06:00:00,pending,890
3357,2026-03-06 18:00:00,closed,890
3357,2026-03-09 02:00:00,open,890
3357,2026-03-07 12:00:00,pending,890
3357,2026-03-09 14:00:00,solved,890
3357,2026-03-07 07:00:00,open,890
3357,2026-03-06 18:00:00,solved,890
3357,2026-03-06 13:00:00,pending,890
3358,2025-11-26 01:00:00,closed,1597
3358,2025-11-27 11:00:00,pending,1597
3358,2025-11-28 11:00:00,solved,1597
3358,2025-11-27 22:00:00,pending,1597
3358,2025-11-27 17:00:00,closed,1597
3359,2026-02-25 11:00:00,closed,942
3359,2026-02-26 07:00:00,open,942
3359,2026-02-27 11:00:00,solved,942
3359,2026-02-27 20:00:00,pending,942
3359,2026-03-01 23:00:00,solved,942
3359,2026-03-01 00:00:00,open,942
3359,2026-03-01 05:00:00,closed,942
3360,2026-02-10 11:00:00,solved,352
3360,2026-02-10 15:00:00,solved,352
3360,2026-02-13 07:00:00,pending,352
3360,2026-02-13 14:00:00,closed,352
3360,2026-02-15 07:00:00,pending,352
3360,2026-02-10 16:00:00,closed,352
3360,2026-02-16 11:00:00,open,352
3360,2026-02-11 08:00:00,closed,352
3361,2026-01-08 03:00:00,pending,1029
3361,2026-01-09 00:00:00,pending,1029
3361,2026-01-08 07:00:00,open,1029
3361,2026-01-09 12:00:00,open,1029
3361,2026-01-09 15:00:00,pending,1029
3362,2026-02-10 04:00:00,solved,1008
3362,2026-02-10 07:00:00,solved,1008
3362,2026-02-12 20:00:00,open,1008
3362,2026-02-10 13:00:00,open,1008
3362,2026-02-12 20:00:00,solved,1008
3362,2026-02-11 20:00:00,closed,1008
3363,2025-12-02 04:00:00,solved,1930
3363,2025-12-02 11:00:00,pending,1930
3363,2025-12-04 18:00:00,closed,1930
3363,2025-12-04 01:00:00,open,1930
3363,2025-12-02 16:00:00,open,1930
3363,2025-12-04 16:00:00,solved,1930
3363,2025-12-08 04:00:00,solved,1930
3363,2025-12-03 08:00:00,closed,1930
3364,2025-11-05 12:00:00,pending,1661
3364,2025-11-06 08:00:00,solved,1661
3364,2025-11-06 08:00:00,pending,1661
3364,2025-11-05 18:00:00,solved,1661
3364,2025-11-11 08:00:00,closed,1661
3365,2025-11-27 10:00:00,open,1339
3365,2025-11-27 18:00:00,solved,1339
3365,2025-11-30 02:00:00,pending,1339
3365,2025-11-29 10:00:00,closed,1339
3366,2026-01-28 10:00:00,closed,1668
3366,2026-01-28 12:00:00,solved,1668
3366,2026-01-28 14:00:00,closed,1668
3366,2026-01-30 19:00:00,closed,1668
3366,2026-01-30 06:00:00,pending,1668
3366,2026-01-30 02:00:00,closed,1668
3367,2026-01-07 08:00:00,open,2185
3367,2026-01-08 12:00:00,open,2185
3367,2026-01-07 14:00:00,open,2185
3368,2026-02-26 09:00:00,pending,223
3368,2026-02-27 03:00:00,solved,223
3368,2026-02-26 17:00:00,pending,223
3368,2026-03-02 00:00:00,closed,223
3369,2025-09-27 02:00:00,solved,1304
3369,2025-09-27 14:00:00,open,1304
3369,2025-09-27 04:00:00,pending,1304
3369,2025-09-28 20:00:00,closed,1304
3370,2026-01-11 08:00:00,solved,1263
3370,2026-01-12 08:00:00,pending,1263
3370,2026-01-11 12:00:00,pending,1263
3370,2026-01-15 14:00:00,open,1263
3370,2026-01-16 16:00:00,open,1263
3370,2026-01-16 23:00:00,open,1263
3370,2026-01-16 02:00:00,closed,1263
3371,2026-03-05 00:00:00,solved,1879
3371,2026-03-05 13:00:00,solved,1879
3371,2026-03-07 12:00:00,closed,1879
3372,2025-09-30 05:00:00,open,1373
3372,2025-10-01 06:00:00,open,1373
3372,2025-09-30 13:00:00,open,1373
3372,2025-10-03 20:00:00,pending,1373
3372,2025-10-03 21:00:00,closed,1373
3373,2026-02-17 12:00:00,pending,2477
3373,2026-02-17 21:00:00,open,2477
3373,2026-02-18 10:00:00,open,2477
3373,2026-02-19 03:00:00,solved,2477
3374,2026-02-19 09:00:00,solved,1903
3374,2026-02-20 00:00:00,open,1903
3375,2026-01-29 03:00:00,solved,751
3375,2026-01-29 16:00:00,open,751
3376,2026-02-20 07:00:00,pending,554
3376,2026-02-21 11:00:00,open,554
3376,2026-02-21 21:00:00,pending,554
3376,2026-02-23 19:00:00,pending,554
3376,2026-02-22 11:00:00,solved,554
3376,2026-02-26 23:00:00,open,554
3376,2026-02-22 19:00:00,open,554
3376,2026-02-22 08:00:00,open,554
3377,2026-01-03 12:00:00,open,1966
3377,2026-01-04 10:00:00,closed,1966
3377,2026-01-05 20:00:00,pending,1966
3377,2026-01-08 00:00:00,open,1966
3377,2026-01-04 08:00:00,open,1966
3377,2026-01-10 14:00:00,pending,1966
3377,2026-01-05 06:00:00,open,1966
3377,2026-01-04 23:00:00,closed,1966
3378,2025-11-25 04:00:00,solved,533
3378,2025-11-25 06:00:00,pending,533
3378,2025-11-27 16:00:00,open,533
3379,2026-02-28 06:00:00,pending,2482
3379,2026-03-01 07:00:00,pending,2482
3379,2026-03-03 02:00:00,solved,2482
3379,2026-03-03 09:00:00,closed,2482
3380,2026-01-25 08:00:00,open,2406
3380,2026-01-25 10:00:00,closed,2406
3381,2025-10-05 05:00:00,pending,884
3381,2025-10-06 03:00:00,open,884
3381,2025-10-05 15:00:00,closed,884
3382,2026-01-26 06:00:00,pending,784
3382,2026-01-27 10:00:00,open,784
3382,2026-01-27 08:00:00,pending,784
3382,2026-01-28 09:00:00,open,784
3382,2026-02-01 02:00:00,closed,784
3383,2026-03-09 04:00:00,open,2095
3383,2026-03-09 09:00:00,pending,2095
3383,2026-03-11 04:00:00,pending,2095
3383,2026-03-10 13:00:00,pending,2095
3383,2026-03-11 04:00:00,open,2095
3384,2026-01-14 10:00:00,pending,241
3384,2026-01-15 16:00:00,open,241
3384,2026-01-14 22:00:00,closed,241
3385,2026-03-11 09:00:00,open,1617
3385,2026-03-12 09:00:00,closed,1617
3385,2026-03-11 21:00:00,pending,1617
3385,2026-03-13 18:00:00,pending,1617
3385,2026-03-16 17:00:00,closed,1617
3385,2026-03-16 19:00:00,pending,1617
3385,2026-03-16 21:00:00,solved,1617
3385,2026-03-20 10:00:00,solved,1617
3386,2025-10-27 05:00:00,solved,2345
3386,2025-10-28 13:00:00,solved,2345
3386,2025-10-29 03:00:00,open,2345
3386,2025-10-27 14:00:00,pending,2345
3386,2025-10-27 13:00:00,closed,2345
3386,2025-10-31 19:00:00,open,2345
3386,2025-11-05 05:00:00,open,2345
3386,2025-11-06 17:00:00,closed,2345
3387,2025-10-25 06:00:00,solved,2256
3387,2025-10-25 17:00:00,open,2256
3387,2025-10-26 00:00:00,pending,2256
3387,2025-10-26 18:00:00,open,2256
3387,2025-10-29 10:00:00,open,2256
3387,2025-10-27 03:00:00,solved,2256
3387,2025-10-27 12:00:00,open,2256
3387,2025-11-03 07:00:00,closed,2256
3388,2026-01-20 12:00:00,solved,929
3388,2026-01-20 14:00:00,open,929
3388,2026-01-22 14:00:00,open,929
3388,2026-01-21 12:00:00,solved,929
3388,2026-01-25 20:00:00,closed,929
3389,2025-11-04 07:00:00,open,594
3389,2025-11-04 16:00:00,pending,594
3389,2025-11-06 07:00:00,solved,594
3389,2025-11-05 10:00:00,pending,594
3389,2025-11-07 07:00:00,solved,594
3389,2025-11-06 19:00:00,pending,594
3389,2025-11-10 19:00:00,pending,594
3389,2025-11-13 22:00:00,closed,594
3390,2026-01-22 01:00:00,open,220
3390,2026-01-22 15:00:00,pending,220
3390,2026-01-24 21:00:00,closed,220
3390,2026-01-22 22:00:00,closed,220
3391,2026-03-05 03:00:00,solved,554
3391,2026-03-05 19:00:00,open,554
3391,2026-03-06 13:00:00,pending,554
3391,2026-03-05 21:00:00,solved,554
3391,2026-03-05 11:00:00,pending,554
3391,2026-03-10 08:00:00,pending,554
3392,2026-01-27 06:00:00,pending,2457
3392,2026-01-28 12:00:00,pending,2457
3392,2026-01-28 00:00:00,open,2457
3392,2026-01-28 18:00:00,open,2457
3392,2026-01-28 10:00:00,solved,2457
3392,2026-01-30 04:00:00,closed,2457
3393,2025-12-06 09:00:00,open,356
3393,2025-12-06 22:00:00,pending,356
3393,2025-12-08 09:00:00,open,356
3393,2025-12-06 18:00:00,solved,356
3393,2025-12-11 21:00:00,closed,356
3394,2026-02-17 03:00:00,open,988
3394,2026-02-17 23:00:00,open,988
3394,2026-02-18 09:00:00,pending,988
3394,2026-02-20 00:00:00,closed,988
3394,2026-02-21 19:00:00,open,988
3394,2026-02-22 13:00:00,open,988
3394,2026-02-18 21:00:00,open,988
3395,2026-02-01 12:00:00,pending,324
3395,2026-02-01 16:00:00,open,324
3395,2026-02-01 20:00:00,open,324
3395,2026-02-05 03:00:00,solved,324
3395,2026-02-07 00:00:00,pending,324
3395,2026-02-08 09:00:00,open,324
3396,2026-02-26 05:00:00,open,1709
3396,2026-02-26 18:00:00,closed,1709
3396,2026-02-26 09:00:00,pending,1709
3396,2026-02-26 23:00:00,pending,1709
3396,2026-03-03 17:00:00,closed,1709
3397,2025-11-09 02:00:00,pending,817
3397,2025-11-09 11:00:00,open,817
3397,2025-11-12 00:00:00,pending,817
3397,2025-11-12 02:00:00,open,817
3397,2025-11-12 10:00:00,solved,817
3397,2025-11-09 17:00:00,pending,817
3397,2025-11-17 20:00:00,pending,817
3397,2025-11-15 19:00:00,open,817
3398,2025-12-15 04:00:00,solved,266
3398,2025-12-15 22:00:00,closed,266
3399,2026-03-03 12:00:00,open,1907
3399,2026-03-03 20:00:00,closed,1907
3399,2026-03-06 04:00:00,pending,1907
3400,2025-11-09 00:00:00,open,365
3400,2025-11-09 12:00:00,solved,365
3400,2025-11-10 06:00:00,pending,365
3400,2025-11-11 09:00:00,closed,365
3400,2025-11-12 08:00:00,open,365
3400,2025-11-15 16:00:00,pending,365
3400,2025-11-16 18:00:00,closed,365
3401,2025-12-28 08:00:00,open,187
3401,2025-12-28 17:00:00,solved,187
3401,2025-12-29 12:00:00,pending,187
3401,2025-12-29 20:00:00,pending,187
3401,2025-12-29 00:00:00,closed,187
3402,2025-09-15 06:00:00,open,1637
3402,2025-09-15 13:00:00,open,1637
3402,2025-09-17 06:00:00,closed,1637
3403,2026-03-09 11:00:00,closed,1112
3403,2026-03-09 16:00:00,solved,1112
3404,2026-02-23 12:00:00,pending,208
3404,2026-02-24 00:00:00,pending,208
3404,2026-02-24 08:00:00,open,208
3404,2026-02-26 15:00:00,closed,208
3405,2025-09-16 07:00:00,solved,2217
3405,2025-09-16 15:00:00,closed,2217
3406,2025-09-18 10:00:00,open,1061
3406,2025-09-18 12:00:00,pending,1061
3406,2025-09-18 22:00:00,closed,1061
3407,2025-12-16 05:00:00,closed,1937
3407,2025-12-17 15:00:00,solved,1937
3407,2025-12-16 19:00:00,pending,1937
3407,2025-12-19 14:00:00,solved,1937
3407,2025-12-16 13:00:00,pending,1937
3407,2025-12-16 10:00:00,closed,1937
3407,2025-12-19 17:00:00,open,1937
3407,2025-12-17 23:00:00,closed,1937
3408,2026-01-25 05:00:00,pending,1696
3408,2026-01-26 06:00:00,closed,1696
3408,2026-01-26 09:00:00,closed,1696
3408,2026-01-26 17:00:00,pending,1696
3408,2026-01-27 05:00:00,open,1696
3408,2026-01-30 05:00:00,pending,1696
3408,2026-01-28 11:00:00,pending,1696
3408,2026-01-25 19:00:00,closed,1696
3409,2025-11-14 00:00:00,open,2079
3409,2025-11-14 20:00:00,open,2079
3409,2025-11-15 22:00:00,solved,2079
3409,2025-11-16 06:00:00,open,2079
3409,2025-11-16 20:00:00,pending,2079
3409,2025-11-15 21:00:00,closed,2079
3409,2025-11-22 12:00:00,pending,2079
3409,2025-11-23 01:00:00,closed,2079
3410,2025-12-15 11:00:00,closed,1499
3410,2025-12-16 03:00:00,solved,1499
3410,2025-12-17 17:00:00,solved,1499
3410,2025-12-17 08:00:00,closed,1499
3411,2026-03-10 00:00:00,solved,2476
3411,2026-03-11 07:00:00,pending,2476
3411,2026-03-12 06:00:00,solved,2476
3411,2026-03-12 03:00:00,closed,2476
3411,2026-03-14 12:00:00,open,2476
3412,2026-02-01 01:00:00,pending,839
3412,2026-02-01 07:00:00,closed,839
3412,2026-02-02 19:00:00,open,839
3412,2026-02-04 22:00:00,open,839
3412,2026-02-06 13:00:00,solved,839
3412,2026-02-05 15:00:00,open,839
3412,2026-02-03 07:00:00,closed,839
3413,2025-10-09 05:00:00,pending,883
3413,2025-10-10 14:00:00,closed,883
3413,2025-10-09 13:00:00,solved,883
3413,2025-10-11 23:00:00,pending,883
3413,2025-10-13 01:00:00,open,883
3413,2025-10-15 21:00:00,open,883
3413,2025-10-13 23:00:00,closed,883
3414,2025-12-22 02:00:00,closed,2195
3414,2025-12-23 07:00:00,pending,2195
3414,2025-12-23 10:00:00,pending,2195
3414,2025-12-23 02:00:00,pending,2195
3414,2025-12-25 22:00:00,open,2195
3414,2025-12-26 21:00:00,closed,2195
3415,2026-01-30 11:00:00,solved,123
3415,2026-01-30 15:00:00,solved,123
3415,2026-02-02 07:00:00,solved,123
3415,2026-02-01 11:00:00,pending,123
3415,2026-02-02 15:00:00,open,123
3415,2026-02-04 21:00:00,pending,123
3415,2026-02-06 23:00:00,pending,123
3415,2026-02-09 16:00:00,open,123
3416,2025-12-12 11:00:00,open,1846
3416,2025-12-12 14:00:00,pending,1846
3416,2025-12-13 09:00:00,open,1846
3416,2025-12-14 08:00:00,pending,1846
3416,2025-12-13 19:00:00,pending,1846
3416,2025-12-16 00:00:00,closed,1846
3417,2026-02-22 10:00:00,open,2353
3417,2026-02-22 20:00:00,pending,2353
3417,2026-02-23 12:00:00,open,2353
3417,2026-02-22 13:00:00,pending,2353
3417,2026-02-25 06:00:00,pending,2353
3417,2026-02-28 21:00:00,open,2353
3417,2026-02-26 04:00:00,open,2353
3417,2026-03-01 03:00:00,closed,2353
3418,2025-10-31 04:00:00,pending,216
3418,2025-10-31 15:00:00,closed,216
3418,2025-11-03 02:00:00,closed,216
3418,2025-11-03 13:00:00,solved,216
3418,2025-11-02 08:00:00,pending,216
3418,2025-11-04 13:00:00,open,216
3419,2026-01-31 06:00:00,open,1692
3419,2026-01-31 11:00:00,closed,1692
3419,2026-02-02 00:00:00,closed,1692
3419,2026-02-01 06:00:00,closed,1692
3419,2026-02-03 22:00:00,closed,1692
3420,2026-01-21 08:00:00,closed,997
3420,2026-01-22 15:00:00,open,997
3420,2026-01-23 04:00:00,open,997
3420,2026-01-24 20:00:00,closed,997
3421,2025-10-22 01:00:00,pending,144
3421,2025-10-23 13:00:00,closed,144
3422,2025-12-13 12:00:00,open,569
3422,2025-12-13 15:00:00,closed,569
3422,2025-12-14 16:00:00,solved,569
3422,2025-12-17 00:00:00,open,569
3422,2025-12-14 12:00:00,solved,569
3422,2025-12-18 22:00:00,pending,569
3422,2025-12-19 00:00:00,open,569
3422,2025-12-17 14:00:00,closed,569
3423,2026-03-10 06:00:00,open,1603
3423,2026-03-10 12:00:00,pending,1603
3423,2026-03-12 22:00:00,pending,1603
3423,2026-03-14 03:00:00,solved,1603
3424,2025-12-29 08:00:00,pending,944
3424,2025-12-30 10:00:00,closed,944
3424,2025-12-31 04:00:00,closed,944
3425,2026-03-11 12:00:00,solved,129
3425,2026-03-12 14:00:00,closed,129
3425,2026-03-13 00:00:00,closed,129
3425,2026-03-14 09:00:00,solved,129
3425,2026-03-14 08:00:00,pending,129
3425,2026-03-18 09:00:00,solved,129
3425,2026-03-13 00:00:00,pending,129
3425,2026-03-11 19:00:00,pending,129
3426,2025-12-03 12:00:00,pending,2433
3426,2025-12-04 16:00:00,closed,2433
3426,2025-12-04 00:00:00,open,2433
3426,2025-12-05 15:00:00,closed,2433
3427,2025-11-13 01:00:00,closed,1300
3427,2025-11-13 14:00:00,solved,1300
3427,2025-11-14 11:00:00,closed,1300
3427,2025-11-15 10:00:00,pending,1300
3427,2025-11-14 05:00:00,open,1300
3427,2025-11-17 10:00:00,pending,1300
3427,2025-11-16 07:00:00,closed,1300
3428,2025-11-12 11:00:00,pending,2227
3428,2025-11-13 03:00:00,pending,2227
3428,2025-11-13 13:00:00,solved,2227
3428,2025-11-15 20:00:00,open,2227
3428,2025-11-18 03:00:00,closed,2227
3428,2025-11-13 12:00:00,solved,2227
3428,2025-11-16 17:00:00,closed,2227
3429,2025-12-22 09:00:00,open,1713
3429,2025-12-23 12:00:00,open,1713
3429,2025-12-24 11:00:00,pending,1713
3429,2025-12-24 03:00:00,open,1713
3430,2026-01-01 03:00:00,open,1996
3430,2026-01-02 10:00:00,solved,1996
3430,2026-01-02 15:00:00,open,1996
3430,2026-01-02 15:00:00,open,1996
3430,2026-01-06 11:00:00,closed,1996
3431,2026-02-20 12:00:00,closed,433
3431,2026-02-20 14:00:00,open,433
3431,2026-02-21 14:00:00,solved,433
3431,2026-02-24 00:00:00,pending,433
3431,2026-02-21 08:00:00,closed,433
3431,2026-02-23 20:00:00,closed,433
3431,2026-02-26 00:00:00,closed,433
3432,2025-10-24 03:00:00,pending,872
3432,2025-10-24 18:00:00,pending,872
3432,2025-10-26 19:00:00,open,872
3432,2025-10-28 06:00:00,closed,872
3432,2025-10-29 23:00:00,solved,872
3432,2025-10-31 15:00:00,solved,872
3432,2025-10-30 09:00:00,open,872
3433,2025-10-19 04:00:00,open,590
3433,2025-10-19 10:00:00,closed,590
3433,2025-10-19 12:00:00,open,590
3433,2025-10-22 13:00:00,open,590
3434,2026-01-04 10:00:00,pending,130
3434,2026-01-05 16:00:00,pending,130
3434,2026-01-06 16:00:00,solved,130
3434,2026-01-06 16:00:00,pending,130
3434,2026-01-06 14:00:00,solved,130
3434,2026-01-10 06:00:00,solved,130
3434,2026-01-08 16:00:00,closed,130
3435,2025-10-24 09:00:00,pending,1739
3435,2025-10-25 15:00:00,pending,1739
3435,2025-10-25 09:00:00,closed,1739
3436,2025-11-18 00:00:00,closed,1836
3436,2025-11-18 19:00:00,pending,1836
3436,2025-11-19 14:00:00,solved,1836
3436,2025-11-21 06:00:00,open,1836
3436,2025-11-21 08:00:00,open,1836
3436,2025-11-24 06:00:00,open,1836
3436,2025-11-22 00:00:00,closed,1836
3437,2025-12-23 00:00:00,pending,140
3437,2025-12-24 05:00:00,pending,140
3437,2025-12-25 00:00:00,closed,140
3438,2026-02-16 04:00:00,open,2024
3438,2026-02-16 08:00:00,closed,2024
3439,2026-03-04 01:00:00,solved,1349
3439,2026-03-04 05:00:00,solved,1349
3439,2026-03-04 23:00:00,closed,1349
3439,2026-03-04 07:00:00,open,1349
3439,2026-03-09 13:00:00,pending,1349
3439,2026-03-04 16:00:00,open,1349
3439,2026-03-12 07:00:00,closed,1349
3440,2026-01-18 00:00:00,solved,1970
3440,2026-01-18 16:00:00,solved,1970
3440,2026-01-20 16:00:00,solved,1970
3440,2026-01-18 09:00:00,pending,1970
3440,2026-01-20 00:00:00,pending,1970
3440,2026-01-18 05:00:00,closed,1970
3440,2026-01-26 06:00:00,pending,1970
3441,2026-02-26 08:00:00,pending,2101
3441,2026-02-27 06:00:00,open,2101
3441,2026-02-26 14:00:00,solved,2101
3441,2026-03-01 11:00:00,solved,2101
3441,2026-03-02 12:00:00,pending,2101
3441,2026-03-04 04:00:00,pending,2101
3441,2026-02-27 20:00:00,closed,2101
3441,2026-03-04 04:00:00,closed,2101
3442,2026-01-25 02:00:00,open,1893
3442,2026-01-25 05:00:00,pending,1893
3442,2026-01-28 00:00:00,open,1893
3442,2026-01-28 08:00:00,closed,1893
3442,2026-01-29 10:00:00,solved,1893
3442,2026-01-31 08:00:00,open,1893
3442,2026-01-27 14:00:00,closed,1893
3443,2025-09-20 01:00:00,pending,1573
3443,2025-09-21 04:00:00,pending,1573
3443,2025-09-20 17:00:00,open,1573
3443,2025-09-23 16:00:00,closed,1573
3443,2025-09-24 09:00:00,open,1573
3443,2025-09-23 19:00:00,solved,1573
3443,2025-09-22 13:00:00,closed,1573
3444,2025-10-26 07:00:00,open,1414
3444,2025-10-26 18:00:00,solved,1414
3444,2025-10-28 09:00:00,solved,1414
3444,2025-10-26 16:00:00,solved,1414
3444,2025-11-01 07:00:00,pending,1414
3444,2025-10-26 17:00:00,pending,1414
3444,2025-10-27 19:00:00,pending,1414
3444,2025-10-27 04:00:00,closed,1414
3445,2025-11-12 04:00:00,solved,2497
3445,2025-11-12 20:00:00,open,2497
3445,2025-11-12 20:00:00,pending,2497
3445,2025-11-13 01:00:00,open,2497
3445,2025-11-18 00:00:00,closed,2497
3446,2026-01-10 02:00:00,closed,2135
3446,2026-01-10 19:00:00,solved,2135
3446,2026-01-11 00:00:00,solved,2135
3446,2026-01-11 14:00:00,closed,2135
3447,2025-10-23 05:00:00,pending,2053
3447,2025-10-24 10:00:00,solved,2053
3447,2025-10-23 15:00:00,solved,2053
3447,2025-10-25 23:00:00,closed,2053
3447,2025-10-25 21:00:00,closed,2053
3448,2025-11-17 08:00:00,solved,720
3448,2025-11-18 07:00:00,closed,720
3449,2026-01-09 02:00:00,pending,1824
3449,2026-01-10 14:00:00,pending,1824
3449,2026-01-12 02:00:00,closed,1824
3449,2026-01-10 14:00:00,open,1824
3449,2026-01-11 18:00:00,pending,1824
3449,2026-01-12 15:00:00,pending,1824
3449,2026-01-13 20:00:00,closed,1824
3450,2026-02-11 04:00:00,pending,1271
3450,2026-02-11 23:00:00,open,1271
3450,2026-02-12 00:00:00,closed,1271
3451,2025-11-04 01:00:00,open,106
3451,2025-11-04 10:00:00,pending,106
3451,2025-11-06 11:00:00,solved,106
3451,2025-11-07 04:00:00,closed,106
3452,2025-12-12 08:00:00,pending,1637
3452,2025-12-13 05:00:00,open,1637
3452,2025-12-14 06:00:00,closed,1637
3453,2025-11-02 12:00:00,open,1065
3453,2025-11-03 23:00:00,pending,1065
3453,2025-11-03 06:00:00,open,1065
3453,2025-11-06 15:00:00,solved,1065
3453,2025-11-06 00:00:00,closed,1065
3453,2025-11-02 22:00:00,solved,1065
3453,2025-11-03 06:00:00,pending,1065
3453,2025-11-12 03:00:00,closed,1065
3454,2025-12-10 03:00:00,closed,241
3454,2025-12-11 11:00:00,pending,241
3454,2025-12-11 11:00:00,open,241
3454,2025-12-11 03:00:00,pending,241
3454,2025-12-15 23:00:00,closed,241
3455,2025-10-28 00:00:00,closed,2470
3455,2025-10-28 23:00:00,open,2470
3455,2025-10-28 20:00:00,open,2470
3455,2025-10-28 18:00:00,open,2470
3455,2025-11-02 16:00:00,open,2470
3455,2025-11-03 21:00:00,solved,2470
3455,2025-10-29 12:00:00,solved,2470
3455,2025-11-05 18:00:00,closed,2470
3456,2026-01-17 03:00:00,pending,803
3456,2026-01-17 07:00:00,closed,803
3457,2025-10-21 10:00:00,solved,1356
3457,2025-10-22 02:00:00,open,1356
3457,2025-10-22 14:00:00,open,1356
3457,2025-10-22 16:00:00,open,1356
3457,2025-10-23 02:00:00,open,1356
3457,2025-10-24 08:00:00,pending,1356
3457,2025-10-26 04:00:00,solved,1356
3457,2025-10-27 06:00:00,closed,1356
3458,2025-09-20 10:00:00,open,1810
3458,2025-09-21 05:00:00,pending,1810
3458,2025-09-23 06:00:00,solved,1810
3458,2025-09-24 16:00:00,open,1810
3458,2025-09-25 02:00:00,pending,1810
3458,2025-09-22 22:00:00,open,1810
3458,2025-09-29 10:00:00,closed,1810
3459,2025-12-20 12:00:00,pending,2315
3459,2025-12-21 07:00:00,solved,2315
3459,2025-12-22 20:00:00,pending,2315
3459,2025-12-22 15:00:00,open,2315
3459,2025-12-24 16:00:00,pending,2315
3459,2025-12-22 14:00:00,pending,2315
3459,2025-12-22 06:00:00,pending,2315
3459,2025-12-21 09:00:00,open,2315
3460,2026-01-09 02:00:00,open,1435
3460,2026-01-09 05:00:00,closed,1435
3460,2026-01-09 12:00:00,pending,1435
3460,2026-01-11 02:00:00,open,1435
3460,2026-01-10 22:00:00,open,1435
3460,2026-01-12 10:00:00,open,1435
3460,2026-01-11 02:00:00,solved,1435
3460,2026-01-15 12:00:00,closed,1435
3461,2025-09-27 08:00:00,open,157
3461,2025-09-27 19:00:00,open,157
3461,2025-09-28 00:00:00,open,157
3461,2025-09-28 05:00:00,closed,157
3462,2026-01-01 08:00:00,open,1827
3462,2026-01-01 11:00:00,closed,1827
3462,2026-01-04 08:00:00,closed,1827
3462,2026-01-02 05:00:00,pending,1827
3462,2026-01-03 20:00:00,open,1827
3462,2026-01-03 20:00:00,pending,1827
3462,2026-01-04 08:00:00,pending,1827
3462,2026-01-10 23:00:00,solved,1827
3463,2026-03-10 10:00:00,pending,2008
3463,2026-03-11 14:00:00,solved,2008
3463,2026-03-12 04:00:00,pending,2008
3463,2026-03-12 19:00:00,pending,2008
3463,2026-03-16 10:00:00,open,2008
3463,2026-03-17 17:00:00,open,2008
3464,2025-10-17 06:00:00,pending,823
3464,2025-10-17 23:00:00,open,823
3464,2025-10-19 22:00:00,pending,823
3464,2025-10-19 21:00:00,pending,823
3464,2025-10-18 06:00:00,closed,823
3464,2025-10-22 01:00:00,closed,823
3464,2025-10-20 00:00:00,solved,823
3464,2025-10-20 18:00:00,closed,823
3465,2025-11-05 01:00:00,solved,262
3465,2025-11-05 12:00:00,closed,262
3465,2025-11-07 11:00:00,closed,262
3465,2025-11-05 19:00:00,solved,262
3465,2025-11-08 13:00:00,open,262
3465,2025-11-07 18:00:00,open,262
3466,2025-12-09 00:00:00,open,2152
3466,2025-12-09 23:00:00,pending,2152
3466,2025-12-10 10:00:00,pending,2152
3466,2025-12-09 03:00:00,solved,2152
3466,2025-12-13 00:00:00,closed,2152
3467,2026-01-02 04:00:00,open,636
3467,2026-01-03 11:00:00,pending,636
3467,2026-01-05 02:00:00,pending,636
3467,2026-01-03 04:00:00,pending,636
3467,2026-01-05 00:00:00,open,636
3467,2026-01-05 12:00:00,closed,636
3468,2025-11-09 02:00:00,pending,908
3468,2025-11-09 07:00:00,open,908
3468,2025-11-10 10:00:00,pending,908
3468,2025-11-10 14:00:00,closed,908
3468,2025-11-10 18:00:00,open,908
3468,2025-11-15 03:00:00,closed,908
3469,2026-01-01 12:00:00,solved,1510
3469,2026-01-02 02:00:00,solved,1510
3470,2026-03-07 07:00:00,solved,972
3470,2026-03-08 14:00:00,pending,972
3470,2026-03-07 11:00:00,open,972
3470,2026-03-08 16:00:00,solved,972
3470,2026-03-08 11:00:00,solved,972
3470,2026-03-11 06:00:00,open,972
3470,2026-03-09 07:00:00,closed,972
3470,2026-03-14 00:00:00,open,972
3471,2025-12-10 03:00:00,closed,1183
3471,2025-12-10 08:00:00,pending,1183
3471,2025-12-12 07:00:00,closed,1183
3471,2025-12-10 15:00:00,pending,1183
3471,2025-12-12 15:00:00,pending,1183
3471,2025-12-11 14:00:00,closed,1183
3471,2025-12-13 03:00:00,solved,1183
3472,2026-01-09 08:00:00,open,1349
3472,2026-01-09 20:00:00,solved,1349
3472,2026-01-10 08:00:00,solved,1349
3473,2025-11-23 08:00:00,pending,1463
3473,2025-11-24 09:00:00,solved,1463
3473,2025-11-24 12:00:00,pending,1463
3473,2025-11-25 20:00:00,open,1463
3473,2025-11-27 04:00:00,pending,1463
3473,2025-11-25 00:00:00,closed,1463
3474,2026-03-06 08:00:00,open,369
3474,2026-03-07 01:00:00,closed,369
3475,2025-09-29 10:00:00,closed,1606
3475,2025-09-30 09:00:00,closed,1606
3476,2025-12-04 12:00:00,pending,1354
3476,2025-12-05 19:00:00,solved,1354
3476,2025-12-05 10:00:00,closed,1354
3477,2025-11-17 11:00:00,solved,801
3477,2025-11-18 23:00:00,open,801
3477,2025-11-20 11:00:00,open,801
3477,2025-11-19 23:00:00,open,801
3477,2025-11-17 23:00:00,open,801
3477,2025-11-20 14:00:00,open,801
3477,2025-11-25 23:00:00,open,801
3477,2025-11-24 04:00:00,solved,801
3478,2025-12-12 07:00:00,open,2471
3478,2025-12-12 21:00:00,pending,2471
3478,2025-12-12 09:00:00,closed,2471
3478,2025-12-14 19:00:00,solved,2471
3478,2025-12-12 11:00:00,open,2471
3478,2025-12-16 06:00:00,open,2471
3478,2025-12-13 07:00:00,solved,2471
3478,2025-12-16 02:00:00,closed,2471
3479,2026-02-02 01:00:00,open,628
3479,2026-02-02 19:00:00,solved,628
3479,2026-02-02 05:00:00,closed,628
3479,2026-02-06 07:00:00,open,628
3479,2026-02-04 09:00:00,open,628
3479,2026-02-04 03:00:00,pending,628
3479,2026-02-08 07:00:00,closed,628
3479,2026-02-08 18:00:00,closed,628
3480,2026-01-13 09:00:00,pending,2
3480,2026-01-14 04:00:00,closed,2
3481,2026-02-17 06:00:00,pending,1690
3481,2026-02-18 12:00:00,pending,1690
3481,2026-02-19 20:00:00,open,1690
3481,2026-02-20 06:00:00,open,1690
3481,2026-02-22 14:00:00,solved,1690
3481,2026-02-19 18:00:00,open,1690
3481,2026-02-18 12:00:00,solved,1690
3482,2026-03-05 02:00:00,pending,2194
3482,2026-03-05 21:00:00,pending,2194
3482,2026-03-06 22:00:00,open,2194
3482,2026-03-08 23:00:00,pending,2194
3482,2026-03-08 06:00:00,closed,2194
3482,2026-03-10 02:00:00,closed,2194
3483,2025-11-09 11:00:00,pending,1847
3483,2025-11-10 00:00:00,solved,1847
3483,2025-11-11 03:00:00,closed,1847
3484,2025-11-12 06:00:00,pending,280
3484,2025-11-12 15:00:00,open,280
3484,2025-11-14 08:00:00,pending,280
3484,2025-11-16 18:00:00,pending,280
3485,2026-03-07 02:00:00,open,2497
3485,2026-03-07 09:00:00,pending,2497
3485,2026-03-08 20:00:00,pending,2497
3485,2026-03-10 23:00:00,closed,2497
3485,2026-03-10 14:00:00,closed,2497
3486,2025-11-07 10:00:00,open,2329
3486,2025-11-07 16:00:00,solved,2329
3486,2025-11-10 06:00:00,pending,2329
3486,2025-11-11 10:00:00,solved,2329
3486,2025-11-10 18:00:00,open,2329
3486,2025-11-09 02:00:00,open,2329
3486,2025-11-12 10:00:00,closed,2329
3487,2025-12-27 10:00:00,solved,481
3487,2025-12-28 13:00:00,open,481
3487,2025-12-29 14:00:00,open,481
3487,2025-12-31 10:00:00,open,481
3487,2026-01-02 10:00:00,pending,481
3487,2025-12-29 12:00:00,open,481
3487,2025-12-28 04:00:00,solved,481
3487,2025-12-28 00:00:00,closed,481
3488,2025-09-18 03:00:00,closed,1527
3488,2025-09-19 09:00:00,pending,1527
3488,2025-09-20 23:00:00,open,1527
3488,2025-09-21 06:00:00,solved,1527
3488,2025-09-19 03:00:00,closed,1527
3489,2025-10-03 02:00:00,open,230
3489,2025-10-03 12:00:00,solved,230
3490,2025-12-26 10:00:00,open,1590
3490,2025-12-27 18:00:00,open,1590
3490,2025-12-27 12:00:00,pending,1590
3490,2025-12-29 07:00:00,solved,1590
3490,2025-12-27 22:00:00,solved,1590
3490,2026-01-01 11:00:00,closed,1590
3491,2025-12-17 00:00:00,pending,1916
3491,2025-12-17 12:00:00,closed,1916
3492,2026-01-20 11:00:00,open,2264
3492,2026-01-20 20:00:00,pending,2264
3492,2026-01-20 17:00:00,solved,2264
3492,2026-01-21 08:00:00,open,2264
3492,2026-01-24 11:00:00,solved,2264
3492,2026-01-24 05:00:00,closed,2264
3493,2025-10-16 06:00:00,open,2256
3493,2025-10-16 11:00:00,open,2256
3493,2025-10-18 16:00:00,closed,2256
3493,2025-10-17 12:00:00,open,2256
3493,2025-10-17 10:00:00,pending,2256
3494,2025-11-28 10:00:00,open,1051
3494,2025-11-29 09:00:00,open,1051
3494,2025-11-29 14:00:00,closed,1051
3494,2025-11-28 19:00:00,open,1051
3494,2025-11-30 02:00:00,closed,1051
3494,2025-12-05 02:00:00,solved,1051
3494,2025-12-04 22:00:00,open,1051
3494,2025-12-01 15:00:00,closed,1051
3495,2026-02-18 11:00:00,solved,1245
3495,2026-02-18 22:00:00,closed,1245
3495,2026-02-19 21:00:00,closed,1245
3496,2026-03-03 07:00:00,open,2017
3496,2026-03-04 13:00:00,solved,2017
3496,2026-03-04 15:00:00,open,2017
3496,2026-03-06 19:00:00,pending,2017
3496,2026-03-06 19:00:00,closed,2017
3497,2025-10-19 12:00:00,pending,1207
3497,2025-10-19 23:00:00,solved,1207
3497,2025-10-20 04:00:00,pending,1207
3497,2025-10-23 21:00:00,pending,1207
3497,2025-10-25 00:00:00,solved,1207
3497,2025-10-22 10:00:00,open,1207
3497,2025-10-22 18:00:00,open,1207
3498,2026-02-02 12:00:00,open,169
3498,2026-02-03 10:00:00,closed,169
3498,2026-02-02 22:00:00,open,169
3498,2026-02-06 15:00:00,pending,169
3498,2026-02-02 16:00:00,closed,169
3499,2025-09-15 06:00:00,closed,316
3499,2025-09-16 14:00:00,open,316
3499,2025-09-16 22:00:00,pending,316
3499,2025-09-16 21:00:00,open,316
3499,2025-09-17 10:00:00,closed,316
3500,2025-09-30 10:00:00,open,680
3500,2025-09-30 13:00:00,pending,680
3500,2025-10-01 20:00:00,closed,680
