ticket_id,account_id,created_at,status,priority,closed_at
1,38,2025-10-12,solved,low,2025-10-21
2,21,2025-12-25,solved,low,2026-01-05
3,63,2026-01-30,open,medium,
4,41,2025-10-12,open,high,
5,33,2025-12-01,solved,low,2025-12-09
6,87,2026-02-10,pending,medium,
7,4,2026-02-28,solved,medium,2026-03-09
8,13,2025-11-20,solved,low,2025-11-29
9,92,2025-11-23,solved,high,2025-11-26
10,68,2025-10-16,closed,medium,2025-10-23
11,10,2025-11-02,open,high,
12,53,2025-10-11,pending,medium,
13,69,2025-12-17,closed,medium,2025-12-24
14,89,2026-01-28,closed,low,2026-02-08
15,62,2026-01-11,closed,high,2026-01-16
16,91,2025-11-15,open,medium,
17,45,2025-11-15,solved,high,2025-11-20
18,80,2026-02-22,solved,low,2026-03-04
19,73,2026-02-24,solved,high,2026-02-28
20,28,2025-10-17,closed,medium,2025-10-23
21,98,2026-01-19,open,medium,
22,5,2026-01-20,closed,low,2026-01-31
23,37,2026-01-26,closed,medium,2026-01-29
24,58,2025-10-25,solved,high,2025-10-30
25,55,2026-02-22,closed,high,2026-02-26
26,1,2025-12-04,solved,high,2025-12-08
27,117,2025-10-09,solved,medium,2025-10-15
28,91,2025-11-06,solved,low,2025-11-15
29,53,2026-01-02,closed,medium,2026-01-08
30,97,2026-02-05,solved,high,2026-02-09
31,60,2026-02-05,solved,low,2026-02-12
32,34,2025-12-28,open,medium,
33,54,2026-02-17,pending,medium,
34,92,2025-10-31,closed,medium,2025-11-08
35,37,2025-10-30,closed,low,2025-11-10
36,18,2026-02-16,closed,medium,2026-02-24
37,23,2025-11-20,closed,low,2025-11-26
38,3,2025-11-18,closed,high,2025-11-20
39,60,2026-01-30,open,medium,
40,120,2025-10-18,closed,low,2025-10-29
41,97,2026-02-07,solved,medium,2026-02-12
42,89,2025-11-23,solved,low,2025-12-01
43,11,2025-10-02,closed,high,2025-10-05
44,6,2025-09-26,closed,urgent,2025-09-29
45,60,2025-11-04,solved,urgent,2025-11-04
46,5,2025-10-31,closed,low,2025-11-09
47,33,2026-02-21,closed,medium,2026-02-26
48,65,2025-12-18,closed,medium,2025-12-27
49,53,2025-09-26,solved,low,2025-10-04
50,106,2025-11-16,closed,medium,2025-11-22
51,27,2025-11-22,solved,medium,2025-11-28
52,13,2025-09-27,open,high,
53,48,2026-01-01,solved,medium,2026-01-10
54,48,2026-01-12,solved,medium,2026-01-18
55,12,2026-02-25,solved,low,2026-03-11
56,97,2026-02-24,solved,medium,2026-03-03
57,100,2025-12-08,solved,medium,2025-12-16
58,77,2026-02-14,closed,medium,2026-02-21
59,9,2025-09-25,solved,low,2025-10-07
60,97,2025-12-08,closed,urgent,2025-12-12
61,9,2025-11-05,pending,high,
62,98,2026-02-20,pending,medium,
63,110,2025-12-17,solved,low,2025-12-24
64,112,2025-12-18,open,medium,
65,38,2026-02-26,solved,low,2026-03-08
66,67,2025-11-13,solved,medium,2025-11-22
67,45,2025-11-17,solved,medium,2025-11-26
68,82,2025-12-01,pending,medium,
69,88,2025-12-09,solved,medium,2025-12-16
70,27,2025-09-22,solved,low,2025-09-30
71,22,2026-01-18,solved,medium,2026-01-22
72,33,2025-09-28,solved,high,2025-09-30
73,68,2025-09-22,solved,medium,2025-09-27
74,106,2025-10-23,closed,high,2025-10-30
75,88,2026-02-02,solved,low,2026-02-07
76,107,2026-02-26,solved,low,2026-03-12
77,30,2026-01-14,solved,low,2026-01-21
78,5,2025-10-03,solved,low,2025-10-12
79,10,2025-12-06,solved,medium,2025-12-14
80,95,2026-03-03,solved,medium,2026-03-06
81,56,2025-10-06,closed,medium,2025-10-10
82,107,2025-11-13,solved,medium,2025-11-19
83,67,2025-11-06,solved,medium,2025-11-14
84,13,2026-02-15,open,high,
85,1,2025-10-18,solved,low,2025-10-30
86,67,2025-12-14,solved,medium,2025-12-21
87,118,2025-10-14,open,high,
88,36,2025-09-18,closed,medium,2025-09-24
89,68,2025-10-14,closed,low,2025-10-23
90,103,2026-01-26,solved,urgent,2026-01-26
91,25,2026-01-22,closed,high,2026-01-22
92,101,2025-09-15,open,medium,
93,37,2026-01-05,open,urgent,
94,97,2026-01-29,closed,medium,2026-02-02
95,118,2026-02-02,closed,medium,2026-02-11
96,34,2025-12-30,solved,low,2026-01-07
97,36,2026-01-26,pending,high,
98,28,2025-11-02,pending,high,
99,18,2025-12-03,solved,low,2025-12-13
100,93,2025-12-19,solved,low,2025-12-30
101,61,2025-11-11,closed,medium,2025-11-18
102,14,2026-03-03,open,low,
103,8,2025-10-07,solved,high,2025-10-13
104,115,2026-03-07,pending,medium,
105,120,2026-02-08,solved,low,2026-02-18
106,94,2025-09-16,solved,high,2025-09-20
107,45,2026-02-10,solved,high,2026-02-15
108,26,2026-01-23,open,medium,
109,19,2026-02-21,closed,low,2026-02-27
110,117,2025-10-17,open,medium,
111,46,2026-02-05,solved,medium,2026-02-10
112,71,2026-01-05,pending,low,
113,105,2025-11-04,closed,medium,2025-11-12
114,104,2025-11-06,closed,medium,2025-11-12
115,5,2026-01-01,closed,high,2026-01-05
116,44,2026-03-05,pending,high,
117,33,2026-02-11,closed,high,2026-02-14
118,85,2026-02-23,open,low,
119,81,2025-12-05,pending,medium,
120,12,2025-10-16,closed,medium,2025-10-23
121,32,2025-09-23,solved,medium,2025-09-29
122,120,2026-01-16,solved,low,2026-01-20
123,21,2025-12-28,closed,low,2026-01-08
124,67,2026-02-03,pending,medium,
125,80,2025-11-19,pending,low,
126,7,2025-10-20,closed,medium,2025-10-27
127,77,2025-10-19,solved,high,2025-10-24
128,98,2025-10-04,closed,low,2025-10-12
129,67,2026-01-20,pending,medium,
130,55,2026-01-15,solved,low,2026-01-22
131,93,2025-11-11,closed,medium,2025-11-17
132,105,2025-12-13,solved,low,2025-12-25
133,85,2025-11-29,closed,low,2025-12-09
134,52,2025-11-18,solved,urgent,2025-11-22
135,41,2025-12-18,open,low,
136,116,2025-10-14,open,medium,
137,98,2026-03-12,pending,medium,
138,31,2025-10-28,closed,medium,2025-11-01
139,41,2025-10-09,open,medium,
140,63,2025-11-24,solved,medium,2025-11-29
141,92,2025-12-04,open,low,
142,7,2026-01-11,closed,low,2026-01-23
143,18,2025-12-14,solved,medium,2025-12-21
144,41,2025-12-12,closed,low,2025-12-20
145,66,2026-03-06,solved,high,2026-03-11
146,118,2026-02-23,closed,low,2026-03-07
147,100,2026-02-17,closed,high,2026-02-22
148,91,2026-02-23,solved,high,2026-02-26
149,56,2025-10-21,pending,urgent,
150,15,2026-03-12,open,urgent,
151,37,2026-03-11,pending,medium,
152,27,2025-12-19,closed,medium,2025-12-27
153,89,2025-11-09,solved,low,2025-11-21
154,83,2026-02-10,solved,medium,2026-02-17
155,105,2025-12-29,open,low,
156,113,2025-10-24,closed,low,2025-11-03
157,111,2026-02-07,open,medium,
158,24,2025-12-08,solved,low,2025-12-17
159,35,2025-12-05,open,high,
160,102,2026-03-06,closed,high,2026-03-11
161,99,2026-02-13,closed,medium,2026-02-21
162,44,2025-12-05,closed,medium,2025-12-13
163,34,2025-12-24,solved,medium,2025-12-31
164,49,2026-02-11,solved,low,2026-02-24
165,19,2025-12-13,solved,high,2025-12-17
166,57,2026-02-08,solved,medium,2026-02-16
167,85,2026-02-13,pending,medium,
168,54,2026-02-27,pending,urgent,
169,75,2025-12-03,closed,low,2025-12-11
170,32,2025-10-26,solved,medium,2025-10-31
171,35,2025-10-17,solved,low,2025-10-26
172,17,2025-12-15,solved,low,2025-12-24
173,7,2025-09-18,solved,medium,2025-09-29
174,117,2025-12-20,solved,medium,2025-12-28
175,65,2026-01-08,pending,low,
176,38,2026-02-02,solved,low,2026-02-09
177,37,2025-11-20,solved,low,2025-11-29
178,13,2026-02-10,closed,medium,2026-02-20
179,103,2025-12-16,closed,medium,2025-12-21
180,117,2026-01-12,closed,medium,2026-01-16
181,28,2026-03-04,open,low,
182,3,2026-01-03,open,low,
183,37,2026-01-19,solved,high,2026-01-22
184,116,2026-02-10,closed,low,2026-02-20
185,37,2026-01-26,closed,low,2026-02-01
186,47,2025-12-29,solved,medium,2026-01-05
187,82,2025-12-13,closed,high,2025-12-16
188,57,2026-03-07,solved,high,2026-03-10
189,49,2025-12-04,solved,medium,2025-12-07
190,105,2026-01-21,closed,medium,2026-01-26
191,74,2026-02-09,closed,high,2026-02-11
192,14,2026-02-13,solved,medium,2026-02-20
193,50,2026-02-21,pending,medium,
194,24,2025-12-12,solved,high,2025-12-14
195,2,2026-02-24,solved,low,2026-03-06
196,43,2025-09-30,pending,low,
197,54,2025-10-03,solved,medium,2025-10-13
198,27,2026-02-20,solved,medium,2026-02-25
199,14,2026-01-03,solved,medium,2026-01-11
200,91,2026-02-06,closed,low,2026-02-13
201,79,2025-09-28,solved,urgent,2025-10-02
202,78,2026-03-02,solved,low,2026-03-11
203,58,2026-03-05,solved,low,2026-03-09
204,54,2026-02-26,pending,low,
205,107,2025-12-30,solved,low,2026-01-13
206,8,2025-11-27,closed,medium,2025-12-07
207,7,2025-11-15,closed,high,2025-11-15
208,36,2025-09-22,closed,medium,2025-10-02
209,21,2025-10-28,solved,urgent,2025-10-30
210,17,2025-11-24,solved,medium,2025-11-28
211,40,2025-09-25,solved,high,2025-10-02
212,22,2025-09-15,solved,medium,2025-09-20
213,43,2025-12-30,closed,medium,2026-01-03
214,69,2025-12-01,solved,low,2025-12-13
215,98,2025-12-16,closed,medium,2025-12-24
216,79,2026-03-07,pending,medium,
217,95,2025-10-03,closed,medium,2025-10-14
218,115,2026-02-27,closed,low,2026-03-09
219,112,2026-01-30,solved,medium,2026-02-05
220,99,2025-12-25,pending,medium,
221,86,2025-09-22,solved,high,2025-09-27
222,95,2025-09-14,solved,low,2025-09-25
223,54,2026-01-02,solved,low,2026-01-11
224,42,2026-02-18,solved,high,2026-02-19
225,96,2025-09-20,pending,low,
226,77,2026-03-06,pending,low,
227,4,2025-10-17,solved,medium,2025-10-24
228,46,2025-09-17,solved,low,2025-09-24
229,21,2026-02-12,closed,low,2026-02-22
230,27,2025-12-28,solved,low,2026-01-07
231,118,2025-09-24,solved,high,2025-09-26
232,25,2025-12-15,solved,urgent,2025-12-15
233,1,2026-02-24,closed,medium,2026-03-04
234,79,2025-12-25,pending,medium,
235,51,2025-12-11,pending,low,
236,93,2026-03-01,solved,medium,2026-03-09
237,55,2026-02-11,solved,medium,2026-02-18
238,87,2026-02-14,solved,low,2026-02-22
239,46,2026-01-24,solved,low,2026-02-05
240,24,2026-03-04,open,low,
241,58,2026-03-03,solved,high,2026-03-05
242,74,2025-10-06,solved,low,2025-10-20
243,89,2025-11-21,open,medium,
244,61,2025-12-26,closed,medium,2025-12-29
245,96,2026-02-06,solved,medium,2026-02-14
246,6,2026-02-14,solved,medium,2026-02-20
247,101,2025-11-15,solved,low,2025-11-26
248,113,2025-12-23,open,medium,
249,9,2026-02-17,closed,high,2026-02-21
250,55,2025-12-05,solved,low,2025-12-14
251,48,2025-10-09,closed,low,2025-10-19
252,50,2026-03-03,open,low,
253,104,2025-09-26,solved,high,2025-09-28
254,34,2025-12-09,solved,high,2025-12-12
255,111,2026-02-23,solved,low,2026-03-07
256,114,2025-11-19,solved,low,2025-11-26
257,104,2025-09-16,closed,low,2025-09-25
258,108,2026-01-19,closed,medium,2026-01-27
259,8,2025-12-15,closed,low,2025-12-25
260,120,2025-12-08,solved,low,2025-12-18
261,97,2026-02-19,solved,urgent,2026-02-25
262,108,2025-10-07,solved,medium,2025-10-11
263,16,2025-10-13,closed,medium,2025-10-20
264,80,2025-09-17,pending,high,
265,103,2025-11-08,solved,high,2025-11-14
266,103,2025-12-14,open,medium,
267,82,2026-03-04,closed,medium,2026-03-08
268,115,2026-02-11,open,low,
269,58,2025-12-30,solved,medium,2026-01-06
270,4,2025-11-16,solved,low,2025-11-24
271,15,2025-11-28,closed,low,2025-12-08
272,26,2025-10-10,pending,medium,
273,51,2026-02-28,open,low,
274,65,2026-01-31,closed,low,2026-02-09
275,28,2025-12-01,open,low,
276,47,2026-02-25,solved,low,2026-03-06
277,116,2026-03-01,closed,medium,2026-03-06
278,99,2025-10-16,open,high,
279,32,2026-01-06,closed,medium,2026-01-12
280,63,2025-12-24,open,medium,
281,70,2026-01-24,open,medium,
282,82,2025-11-30,solved,low,2025-12-11
283,97,2026-01-12,solved,low,2026-01-23
284,68,2026-03-09,open,medium,
285,21,2026-03-06,solved,medium,2026-03-09
286,5,2025-12-07,open,medium,
287,87,2026-02-15,pending,medium,
288,13,2026-02-08,solved,medium,2026-02-14
289,51,2026-02-24,closed,low,2026-03-04
290,95,2025-11-14,solved,low,2025-11-22
291,48,2026-03-12,pending,low,
292,108,2025-11-08,closed,high,2025-11-11
293,74,2026-02-04,open,high,
294,8,2026-01-11,solved,low,2026-01-21
295,11,2025-11-21,solved,low,2025-11-29
296,74,2025-10-19,closed,low,2025-10-27
297,70,2025-09-21,closed,medium,2025-09-29
298,49,2025-09-26,closed,low,2025-10-04
299,62,2026-03-01,solved,low,2026-03-10
300,77,2026-02-10,closed,high,2026-02-16
301,66,2026-02-19,solved,low,2026-02-25
302,71,2025-10-08,pending,low,
303,100,2025-12-05,closed,low,2025-12-13
304,5,2025-12-20,solved,medium,2025-12-30
305,76,2026-01-16,closed,medium,2026-01-22
306,43,2026-02-18,closed,high,2026-02-27
307,45,2025-09-19,closed,medium,2025-09-27
308,51,2026-01-27,solved,medium,2026-02-01
309,17,2026-02-28,open,medium,
310,13,2025-11-21,open,low,
311,24,2026-01-06,open,high,
312,79,2026-03-03,solved,medium,2026-03-10
313,47,2026-03-12,open,medium,
314,22,2025-09-14,solved,low,2025-09-23
315,82,2026-02-08,closed,high,2026-02-14
316,16,2025-12-06,closed,medium,2025-12-14
317,14,2026-03-01,solved,high,2026-03-07
318,86,2026-01-29,solved,high,2026-02-03
319,120,2026-02-10,solved,low,2026-02-18
320,76,2026-01-28,solved,high,2026-01-29
321,72,2025-10-21,solved,medium,2025-10-24
322,99,2025-11-01,pending,high,
323,25,2026-02-01,pending,low,
324,78,2025-10-16,solved,high,2025-10-18
325,54,2026-02-23,solved,urgent,2026-02-25
326,17,2025-12-04,closed,medium,2025-12-12
327,12,2026-01-05,solved,medium,2026-01-12
328,111,2025-12-31,open,medium,
329,35,2025-09-16,solved,high,2025-09-16
330,8,2025-11-07,solved,low,2025-11-19
331,99,2026-02-05,solved,medium,2026-02-08
332,119,2025-10-29,closed,high,2025-11-01
333,120,2025-10-01,open,high,
334,115,2026-02-21,closed,medium,2026-02-28
335,79,2025-11-26,pending,low,
336,95,2025-09-24,closed,medium,2025-10-03
337,105,2025-11-21,closed,low,2025-11-26
338,50,2026-02-21,solved,low,2026-03-03
339,104,2025-10-08,open,high,
340,44,2025-09-22,closed,low,2025-10-03
341,21,2025-09-28,open,urgent,
342,95,2025-10-07,solved,low,2025-10-18
343,1,2025-10-01,closed,medium,2025-10-06
344,46,2026-02-09,solved,urgent,2026-02-09
345,33,2025-12-31,open,low,
346,117,2025-12-15,open,low,
347,31,2025-12-18,solved,low,2025-12-27
348,95,2025-10-18,closed,low,2025-10-31
349,55,2026-01-08,solved,low,2026-01-19
350,10,2025-12-18,open,medium,
351,71,2025-12-29,closed,low,2026-01-12
352,19,2025-10-29,solved,low,2025-11-09
353,68,2025-10-03,solved,medium,2025-10-05
354,44,2025-12-30,closed,low,2026-01-09
355,96,2026-01-04,closed,medium,2026-01-11
356,77,2025-11-27,open,high,
357,89,2026-01-06,closed,medium,2026-01-10
358,99,2025-09-27,solved,low,2025-10-08
359,80,2025-12-09,closed,low,2025-12-18
360,36,2025-12-10,solved,high,2025-12-14
361,67,2025-11-03,closed,high,2025-11-07
362,64,2026-03-10,pending,medium,
363,51,2025-11-25,solved,urgent,2025-11-25
364,96,2025-11-22,closed,medium,2025-11-28
365,104,2025-12-03,solved,medium,2025-12-10
366,93,2025-09-24,open,low,
367,31,2025-11-20,closed,urgent,2025-11-22
368,11,2025-11-20,open,medium,
369,98,2025-11-07,pending,high,
370,89,2025-11-12,solved,medium,2025-11-18
371,106,2026-02-22,solved,high,2026-02-27
372,63,2026-01-21,solved,high,2026-01-24
373,114,2026-01-01,pending,low,
374,107,2025-12-13,solved,medium,2025-12-19
375,89,2025-09-17,closed,high,2025-09-19
376,45,2025-10-25,solved,urgent,2025-10-25
377,94,2025-11-13,open,medium,
378,47,2026-02-04,solved,medium,2026-02-12
379,26,2026-01-19,closed,high,2026-01-23
380,18,2026-01-03,solved,medium,2026-01-09
381,55,2026-03-10,open,medium,
382,44,2026-01-11,closed,medium,2026-01-15
383,10,2025-10-07,solved,medium,2025-10-12
384,67,2025-12-31,solved,high,2026-01-02
385,39,2026-03-12,pending,high,
386,120,2025-10-04,open,low,
387,19,2026-03-03,solved,medium,2026-03-06
388,40,2025-09-14,solved,low,2025-09-23
389,37,2025-10-19,open,low,
390,61,2025-11-12,solved,low,2025-11-21
391,105,2026-02-11,closed,high,2026-02-12
392,116,2025-10-26,solved,medium,2025-10-31
393,13,2026-03-02,closed,medium,2026-03-07
394,40,2025-12-11,solved,medium,2025-12-17
395,60,2026-01-30,open,low,
396,69,2025-11-19,solved,medium,2025-11-27
397,77,2025-10-02,closed,high,2025-10-02
398,14,2026-03-06,open,low,
399,9,2025-10-21,solved,medium,2025-10-25
400,60,2026-01-08,solved,medium,2026-01-14
401,18,2025-09-21,solved,medium,2025-10-01
402,63,2025-11-27,solved,high,2025-12-03
403,92,2025-12-14,solved,urgent,2025-12-20
404,8,2025-10-09,pending,medium,
405,56,2025-10-05,closed,low,2025-10-16
406,23,2025-09-16,solved,medium,2025-09-20
407,83,2025-10-28,closed,urgent,2025-10-29
408,18,2025-10-02,solved,medium,2025-10-06
409,56,2026-01-28,closed,high,2026-02-03
410,45,2026-02-26,solved,medium,2026-03-07
411,72,2025-11-30,solved,medium,2025-12-02
412,63,2025-09-27,closed,low,2025-10-08
413,79,2025-12-22,solved,low,2025-12-29
414,35,2025-09-17,closed,low,2025-09-26
415,112,2025-10-18,pending,low,
416,101,2025-12-11,solved,low,2025-12-22
417,42,2026-02-13,pending,low,
418,89,2025-12-29,solved,medium,2026-01-03
419,78,2026-03-12,open,low,
420,34,2026-02-27,closed,high,2026-03-02
421,52,2026-02-06,solved,low,2026-02-14
422,31,2025-12-17,closed,low,2025-12-31
423,11,2025-11-15,solved,low,2025-11-26
424,58,2025-09-19,solved,medium,2025-09-27
425,44,2026-01-08,solved,low,2026-01-21
426,14,2026-02-20,open,high,
427,36,2025-11-07,pending,low,
428,104,2025-12-02,solved,medium,2025-12-08
429,43,2026-01-21,solved,low,2026-01-31
430,67,2025-11-13,solved,urgent,2025-11-13
431,28,2026-01-16,closed,low,2026-01-24
432,35,2025-11-18,solved,low,2025-11-27
433,119,2026-03-05,pending,low,
434,53,2026-01-02,pending,low,
435,66,2025-11-11,solved,medium,2025-11-17
436,6,2025-11-26,solved,low,2025-12-07
437,117,2025-12-31,open,low,
438,54,2026-02-16,solved,high,2026-02-16
439,117,2025-10-19,open,medium,
440,17,2025-09-28,solved,high,2025-10-03
441,71,2026-02-26,closed,low,2026-03-09
442,17,2026-02-21,pending,medium,
443,45,2025-10-22,open,medium,
444,119,2025-12-20,solved,medium,2025-12-28
445,61,2026-01-10,solved,medium,2026-01-14
446,63,2025-12-26,solved,medium,2026-01-02
447,17,2026-01-22,open,high,
448,8,2025-10-05,solved,low,2025-10-19
449,118,2026-03-08,closed,medium,2026-03-12
450,41,2026-02-26,closed,low,2026-03-03
451,23,2025-12-18,pending,high,
452,8,2025-12-11,closed,medium,2025-12-17
453,77,2026-02-23,solved,high,2026-02-26
454,59,2025-10-29,solved,medium,2025-11-04
455,4,2026-02-02,closed,low,2026-02-11
456,91,2026-03-07,open,low,
457,7,2025-11-03,pending,medium,
458,25,2026-01-30,open,low,
459,69,2026-03-08,solved,urgent,2026-03-09
460,18,2025-11-06,solved,medium,2025-11-10
461,73,2026-02-20,solved,medium,2026-02-28
462,85,2025-09-25,pending,low,
463,99,2026-01-04,solved,low,2026-01-14
464,52,2025-12-11,solved,high,2025-12-13
465,62,2025-12-21,solved,medium,2025-12-30
466,115,2026-02-23,solved,medium,2026-03-02
467,14,2026-03-10,open,medium,
468,120,2026-02-12,solved,high,2026-02-16
469,4,2025-11-09,open,medium,
470,62,2026-02-27,pending,medium,
471,117,2026-01-17,closed,high,2026-01-21
472,36,2026-01-23,closed,medium,2026-01-29
473,24,2025-12-14,closed,high,2025-12-15
474,78,2026-01-26,solved,low,2026-02-08
475,25,2025-09-21,closed,low,2025-10-02
476,102,2025-10-26,closed,low,2025-11-02
477,109,2026-02-24,solved,low,2026-03-08
478,38,2025-12-15,solved,high,2025-12-22
479,47,2025-11-09,solved,low,2025-11-18
480,25,2026-01-21,solved,low,2026-01-29
481,67,2025-12-15,solved,low,2025-12-26
482,1,2026-02-12,solved,low,2026-02-21
483,6,2025-12-04,open,low,
484,78,2026-02-19,solved,low,2026-02-27
485,8,2026-01-31,closed,medium,2026-02-04
486,45,2025-10-06,pending,low,
487,93,2025-11-17,solved,medium,2025-11-24
488,109,2026-03-04,open,medium,
489,82,2026-01-09,solved,low,2026-01-19
490,117,2026-03-12,open,medium,
491,87,2026-03-08,pending,low,
492,113,2025-10-31,pending,low,
493,28,2026-01-23,open,low,
494,27,2025-11-21,solved,low,2025-11-30
495,86,2026-01-12,solved,medium,2026-01-15
496,102,2026-02-12,solved,medium,2026-02-17
497,34,2025-10-17,solved,high,2025-10-22
498,43,2025-11-05,closed,low,2025-11-15
499,7,2026-02-19,closed,medium,2026-02-25
500,110,2025-11-08,closed,medium,2025-11-15
501,20,2026-01-26,closed,medium,2026-02-04
502,113,2026-01-01,solved,low,2026-01-13
503,99,2025-10-01,pending,low,
504,64,2025-11-16,solved,medium,2025-11-23
505,38,2025-10-13,pending,low,
506,114,2026-02-15,closed,high,2026-02-19
507,20,2025-09-22,solved,urgent,2025-09-26
508,23,2025-10-02,open,high,
509,48,2026-01-05,solved,low,2026-01-15
510,105,2025-11-18,solved,low,2025-11-28
511,104,2026-03-11,open,low,
512,112,2026-03-10,pending,low,
513,67,2025-09-29,solved,medium,2025-10-05
514,49,2025-11-14,closed,high,2025-11-16
515,76,2026-01-24,solved,low,2026-02-02
516,73,2026-02-11,closed,medium,2026-02-17
517,42,2025-10-30,closed,low,2025-11-09
518,97,2025-12-02,closed,low,2025-12-14
519,39,2025-10-02,open,low,
520,8,2025-12-13,open,urgent,
521,88,2025-10-10,solved,medium,2025-10-21
522,47,2026-02-17,solved,high,2026-02-22
523,96,2025-12-07,solved,low,2025-12-16
524,22,2026-01-18,closed,low,2026-01-31
525,32,2026-01-14,solved,low,2026-01-22
526,105,2026-01-31,closed,high,2026-02-05
527,5,2025-10-02,pending,low,
528,2,2025-11-04,solved,low,2025-11-12
529,22,2025-09-29,solved,low,2025-10-06
530,112,2025-11-11,solved,medium,2025-11-15
531,13,2025-11-05,solved,high,2025-11-10
532,20,2026-02-22,open,medium,
533,5,2025-12-09,open,low,
534,117,2026-01-20,open,medium,
535,36,2026-01-10,open,medium,
536,51,2026-02-07,closed,low,2026-02-16
537,73,2025-11-03,closed,medium,2025-11-10
538,109,2025-09-28,closed,low,2025-10-09
539,48,2026-02-08,pending,low,
540,88,2025-11-10,closed,high,2025-11-14
541,105,2025-09-24,solved,low,2025-10-05
542,105,2025-10-24,open,low,
543,11,2025-12-14,open,medium,
544,31,2026-01-10,pending,low,
545,78,2026-03-04,closed,medium,2026-03-06
546,59,2026-01-13,solved,high,2026-01-17
547,106,2025-11-12,solved,low,2025-11-21
548,14,2026-03-07,pending,high,
549,117,2025-10-18,open,medium,
550,53,2026-01-06,solved,low,2026-01-19
551,102,2025-12-12,solved,low,2025-12-23
552,74,2026-01-24,closed,medium,2026-01-29
553,90,2025-10-27,solved,urgent,2025-10-31
554,22,2026-01-01,solved,medium,2026-01-07
555,72,2026-02-25,closed,low,2026-03-04
556,20,2025-11-29,closed,low,2025-12-11
557,43,2026-01-27,closed,low,2026-02-08
558,15,2026-03-03,closed,urgent,2026-03-04
559,116,2026-02-24,solved,high,2026-02-26
560,78,2026-02-21,open,high,
561,92,2026-01-25,solved,low,2026-02-02
562,78,2026-03-11,pending,medium,
563,112,2025-12-12,solved,medium,2025-12-18
564,25,2025-12-27,solved,medium,2026-01-02
565,98,2025-10-06,solved,high,2025-10-11
566,12,2025-11-11,open,low,
567,27,2025-10-05,solved,urgent,2025-10-10
568,8,2026-01-12,open,high,
569,10,2026-03-11,pending,medium,
570,9,2025-11-12,closed,medium,2025-11-13
571,52,2026-01-13,closed,low,2026-01-22
572,55,2026-02-10,closed,medium,2026-02-17
573,59,2025-12-25,open,medium,
574,5,2025-10-17,solved,high,2025-10-17
575,34,2025-11-10,open,medium,
576,120,2025-11-28,open,medium,
577,100,2025-11-02,closed,low,2025-11-15
578,77,2025-10-03,open,medium,
579,59,2025-10-28,closed,medium,2025-11-02
580,15,2026-01-02,open,high,
581,44,2026-02-11,solved,medium,2026-02-16
582,60,2025-10-28,solved,low,2025-11-08
583,46,2026-02-03,closed,urgent,2026-02-05
584,90,2025-10-21,closed,high,2025-10-24
585,115,2026-02-11,solved,high,2026-02-13
586,79,2025-10-31,pending,low,
587,74,2025-09-16,pending,medium,
588,42,2026-03-06,open,low,
589,76,2025-10-27,solved,high,2025-10-30
590,106,2026-03-04,open,low,
591,95,2025-10-02,solved,medium,2025-10-07
592,92,2026-02-27,solved,low,2026-03-06
593,22,2026-02-10,closed,medium,2026-02-14
594,24,2025-09-21,solved,low,2025-10-01
595,44,2025-09-21,solved,low,2025-10-03
596,50,2026-02-15,solved,medium,2026-02-20
597,80,2025-12-28,open,medium,
598,71,2025-09-18,closed,low,2025-09-24
599,19,2026-03-01,solved,medium,2026-03-06
600,60,2026-02-23,solved,medium,2026-03-02
601,106,2025-12-26,solved,high,2026-01-01
602,35,2026-01-29,solved,low,2026-02-06
603,78,2026-02-21,solved,high,2026-02-22
604,120,2026-01-26,solved,high,2026-01-30
605,59,2025-11-01,pending,low,
606,96,2025-10-12,closed,low,2025-10-20
607,56,2025-10-14,solved,medium,2025-10-22
608,29,2025-11-04,pending,medium,
609,74,2025-11-12,open,medium,
610,66,2025-11-18,solved,low,2025-11-29
611,78,2026-02-18,solved,low,2026-03-01
612,74,2026-03-10,pending,high,
613,109,2026-02-24,solved,low,2026-03-06
614,16,2026-02-16,solved,high,2026-02-20
615,11,2025-10-06,closed,medium,2025-10-12
616,29,2026-02-01,closed,low,2026-02-09
617,110,2026-02-06,open,medium,
618,98,2025-10-13,open,medium,
619,94,2025-10-25,solved,medium,2025-11-02
620,24,2025-12-23,solved,low,2026-01-03
621,118,2025-09-23,open,medium,
622,19,2026-02-22,open,high,
623,87,2026-03-06,open,low,
624,106,2025-11-27,closed,medium,2025-12-04
625,61,2025-09-29,closed,low,2025-10-12
626,55,2026-02-14,solved,low,2026-02-20
627,60,2025-10-29,solved,medium,2025-11-05
628,116,2026-02-21,solved,medium,2026-03-02
629,115,2026-01-30,solved,medium,2026-02-09
630,115,2026-03-07,open,low,
631,111,2026-01-15,solved,low,2026-01-30
632,84,2025-11-01,open,low,
633,103,2025-11-26,open,medium,
634,71,2025-11-19,open,medium,
635,21,2025-12-24,closed,urgent,2025-12-24
636,41,2025-12-19,closed,urgent,2025-12-22
637,21,2025-10-09,solved,high,2025-10-10
638,91,2026-02-05,solved,high,2026-02-07
639,71,2026-01-19,solved,medium,2026-01-24
640,35,2025-11-30,pending,medium,
641,63,2025-11-18,solved,medium,2025-11-24
642,75,2025-10-14,pending,low,
643,94,2025-11-23,closed,medium,2025-12-03
644,116,2026-01-02,solved,medium,2026-01-09
645,2,2025-11-21,closed,medium,2025-11-27
646,45,2025-10-01,solved,medium,2025-10-08
647,67,2025-09-22,closed,low,2025-10-03
648,91,2025-10-21,solved,low,2025-11-01
649,68,2026-02-23,closed,low,2026-03-06
650,65,2025-09-27,solved,low,2025-10-09
651,43,2025-11-13,solved,urgent,2025-11-15
652,91,2025-12-27,solved,medium,2026-01-04
653,98,2025-09-15,solved,medium,2025-09-23
654,102,2025-12-10,solved,low,2025-12-21
655,96,2026-02-05,pending,medium,
656,69,2026-03-08,pending,medium,
657,109,2026-02-06,solved,medium,2026-02-13
658,105,2026-03-03,pending,low,
659,73,2025-10-31,closed,high,2025-10-31
660,14,2025-10-31,solved,medium,2025-11-06
661,82,2025-11-03,pending,low,
662,6,2026-01-09,solved,medium,2026-01-16
663,67,2025-12-30,closed,medium,2026-01-05
664,118,2025-09-25,closed,medium,2025-10-04
665,80,2026-01-21,closed,medium,2026-01-27
666,6,2026-02-17,solved,low,2026-02-24
667,97,2025-11-29,closed,low,2025-12-08
668,41,2025-12-10,closed,high,2025-12-16
669,12,2026-01-13,open,high,
670,45,2025-12-24,solved,low,2026-01-06
671,113,2025-10-19,solved,high,2025-10-22
672,40,2025-11-29,closed,high,2025-12-05
673,112,2026-01-08,closed,medium,2026-01-08
674,54,2026-02-27,solved,medium,2026-03-06
675,54,2026-02-26,closed,high,2026-03-03
676,106,2026-01-23,solved,low,2026-02-01
677,33,2026-01-10,open,urgent,
678,32,2025-12-31,open,low,
679,53,2026-03-03,closed,low,2026-03-10
680,27,2025-11-14,open,low,
681,58,2026-01-25,closed,medium,2026-01-30
682,112,2025-09-23,closed,high,2025-09-23
683,26,2025-09-28,solved,medium,2025-10-03
684,60,2026-01-31,open,low,
685,63,2026-02-05,solved,medium,2026-02-10
686,82,2025-12-23,pending,medium,
687,65,2025-09-13,solved,low,2025-09-23
688,17,2025-10-25,closed,high,2025-10-28
689,102,2025-11-14,closed,low,2025-11-23
690,114,2025-11-15,solved,low,2025-11-29
691,101,2025-11-29,solved,high,2025-12-07
692,18,2026-03-11,pending,urgent,
693,87,2026-02-22,solved,medium,2026-02-28
694,90,2025-09-23,open,medium,
695,29,2026-01-20,open,high,
696,62,2026-01-05,open,low,
697,113,2025-11-25,open,medium,
698,19,2026-03-01,closed,low,2026-03-11
699,82,2026-01-25,closed,medium,2026-02-04
700,33,2025-09-23,solved,urgent,2025-09-27
701,107,2026-01-27,closed,urgent,2026-01-28
702,35,2025-12-19,pending,low,
703,37,2025-11-19,solved,low,2025-11-30
704,9,2025-09-13,solved,high,2025-09-16
705,16,2026-02-08,open,high,
706,52,2026-01-18,closed,medium,2026-01-22
707,105,2026-02-22,closed,medium,2026-02-28
708,88,2025-09-20,closed,medium,2025-09-26
709,50,2026-03-02,closed,low,2026-03-11
710,35,2025-09-24,solved,medium,2025-10-03
711,108,2025-10-12,closed,low,2025-10-20
712,73,2026-01-30,solved,medium,2026-02-04
713,75,2026-03-07,open,medium,
714,77,2026-02-23,open,low,
715,103,2026-02-03,closed,low,2026-02-13
716,111,2025-10-01,solved,medium,2025-10-05
717,2,2026-01-21,open,low,
718,112,2026-03-06,closed,high,2026-03-06
719,24,2025-09-30,solved,medium,2025-10-06
720,80,2025-11-06,open,medium,
721,22,2025-12-04,solved,low,2025-12-15
722,32,2025-12-11,solved,medium,2025-12-21
723,120,2026-01-12,closed,medium,2026-01-18
724,25,2026-01-18,closed,medium,2026-01-26
725,1,2026-03-06,open,low,
726,10,2025-12-31,closed,urgent,2026-01-01
727,107,2026-01-10,pending,medium,
728,9,2025-12-30,solved,medium,2026-01-06
729,11,2026-03-03,solved,high,2026-03-04
730,54,2025-09-21,closed,high,2025-09-22
731,11,2025-12-07,solved,medium,2025-12-14
732,53,2026-02-08,solved,urgent,2026-02-12
733,60,2025-11-11,solved,high,2025-11-13
734,60,2025-10-19,solved,low,2025-10-28
735,12,2026-01-30,open,medium,
736,5,2026-03-11,open,medium,
737,21,2026-02-22,closed,high,2026-02-23
738,60,2026-01-30,solved,low,2026-02-07
739,48,2025-10-28,solved,low,2025-11-08
740,25,2026-01-22,solved,medium,2026-01-28
741,117,2025-12-07,solved,high,2025-12-13
742,48,2026-01-15,closed,medium,2026-01-20
743,42,2026-02-11,closed,low,2026-02-20
744,119,2025-10-31,pending,medium,
745,91,2026-02-03,closed,low,2026-02-16
746,11,2025-10-24,solved,low,2025-10-30
747,57,2025-09-19,solved,low,2025-09-26
748,26,2026-01-04,solved,high,2026-01-07
749,15,2025-09-20,solved,medium,2025-09-30
750,79,2026-02-28,solved,low,2026-03-07
751,90,2025-12-11,solved,low,2025-12-21
752,47,2025-09-24,solved,medium,2025-09-28
753,106,2025-10-29,closed,medium,2025-11-07
754,117,2026-01-03,closed,low,2026-01-13
755,3,2025-11-03,open,urgent,
756,18,2025-12-28,solved,low,2026-01-09
757,4,2025-10-01,pending,medium,
758,64,2025-09-26,solved,urgent,2025-09-29
759,93,2025-12-31,open,low,
760,87,2026-02-14,solved,low,2026-02-22
761,49,2025-10-24,open,low,
762,23,2026-01-21,solved,medium,2026-01-30
763,6,2026-02-03,solved,medium,2026-02-15
764,60,2025-12-02,closed,low,2025-12-12
765,34,2025-09-16,solved,medium,2025-09-20
766,90,2026-01-15,solved,low,2026-01-23
767,79,2025-11-22,open,high,
768,39,2025-10-02,closed,medium,2025-10-05
769,61,2025-10-10,solved,high,2025-10-13
770,6,2025-11-19,solved,medium,2025-11-26
771,75,2025-11-13,closed,low,2025-11-22
772,30,2026-03-04,open,medium,
773,70,2026-01-11,open,low,
774,111,2025-11-13,solved,high,2025-11-17
775,94,2026-01-05,solved,high,2026-01-09
776,29,2026-01-08,solved,high,2026-01-13
777,83,2026-01-05,pending,low,
778,87,2025-12-22,pending,medium,
779,13,2026-02-17,open,medium,
780,115,2026-02-26,solved,medium,2026-03-10
781,40,2025-09-16,solved,medium,2025-09-20
782,21,2026-01-05,pending,low,
783,54,2026-02-20,solved,high,2026-02-22
784,60,2025-11-17,closed,high,2025-11-24
785,34,2026-02-03,closed,high,2026-02-04
786,64,2025-12-23,open,low,
787,88,2025-09-25,open,urgent,
788,60,2026-02-22,closed,low,2026-03-01
789,118,2025-10-16,pending,high,
790,92,2025-11-23,open,medium,
791,39,2026-01-21,closed,medium,2026-01-24
792,119,2026-02-05,closed,medium,2026-02-14
793,71,2026-02-08,pending,low,
794,85,2025-11-01,solved,medium,2025-11-10
795,51,2026-01-27,closed,low,2026-02-07
796,73,2025-10-23,closed,low,2025-10-31
797,116,2026-01-04,solved,high,2026-01-04
798,7,2025-10-10,closed,medium,2025-10-17
799,103,2025-10-29,pending,medium,
800,120,2025-12-04,closed,medium,2025-12-10
801,110,2025-12-11,solved,low,2025-12-18
802,116,2026-03-02,pending,medium,
803,88,2025-10-04,open,low,
804,44,2026-02-26,solved,medium,2026-03-06
805,99,2025-10-22,closed,medium,2025-10-28
806,118,2025-12-26,solved,medium,2025-12-29
807,53,2025-10-14,solved,urgent,2025-10-16
808,73,2025-09-30,solved,high,2025-10-03
809,5,2026-03-06,solved,high,2026-03-08
810,85,2025-10-02,solved,low,2025-10-12
811,67,2025-11-24,solved,low,2025-12-03
812,34,2026-02-27,solved,medium,2026-03-11
813,86,2026-02-03,closed,low,2026-02-10
814,89,2025-12-22,closed,medium,2026-01-01
815,103,2025-11-24,solved,medium,2025-11-29
816,61,2026-02-13,closed,high,2026-02-19
817,59,2026-02-07,closed,low,2026-02-17
818,55,2026-02-26,solved,high,2026-03-03
819,87,2026-03-12,open,high,
820,8,2026-02-05,solved,low,2026-02-16
821,117,2025-11-09,pending,low,
822,38,2025-10-27,solved,urgent,2025-10-29
823,16,2025-12-22,closed,low,2026-01-08
824,71,2025-09-19,open,high,
825,41,2026-01-12,solved,medium,2026-01-20
826,37,2025-10-15,closed,medium,2025-10-20
827,46,2025-10-27,open,medium,
828,10,2025-11-16,solved,medium,2025-11-21
829,27,2025-12-04,closed,medium,2025-12-16
830,97,2026-01-07,solved,high,2026-01-10
831,39,2026-03-09,closed,high,2026-03-09
832,49,2025-09-27,open,urgent,
833,23,2026-02-06,closed,low,2026-02-14
834,8,2025-11-27,open,medium,
835,101,2026-01-13,closed,low,2026-01-21
836,74,2025-10-21,closed,low,2025-10-28
837,36,2025-11-29,solved,medium,2025-12-05
838,81,2026-02-06,solved,low,2026-02-14
839,103,2025-09-20,solved,low,2025-09-29
840,113,2026-01-25,closed,low,2026-02-04
841,16,2025-10-10,solved,medium,2025-10-17
842,117,2026-01-26,closed,high,2026-01-30
843,116,2025-10-24,open,high,
844,95,2025-10-10,closed,low,2025-10-20
845,60,2025-10-23,closed,medium,2025-10-29
846,62,2025-10-19,open,high,
847,65,2025-10-30,solved,low,2025-11-08
848,50,2026-02-27,solved,high,2026-03-01
849,101,2025-11-04,solved,low,2025-11-11
850,47,2026-03-01,solved,low,2026-03-10
851,62,2025-10-11,solved,high,2025-10-12
852,112,2026-01-20,closed,high,2026-01-25
853,28,2025-12-18,solved,low,2025-12-25
854,67,2025-12-27,solved,medium,2026-01-04
855,94,2025-12-17,solved,medium,2025-12-22
856,51,2025-10-01,closed,high,2025-10-03
857,88,2026-01-31,pending,medium,
858,41,2025-12-23,pending,medium,
859,48,2025-10-15,closed,low,2025-10-28
860,48,2025-11-29,pending,medium,
861,105,2025-11-01,pending,low,
862,119,2026-02-20,solved,medium,2026-02-25
863,33,2026-01-20,closed,low,2026-01-30
864,49,2026-03-10,pending,high,
865,95,2025-12-27,solved,high,2025-12-27
866,60,2025-12-29,pending,low,
867,98,2025-10-25,solved,low,2025-11-06
868,69,2025-10-12,closed,medium,2025-10-19
869,28,2025-12-02,solved,medium,2025-12-07
870,109,2025-11-25,solved,medium,2025-11-28
871,103,2026-01-08,closed,medium,2026-01-19
872,46,2025-10-07,closed,low,2025-10-15
873,48,2026-02-03,closed,low,2026-02-12
874,31,2025-10-02,solved,low,2025-10-10
875,39,2026-03-02,closed,high,2026-03-05
876,24,2025-09-30,open,low,
877,44,2025-10-08,open,low,
878,42,2026-02-21,pending,high,
879,80,2025-11-29,closed,medium,2025-12-07
880,54,2026-02-13,solved,medium,2026-02-18
881,38,2026-01-08,solved,high,2026-01-16
882,29,2025-11-11,open,medium,
883,45,2026-02-06,open,urgent,
884,118,2026-02-27,closed,high,2026-03-02
885,55,2026-03-02,solved,medium,2026-03-08
886,83,2025-11-03,closed,high,2025-11-03
887,56,2025-11-30,solved,low,2025-12-10
888,47,2026-02-10,pending,medium,
889,42,2026-02-25,solved,low,2026-03-09
890,23,2025-11-18,open,high,
891,18,2025-11-26,solved,low,2025-12-07
892,59,2025-10-12,solved,medium,2025-10-17
893,120,2025-12-01,open,medium,
894,17,2025-09-29,solved,urgent,2025-09-29
895,51,2025-11-24,open,urgent,
896,27,2025-11-13,closed,high,2025-11-16
897,37,2025-10-03,closed,low,2025-10-11
898,110,2025-09-15,open,medium,
899,83,2025-09-21,solved,medium,2025-09-23
900,51,2026-02-08,solved,low,2026-02-17
901,82,2025-10-13,open,high,
902,119,2025-12-19,closed,medium,2025-12-26
903,62,2025-10-16,closed,high,2025-10-24
904,2,2026-02-26,pending,medium,
905,44,2026-01-16,closed,medium,2026-01-22
906,68,2026-03-10,closed,urgent,2026-03-10
907,71,2025-10-30,solved,low,2025-11-08
908,65,2025-09-14,solved,high,2025-09-16
909,69,2026-01-20,solved,medium,2026-01-26
910,40,2025-12-05,closed,medium,2025-12-13
911,27,2025-11-27,solved,medium,2025-12-09
912,73,2025-11-15,closed,medium,2025-11-23
913,92,2026-02-23,solved,medium,2026-03-03
914,120,2026-01-31,pending,medium,
915,34,2026-02-11,solved,medium,2026-02-18
916,20,2026-01-21,closed,medium,2026-01-28
917,61,2025-10-26,solved,medium,2025-11-03
918,120,2026-01-16,pending,urgent,
919,36,2025-10-19,closed,high,2025-10-24
920,69,2026-03-10,open,low,
921,14,2025-10-10,solved,low,2025-10-16
922,80,2025-10-07,pending,low,
923,83,2026-01-29,closed,medium,2026-02-05
924,36,2025-10-13,solved,high,2025-10-14
925,115,2025-12-30,solved,medium,2026-01-06
926,49,2025-09-21,closed,medium,2025-09-28
927,107,2026-01-09,closed,low,2026-01-17
928,25,2026-01-31,solved,medium,2026-02-06
929,92,2026-02-07,closed,urgent,2026-02-09
930,19,2026-03-08,pending,low,
931,57,2026-03-11,open,medium,
932,58,2026-02-24,solved,high,2026-02-24
933,97,2025-10-21,closed,urgent,2025-10-21
934,41,2025-12-06,closed,medium,2025-12-12
935,71,2025-09-27,closed,medium,2025-10-05
936,96,2025-12-07,pending,medium,
937,54,2026-03-07,open,low,
938,59,2026-01-22,solved,low,2026-01-31
939,30,2026-03-12,pending,urgent,
940,96,2026-03-07,open,medium,
941,97,2025-12-09,open,medium,
942,102,2026-03-01,solved,low,2026-03-10
943,98,2025-09-28,solved,medium,2025-10-06
944,2,2025-10-11,solved,medium,2025-10-12
945,112,2026-01-19,open,urgent,
946,4,2025-11-21,solved,urgent,2025-11-26
947,46,2025-10-07,solved,medium,2025-10-14
948,77,2026-02-22,closed,urgent,2026-02-25
949,82,2026-02-20,solved,high,2026-02-23
950,67,2025-09-23,solved,high,2025-09-25
951,82,2025-10-29,closed,low,2025-11-08
952,85,2026-01-02,closed,high,2026-01-05
953,60,2025-09-28,open,high,
954,60,2025-09-21,solved,medium,2025-09-30
955,70,2025-10-24,open,low,
956,88,2026-01-13,pending,high,
957,1,2026-03-09,open,medium,
958,75,2025-10-06,solved,low,2025-10-15
959,103,2025-12-13,pending,low,
960,97,2026-01-18,closed,low,2026-01-28
961,68,2025-10-18,open,medium,
962,28,2026-03-06,pending,low,
963,79,2026-03-10,open,medium,
964,30,2025-10-04,solved,high,2025-10-06
965,102,2025-11-11,solved,medium,2025-11-18
966,28,2026-01-06,pending,low,
967,58,2025-10-01,open,medium,
968,6,2025-11-05,open,low,
969,111,2025-11-30,solved,high,2025-12-06
970,16,2026-03-12,open,low,
971,101,2025-11-08,solved,low,2025-11-20
972,111,2025-11-26,open,low,
973,31,2026-02-06,closed,medium,2026-02-12
974,15,2026-03-11,pending,medium,
975,77,2026-03-07,solved,high,2026-03-12
976,65,2025-11-24,solved,medium,2025-12-03
977,118,2026-01-01,closed,medium,2026-01-08
978,64,2025-12-23,closed,low,2026-01-07
979,56,2025-09-18,solved,high,2025-09-23
980,2,2025-09-15,solved,low,2025-09-26
981,83,2026-02-14,open,low,
982,69,2026-03-08,closed,high,2026-03-11
983,50,2026-02-27,closed,high,2026-03-03
984,79,2026-03-07,pending,low,
985,38,2025-10-02,open,medium,
986,88,2025-10-19,solved,low,2025-10-24
987,98,2026-02-13,solved,medium,2026-02-20
988,10,2025-10-24,closed,low,2025-11-02
989,67,2025-12-12,solved,medium,2025-12-19
990,82,2025-12-27,open,medium,
991,27,2026-01-20,open,medium,
992,33,2026-01-11,closed,medium,2026-01-15
993,96,2025-11-19,pending,urgent,
994,72,2025-10-14,open,high,
995,29,2026-01-29,pending,low,
996,82,2026-01-24,open,high,
997,93,2025-12-29,closed,high,2025-12-30
998,13,2025-12-23,solved,urgent,2025-12-24
999,116,2025-09-29,closed,high,2025-10-02
1000,55,2026-03-11,pending,low,
1001,33,2025-11-25,open,medium,
1002,110,2026-01-22,closed,low,2026-01-30
1003,104,2025-09-19,closed,high,2025-09-22
1004,34,2025-11-23,open,low,
1005,107,2025-12-05,closed,low,2025-12-15
1006,65,2026-03-10,open,low,
1007,44,2025-10-06,open,high,
1008,70,2025-10-12,closed,low,2025-10-21
1009,11,2025-11-28,closed,low,2025-12-08
1010,118,2025-10-17,solved,high,2025-10-21
1011,69,2026-02-05,solved,medium,2026-02-13
1012,35,2026-01-14,solved,medium,2026-01-20
1013,52,2025-11-13,solved,medium,2025-11-16
1014,52,2026-01-16,closed,medium,2026-01-26
1015,1,2025-11-26,solved,medium,2025-12-04
1016,5,2025-12-30,solved,medium,2026-01-03
1017,1,2025-12-13,open,low,
1018,104,2026-01-04,closed,high,2026-01-08
1019,44,2025-12-25,open,high,
1020,60,2025-10-04,solved,high,2025-10-09
1021,106,2025-12-28,solved,medium,2026-01-04
1022,94,2025-12-04,solved,low,2025-12-15
1023,70,2025-11-03,solved,medium,2025-11-08
1024,103,2026-01-16,closed,low,2026-01-25
1025,52,2025-09-26,solved,low,2025-10-05
1026,7,2025-10-01,closed,low,2025-10-15
1027,90,2026-01-21,closed,low,2026-02-03
1028,86,2025-12-15,solved,medium,2025-12-24
1029,56,2026-01-15,open,low,
1030,92,2025-12-28,closed,high,2026-01-02
1031,111,2025-12-13,solved,medium,2025-12-20
1032,102,2026-03-09,open,medium,
1033,34,2025-10-16,closed,high,2025-10-16
1034,10,2026-01-22,open,high,
1035,116,2026-03-03,solved,medium,2026-03-11
1036,103,2026-02-19,solved,medium,2026-02-22
1037,23,2026-03-01,solved,low,2026-03-11
1038,50,2025-10-14,closed,urgent,2025-10-15
1039,51,2025-10-25,closed,medium,2025-11-02
1040,76,2026-02-21,solved,medium,2026-02-27
1041,76,2025-10-03,closed,medium,2025-10-09
1042,61,2025-09-15,pending,medium,
1043,97,2025-11-19,open,low,
1044,15,2025-09-15,closed,medium,2025-09-21
1045,44,2025-11-08,closed,low,2025-11-17
1046,103,2025-12-07,solved,medium,2025-12-16
1047,32,2026-02-06,closed,high,2026-02-06
1048,9,2026-01-25,closed,low,2026-01-31
1049,70,2025-11-04,closed,medium,2025-11-07
1050,96,2026-01-18,solved,medium,2026-01-24
1051,47,2025-11-22,open,low,
1052,21,2025-10-12,open,low,
1053,47,2025-10-05,solved,medium,2025-10-13
1054,40,2026-01-02,solved,medium,2026-01-10
1055,94,2025-09-30,closed,medium,2025-10-05
1056,80,2025-09-27,open,medium,
1057,119,2025-10-11,pending,low,
1058,109,2025-11-20,solved,low,2025-12-02
1059,11,2025-10-07,closed,medium,2025-10-19
1060,71,2026-01-04,pending,urgent,
1061,77,2026-03-04,pending,medium,
1062,17,2025-09-25,pending,medium,
1063,36,2026-02-19,solved,low,2026-02-27
1064,43,2025-11-26,solved,low,2025-12-03
1065,94,2026-01-21,closed,low,2026-02-03
1066,10,2025-09-18,solved,medium,2025-09-24
1067,61,2026-02-23,solved,low,2026-03-03
1068,53,2025-10-02,solved,medium,2025-10-11
1069,45,2026-02-25,solved,low,2026-03-05
1070,103,2026-02-03,pending,low,
1071,38,2025-11-15,open,urgent,
1072,59,2025-10-06,open,medium,
1073,27,2025-11-04,closed,low,2025-11-13
1074,92,2025-09-25,closed,low,2025-10-04
1075,87,2026-02-16,open,low,
1076,98,2025-11-20,pending,low,
1077,105,2026-01-15,solved,urgent,2026-01-17
1078,19,2026-03-12,pending,low,
1079,88,2025-11-30,solved,low,2025-12-09
1080,99,2025-12-12,solved,medium,2025-12-19
1081,10,2026-01-16,open,low,
1082,108,2026-03-02,solved,high,2026-03-09
1083,20,2026-02-12,closed,medium,2026-02-18
1084,5,2025-11-06,closed,medium,2025-11-07
1085,27,2025-10-24,closed,low,2025-11-04
1086,63,2025-09-19,open,medium,
1087,100,2025-12-14,solved,high,2025-12-18
1088,97,2025-11-20,closed,low,2025-12-02
1089,114,2025-10-04,pending,medium,
1090,119,2025-12-07,closed,low,2025-12-17
1091,49,2025-12-29,open,medium,
1092,111,2025-12-23,open,medium,
1093,62,2025-12-30,pending,low,
1094,107,2026-03-06,open,medium,
1095,2,2025-09-13,closed,urgent,2025-09-15
1096,12,2025-12-12,pending,low,
1097,75,2025-12-19,solved,high,2025-12-19
1098,34,2026-02-10,solved,medium,2026-02-19
1099,16,2025-10-03,closed,urgent,2025-10-03
1100,84,2026-02-10,open,medium,
1101,103,2025-11-18,closed,low,2025-11-28
1102,13,2025-09-28,open,medium,
1103,59,2025-11-26,solved,medium,2025-12-05
1104,54,2025-11-10,solved,medium,2025-11-16
1105,51,2025-11-05,solved,low,2025-11-15
1106,65,2025-11-18,pending,high,
1107,48,2025-11-30,closed,low,2025-12-08
1108,42,2025-10-11,solved,urgent,2025-10-16
1109,76,2026-03-11,open,low,
1110,73,2026-02-13,open,medium,
1111,103,2025-11-22,open,medium,
1112,95,2025-10-26,closed,low,2025-11-06
1113,75,2025-12-15,solved,medium,2025-12-21
1114,78,2025-12-14,pending,high,
1115,103,2025-11-29,solved,low,2025-12-08
1116,48,2026-03-08,open,medium,
1117,14,2026-02-11,closed,low,2026-02-18
1118,40,2025-10-24,closed,medium,2025-11-01
1119,87,2026-02-13,solved,high,2026-02-16
1120,113,2025-12-20,solved,medium,2025-12-27
1121,2,2025-11-01,solved,low,2025-11-14
1122,4,2026-02-26,pending,low,
1123,50,2026-01-23,closed,high,2026-01-27
1124,97,2026-03-04,open,urgent,
1125,112,2026-02-10,closed,medium,2026-02-19
1126,7,2026-02-27,solved,medium,2026-03-07
1127,69,2026-03-08,pending,low,
1128,51,2025-12-31,open,high,
1129,107,2026-01-11,closed,urgent,2026-01-12
1130,116,2026-02-16,closed,low,2026-03-01
1131,4,2025-09-14,closed,low,2025-09-25
1132,10,2025-10-09,solved,high,2025-10-14
1133,34,2025-12-16,closed,high,2025-12-16
1134,46,2025-09-16,solved,medium,2025-09-22
1135,17,2026-01-11,solved,medium,2026-01-18
1136,70,2025-11-18,open,medium,
1137,17,2025-11-19,solved,low,2025-11-24
1138,29,2026-01-15,closed,medium,2026-01-20
1139,66,2026-03-03,solved,medium,2026-03-09
1140,1,2026-02-19,open,medium,
1141,8,2025-11-27,solved,medium,2025-12-03
1142,45,2026-01-15,closed,low,2026-01-24
1143,23,2025-11-06,closed,low,2025-11-15
1144,46,2026-03-04,open,low,
1145,12,2025-10-25,solved,low,2025-11-03
1146,58,2026-02-16,solved,low,2026-02-27
1147,91,2026-01-22,solved,medium,2026-01-28
1148,35,2025-12-26,pending,low,
1149,2,2026-02-17,pending,high,
1150,34,2025-12-03,pending,low,
1151,8,2026-02-12,solved,low,2026-02-23
1152,112,2026-01-16,closed,medium,2026-01-20
1153,51,2025-12-20,solved,medium,2025-12-29
1154,3,2026-02-17,open,high,
1155,77,2025-09-22,solved,urgent,2025-09-23
1156,58,2025-12-19,solved,medium,2025-12-28
1157,59,2026-02-21,solved,high,2026-02-24
1158,49,2025-11-15,open,medium,
1159,112,2025-12-19,open,medium,
1160,57,2025-12-05,solved,medium,2025-12-12
1161,80,2026-02-25,closed,urgent,2026-02-27
1162,54,2026-03-12,open,high,
1163,119,2025-09-28,pending,medium,
1164,5,2025-11-15,closed,medium,2025-11-21
1165,68,2026-01-09,closed,medium,2026-01-17
1166,85,2026-02-16,closed,high,2026-02-21
1167,46,2026-02-28,closed,medium,2026-03-06
1168,103,2026-02-18,solved,medium,2026-02-23
1169,14,2025-10-21,solved,high,2025-10-22
1170,16,2025-11-23,closed,high,2025-11-28
1171,13,2026-01-02,pending,medium,
1172,101,2025-12-12,open,high,
1173,18,2026-01-26,solved,medium,2026-02-02
1174,33,2025-12-08,solved,medium,2025-12-16
1175,36,2026-01-14,pending,medium,
1176,115,2026-02-22,closed,low,2026-03-03
1177,89,2025-12-10,closed,low,2025-12-22
1178,14,2026-03-07,open,medium,
1179,48,2025-11-19,solved,low,2025-11-28
1180,60,2025-12-04,solved,high,2025-12-11
1181,22,2026-01-29,closed,medium,2026-02-05
1182,40,2026-01-30,solved,high,2026-02-05
1183,29,2026-02-03,solved,medium,2026-02-09
1184,86,2025-11-02,solved,low,2025-11-13
1185,89,2026-02-12,pending,high,
1186,2,2026-02-25,solved,low,2026-03-07
1187,59,2025-11-02,solved,low,2025-11-11
1188,74,2025-11-03,open,low,
1189,23,2025-10-19,closed,low,2025-10-31
1190,113,2025-12-11,solved,medium,2025-12-18
1191,37,2026-01-03,solved,high,2026-01-06
1192,17,2025-10-30,closed,high,2025-11-04
1193,100,2026-01-10,closed,medium,2026-01-18
1194,94,2026-02-17,pending,medium,
1195,107,2026-02-10,closed,low,2026-02-22
1196,15,2025-11-22,open,medium,
1197,108,2025-10-07,closed,high,2025-10-15
1198,47,2026-02-20,solved,low,2026-02-28
1199,113,2026-03-01,solved,medium,2026-03-09
1200,46,2025-12-12,solved,medium,2025-12-18
1201,100,2025-12-31,closed,low,2026-01-09
1202,47,2025-11-27,pending,medium,
1203,92,2025-09-28,open,low,
1204,119,2025-11-25,pending,medium,
1205,117,2026-02-01,solved,low,2026-02-11
1206,15,2025-12-03,closed,medium,2025-12-09
1207,22,2026-01-27,closed,low,2026-02-05
1208,41,2026-03-08,open,low,
1209,90,2026-03-03,open,medium,
1210,109,2025-09-14,solved,low,2025-09-23
1211,3,2025-10-07,solved,high,2025-10-08
1212,38,2025-10-30,pending,high,
1213,20,2025-09-27,solved,low,2025-10-05
1214,61,2025-11-23,open,medium,
1215,57,2026-02-23,pending,low,
1216,119,2025-10-06,solved,urgent,2025-10-09
1217,100,2025-10-13,solved,high,2025-10-18
1218,86,2025-11-03,closed,medium,2025-11-14
1219,112,2025-09-14,solved,low,2025-09-26
1220,109,2025-12-03,solved,medium,2025-12-09
1221,36,2026-01-23,open,medium,
1222,30,2025-09-22,solved,low,2025-09-30
1223,56,2026-01-08,solved,medium,2026-01-18
1224,75,2026-01-29,closed,high,2026-01-31
1225,84,2025-11-27,solved,high,2025-11-30
1226,92,2026-01-30,solved,high,2026-01-31
1227,110,2025-11-06,open,medium,
1228,67,2025-11-01,solved,medium,2025-11-07
1229,88,2026-01-01,closed,high,2026-01-01
1230,37,2026-02-20,solved,high,2026-02-25
1231,81,2025-09-28,pending,medium,
1232,28,2026-01-13,solved,medium,2026-01-15
1233,11,2025-10-06,solved,low,2025-10-14
1234,116,2025-11-04,solved,medium,2025-11-12
1235,12,2025-11-24,solved,medium,2025-12-03
1236,92,2026-01-25,open,low,
1237,86,2025-12-29,closed,low,2026-01-10
1238,64,2026-02-05,solved,medium,2026-02-13
1239,87,2026-02-13,solved,high,2026-02-17
1240,102,2025-11-08,solved,low,2025-11-20
1241,19,2026-01-18,solved,low,2026-01-29
1242,96,2026-02-10,solved,low,2026-02-16
1243,64,2025-11-10,pending,medium,
1244,33,2025-11-17,solved,medium,2025-11-22
1245,29,2026-02-08,closed,high,2026-02-10
1246,79,2026-01-14,closed,medium,2026-01-24
1247,107,2025-10-25,solved,high,2025-10-29
1248,76,2026-02-27,open,medium,
1249,12,2026-03-11,pending,medium,
1250,36,2025-11-17,closed,medium,2025-11-25
1251,89,2026-01-05,solved,low,2026-01-12
1252,16,2026-02-12,solved,medium,2026-02-17
1253,47,2026-01-05,open,high,
1254,31,2025-12-04,solved,low,2025-12-15
1255,33,2026-02-27,solved,low,2026-03-04
1256,34,2025-09-30,closed,medium,2025-10-07
1257,96,2026-02-23,closed,urgent,2026-02-26
1258,77,2026-02-23,solved,medium,2026-02-28
1259,13,2025-10-31,solved,low,2025-11-06
1260,107,2026-02-02,solved,medium,2026-02-08
1261,62,2025-10-30,solved,medium,2025-11-04
1262,86,2025-12-11,open,high,
1263,85,2025-12-14,closed,high,2025-12-14
1264,52,2025-12-29,solved,high,2026-01-02
1265,13,2025-09-19,closed,high,2025-09-26
1266,89,2025-10-20,pending,high,
1267,34,2026-02-05,solved,medium,2026-02-12
1268,17,2025-09-13,pending,low,
1269,104,2025-12-27,pending,high,
1270,84,2026-03-09,pending,low,
1271,13,2025-10-21,solved,high,2025-10-24
1272,70,2025-12-14,closed,medium,2025-12-25
1273,92,2025-12-05,closed,medium,2025-12-13
1274,45,2025-12-20,open,low,
1275,19,2025-10-17,closed,low,2025-10-28
1276,58,2025-10-26,closed,medium,2025-11-04
1277,89,2025-12-10,solved,low,2025-12-21
1278,48,2026-02-16,solved,medium,2026-02-20
1279,68,2025-10-22,solved,low,2025-10-31
1280,78,2026-02-15,closed,low,2026-02-27
1281,75,2025-10-11,solved,medium,2025-10-21
1282,34,2025-11-05,closed,urgent,2025-11-07
1283,38,2026-01-24,pending,medium,
1284,30,2026-03-10,pending,low,
1285,51,2026-03-10,open,low,
1286,72,2025-11-07,closed,medium,2025-11-13
1287,67,2025-12-05,pending,medium,
1288,63,2025-10-03,open,urgent,
1289,81,2025-11-28,open,high,
1290,43,2025-10-13,open,medium,
1291,9,2026-02-27,solved,low,2026-03-07
1292,84,2025-11-07,open,medium,
1293,20,2025-10-17,solved,low,2025-10-27
1294,68,2025-09-29,pending,medium,
1295,30,2025-10-24,solved,low,2025-11-05
1296,55,2026-02-17,closed,medium,2026-02-25
1297,32,2025-11-07,solved,low,2025-11-17
1298,25,2026-01-10,closed,medium,2026-01-17
1299,4,2025-11-22,solved,high,2025-11-25
1300,73,2025-12-17,closed,low,2025-12-24
1301,67,2025-10-13,pending,low,
1302,46,2026-01-25,solved,medium,2026-02-01
1303,117,2025-11-16,open,low,
1304,101,2025-11-22,closed,low,2025-11-30
1305,52,2025-09-15,open,medium,
1306,116,2026-02-11,solved,low,2026-02-24
1307,73,2025-12-16,closed,medium,2025-12-21
1308,61,2025-11-06,solved,medium,2025-11-08
1309,102,2025-10-06,closed,medium,2025-10-10
1310,105,2025-12-15,closed,low,2025-12-21
1311,41,2025-10-17,closed,urgent,2025-10-20
1312,73,2026-03-04,pending,low,
1313,102,2026-01-25,solved,low,2026-02-04
1314,2,2026-01-17,open,low,
1315,80,2025-10-16,solved,low,2025-10-25
1316,45,2026-01-25,solved,low,2026-02-03
1317,33,2025-12-29,pending,medium,
1318,22,2025-09-27,closed,high,2025-09-29
1319,29,2025-09-18,solved,low,2025-09-27
1320,45,2026-03-04,solved,high,2026-03-08
1321,62,2025-12-15,solved,medium,2025-12-21
1322,17,2025-11-04,open,low,
1323,84,2026-01-04,solved,low,2026-01-14
1324,69,2025-10-01,closed,high,2025-10-02
1325,115,2026-02-21,solved,medium,2026-02-28
1326,21,2026-01-19,solved,high,2026-01-19
1327,95,2025-10-18,solved,high,2025-10-21
1328,43,2025-10-02,closed,high,2025-10-07
1329,11,2026-03-04,open,low,
1330,70,2025-12-01,closed,high,2025-12-04
1331,85,2026-02-11,solved,medium,2026-02-17
1332,12,2025-10-20,solved,low,2025-10-30
1333,120,2025-09-14,solved,low,2025-09-25
1334,51,2025-11-06,pending,high,
1335,114,2026-01-20,closed,low,2026-01-29
1336,83,2025-10-30,closed,medium,2025-11-03
1337,88,2025-11-11,solved,high,2025-11-16
1338,69,2025-11-12,closed,low,2025-11-24
1339,110,2026-01-06,solved,medium,2026-01-10
1340,92,2025-10-28,closed,medium,2025-11-04
1341,38,2026-02-09,solved,medium,2026-02-15
1342,47,2026-01-21,open,medium,
1343,90,2026-03-08,open,low,
1344,80,2026-02-18,solved,medium,2026-02-24
1345,87,2026-01-06,solved,medium,2026-01-12
1346,69,2025-10-01,pending,medium,
1347,37,2026-01-09,solved,medium,2026-01-15
1348,27,2026-02-10,solved,high,2026-02-16
1349,67,2025-12-02,solved,low,2025-12-15
1350,27,2025-10-23,open,medium,
1351,105,2026-02-27,solved,medium,2026-03-04
1352,34,2026-03-09,closed,high,2026-03-11
1353,8,2025-12-08,closed,low,2025-12-15
1354,14,2026-02-11,solved,medium,2026-02-16
1355,92,2026-01-16,solved,medium,2026-01-22
1356,52,2026-01-31,solved,high,2026-02-03
1357,24,2025-10-16,closed,low,2025-10-26
1358,117,2025-10-12,closed,low,2025-10-22
1359,36,2026-02-10,open,high,
1360,115,2026-01-25,closed,medium,2026-01-31
1361,6,2026-02-06,open,high,
1362,88,2025-11-20,solved,high,2025-11-24
1363,79,2025-09-21,closed,low,2025-09-30
1364,75,2025-12-23,closed,urgent,2025-12-23
1365,19,2026-03-07,closed,urgent,2026-03-09
1366,89,2025-11-11,pending,low,
1367,59,2025-10-19,closed,low,2025-10-29
1368,31,2025-09-13,solved,medium,2025-09-20
1369,24,2026-01-10,solved,medium,2026-01-15
1370,27,2025-10-13,closed,high,2025-10-23
1371,39,2026-02-16,solved,urgent,2026-02-16
1372,4,2025-10-06,closed,urgent,2025-10-08
1373,37,2025-09-22,solved,low,2025-10-02
1374,86,2025-10-08,closed,medium,2025-10-13
1375,29,2025-10-06,pending,low,
1376,21,2026-02-11,open,low,
1377,103,2025-09-22,open,urgent,
1378,87,2026-01-27,solved,low,2026-02-05
1379,104,2025-12-07,solved,low,2025-12-13
1380,52,2025-10-21,closed,low,2025-10-30
1381,78,2025-12-23,closed,low,2026-01-05
1382,73,2026-02-27,solved,medium,2026-03-06
1383,92,2026-03-06,solved,high,2026-03-08
1384,75,2025-10-26,solved,high,2025-10-29
1385,23,2025-10-03,closed,low,2025-10-12
1386,7,2025-12-17,closed,high,2025-12-21
1387,40,2026-02-09,solved,high,2026-02-16
1388,113,2025-11-29,solved,low,2025-12-11
1389,17,2026-01-30,closed,high,2026-02-05
1390,93,2025-10-01,closed,medium,2025-10-10
1391,81,2025-09-15,solved,medium,2025-09-21
1392,88,2025-10-05,solved,high,2025-10-09
1393,7,2026-02-04,closed,urgent,2026-02-12
1394,22,2026-01-24,closed,medium,2026-01-29
1395,91,2025-11-15,closed,low,2025-11-24
1396,104,2025-09-27,pending,urgent,
1397,58,2025-09-24,closed,medium,2025-09-28
1398,45,2026-02-15,closed,urgent,2026-02-15
1399,52,2025-12-04,closed,medium,2025-12-10
1400,37,2025-10-01,closed,medium,2025-10-07
1401,56,2025-11-17,open,high,
1402,106,2025-11-06,solved,medium,2025-11-13
1403,109,2026-03-03,closed,high,2026-03-06
1404,101,2026-03-11,pending,high,
1405,76,2025-12-12,solved,high,2025-12-17
1406,48,2026-01-08,solved,low,2026-01-19
1407,3,2025-10-20,open,medium,
1408,55,2026-03-09,pending,low,
1409,12,2026-02-17,solved,medium,2026-02-22
1410,24,2025-09-19,solved,low,2025-09-27
1411,30,2025-09-14,pending,low,
1412,54,2026-03-10,open,medium,
1413,24,2025-09-30,closed,low,2025-10-09
1414,120,2025-09-23,pending,low,
1415,116,2026-02-24,solved,low,2026-03-07
1416,9,2026-01-20,closed,medium,2026-01-28
1417,50,2026-03-12,open,medium,
1418,30,2025-10-21,open,low,
1419,34,2026-03-03,closed,medium,2026-03-09
1420,10,2026-01-11,closed,low,2026-01-23
1421,99,2025-10-15,solved,high,2025-10-15
1422,113,2025-11-05,solved,medium,2025-11-11
1423,1,2025-11-08,pending,high,
1424,63,2025-11-28,solved,low,2025-12-07
1425,73,2025-10-03,open,high,
1426,70,2026-03-01,closed,low,2026-03-08
1427,12,2025-09-26,pending,low,
1428,32,2025-11-06,pending,medium,
1429,73,2026-03-06,open,medium,
1430,67,2025-10-18,open,medium,
1431,54,2026-01-07,solved,low,2026-01-15
1432,79,2026-03-10,pending,urgent,
1433,15,2026-02-18,solved,low,2026-03-02
1434,89,2026-01-06,solved,low,2026-01-12
1435,85,2026-01-17,closed,medium,2026-01-21
1436,92,2025-11-04,solved,low,2025-11-14
1437,56,2025-09-18,closed,low,2025-09-27
1438,36,2026-02-06,solved,low,2026-02-14
1439,43,2025-09-30,pending,urgent,
1440,107,2025-12-06,solved,low,2025-12-19
1441,102,2026-02-01,open,medium,
1442,102,2025-12-01,open,medium,
1443,21,2025-12-16,solved,medium,2025-12-23
1444,8,2026-01-15,solved,low,2026-01-27
1445,20,2026-01-13,solved,medium,2026-01-17
1446,31,2025-10-05,open,medium,
1447,83,2026-02-09,solved,urgent,2026-02-11
1448,23,2025-12-03,open,low,
1449,11,2025-10-03,pending,medium,
1450,5,2025-12-20,solved,urgent,2025-12-22
1451,2,2025-10-25,solved,medium,2025-10-31
1452,105,2025-12-10,closed,medium,2025-12-15
1453,45,2026-02-24,solved,low,2026-03-06
1454,73,2025-10-29,solved,high,2025-11-03
1455,97,2026-02-26,closed,medium,2026-03-06
1456,57,2026-01-14,open,low,
1457,86,2025-12-17,solved,high,2025-12-20
1458,48,2026-01-18,closed,urgent,2026-01-21
1459,95,2025-09-26,closed,high,2025-09-29
1460,114,2025-11-28,closed,urgent,2025-11-30
1461,32,2026-01-15,closed,low,2026-01-25
1462,91,2025-12-29,solved,medium,2026-01-02
1463,1,2025-11-25,solved,low,2025-12-02
1464,106,2025-10-30,closed,low,2025-11-13
1465,118,2026-01-08,solved,high,2026-01-10
1466,72,2025-11-15,open,low,
1467,118,2025-11-26,solved,low,2025-12-04
1468,16,2025-12-11,solved,low,2025-12-24
1469,27,2026-02-19,solved,high,2026-02-25
1470,66,2026-02-14,solved,medium,2026-02-22
1471,27,2025-12-13,solved,low,2025-12-22
1472,84,2025-12-25,solved,low,2026-01-05
1473,88,2026-01-21,open,low,
1474,88,2025-09-19,closed,medium,2025-10-01
1475,66,2025-10-24,solved,medium,2025-10-29
1476,5,2026-02-22,solved,medium,2026-03-03
1477,44,2026-01-02,solved,medium,2026-01-12
1478,74,2026-01-07,solved,low,2026-01-16
1479,76,2025-10-13,solved,low,2025-10-20
1480,16,2025-12-09,solved,low,2025-12-15
1481,46,2025-12-20,solved,medium,2025-12-25
1482,25,2025-09-17,open,low,
1483,38,2025-10-07,open,medium,
1484,61,2026-03-06,pending,low,
1485,50,2026-03-06,closed,medium,2026-03-12
1486,111,2026-01-18,solved,low,2026-01-26
1487,64,2026-01-25,solved,medium,2026-01-30
1488,19,2026-03-06,solved,high,2026-03-11
1489,102,2026-03-05,solved,medium,2026-03-10
1490,58,2026-03-02,pending,low,
1491,46,2025-11-22,solved,urgent,2025-11-26
1492,8,2026-01-01,solved,high,2026-01-04
1493,78,2026-03-08,solved,high,2026-03-09
1494,61,2025-12-17,solved,medium,2025-12-27
1495,84,2025-12-22,closed,medium,2025-12-29
1496,70,2025-10-22,solved,medium,2025-10-27
1497,39,2025-10-18,solved,low,2025-10-28
1498,75,2026-03-10,pending,low,
1499,43,2025-11-09,solved,medium,2025-11-18
1500,110,2026-03-11,open,low,
1501,17,2025-09-28,solved,medium,2025-10-03
1502,117,2025-11-22,closed,high,2025-11-25
1503,55,2026-02-13,closed,high,2026-02-15
1504,42,2026-03-01,closed,urgent,2026-03-02
1505,30,2026-02-11,open,low,
1506,65,2025-09-25,solved,medium,2025-09-29
1507,101,2026-02-01,pending,medium,
1508,48,2025-11-21,solved,medium,2025-11-28
1509,84,2025-12-05,closed,medium,2025-12-08
1510,92,2025-09-15,closed,medium,2025-09-20
1511,86,2025-10-21,closed,low,2025-10-30
1512,63,2026-01-13,pending,low,
1513,46,2025-10-03,solved,urgent,2025-10-09
1514,60,2026-01-03,pending,low,
1515,117,2025-12-06,pending,medium,
1516,117,2026-01-30,solved,medium,2026-02-04
1517,77,2026-03-05,solved,medium,2026-03-11
1518,50,2025-12-07,pending,medium,
1519,85,2026-02-12,open,high,
1520,33,2025-09-29,solved,low,2025-10-14
1521,83,2025-10-31,pending,medium,
1522,2,2026-02-27,solved,medium,2026-03-05
1523,24,2026-01-09,closed,urgent,2026-01-09
1524,40,2026-01-23,solved,medium,2026-01-30
1525,32,2026-03-07,open,high,
1526,117,2026-02-10,solved,medium,2026-02-16
1527,63,2025-11-22,solved,medium,2025-11-27
1528,24,2026-01-17,closed,medium,2026-01-22
1529,113,2025-12-22,solved,medium,2025-12-30
1530,114,2025-09-27,closed,urgent,2025-10-02
1531,96,2026-02-19,solved,medium,2026-02-27
1532,113,2026-03-02,closed,medium,2026-03-05
1533,50,2026-02-13,solved,low,2026-02-25
1534,40,2026-01-06,solved,low,2026-01-14
1535,72,2026-02-17,pending,high,
1536,29,2025-11-30,closed,urgent,2025-12-02
1537,35,2025-11-29,open,high,
1538,15,2026-02-11,open,medium,
1539,93,2025-10-14,solved,low,2025-10-25
1540,77,2026-03-08,open,high,
1541,25,2025-11-01,pending,high,
1542,2,2025-11-07,pending,medium,
1543,94,2025-11-10,solved,medium,2025-11-18
1544,119,2025-12-31,pending,medium,
1545,69,2025-10-16,open,medium,
1546,117,2025-10-24,solved,medium,2025-10-31
1547,81,2026-02-01,closed,medium,2026-02-04
1548,68,2026-03-03,pending,high,
1549,82,2025-12-23,solved,urgent,2025-12-23
1550,13,2026-01-28,open,medium,
1551,66,2026-02-21,pending,medium,
1552,36,2025-12-21,solved,medium,2025-12-29
1553,75,2025-11-03,solved,low,2025-11-13
1554,67,2025-12-11,solved,high,2025-12-18
1555,2,2025-11-29,solved,medium,2025-12-08
1556,85,2025-10-22,closed,medium,2025-10-27
1557,2,2026-02-20,closed,low,2026-02-25
1558,10,2025-12-09,open,urgent,
1559,106,2026-02-15,solved,high,2026-02-20
1560,61,2026-01-30,closed,low,2026-02-08
1561,105,2026-02-16,solved,medium,2026-02-25
1562,50,2026-03-03,open,high,
1563,106,2025-09-28,closed,high,2025-10-03
1564,13,2025-11-20,open,medium,
1565,34,2025-12-24,solved,medium,2025-12-30
1566,81,2026-01-03,solved,medium,2026-01-10
1567,108,2026-01-17,closed,medium,2026-01-24
1568,13,2025-10-17,solved,urgent,2025-10-18
1569,66,2026-02-28,open,low,
1570,61,2025-12-02,solved,low,2025-12-11
1571,35,2026-01-07,solved,high,2026-01-13
1572,9,2025-11-11,solved,medium,2025-11-16
1573,104,2025-10-02,solved,urgent,2025-10-02
1574,10,2026-01-05,pending,low,
1575,106,2026-02-17,solved,medium,2026-02-26
1576,14,2026-02-16,closed,medium,2026-02-23
1577,102,2025-09-16,solved,low,2025-09-23
1578,12,2026-02-21,open,low,
1579,4,2026-01-07,closed,medium,2026-01-15
1580,65,2025-11-10,closed,high,2025-11-13
1581,107,2026-01-29,solved,medium,2026-02-06
1582,107,2025-10-10,solved,urgent,2025-10-10
1583,47,2025-12-11,solved,low,2025-12-20
1584,99,2026-01-08,closed,low,2026-01-17
1585,30,2025-11-25,open,medium,
1586,90,2025-10-06,solved,medium,2025-10-12
1587,55,2026-03-12,open,urgent,
1588,39,2026-01-06,solved,medium,2026-01-14
1589,94,2025-10-06,closed,low,2025-10-14
1590,82,2025-12-16,closed,medium,2025-12-21
1591,84,2026-02-23,pending,high,
1592,46,2025-12-07,solved,low,2025-12-15
1593,116,2026-03-01,solved,medium,2026-03-06
1594,1,2026-01-07,closed,medium,2026-01-11
1595,108,2025-10-07,closed,urgent,2025-10-09
1596,120,2025-11-20,closed,urgent,2025-11-21
1597,107,2026-02-10,open,medium,
1598,112,2026-02-20,closed,medium,2026-02-28
1599,46,2026-01-19,pending,urgent,
1600,74,2026-02-09,closed,low,2026-02-20
1601,104,2025-11-19,open,low,
1602,120,2025-10-12,closed,high,2025-10-16
1603,7,2026-02-08,open,high,
1604,24,2025-10-31,closed,high,2025-11-03
1605,117,2025-11-29,solved,medium,2025-12-06
1606,17,2026-02-03,closed,high,2026-02-07
1607,77,2025-09-28,solved,medium,2025-10-04
1608,31,2026-03-08,closed,medium,2026-03-11
1609,96,2025-12-23,solved,low,2026-01-02
1610,97,2025-09-17,closed,low,2025-09-26
1611,117,2026-03-08,open,medium,
1612,83,2025-12-14,solved,high,2025-12-16
1613,36,2025-12-01,solved,medium,2025-12-06
1614,84,2025-09-25,closed,medium,2025-10-04
1615,88,2026-01-05,solved,urgent,2026-01-08
1616,43,2025-11-11,pending,medium,
1617,23,2025-09-14,solved,medium,2025-09-17
1618,58,2026-01-19,open,medium,
1619,52,2026-03-07,pending,low,
1620,39,2026-01-20,closed,high,2026-01-26
1621,7,2025-09-18,open,low,
1622,86,2025-12-01,solved,low,2025-12-11
1623,60,2025-12-28,open,medium,
1624,111,2025-12-20,open,low,
1625,20,2025-10-28,solved,low,2025-11-10
1626,98,2026-02-26,solved,high,2026-03-01
1627,25,2025-11-24,solved,medium,2025-12-01
1628,93,2025-12-24,solved,medium,2025-12-29
1629,103,2025-11-05,solved,urgent,2025-11-05
1630,80,2025-12-24,solved,low,2026-01-03
1631,13,2025-12-17,solved,low,2025-12-24
1632,51,2026-03-10,open,medium,
1633,3,2025-12-06,closed,medium,2025-12-13
1634,35,2026-01-24,open,low,
1635,76,2025-09-22,closed,low,2025-09-29
1636,42,2026-03-12,open,low,
1637,45,2026-01-13,solved,medium,2026-01-21
1638,15,2025-12-04,solved,high,2025-12-07
1639,59,2025-10-03,closed,low,2025-10-13
1640,27,2026-01-23,solved,low,2026-02-01
1641,17,2025-12-16,solved,high,2025-12-18
1642,98,2025-12-31,open,urgent,
1643,120,2025-10-09,open,low,
1644,30,2026-01-04,solved,low,2026-01-14
1645,114,2025-11-21,solved,low,2025-12-02
1646,64,2025-09-28,solved,low,2025-10-03
1647,98,2026-01-09,open,low,
1648,108,2026-03-12,open,low,
1649,106,2026-02-13,solved,urgent,2026-02-15
1650,8,2026-02-04,solved,low,2026-02-12
1651,1,2025-12-07,solved,low,2025-12-20
1652,94,2025-12-20,closed,medium,2025-12-29
1653,105,2025-12-29,solved,medium,2026-01-09
1654,17,2026-02-14,closed,low,2026-02-26
1655,78,2025-12-21,closed,low,2025-12-30
1656,54,2026-02-13,solved,high,2026-02-19
1657,103,2025-11-27,solved,medium,2025-12-02
1658,64,2025-10-22,pending,high,
1659,112,2026-01-11,solved,high,2026-01-14
1660,90,2026-01-16,pending,low,
1661,17,2025-12-01,closed,medium,2025-12-10
1662,49,2026-02-14,solved,medium,2026-02-20
1663,4,2026-01-01,solved,medium,2026-01-09
1664,55,2026-02-28,closed,medium,2026-03-02
1665,70,2025-09-28,pending,low,
1666,64,2025-10-18,solved,low,2025-10-29
1667,103,2025-12-04,solved,high,2025-12-09
1668,50,2026-03-01,closed,high,2026-03-07
1669,36,2026-02-06,solved,low,2026-02-12
1670,54,2026-03-08,open,low,
1671,109,2025-11-12,closed,urgent,2025-11-12
1672,82,2025-12-24,closed,medium,2025-12-28
1673,84,2026-01-05,solved,medium,2026-01-11
1674,18,2025-10-24,closed,low,2025-11-03
1675,26,2025-10-13,open,low,
1676,33,2026-03-07,open,medium,
1677,42,2026-03-03,solved,medium,2026-03-12
1678,81,2026-01-11,solved,medium,2026-01-20
1679,87,2025-09-30,solved,medium,2025-10-10
1680,50,2025-10-12,closed,medium,2025-10-20
1681,114,2026-01-31,solved,high,2026-02-06
1682,81,2026-01-25,solved,low,2026-02-05
1683,23,2026-02-28,open,low,
1684,103,2026-02-25,closed,high,2026-03-04
1685,64,2026-02-18,closed,medium,2026-02-22
1686,60,2026-03-11,pending,low,
1687,35,2026-03-01,open,medium,
1688,87,2026-02-21,solved,low,2026-03-02
1689,1,2025-12-13,solved,medium,2025-12-19
1690,25,2025-09-16,closed,medium,2025-09-24
1691,19,2026-02-21,pending,medium,
1692,67,2026-02-20,solved,medium,2026-02-22
1693,28,2025-12-15,open,medium,
1694,98,2025-10-23,closed,low,2025-11-04
1695,10,2025-11-24,open,medium,
1696,65,2025-10-09,open,low,
1697,92,2026-02-08,open,low,
1698,84,2025-11-23,solved,low,2025-11-28
1699,16,2026-01-10,closed,low,2026-01-16
1700,58,2025-12-13,pending,high,
1701,44,2025-11-30,open,medium,
1702,114,2025-12-02,solved,medium,2025-12-10
1703,34,2026-01-22,closed,low,2026-02-01
1704,13,2026-02-06,closed,low,2026-02-17
1705,86,2026-01-02,closed,low,2026-01-13
1706,86,2025-10-03,solved,urgent,2025-10-06
1707,57,2026-01-22,solved,high,2026-01-28
1708,100,2026-01-01,closed,high,2026-01-04
1709,59,2025-12-18,solved,low,2025-12-28
1710,73,2025-10-26,closed,low,2025-11-04
1711,80,2026-01-27,closed,low,2026-02-03
1712,65,2026-02-01,solved,low,2026-02-11
1713,61,2025-12-04,solved,low,2025-12-17
1714,55,2026-02-21,solved,low,2026-03-03
1715,90,2026-01-19,solved,medium,2026-01-28
1716,24,2025-10-27,closed,low,2025-11-04
1717,11,2025-10-28,closed,high,2025-10-28
1718,78,2026-03-11,pending,medium,
1719,103,2025-09-26,closed,medium,2025-09-30
1720,75,2026-01-16,closed,low,2026-01-26
1721,88,2025-09-22,solved,low,2025-09-28
1722,19,2026-02-19,solved,medium,2026-02-26
1723,81,2026-01-29,closed,urgent,2026-01-29
1724,99,2026-02-20,solved,medium,2026-03-03
1725,64,2025-11-25,open,urgent,
1726,7,2025-10-06,solved,low,2025-10-16
1727,7,2025-11-23,pending,low,
1728,79,2025-10-17,closed,medium,2025-10-24
1729,114,2025-10-03,pending,low,
1730,72,2025-10-03,closed,high,2025-10-08
1731,104,2026-03-11,open,low,
1732,83,2026-01-04,closed,low,2026-01-13
1733,5,2025-11-20,solved,urgent,2025-11-20
1734,34,2026-01-20,solved,medium,2026-01-29
1735,118,2026-03-07,open,high,
1736,41,2025-12-18,solved,high,2025-12-19
1737,44,2025-12-06,solved,low,2025-12-17
1738,37,2026-01-06,solved,medium,2026-01-14
1739,75,2026-01-16,open,medium,
1740,120,2025-12-05,closed,low,2025-12-17
1741,6,2025-11-12,closed,low,2025-11-18
1742,63,2025-12-06,solved,low,2025-12-13
1743,55,2026-02-12,solved,low,2026-02-24
1744,110,2026-02-11,closed,low,2026-02-20
1745,22,2025-12-05,solved,low,2025-12-14
1746,96,2026-02-15,pending,high,
1747,27,2026-03-11,pending,medium,
1748,8,2026-01-28,solved,medium,2026-02-01
1749,7,2026-03-07,open,high,
1750,103,2025-12-30,open,medium,
1751,37,2026-01-13,open,high,
1752,60,2026-02-28,closed,medium,2026-03-08
1753,14,2026-02-13,closed,low,2026-02-21
1754,16,2025-12-09,closed,urgent,2025-12-15
1755,51,2025-11-13,pending,medium,
1756,104,2025-10-04,pending,high,
1757,24,2025-11-29,solved,high,2025-12-05
1758,19,2026-02-14,solved,low,2026-02-22
1759,76,2026-03-11,pending,medium,
1760,1,2026-03-05,open,low,
1761,41,2025-10-05,closed,low,2025-10-14
1762,78,2026-02-09,open,low,
1763,42,2026-03-10,pending,urgent,
1764,102,2025-11-22,open,low,
1765,68,2025-11-06,solved,high,2025-11-09
1766,83,2026-01-13,solved,low,2026-01-22
1767,103,2025-12-09,closed,low,2025-12-19
1768,94,2025-10-24,open,low,
1769,54,2026-02-22,open,medium,
1770,99,2025-12-26,open,medium,
1771,24,2026-02-21,pending,medium,
1772,59,2025-10-01,closed,medium,2025-10-09
1773,60,2025-10-16,pending,high,
1774,118,2026-02-07,solved,high,2026-02-11
1775,92,2025-09-30,solved,low,2025-10-09
1776,11,2025-10-10,solved,low,2025-10-18
1777,106,2025-12-02,pending,low,
1778,117,2026-01-27,closed,high,2026-01-31
1779,7,2025-10-05,solved,high,2025-10-10
1780,94,2025-11-26,closed,low,2025-12-06
1781,16,2026-01-15,closed,high,2026-01-21
1782,38,2026-02-13,closed,low,2026-02-22
1783,17,2025-10-07,closed,high,2025-10-11
1784,40,2026-02-04,closed,high,2026-02-06
1785,102,2025-10-09,solved,high,2025-10-12
1786,86,2025-11-07,closed,high,2025-11-10
1787,58,2026-01-03,closed,low,2026-01-18
1788,57,2026-01-05,solved,high,2026-01-08
1789,16,2025-09-23,pending,low,
1790,86,2025-10-15,closed,medium,2025-10-24
1791,19,2026-02-24,solved,low,2026-03-08
1792,54,2026-02-19,solved,low,2026-02-27
1793,26,2026-03-10,open,medium,
1794,106,2026-02-21,pending,high,
1795,33,2026-01-15,open,high,
1796,57,2025-09-13,solved,medium,2025-09-21
1797,97,2025-12-31,closed,low,2026-01-08
1798,56,2025-12-12,solved,medium,2025-12-19
1799,64,2025-12-26,open,urgent,
1800,61,2025-11-18,closed,high,2025-11-21
1801,21,2025-11-07,solved,medium,2025-11-12
1802,12,2025-10-23,open,high,
1803,38,2026-02-12,pending,low,
1804,46,2025-12-21,solved,high,2025-12-23
1805,112,2025-10-25,open,medium,
1806,114,2025-09-13,closed,medium,2025-09-21
1807,77,2026-02-19,closed,medium,2026-02-27
1808,22,2025-10-25,solved,low,2025-10-30
1809,91,2026-03-12,pending,low,
1810,67,2026-02-08,solved,medium,2026-02-16
1811,16,2025-09-20,solved,low,2025-09-30
1812,49,2026-01-29,solved,medium,2026-02-05
1813,39,2026-03-02,solved,medium,2026-03-10
1814,80,2026-01-08,closed,urgent,2026-01-08
1815,71,2026-02-07,pending,high,
1816,74,2025-10-12,solved,urgent,2025-10-16
1817,19,2025-10-07,solved,high,2025-10-10
1818,114,2025-11-14,closed,medium,2025-11-21
1819,92,2026-01-09,pending,low,
1820,35,2026-02-22,solved,low,2026-03-01
1821,43,2026-01-29,solved,high,2026-01-30
1822,58,2025-09-19,solved,low,2025-09-27
1823,62,2025-12-23,solved,medium,2025-12-24
1824,2,2026-01-07,closed,high,2026-01-09
1825,76,2025-11-07,solved,medium,2025-11-12
1826,101,2025-11-10,solved,medium,2025-11-18
1827,23,2026-02-27,solved,medium,2026-03-05
1828,45,2025-10-01,solved,medium,2025-10-09
1829,115,2026-03-06,pending,low,
1830,74,2026-02-19,solved,high,2026-02-24
1831,17,2025-11-25,solved,low,2025-12-06
1832,24,2025-12-24,solved,medium,2026-01-02
1833,102,2025-12-28,solved,low,2026-01-08
1834,99,2025-12-29,open,low,
1835,108,2025-11-27,solved,high,2025-11-30
1836,72,2026-01-14,closed,low,2026-01-22
1837,94,2025-10-21,solved,low,2025-10-28
1838,71,2025-10-13,solved,high,2025-10-17
1839,97,2026-01-29,closed,low,2026-02-04
1840,74,2026-01-24,solved,medium,2026-01-29
1841,93,2026-02-01,solved,low,2026-02-09
1842,43,2025-11-24,closed,medium,2025-11-29
1843,85,2025-10-16,closed,urgent,2025-10-18
1844,105,2025-12-20,open,medium,
1845,61,2025-09-24,closed,high,2025-09-28
1846,116,2026-02-13,solved,medium,2026-02-20
1847,58,2025-11-19,closed,high,2025-11-24
1848,24,2026-01-22,closed,medium,2026-01-25
1849,6,2026-01-21,closed,medium,2026-01-26
1850,74,2026-01-07,closed,high,2026-01-11
1851,43,2025-10-07,solved,low,2025-10-16
1852,34,2025-12-23,open,low,
1853,54,2025-11-05,solved,low,2025-11-15
1854,83,2026-03-01,solved,medium,2026-03-05
1855,39,2025-10-16,closed,low,2025-10-25
1856,34,2026-01-22,closed,low,2026-01-30
1857,43,2026-01-31,solved,urgent,2026-01-31
1858,38,2025-10-06,solved,medium,2025-10-14
1859,73,2026-01-24,solved,low,2026-02-04
1860,9,2026-01-16,solved,low,2026-01-23
1861,51,2025-11-25,closed,low,2025-12-03
1862,43,2026-01-03,solved,medium,2026-01-10
1863,64,2025-12-07,pending,low,
1864,1,2025-10-25,closed,medium,2025-10-29
1865,36,2026-03-03,solved,medium,2026-03-12
1866,40,2026-02-05,solved,medium,2026-02-09
1867,13,2025-12-17,solved,low,2025-12-28
1868,20,2025-11-10,solved,medium,2025-11-18
1869,51,2025-11-26,solved,low,2025-12-07
1870,106,2025-10-31,closed,medium,2025-11-07
1871,81,2026-01-25,solved,high,2026-01-27
1872,29,2026-01-21,solved,medium,2026-01-24
1873,93,2025-11-02,solved,low,2025-11-13
1874,75,2025-09-18,closed,medium,2025-09-26
1875,47,2025-11-01,solved,low,2025-11-06
1876,31,2025-10-18,pending,medium,
1877,42,2026-02-25,pending,medium,
1878,89,2026-02-10,closed,medium,2026-02-17
1879,116,2026-02-16,solved,medium,2026-02-20
1880,117,2025-11-16,closed,medium,2025-11-23
1881,120,2025-12-18,solved,high,2025-12-23
1882,73,2025-10-08,closed,low,2025-10-16
1883,97,2025-11-16,closed,medium,2025-11-22
1884,55,2026-02-13,solved,medium,2026-02-19
1885,40,2026-01-22,open,low,
1886,71,2026-01-15,solved,high,2026-01-19
1887,89,2026-02-19,pending,low,
1888,62,2025-12-01,solved,low,2025-12-13
1889,24,2026-01-09,open,medium,
1890,35,2026-01-08,open,low,
1891,20,2026-02-23,closed,high,2026-02-27
1892,94,2025-12-18,pending,medium,
1893,120,2026-02-05,solved,low,2026-02-16
1894,45,2025-09-14,open,low,
1895,70,2025-12-29,pending,medium,
1896,47,2025-09-22,solved,medium,2025-09-27
1897,110,2025-09-23,solved,low,2025-10-01
1898,96,2025-11-18,closed,low,2025-11-26
1899,94,2025-12-30,solved,low,2026-01-07
1900,55,2025-11-28,pending,urgent,
1901,44,2026-01-21,pending,low,
1902,11,2025-10-13,closed,low,2025-10-23
1903,7,2025-12-03,solved,medium,2025-12-12
1904,74,2025-10-06,solved,low,2025-10-15
1905,44,2026-01-20,closed,medium,2026-01-26
1906,28,2026-03-12,open,low,
1907,61,2025-10-29,closed,medium,2025-11-04
1908,116,2026-03-11,open,medium,
1909,99,2025-10-13,closed,medium,2025-10-22
1910,78,2026-03-02,solved,medium,2026-03-07
1911,94,2025-11-29,pending,high,
1912,6,2025-10-06,closed,medium,2025-10-09
1913,32,2025-10-30,solved,low,2025-11-11
1914,42,2025-12-11,solved,low,2025-12-22
1915,58,2025-12-17,pending,high,
1916,45,2026-01-23,solved,medium,2026-01-29
1917,3,2026-01-22,pending,urgent,
1918,93,2026-01-04,open,high,
1919,26,2025-12-21,closed,low,2025-12-28
1920,56,2026-03-08,pending,low,
1921,49,2026-02-26,closed,medium,2026-03-04
1922,17,2026-02-21,solved,high,2026-03-01
1923,96,2026-01-10,solved,medium,2026-01-17
1924,53,2025-10-10,closed,medium,2025-10-16
1925,35,2025-12-28,solved,medium,2026-01-02
1926,110,2025-12-12,open,low,
1927,40,2025-09-21,solved,low,2025-09-30
1928,55,2025-10-27,solved,medium,2025-11-03
1929,55,2026-02-28,solved,low,2026-03-11
1930,56,2026-01-15,open,medium,
1931,15,2025-10-05,open,medium,
1932,115,2026-03-05,closed,medium,2026-03-10
1933,34,2026-02-11,solved,low,2026-02-19
1934,77,2026-02-20,open,high,
1935,100,2026-01-01,closed,medium,2026-01-06
1936,86,2025-12-28,closed,low,2026-01-07
1937,53,2025-12-22,closed,high,2025-12-23
1938,108,2026-01-19,closed,low,2026-01-27
1939,93,2025-11-15,solved,medium,2025-11-25
1940,3,2026-01-04,pending,urgent,
1941,7,2025-12-25,pending,high,
1942,76,2025-12-27,solved,high,2025-12-29
1943,56,2025-12-06,solved,low,2025-12-16
1944,116,2026-02-22,closed,medium,2026-03-01
1945,57,2025-12-14,solved,low,2025-12-22
1946,39,2026-03-01,closed,low,2026-03-11
1947,79,2025-11-04,open,medium,
1948,45,2025-10-17,solved,low,2025-10-27
1949,10,2025-12-26,closed,medium,2026-01-02
1950,20,2026-01-17,solved,high,2026-01-18
1951,88,2025-12-02,closed,low,2025-12-10
1952,72,2025-10-28,solved,low,2025-11-05
1953,111,2025-12-12,pending,low,
1954,91,2025-10-19,solved,high,2025-10-28
1955,101,2025-11-09,closed,low,2025-11-14
1956,7,2025-10-23,solved,medium,2025-10-27
1957,98,2025-09-28,pending,low,
1958,120,2026-02-12,open,medium,
1959,33,2025-11-24,open,medium,
1960,49,2026-02-13,closed,low,2026-02-23
1961,9,2026-03-08,pending,low,
1962,19,2026-02-18,open,low,
1963,13,2025-12-04,solved,medium,2025-12-11
1964,39,2025-12-29,solved,medium,2026-01-05
1965,57,2025-09-22,closed,urgent,2025-09-23
1966,107,2025-10-14,closed,low,2025-10-24
1967,11,2026-02-13,solved,low,2026-02-22
1968,12,2026-01-12,solved,high,2026-01-16
1969,102,2025-12-10,closed,medium,2025-12-17
1970,102,2025-09-14,closed,low,2025-09-26
1971,12,2026-02-04,closed,high,2026-02-12
1972,44,2025-12-12,closed,low,2025-12-24
1973,63,2025-09-29,pending,urgent,
1974,94,2025-10-28,open,medium,
1975,71,2025-12-02,solved,medium,2025-12-08
1976,57,2026-03-08,closed,high,2026-03-10
1977,95,2025-09-26,solved,medium,2025-10-04
1978,108,2026-02-14,closed,low,2026-02-23
1979,48,2025-11-15,solved,low,2025-11-21
1980,9,2025-12-05,open,urgent,
1981,48,2026-02-17,open,low,
1982,113,2025-10-10,closed,urgent,2025-10-10
1983,97,2025-11-22,open,medium,
1984,53,2025-10-17,solved,low,2025-10-25
1985,75,2025-11-19,pending,low,
1986,25,2026-03-03,solved,high,2026-03-03
1987,73,2025-11-16,open,low,
1988,69,2026-01-04,pending,low,
1989,14,2026-03-09,pending,low,
1990,100,2026-01-20,open,medium,
1991,93,2025-10-06,open,low,
1992,42,2026-02-20,closed,low,2026-03-05
1993,6,2025-10-15,solved,low,2025-10-27
1994,85,2025-10-14,closed,medium,2025-10-20
1995,120,2025-11-10,solved,medium,2025-11-14
1996,62,2026-01-09,closed,medium,2026-01-17
1997,90,2026-02-09,open,low,
1998,81,2025-11-07,solved,medium,2025-11-14
1999,83,2025-10-01,solved,low,2025-10-12
2000,2,2025-09-17,solved,medium,2025-09-24
2001,8,2025-11-06,solved,medium,2025-11-12
2002,111,2026-02-18,solved,high,2026-02-21
2003,88,2026-01-19,closed,low,2026-01-26
2004,75,2025-09-26,closed,medium,2025-10-02
2005,99,2025-12-12,closed,medium,2025-12-20
2006,117,2025-09-17,solved,low,2025-09-24
2007,119,2025-12-24,solved,medium,2025-12-30
2008,25,2026-02-19,solved,high,2026-02-19
2009,9,2025-10-25,closed,low,2025-11-04
2010,16,2026-01-20,solved,medium,2026-01-29
2011,19,2026-02-23,solved,medium,2026-03-01
2012,81,2025-10-02,closed,medium,2025-10-06
2013,24,2025-11-08,solved,low,2025-11-19
2014,114,2026-02-12,closed,high,2026-02-17
2015,14,2026-02-10,closed,medium,2026-02-16
2016,92,2025-09-25,pending,high,
2017,39,2025-11-27,open,high,
2018,12,2025-12-07,open,low,
2019,8,2026-02-16,closed,urgent,2026-02-18
2020,49,2025-12-08,closed,low,2025-12-14
2021,80,2026-02-06,solved,medium,2026-02-14
2022,6,2025-10-09,closed,medium,2025-10-18
2023,11,2025-09-15,closed,low,2025-09-23
2024,102,2025-12-05,closed,low,2025-12-13
2025,70,2026-02-08,open,medium,
2026,78,2026-02-16,open,low,
2027,6,2026-02-08,solved,urgent,2026-02-08
2028,15,2026-03-08,open,low,
2029,118,2026-02-01,open,low,
2030,25,2025-12-17,solved,low,2025-12-23
2031,58,2026-01-15,solved,urgent,2026-01-16
2032,34,2025-11-03,solved,medium,2025-11-09
2033,50,2026-03-08,pending,low,
2034,108,2026-01-23,open,low,
2035,82,2025-10-06,closed,medium,2025-10-11
2036,64,2025-11-23,solved,medium,2025-12-02
2037,73,2026-02-05,solved,low,2026-02-13
2038,4,2025-09-26,closed,medium,2025-10-03
2039,75,2025-09-17,solved,medium,2025-09-26
2040,66,2026-03-05,open,low,
2041,55,2026-03-10,open,urgent,
2042,104,2025-10-13,solved,medium,2025-10-21
2043,29,2025-11-20,closed,urgent,2025-11-20
2044,112,2025-12-08,solved,low,2025-12-19
2045,102,2026-01-07,closed,low,2026-01-17
2046,94,2025-10-04,pending,low,
2047,64,2025-09-17,closed,low,2025-09-24
2048,18,2025-11-01,open,medium,
2049,32,2025-09-27,open,urgent,
2050,21,2025-12-11,pending,low,
2051,10,2025-12-22,pending,medium,
2052,60,2026-02-27,pending,medium,
2053,107,2026-02-28,solved,high,2026-03-08
2054,41,2025-09-21,closed,medium,2025-09-28
2055,104,2025-11-27,open,high,
2056,42,2026-03-05,open,urgent,
2057,30,2025-09-24,open,high,
2058,119,2026-01-28,solved,medium,2026-02-03
2059,35,2025-12-18,solved,medium,2025-12-22
2060,4,2026-01-18,closed,low,2026-01-29
2061,36,2025-12-06,solved,medium,2025-12-15
2062,117,2025-12-10,closed,medium,2025-12-17
2063,105,2025-09-24,closed,medium,2025-09-30
2064,20,2026-01-26,solved,medium,2026-02-01
2065,55,2026-02-21,closed,medium,2026-02-28
2066,93,2026-01-07,solved,urgent,2026-01-07
2067,55,2026-03-03,closed,medium,2026-03-08
2068,4,2025-11-09,open,low,
2069,110,2025-09-14,pending,low,
2070,73,2026-02-07,solved,medium,2026-02-18
2071,48,2025-09-29,solved,low,2025-10-10
2072,50,2025-11-03,closed,medium,2025-11-06
2073,20,2026-01-21,closed,low,2026-01-29
2074,41,2025-09-17,pending,medium,
2075,85,2025-12-25,pending,low,
2076,10,2025-12-04,pending,low,
2077,102,2025-11-04,solved,low,2025-11-12
2078,35,2025-10-14,solved,low,2025-10-23
2079,16,2026-01-08,closed,medium,2026-01-13
2080,58,2026-02-14,closed,low,2026-02-20
2081,79,2025-09-30,solved,high,2025-09-30
2082,12,2025-10-01,closed,low,2025-10-11
2083,11,2025-10-03,solved,medium,2025-10-09
2084,93,2026-02-22,solved,high,2026-02-25
2085,42,2026-02-26,solved,high,2026-02-26
2086,111,2025-09-23,pending,low,
2087,48,2025-11-24,solved,high,2025-11-26
2088,31,2026-02-10,solved,medium,2026-02-19
2089,71,2025-10-23,solved,medium,2025-11-02
2090,101,2025-12-28,solved,medium,2026-01-01
2091,31,2026-01-02,solved,low,2026-01-11
2092,32,2026-03-07,open,high,
2093,68,2026-01-21,closed,medium,2026-01-29
2094,7,2025-12-27,pending,low,
2095,51,2025-11-10,solved,high,2025-11-13
2096,79,2026-01-30,solved,medium,2026-02-05
2097,50,2026-02-16,open,low,
2098,28,2025-12-12,solved,low,2025-12-21
2099,16,2025-11-23,solved,medium,2025-12-01
2100,96,2025-09-16,solved,urgent,2025-09-17
2101,67,2025-09-13,pending,medium,
2102,105,2025-11-18,solved,medium,2025-11-21
2103,2,2026-01-07,solved,medium,2026-01-16
2104,2,2025-12-28,solved,low,2026-01-05
2105,85,2025-10-15,open,low,
2106,16,2025-10-07,closed,urgent,2025-10-09
2107,89,2025-12-16,closed,low,2025-12-28
2108,111,2025-11-19,open,medium,
2109,90,2026-01-12,open,high,
2110,82,2025-12-04,solved,high,2025-12-10
2111,9,2025-10-09,solved,low,2025-10-14
2112,97,2025-09-28,pending,medium,
2113,92,2025-12-28,solved,medium,2026-01-02
2114,22,2025-10-25,open,urgent,
2115,114,2026-01-11,open,low,
2116,101,2025-10-01,pending,medium,
2117,48,2026-02-28,closed,medium,2026-03-10
2118,13,2025-11-28,closed,low,2025-12-07
2119,35,2025-11-30,open,low,
2120,44,2025-09-24,closed,low,2025-10-06
2121,76,2025-11-13,closed,high,2025-11-16
2122,45,2026-03-07,open,low,
2123,59,2026-02-14,closed,medium,2026-02-23
2124,106,2025-10-24,solved,medium,2025-10-30
2125,96,2025-10-26,solved,medium,2025-11-03
2126,44,2025-10-26,closed,low,2025-11-05
2127,77,2026-02-21,solved,low,2026-03-05
2128,64,2026-03-05,solved,urgent,2026-03-07
2129,8,2025-11-29,solved,medium,2025-12-03
2130,76,2025-09-29,solved,medium,2025-10-07
2131,38,2025-11-04,open,low,
2132,79,2026-03-04,closed,medium,2026-03-08
2133,107,2026-01-22,closed,low,2026-01-31
2134,84,2025-12-04,closed,medium,2025-12-11
2135,118,2025-09-29,pending,medium,
2136,92,2025-11-14,closed,medium,2025-11-18
2137,2,2026-01-21,solved,high,2026-01-22
2138,86,2025-09-25,solved,high,2025-09-26
2139,4,2026-03-01,closed,high,2026-03-05
2140,112,2025-09-21,closed,high,2025-09-23
2141,112,2025-09-22,pending,low,
2142,59,2026-02-28,solved,medium,2026-03-05
2143,37,2025-11-15,solved,high,2025-11-20
2144,34,2026-02-05,solved,low,2026-02-13
2145,14,2026-03-07,closed,urgent,2026-03-10
2146,26,2026-01-27,solved,medium,2026-02-02
2147,42,2026-03-09,pending,medium,
2148,71,2026-02-05,open,low,
2149,3,2025-12-24,solved,medium,2026-01-02
2150,111,2025-10-02,closed,medium,2025-10-14
2151,67,2025-11-02,closed,medium,2025-11-08
2152,73,2026-02-25,closed,low,2026-03-05
2153,17,2025-12-16,closed,urgent,2025-12-16
2154,73,2025-09-29,solved,high,2025-10-04
2155,104,2026-03-01,open,high,
2156,98,2025-10-03,closed,urgent,2025-10-07
2157,6,2026-02-18,solved,medium,2026-02-22
2158,20,2025-09-29,closed,low,2025-10-09
2159,78,2026-01-04,solved,medium,2026-01-12
2160,101,2025-11-08,open,low,
2161,7,2025-10-02,solved,high,2025-10-05
2162,62,2025-11-18,solved,low,2025-11-27
2163,12,2025-12-16,solved,low,2025-12-26
2164,51,2025-12-12,closed,medium,2025-12-18
2165,93,2025-12-01,solved,medium,2025-12-08
2166,66,2026-02-11,pending,low,
2167,106,2026-03-11,open,low,
2168,38,2025-09-26,solved,medium,2025-10-05
2169,19,2026-03-06,closed,medium,2026-03-07
2170,60,2026-02-15,solved,medium,2026-02-23
2171,41,2025-09-18,closed,low,2025-09-27
2172,89,2026-01-05,open,medium,
2173,2,2025-10-08,solved,medium,2025-10-16
2174,81,2025-12-09,solved,urgent,2025-12-11
2175,69,2025-12-20,solved,high,2025-12-23
2176,9,2025-10-31,closed,medium,2025-11-03
2177,5,2026-01-15,pending,low,
2178,76,2025-12-23,solved,high,2025-12-30
2179,78,2026-03-07,closed,medium,2026-03-12
2180,89,2026-01-14,open,medium,
2181,37,2025-09-20,closed,medium,2025-09-24
2182,13,2025-09-30,pending,medium,
2183,62,2025-12-12,closed,urgent,2025-12-12
2184,24,2025-12-06,solved,low,2025-12-13
2185,35,2026-02-14,closed,medium,2026-02-24
2186,106,2026-03-01,solved,urgent,2026-03-03
2187,74,2025-09-14,closed,medium,2025-09-22
2188,95,2025-10-12,solved,medium,2025-10-18
2189,12,2025-09-24,solved,low,2025-10-08
2190,22,2025-12-29,solved,medium,2026-01-01
2191,20,2026-03-06,closed,high,2026-03-10
2192,92,2026-01-21,pending,low,
2193,6,2026-03-11,pending,low,
2194,98,2026-01-04,pending,urgent,
2195,85,2026-02-11,open,medium,
2196,111,2026-03-11,pending,low,
2197,72,2025-09-30,open,medium,
2198,50,2026-02-26,solved,high,2026-03-03
2199,35,2025-12-16,pending,high,
2200,79,2025-11-29,solved,medium,2025-12-04
2201,113,2025-11-09,open,medium,
2202,91,2026-02-08,closed,high,2026-02-08
2203,92,2025-12-02,open,low,
2204,48,2026-01-29,solved,high,2026-02-03
2205,1,2026-02-07,pending,medium,
2206,47,2026-02-25,solved,low,2026-03-05
2207,88,2025-09-25,closed,low,2025-10-03
2208,54,2026-02-24,solved,medium,2026-03-01
2209,15,2026-01-17,solved,low,2026-01-27
2210,58,2025-12-16,solved,medium,2025-12-21
2211,105,2025-11-14,pending,medium,
2212,80,2025-12-25,solved,medium,2026-01-02
2213,26,2026-01-22,open,medium,
2214,78,2026-02-15,solved,high,2026-02-18
2215,29,2025-12-01,solved,low,2025-12-12
2216,111,2025-10-05,open,medium,
2217,9,2026-01-25,pending,low,
2218,1,2025-10-01,closed,low,2025-10-07
2219,106,2025-12-23,solved,high,2025-12-26
2220,99,2025-11-17,closed,low,2025-11-24
2221,12,2025-09-14,solved,low,2025-09-25
2222,98,2025-10-13,solved,urgent,2025-10-15
2223,59,2025-09-27,closed,medium,2025-10-04
2224,73,2025-10-10,closed,medium,2025-10-19
2225,44,2025-12-16,open,low,
2226,94,2026-03-11,open,medium,
2227,70,2026-03-03,solved,medium,2026-03-09
2228,26,2026-01-22,solved,high,2026-01-26
2229,118,2025-11-10,solved,low,2025-11-18
2230,70,2025-12-14,solved,low,2025-12-21
2231,26,2026-02-24,solved,medium,2026-03-02
2232,55,2025-10-30,closed,low,2025-11-08
2233,89,2026-01-06,open,medium,
2234,43,2026-01-03,open,medium,
2235,93,2025-10-17,open,medium,
2236,86,2025-12-31,solved,low,2026-01-09
2237,7,2025-10-17,solved,medium,2025-10-23
2238,82,2025-10-05,solved,medium,2025-10-09
2239,49,2026-01-14,solved,high,2026-01-18
2240,54,2026-02-21,open,high,
2241,71,2026-01-25,open,medium,
2242,5,2025-11-07,open,urgent,
2243,63,2026-01-25,pending,medium,
2244,71,2025-11-07,pending,low,
2245,79,2025-12-24,solved,low,2025-12-31
2246,3,2026-03-03,closed,low,2026-03-10
2247,13,2026-02-14,closed,medium,2026-02-19
2248,13,2025-12-13,solved,low,2025-12-23
2249,93,2026-02-11,solved,low,2026-02-22
2250,102,2025-10-28,solved,medium,2025-11-03
2251,54,2026-02-26,pending,medium,
2252,47,2025-09-24,closed,medium,2025-10-02
2253,98,2025-11-06,pending,medium,
2254,111,2025-11-22,closed,medium,2025-11-29
2255,32,2026-01-11,pending,medium,
2256,69,2026-01-10,solved,medium,2026-01-13
2257,58,2026-02-14,solved,low,2026-02-26
2258,72,2025-09-25,closed,low,2025-10-02
2259,53,2025-09-14,solved,high,2025-09-22
2260,94,2025-11-07,open,high,
2261,69,2025-09-16,solved,high,2025-09-17
2262,90,2026-01-17,open,medium,
2263,67,2025-11-25,open,low,
2264,79,2025-11-15,solved,medium,2025-11-21
2265,3,2025-12-21,closed,low,2025-12-30
2266,6,2025-10-02,closed,high,2025-10-04
2267,65,2026-01-10,pending,medium,
2268,5,2025-11-13,solved,high,2025-11-16
2269,73,2025-09-13,solved,urgent,2025-09-13
2270,46,2026-02-24,pending,medium,
2271,64,2026-02-02,open,high,
2272,119,2026-02-06,closed,high,2026-02-09
2273,80,2025-12-30,closed,medium,2026-01-09
2274,66,2026-02-26,solved,low,2026-03-08
2275,99,2026-01-17,open,medium,
2276,69,2025-10-26,closed,medium,2025-10-31
2277,93,2025-11-18,solved,medium,2025-11-24
2278,117,2026-01-24,solved,medium,2026-01-30
2279,70,2025-09-18,solved,high,2025-09-25
2280,56,2025-09-18,open,high,
2281,82,2025-10-18,solved,low,2025-10-26
2282,43,2025-09-27,solved,high,2025-09-28
2283,22,2026-01-04,solved,high,2026-01-08
2284,18,2026-01-07,solved,low,2026-01-16
2285,34,2025-12-11,pending,medium,
2286,3,2025-11-21,solved,medium,2025-11-27
2287,49,2026-01-13,solved,medium,2026-01-19
2288,24,2025-10-25,solved,low,2025-11-05
2289,30,2026-01-20,open,high,
2290,8,2026-02-12,closed,low,2026-02-23
2291,69,2025-12-03,pending,high,
2292,31,2025-12-04,solved,medium,2025-12-10
2293,12,2025-10-28,closed,high,2025-11-02
2294,75,2026-01-15,solved,low,2026-01-27
2295,86,2025-12-28,solved,medium,2026-01-04
2296,100,2025-11-19,solved,medium,2025-11-25
2297,37,2025-11-16,open,medium,
2298,111,2026-02-24,closed,low,2026-03-07
2299,60,2025-11-05,solved,low,2025-11-16
2300,113,2026-02-14,solved,urgent,2026-02-17
2301,19,2026-03-07,open,low,
2302,46,2026-02-11,solved,low,2026-02-21
2303,106,2025-11-03,solved,medium,2025-11-10
2304,30,2026-02-08,pending,medium,
2305,2,2025-09-24,closed,medium,2025-10-01
2306,70,2025-12-23,open,medium,
2307,46,2025-10-28,closed,medium,2025-11-05
2308,48,2026-02-07,solved,low,2026-02-17
2309,39,2025-10-16,pending,low,
2310,58,2026-01-07,open,low,
2311,96,2025-11-05,solved,low,2025-11-14
2312,113,2025-12-10,open,high,
2313,62,2026-02-14,solved,low,2026-02-22
2314,21,2025-10-23,solved,medium,2025-10-30
2315,118,2026-02-09,solved,urgent,2026-02-09
2316,73,2025-10-29,closed,medium,2025-11-06
2317,74,2026-01-22,closed,low,2026-02-02
2318,91,2026-02-28,solved,low,2026-03-10
2319,27,2025-11-17,solved,high,2025-11-23
2320,95,2026-02-20,solved,low,2026-02-28
2321,21,2025-09-23,closed,medium,2025-09-28
2322,118,2025-12-22,closed,medium,2026-01-01
2323,43,2025-12-30,pending,medium,
2324,114,2025-10-31,closed,low,2025-11-08
2325,25,2025-11-28,solved,high,2025-12-01
2326,66,2026-03-10,open,high,
2327,41,2026-02-12,solved,medium,2026-02-18
2328,47,2026-01-31,pending,low,
2329,34,2025-12-21,open,medium,
2330,107,2026-01-10,solved,urgent,2026-01-10
2331,109,2026-02-11,open,low,
2332,24,2026-02-23,closed,low,2026-03-01
2333,30,2025-12-25,open,high,
2334,118,2026-01-25,closed,medium,2026-02-04
2335,101,2025-11-29,pending,urgent,
2336,14,2026-03-11,pending,medium,
2337,47,2026-01-08,open,low,
2338,54,2026-03-11,open,urgent,
2339,81,2025-10-13,open,low,
2340,97,2026-02-22,closed,high,2026-02-22
2341,38,2026-01-01,solved,high,2026-01-05
2342,45,2026-01-27,solved,medium,2026-02-04
2343,27,2026-01-24,open,high,
2344,26,2025-11-24,solved,low,2025-12-03
2345,81,2026-02-16,closed,medium,2026-02-22
2346,61,2025-09-27,solved,low,2025-10-05
2347,44,2025-12-09,open,high,
2348,117,2026-01-06,pending,low,
2349,100,2025-10-23,solved,high,2025-10-28
2350,88,2026-02-17,open,medium,
2351,51,2025-11-01,open,medium,
2352,53,2025-12-07,closed,low,2025-12-17
2353,95,2026-02-20,open,high,
2354,56,2025-10-31,pending,medium,
2355,75,2026-01-18,pending,medium,
2356,49,2025-09-13,solved,low,2025-09-25
2357,57,2026-01-09,closed,low,2026-01-20
2358,22,2025-10-23,solved,low,2025-11-06
2359,112,2025-12-23,closed,high,2025-12-23
2360,37,2025-12-03,closed,medium,2025-12-07
2361,37,2025-11-26,solved,low,2025-12-07
2362,39,2025-09-23,solved,high,2025-09-27
2363,100,2026-01-24,closed,low,2026-01-31
2364,35,2025-11-30,closed,medium,2025-12-08
2365,5,2026-01-20,solved,low,2026-01-31
2366,44,2026-03-01,closed,urgent,2026-03-01
2367,80,2025-11-09,closed,high,2025-11-12
2368,27,2026-01-05,closed,low,2026-01-14
2369,119,2026-03-01,solved,medium,2026-03-09
2370,72,2026-01-16,closed,urgent,2026-01-20
2371,75,2026-01-04,solved,low,2026-01-16
2372,39,2025-12-23,pending,high,
2373,27,2026-02-21,solved,medium,2026-02-27
2374,75,2025-10-11,pending,low,
2375,82,2025-12-19,solved,low,2025-12-27
2376,49,2025-09-17,closed,high,2025-09-20
2377,74,2025-12-16,closed,low,2025-12-25
2378,74,2025-10-28,solved,low,2025-11-06
2379,15,2026-01-16,solved,low,2026-01-26
2380,105,2025-12-04,closed,medium,2025-12-11
2381,29,2025-10-12,open,medium,
2382,98,2025-09-27,closed,low,2025-10-06
2383,24,2026-02-27,solved,medium,2026-03-05
2384,3,2026-02-18,solved,high,2026-02-20
2385,113,2026-01-14,solved,low,2026-01-26
2386,20,2025-10-13,closed,low,2025-10-25
2387,40,2026-02-03,closed,low,2026-02-09
2388,69,2026-02-17,solved,high,2026-02-24
2389,43,2026-01-26,pending,low,
2390,26,2025-09-26,closed,medium,2025-10-01
2391,88,2026-02-06,open,low,
2392,18,2026-02-19,solved,low,2026-02-28
2393,91,2026-01-29,closed,low,2026-02-05
2394,37,2025-10-31,pending,high,
2395,90,2026-02-12,open,low,
2396,8,2026-03-09,open,medium,
2397,111,2025-10-10,open,high,
2398,17,2025-11-10,solved,medium,2025-11-16
2399,31,2025-09-16,closed,medium,2025-09-26
2400,54,2026-03-11,open,high,
2401,7,2025-10-27,closed,low,2025-11-08
2402,65,2025-12-06,solved,low,2025-12-13
2403,106,2025-09-24,closed,high,2025-09-26
2404,61,2025-11-08,closed,low,2025-11-20
2405,59,2026-02-08,solved,low,2026-02-21
2406,34,2025-11-25,closed,medium,2025-12-04
2407,50,2025-12-14,closed,urgent,2025-12-21
2408,120,2026-01-03,solved,medium,2026-01-12
2409,53,2025-11-17,closed,low,2025-11-25
2410,1,2025-11-17,closed,low,2025-11-27
2411,77,2026-02-26,closed,medium,2026-03-02
2412,59,2026-01-22,solved,medium,2026-01-30
2413,85,2025-11-15,open,high,
2414,62,2025-12-23,solved,medium,2025-12-30
2415,119,2026-01-04,closed,medium,2026-01-10
2416,10,2025-10-06,closed,urgent,2025-10-06
2417,31,2026-01-13,open,low,
2418,5,2025-10-17,solved,urgent,2025-10-21
2419,26,2026-02-07,pending,urgent,
2420,96,2025-12-01,closed,low,2025-12-11
2421,15,2025-11-12,closed,low,2025-11-21
2422,40,2025-09-24,closed,low,2025-10-02
2423,41,2026-02-19,pending,high,
2424,23,2026-01-20,solved,medium,2026-01-28
2425,75,2025-12-27,closed,low,2026-01-07
2426,41,2025-12-13,solved,high,2025-12-20
2427,14,2025-11-13,solved,low,2025-11-21
2428,73,2025-12-29,pending,low,
2429,73,2025-10-03,solved,high,2025-10-05
2430,15,2025-09-22,solved,medium,2025-09-30
2431,54,2025-09-22,open,urgent,
2432,115,2026-01-20,open,low,
2433,2,2025-11-01,closed,low,2025-11-09
2434,96,2025-11-29,solved,low,2025-12-08
2435,114,2026-01-12,solved,low,2026-01-22
2436,86,2025-11-14,pending,medium,
2437,55,2026-03-07,open,medium,
2438,24,2025-12-06,pending,low,
2439,104,2025-11-04,solved,low,2025-11-08
2440,97,2026-02-19,closed,low,2026-03-03
2441,51,2026-02-08,open,low,
2442,88,2026-01-15,solved,low,2026-01-25
2443,63,2026-01-07,closed,medium,2026-01-14
2444,19,2025-12-06,solved,medium,2025-12-11
2445,26,2026-01-24,solved,medium,2026-01-29
2446,23,2026-01-07,solved,low,2026-01-20
2447,39,2026-01-27,solved,high,2026-02-01
2448,26,2026-01-08,solved,medium,2026-01-12
2449,31,2026-02-23,open,low,
2450,35,2025-12-22,solved,high,2025-12-23
2451,3,2025-12-20,solved,low,2025-12-30
2452,7,2025-10-19,closed,low,2025-10-29
2453,80,2025-12-23,closed,low,2026-01-04
2454,12,2026-03-04,open,low,
2455,56,2026-02-22,pending,high,
2456,50,2025-12-06,solved,high,2025-12-10
2457,55,2026-02-18,solved,low,2026-02-25
2458,89,2025-10-30,closed,low,2025-11-13
2459,49,2025-11-15,solved,medium,2025-11-20
2460,74,2026-01-15,solved,urgent,2026-01-18
2461,37,2025-12-08,closed,urgent,2025-12-09
2462,36,2026-02-27,closed,low,2026-03-08
2463,111,2026-01-20,open,medium,
2464,26,2025-09-18,open,medium,
2465,66,2026-03-06,pending,low,
2466,101,2025-11-14,closed,medium,2025-11-22
2467,54,2026-02-15,open,low,
2468,12,2026-01-16,solved,medium,2026-01-25
2469,87,2026-02-23,closed,low,2026-03-04
2470,12,2025-11-04,closed,low,2025-11-17
2471,18,2025-11-17,closed,medium,2025-11-21
2472,118,2025-10-10,solved,medium,2025-10-18
2473,78,2026-02-28,solved,low,2026-03-11
2474,98,2026-01-09,solved,medium,2026-01-16
2475,86,2025-11-17,closed,urgent,2025-11-17
2476,17,2025-11-11,solved,low,2025-11-19
2477,28,2026-01-13,open,medium,
2478,54,2026-02-14,open,urgent,
2479,76,2025-10-08,closed,low,2025-10-19
2480,109,2025-12-22,closed,high,2025-12-26
2481,97,2026-01-09,closed,high,2026-01-14
2482,12,2026-03-12,pending,low,
2483,34,2025-10-30,closed,high,2025-11-05
2484,25,2025-11-30,closed,high,2025-12-05
2485,42,2026-02-12,closed,urgent,2026-02-12
2486,86,2025-12-13,closed,high,2025-12-15
2487,106,2026-02-17,closed,medium,2026-02-22
2488,14,2026-02-12,pending,medium,
2489,33,2026-02-20,solved,medium,2026-02-27
2490,8,2026-01-18,closed,urgent,2026-01-18
2491,94,2025-09-26,closed,medium,2025-10-05
2492,73,2025-12-12,closed,low,2025-12-22
2493,41,2025-12-26,pending,high,
2494,62,2025-10-06,open,low,
2495,90,2025-12-26,solved,low,2026-01-04
2496,95,2026-03-11,open,medium,
2497,1,2026-02-19,solved,medium,2026-02-26
2498,60,2025-12-20,solved,medium,2025-12-26
2499,113,2025-09-13,solved,medium,2025-09-19
2500,35,2026-01-24,closed,low,2026-02-03
2501,85,2025-12-19,closed,high,2025-12-20
2502,38,2026-02-14,closed,medium,2026-02-19
2503,31,2026-02-27,solved,high,2026-03-03
2504,2,2025-10-06,open,high,
2505,117,2026-03-04,pending,low,
2506,98,2026-02-28,open,low,
2507,13,2025-12-28,closed,medium,2026-01-05
2508,6,2025-11-12,pending,high,
2509,59,2025-10-04,closed,low,2025-10-14
2510,79,2026-01-10,solved,medium,2026-01-15
2511,68,2025-10-09,solved,high,2025-10-11
2512,81,2026-01-26,open,high,
2513,51,2025-10-09,solved,high,2025-10-16
2514,104,2025-11-07,closed,medium,2025-11-12
2515,47,2026-02-26,solved,urgent,2026-03-03
2516,26,2025-11-08,pending,medium,
2517,11,2026-02-26,closed,high,2026-03-05
2518,98,2025-11-30,solved,medium,2025-12-10
2519,87,2026-02-23,closed,high,2026-03-01
2520,106,2026-02-28,solved,low,2026-03-10
2521,100,2025-10-31,solved,medium,2025-11-03
2522,66,2026-03-08,pending,low,
2523,73,2025-12-27,solved,low,2026-01-06
2524,25,2025-09-20,solved,medium,2025-09-29
2525,4,2025-10-10,solved,low,2025-10-17
2526,28,2026-03-06,pending,medium,
2527,118,2025-11-05,closed,low,2025-11-13
2528,108,2025-11-10,solved,high,2025-11-11
2529,32,2025-10-25,solved,high,2025-10-27
2530,27,2025-10-19,solved,medium,2025-10-26
2531,85,2025-12-03,solved,urgent,2025-12-03
2532,6,2025-12-22,closed,medium,2025-12-27
2533,91,2026-03-07,pending,low,
2534,14,2026-03-05,pending,medium,
2535,118,2025-10-12,closed,medium,2025-10-17
2536,22,2026-02-16,solved,urgent,2026-02-19
2537,34,2025-12-02,solved,medium,2025-12-10
2538,67,2025-12-18,solved,medium,2025-12-25
2539,21,2026-01-02,solved,urgent,2026-01-08
2540,65,2025-09-27,solved,urgent,2025-10-02
2541,92,2025-11-02,solved,medium,2025-11-10
2542,67,2025-12-23,solved,medium,2025-12-26
2543,97,2025-12-16,solved,high,2025-12-18
2544,46,2026-01-12,solved,high,2026-01-17
2545,18,2025-12-08,solved,low,2025-12-20
2546,117,2026-01-21,solved,low,2026-01-29
2547,29,2025-12-08,solved,medium,2025-12-12
2548,16,2025-10-02,open,high,
2549,8,2026-01-27,closed,medium,2026-02-02
2550,42,2026-02-24,pending,low,
2551,82,2025-10-13,closed,medium,2025-10-18
2552,56,2026-01-08,solved,high,2026-01-14
2553,87,2026-03-05,open,medium,
2554,58,2026-01-24,solved,medium,2026-01-30
2555,93,2025-10-21,solved,low,2025-10-27
2556,103,2025-12-08,solved,medium,2025-12-17
2557,108,2025-10-01,solved,low,2025-10-15
2558,53,2026-01-21,pending,high,
2559,70,2025-12-19,pending,low,
2560,113,2025-10-06,closed,high,2025-10-11
2561,49,2025-10-20,solved,medium,2025-10-29
2562,99,2026-02-02,solved,low,2026-02-09
2563,19,2026-02-17,solved,medium,2026-02-23
2564,18,2025-10-27,closed,low,2025-11-06
2565,73,2025-09-26,solved,low,2025-10-07
2566,4,2025-12-19,solved,high,2025-12-22
2567,106,2026-03-12,open,urgent,
2568,40,2025-10-23,closed,low,2025-11-03
2569,84,2025-10-29,solved,high,2025-11-01
2570,3,2026-02-07,solved,low,2026-02-18
2571,41,2025-10-01,solved,high,2025-10-05
2572,36,2025-11-01,solved,medium,2025-11-07
2573,108,2025-12-12,solved,medium,2025-12-18
2574,15,2025-12-26,closed,low,2026-01-05
2575,28,2025-11-17,pending,low,
2576,5,2025-09-17,closed,low,2025-09-24
2577,120,2025-09-28,closed,medium,2025-10-04
2578,95,2026-02-18,closed,medium,2026-02-25
2579,10,2026-02-22,open,low,
2580,41,2026-03-07,open,low,
2581,49,2025-10-14,closed,medium,2025-10-18
2582,51,2025-12-19,solved,high,2025-12-21
2583,92,2025-10-30,open,urgent,
2584,5,2025-11-17,solved,medium,2025-11-23
2585,31,2026-01-08,closed,low,2026-01-16
2586,105,2025-12-19,solved,medium,2025-12-26
2587,24,2026-02-18,solved,medium,2026-02-25
2588,76,2025-11-23,open,high,
2589,2,2025-12-21,closed,medium,2025-12-29
2590,15,2026-01-05,solved,medium,2026-01-09
2591,31,2026-01-08,closed,high,2026-01-12
2592,4,2026-01-23,pending,high,
2593,99,2025-11-14,open,urgent,
2594,53,2025-11-30,pending,medium,
2595,7,2025-10-04,solved,low,2025-10-13
2596,28,2026-01-07,solved,low,2026-01-14
2597,119,2025-10-31,closed,medium,2025-11-08
2598,3,2026-02-25,solved,medium,2026-03-04
2599,100,2025-10-16,open,low,
2600,94,2026-02-18,closed,high,2026-02-18
2601,50,2026-02-15,solved,high,2026-02-18
2602,71,2026-02-04,solved,low,2026-02-15
2603,28,2025-10-25,closed,medium,2025-10-28
2604,112,2026-02-20,pending,low,
2605,73,2025-10-14,pending,urgent,
2606,57,2026-01-25,closed,low,2026-02-03
2607,47,2025-10-23,pending,medium,
2608,48,2025-09-14,pending,urgent,
2609,14,2026-02-21,closed,medium,2026-03-02
2610,70,2025-12-26,open,low,
2611,92,2026-01-22,closed,medium,2026-01-30
2612,50,2026-02-27,open,low,
2613,119,2025-12-26,closed,low,2026-01-07
2614,24,2025-11-04,open,high,
2615,8,2026-02-18,open,high,
2616,67,2025-11-01,solved,medium,2025-11-07
2617,108,2025-10-04,pending,low,
2618,2,2026-01-26,pending,high,
2619,119,2025-12-03,closed,low,2025-12-16
2620,12,2026-02-09,solved,medium,2026-02-15
2621,43,2025-12-04,solved,low,2025-12-18
2622,56,2025-11-27,pending,low,
2623,18,2025-12-20,pending,low,
2624,115,2026-02-17,closed,medium,2026-02-21
2625,69,2025-09-25,solved,medium,2025-10-04
2626,34,2025-10-19,closed,medium,2025-10-26
2627,82,2025-12-21,open,medium,
2628,113,2025-12-20,open,medium,
2629,102,2026-02-25,closed,low,2026-03-08
2630,76,2026-02-04,closed,low,2026-02-12
2631,111,2025-11-11,solved,medium,2025-11-19
2632,27,2026-02-03,solved,medium,2026-02-07
2633,30,2025-10-01,solved,medium,2025-10-08
2634,52,2025-10-20,open,low,
2635,48,2026-01-14,solved,high,2026-01-18
2636,119,2025-11-18,solved,high,2025-11-21
2637,97,2025-11-19,solved,low,2025-11-28
2638,53,2025-11-30,solved,high,2025-12-01
2639,101,2025-11-17,closed,low,2025-11-28
2640,101,2025-11-28,closed,low,2025-12-08
2641,64,2025-09-18,solved,medium,2025-09-23
2642,107,2025-12-27,solved,high,2026-01-01
2643,55,2026-03-05,solved,high,2026-03-10
2644,41,2026-01-08,solved,high,2026-01-10
2645,107,2026-02-03,closed,medium,2026-02-11
2646,70,2026-03-01,closed,medium,2026-03-08
2647,94,2025-11-26,closed,medium,2025-12-03
2648,58,2025-12-19,solved,medium,2025-12-26
2649,39,2025-09-18,solved,medium,2025-09-25
2650,28,2026-02-18,pending,low,
2651,75,2025-10-27,closed,medium,2025-11-03
2652,109,2025-11-23,closed,low,2025-12-04
2653,15,2026-02-26,solved,low,2026-03-07
2654,38,2026-02-25,solved,low,2026-03-11
2655,111,2025-09-25,solved,medium,2025-09-29
2656,23,2025-09-13,pending,high,
2657,112,2025-10-19,open,urgent,
2658,42,2026-03-05,pending,low,
2659,52,2026-02-07,closed,low,2026-02-20
2660,40,2026-03-12,pending,medium,
2661,13,2026-01-30,pending,low,
2662,118,2026-01-11,pending,medium,
2663,72,2025-12-09,open,low,
2664,74,2025-11-26,solved,medium,2025-12-04
2665,14,2026-01-18,closed,medium,2026-01-25
2666,92,2026-03-12,pending,medium,
2667,120,2025-12-15,solved,high,2025-12-19
2668,22,2025-11-16,open,medium,
2669,81,2025-11-18,closed,medium,2025-11-25
2670,106,2026-02-11,pending,low,
2671,118,2025-10-10,open,high,
2672,24,2025-12-01,closed,low,2025-12-12
2673,59,2025-12-06,solved,high,2025-12-09
2674,26,2025-11-07,closed,low,2025-11-12
2675,117,2025-12-28,closed,high,2025-12-29
2676,15,2025-12-08,closed,low,2025-12-17
2677,59,2026-02-05,solved,medium,2026-02-10
2678,84,2025-12-23,open,medium,
2679,29,2025-11-24,solved,low,2025-12-05
2680,14,2026-02-19,solved,low,2026-02-28
2681,42,2026-02-14,solved,medium,2026-02-18
2682,39,2025-09-24,pending,low,
2683,65,2026-02-14,solved,medium,2026-02-24
2684,106,2025-12-20,solved,medium,2025-12-26
2685,106,2025-11-20,solved,high,2025-11-21
2686,98,2025-12-21,solved,low,2025-12-30
2687,101,2025-09-27,solved,medium,2025-10-09
2688,35,2026-02-06,closed,low,2026-02-14
2689,97,2026-01-28,open,medium,
2690,78,2025-10-15,solved,urgent,2025-10-18
2691,51,2025-09-22,closed,urgent,2025-09-23
2692,70,2025-10-10,closed,urgent,2025-10-10
2693,58,2026-02-10,solved,low,2026-02-24
2694,3,2026-01-17,solved,high,2026-01-20
2695,6,2026-01-03,closed,high,2026-01-06
2696,82,2025-12-21,solved,medium,2025-12-23
2697,9,2026-03-06,solved,medium,2026-03-11
2698,113,2026-01-26,solved,medium,2026-02-04
2699,85,2026-01-29,closed,medium,2026-02-02
2700,116,2026-02-11,closed,medium,2026-02-18
2701,62,2025-10-12,solved,medium,2025-10-16
2702,5,2026-02-20,pending,medium,
2703,21,2026-03-05,open,low,
2704,94,2026-01-09,closed,low,2026-01-18
2705,44,2026-02-03,solved,low,2026-02-13
2706,54,2026-01-07,closed,medium,2026-01-12
2707,23,2025-10-29,open,low,
2708,84,2026-01-26,pending,medium,
2709,108,2026-03-03,solved,low,2026-03-10
2710,7,2026-01-05,open,medium,
2711,96,2026-02-11,solved,low,2026-02-22
2712,50,2026-03-03,closed,urgent,2026-03-05
2713,99,2025-12-23,closed,low,2026-01-02
2714,51,2025-11-12,open,low,
2715,37,2025-12-25,solved,high,2025-12-29
2716,72,2025-10-08,solved,medium,2025-10-18
2717,98,2025-11-12,solved,medium,2025-11-20
2718,98,2025-12-14,pending,high,
2719,1,2025-10-21,solved,low,2025-10-30
2720,40,2026-01-10,solved,medium,2026-01-15
2721,104,2026-02-19,solved,medium,2026-02-21
2722,93,2025-10-20,solved,low,2025-11-01
2723,68,2026-02-10,closed,medium,2026-02-17
2724,90,2025-10-09,open,low,
2725,100,2026-02-14,pending,urgent,
2726,46,2025-11-17,solved,medium,2025-11-25
2727,42,2026-02-23,closed,urgent,2026-02-26
2728,102,2025-09-19,open,medium,
2729,46,2025-10-11,closed,high,2025-10-16
2730,58,2025-12-19,closed,medium,2025-12-26
2731,14,2026-02-28,solved,medium,2026-03-08
2732,117,2025-11-20,solved,high,2025-11-22
2733,1,2025-12-22,solved,medium,2025-12-25
2734,52,2026-02-01,open,medium,
2735,89,2025-09-17,solved,low,2025-09-26
2736,32,2026-02-27,closed,high,2026-03-04
2737,115,2026-03-05,solved,medium,2026-03-08
2738,77,2026-02-21,solved,high,2026-02-27
2739,71,2025-11-16,closed,low,2025-11-27
2740,60,2025-10-05,solved,low,2025-10-18
2741,116,2026-02-26,solved,low,2026-03-08
2742,40,2025-09-28,solved,low,2025-10-08
2743,7,2025-11-19,closed,medium,2025-11-26
2744,84,2026-03-12,open,urgent,
2745,2,2025-10-08,open,low,
2746,79,2026-01-31,closed,low,2026-02-09
2747,2,2025-12-14,pending,medium,
2748,39,2025-12-28,closed,high,2026-01-02
2749,120,2025-11-18,closed,high,2025-11-22
2750,47,2025-10-31,open,high,
2751,118,2025-09-13,open,medium,
2752,98,2025-12-28,closed,medium,2026-01-02
2753,65,2026-03-03,solved,medium,2026-03-09
2754,69,2025-12-06,solved,medium,2025-12-07
2755,94,2026-03-03,solved,urgent,2026-03-07
2756,23,2026-01-29,solved,medium,2026-02-06
2757,51,2025-10-14,solved,medium,2025-10-20
2758,37,2025-10-04,closed,urgent,2025-10-06
2759,21,2025-10-01,pending,medium,
2760,114,2026-02-19,solved,low,2026-02-27
2761,48,2025-11-13,solved,high,2025-11-13
2762,64,2026-02-13,open,low,
2763,99,2025-12-14,solved,urgent,2025-12-18
2764,23,2025-10-09,closed,medium,2025-10-17
2765,47,2025-10-01,solved,low,2025-10-11
2766,41,2025-11-15,solved,low,2025-11-25
2767,9,2026-01-23,pending,medium,
2768,115,2026-02-21,closed,high,2026-02-24
2769,108,2026-01-17,solved,urgent,2026-01-18
2770,14,2026-03-08,open,low,
2771,64,2025-11-06,pending,high,
2772,64,2026-02-12,closed,high,2026-02-17
2773,94,2025-12-21,pending,medium,
2774,53,2025-11-06,closed,medium,2025-11-16
2775,100,2026-01-20,solved,medium,2026-01-25
2776,79,2025-11-29,closed,medium,2025-12-07
2777,13,2026-01-01,closed,low,2026-01-09
2778,75,2026-02-06,closed,low,2026-02-17
2779,10,2026-02-28,pending,urgent,
2780,15,2025-10-02,solved,medium,2025-10-09
2781,68,2025-12-12,solved,medium,2025-12-21
2782,35,2026-01-25,solved,medium,2026-01-30
2783,78,2025-11-27,closed,high,2025-11-29
2784,80,2025-09-30,pending,medium,
2785,109,2025-12-24,open,low,
2786,100,2026-02-24,solved,low,2026-03-10
2787,87,2026-02-22,closed,low,2026-03-06
2788,109,2025-10-12,open,medium,
2789,35,2025-11-20,pending,low,
2790,5,2025-11-15,solved,low,2025-11-24
2791,69,2025-12-22,closed,low,2026-01-06
2792,21,2025-09-15,solved,low,2025-09-26
2793,105,2025-10-19,pending,medium,
2794,46,2025-10-19,closed,urgent,2025-10-22
2795,80,2025-11-13,open,urgent,
2796,1,2026-01-10,closed,medium,2026-01-17
2797,15,2026-02-05,solved,low,2026-02-19
2798,78,2026-02-18,open,low,
2799,65,2025-09-25,solved,medium,2025-10-02
2800,10,2025-10-31,closed,medium,2025-11-06
2801,51,2026-03-11,open,medium,
2802,68,2025-12-08,pending,low,
2803,45,2026-03-06,solved,medium,2026-03-09
2804,50,2026-02-12,closed,urgent,2026-02-14
2805,50,2026-03-07,pending,low,
2806,28,2025-12-06,solved,medium,2025-12-16
2807,69,2026-03-10,open,low,
2808,87,2026-03-12,pending,urgent,
2809,89,2026-03-08,open,medium,
2810,57,2026-03-09,open,high,
2811,62,2025-11-13,closed,medium,2025-11-15
2812,118,2026-01-11,closed,medium,2026-01-16
2813,61,2025-11-20,solved,medium,2025-11-27
2814,13,2025-09-20,closed,low,2025-09-30
2815,92,2025-12-26,closed,high,2025-12-28
2816,51,2025-12-16,solved,low,2025-12-26
2817,54,2026-02-12,open,low,
2818,25,2025-10-17,open,low,
2819,20,2025-11-13,solved,urgent,2025-11-18
2820,88,2025-09-18,closed,medium,2025-09-25
2821,10,2026-03-12,open,medium,
2822,39,2026-02-11,open,high,
2823,108,2026-01-13,solved,medium,2026-01-22
2824,19,2026-03-09,open,high,
2825,58,2025-12-17,open,medium,
2826,77,2026-03-05,solved,medium,2026-03-09
2827,58,2025-11-15,solved,high,2025-11-21
2828,55,2026-02-20,closed,low,2026-02-27
2829,74,2025-11-11,closed,low,2025-11-19
2830,105,2025-12-14,open,medium,
2831,82,2026-02-07,solved,medium,2026-02-14
2832,120,2025-12-07,closed,high,2025-12-10
2833,77,2026-02-22,closed,high,2026-02-27
2834,1,2025-10-12,open,low,
2835,107,2025-11-09,solved,medium,2025-11-18
2836,21,2025-11-26,closed,medium,2025-12-01
2837,105,2025-11-30,pending,high,
2838,104,2025-11-24,open,high,
2839,39,2025-11-02,pending,high,
2840,11,2026-02-06,solved,low,2026-02-15
2841,119,2026-01-13,solved,low,2026-01-19
2842,38,2026-01-15,solved,medium,2026-01-25
2843,26,2025-12-28,open,high,
2844,27,2026-02-23,solved,urgent,2026-02-28
2845,13,2025-11-30,solved,low,2025-12-07
2846,103,2026-02-21,closed,low,2026-03-02
2847,101,2025-12-18,closed,medium,2025-12-28
2848,59,2025-11-29,solved,medium,2025-12-08
2849,86,2026-01-22,solved,medium,2026-01-29
2850,77,2025-10-26,solved,medium,2025-10-27
2851,59,2025-12-12,open,high,
2852,44,2026-02-06,open,medium,
2853,15,2025-10-17,solved,medium,2025-10-24
2854,32,2025-10-25,solved,high,2025-10-28
2855,62,2025-10-29,closed,low,2025-11-07
2856,19,2026-02-18,open,low,
2857,45,2025-10-23,closed,low,2025-11-01
2858,88,2025-10-20,closed,medium,2025-10-25
2859,13,2026-03-01,solved,high,2026-03-10
2860,58,2025-12-15,open,low,
2861,41,2025-11-09,closed,high,2025-11-14
2862,88,2026-02-15,open,medium,
2863,109,2026-01-26,solved,low,2026-02-06
2864,15,2025-11-15,solved,high,2025-11-20
2865,44,2025-10-18,solved,medium,2025-10-24
2866,102,2025-12-28,closed,low,2026-01-05
2867,79,2026-01-29,open,medium,
2868,113,2025-09-14,solved,high,2025-09-17
2869,29,2026-02-08,closed,low,2026-02-17
2870,56,2026-02-12,closed,medium,2026-02-17
2871,51,2026-03-08,open,low,
2872,81,2026-01-27,closed,low,2026-02-08
2873,15,2026-03-11,pending,high,
2874,35,2026-03-04,solved,medium,2026-03-11
2875,57,2025-11-25,solved,medium,2025-11-30
2876,104,2025-10-06,solved,medium,2025-10-14
2877,11,2025-09-24,pending,high,
2878,16,2026-01-06,solved,high,2026-01-08
2879,74,2026-01-12,open,low,
2880,10,2026-01-14,solved,medium,2026-01-23
2881,37,2026-03-04,solved,low,2026-03-12
2882,101,2026-02-09,solved,medium,2026-02-16
2883,43,2025-10-16,open,medium,
2884,27,2026-02-02,closed,medium,2026-02-05
2885,17,2025-11-04,pending,medium,
2886,2,2025-11-12,solved,low,2025-11-21
2887,70,2025-12-03,pending,low,
2888,94,2025-11-05,closed,low,2025-11-18
2889,19,2026-03-04,closed,medium,2026-03-06
2890,109,2026-01-02,solved,medium,2026-01-04
2891,38,2026-01-10,solved,high,2026-01-14
2892,83,2025-11-19,pending,medium,
2893,116,2026-03-08,pending,medium,
2894,57,2025-11-18,solved,high,2025-11-21
2895,111,2026-01-10,closed,low,2026-01-18
2896,21,2025-09-27,solved,medium,2025-10-03
2897,85,2025-10-28,solved,high,2025-11-04
2898,31,2026-02-14,open,urgent,
2899,108,2025-09-17,solved,medium,2025-09-22
2900,58,2025-09-16,solved,high,2025-09-18
2901,102,2026-03-07,open,medium,
2902,50,2026-02-14,solved,medium,2026-02-18
2903,75,2025-12-23,closed,medium,2025-12-30
2904,66,2026-02-19,open,medium,
2905,66,2026-02-23,closed,low,2026-03-01
2906,29,2025-10-24,pending,low,
2907,114,2025-12-11,solved,low,2025-12-22
2908,17,2025-11-05,solved,low,2025-11-12
2909,84,2025-10-01,solved,low,2025-10-10
2910,50,2025-11-27,pending,high,
2911,16,2026-02-25,open,medium,
2912,6,2026-01-02,solved,low,2026-01-10
2913,88,2026-02-04,closed,low,2026-02-14
2914,115,2026-02-28,closed,low,2026-03-11
2915,107,2026-01-31,closed,medium,2026-02-09
2916,68,2026-01-26,solved,low,2026-02-03
2917,40,2026-03-01,solved,medium,2026-03-05
2918,69,2026-01-14,pending,low,
2919,9,2025-11-12,closed,high,2025-11-19
2920,112,2026-02-06,solved,medium,2026-02-14
2921,61,2025-11-16,solved,medium,2025-11-22
2922,44,2025-10-15,solved,low,2025-10-20
2923,1,2026-01-15,closed,low,2026-01-23
2924,41,2026-02-01,open,medium,
2925,11,2026-01-12,solved,low,2026-01-21
2926,21,2025-10-26,open,low,
2927,101,2026-02-28,closed,low,2026-03-08
2928,45,2025-11-23,solved,medium,2025-12-02
2929,14,2025-11-23,solved,high,2025-11-23
2930,79,2026-01-22,pending,low,
2931,89,2026-01-28,closed,medium,2026-02-02
2932,119,2025-12-14,open,high,
2933,6,2025-11-15,open,low,
2934,24,2026-02-20,solved,high,2026-02-21
2935,46,2025-09-16,closed,high,2025-09-19
2936,40,2025-12-23,solved,medium,2025-12-26
2937,54,2026-03-10,pending,low,
2938,22,2025-10-30,solved,medium,2025-11-08
2939,11,2025-10-16,solved,medium,2025-10-21
2940,31,2026-01-30,solved,medium,2026-02-07
2941,90,2025-09-28,open,medium,
2942,10,2025-11-29,solved,low,2025-12-08
2943,39,2025-10-26,solved,medium,2025-10-29
2944,74,2025-10-29,solved,medium,2025-11-07
2945,9,2025-12-21,closed,medium,2025-12-28
2946,9,2025-11-15,solved,low,2025-11-27
2947,15,2025-09-18,closed,medium,2025-09-25
2948,74,2025-12-27,closed,high,2026-01-01
2949,107,2025-12-24,solved,low,2026-01-01
2950,110,2025-11-15,solved,medium,2025-11-21
2951,39,2026-01-06,pending,low,
2952,58,2025-10-30,solved,low,2025-11-09
2953,20,2026-02-23,solved,medium,2026-03-03
2954,81,2025-12-18,open,urgent,
2955,59,2025-12-22,solved,high,2025-12-24
2956,82,2025-12-19,open,high,
2957,104,2025-11-14,solved,medium,2025-11-20
2958,36,2026-01-23,open,low,
2959,81,2025-10-18,closed,medium,2025-10-26
2960,96,2025-09-15,solved,medium,2025-09-22
2961,51,2025-10-10,solved,low,2025-10-16
2962,7,2025-10-09,solved,low,2025-10-18
2963,92,2026-02-28,solved,low,2026-03-07
2964,8,2025-11-12,closed,high,2025-11-12
2965,72,2026-01-07,closed,medium,2026-01-15
2966,98,2026-03-06,solved,high,2026-03-09
2967,48,2025-10-21,solved,medium,2025-10-31
2968,61,2026-02-10,pending,low,
2969,79,2026-01-30,closed,medium,2026-02-06
2970,93,2025-11-02,solved,medium,2025-11-07
2971,9,2025-09-19,solved,high,2025-09-24
2972,45,2025-11-27,pending,low,
2973,10,2025-09-13,pending,medium,
2974,86,2026-02-02,solved,urgent,2026-02-06
2975,83,2026-01-21,solved,medium,2026-01-28
2976,63,2026-02-12,closed,medium,2026-02-18
2977,6,2025-11-15,open,medium,
2978,44,2025-11-10,solved,high,2025-11-14
2979,29,2025-09-21,open,low,
2980,61,2026-01-18,solved,low,2026-01-28
2981,102,2026-01-26,solved,high,2026-01-31
2982,108,2025-12-01,pending,low,
2983,118,2026-03-02,open,low,
2984,25,2025-11-21,closed,urgent,2025-11-23
2985,106,2025-09-28,closed,low,2025-10-10
2986,3,2026-02-23,solved,medium,2026-03-01
2987,90,2025-09-14,solved,low,2025-09-23
2988,34,2026-03-03,open,medium,
2989,35,2026-01-25,closed,low,2026-02-02
2990,91,2025-11-18,open,high,
2991,65,2026-02-18,closed,high,2026-02-20
2992,120,2026-03-01,solved,medium,2026-03-06
2993,33,2025-12-26,solved,low,2026-01-05
2994,65,2026-01-08,solved,low,2026-01-18
2995,41,2025-12-19,solved,high,2025-12-26
2996,18,2025-11-30,solved,high,2025-12-04
2997,17,2026-02-13,solved,medium,2026-02-19
2998,30,2026-01-14,open,medium,
2999,107,2026-01-14,closed,low,2026-01-21
3000,30,2025-12-02,solved,urgent,2025-12-07
3001,36,2025-10-14,open,low,
3002,94,2025-11-25,closed,high,2025-12-01
3003,2,2025-11-17,open,low,
3004,80,2025-09-19,open,medium,
3005,108,2025-11-02,open,low,
3006,36,2026-01-30,closed,medium,2026-02-08
3007,41,2025-09-20,closed,medium,2025-09-25
3008,40,2025-11-06,solved,medium,2025-11-14
3009,83,2026-01-24,closed,high,2026-01-27
3010,29,2026-01-03,solved,medium,2026-01-08
3011,27,2025-10-02,closed,medium,2025-10-10
3012,2,2025-10-13,solved,low,2025-10-25
3013,26,2025-12-29,pending,high,
3014,66,2026-03-02,open,high,
3015,60,2026-02-14,open,low,
3016,53,2025-09-16,solved,medium,2025-09-22
3017,35,2025-12-03,closed,low,2025-12-13
3018,40,2025-10-26,open,low,
3019,102,2025-11-08,solved,medium,2025-11-16
3020,94,2026-02-20,solved,low,2026-03-02
3021,113,2026-01-17,solved,low,2026-01-28
3022,84,2026-01-25,solved,medium,2026-01-28
3023,97,2025-11-05,solved,low,2025-11-17
3024,83,2026-01-25,solved,high,2026-01-26
3025,51,2025-11-11,closed,low,2025-11-23
3026,112,2026-02-22,pending,medium,
3027,21,2026-02-28,closed,medium,2026-03-06
3028,94,2025-09-14,solved,medium,2025-09-22
3029,7,2025-11-16,solved,low,2025-11-25
3030,110,2026-01-03,open,medium,
3031,64,2025-12-10,solved,medium,2025-12-20
3032,104,2026-01-26,closed,urgent,2026-01-27
3033,22,2025-09-13,solved,high,2025-09-17
3034,96,2025-10-12,solved,medium,2025-10-21
3035,20,2025-11-01,solved,high,2025-11-07
3036,81,2026-01-27,solved,medium,2026-02-03
3037,44,2025-10-28,solved,high,2025-10-31
3038,69,2026-01-08,solved,high,2026-01-12
3039,13,2026-01-11,solved,urgent,2026-01-14
3040,14,2026-03-06,pending,low,
3041,27,2025-11-21,closed,medium,2025-11-26
3042,82,2025-12-10,solved,high,2025-12-17
3043,66,2026-03-07,open,low,
3044,85,2025-10-13,closed,high,2025-10-18
3045,37,2026-01-22,open,medium,
3046,120,2025-11-08,closed,low,2025-11-14
3047,8,2026-02-23,solved,low,2026-03-07
3048,95,2026-01-24,closed,medium,2026-01-31
3049,77,2026-02-24,open,low,
3050,88,2025-10-24,open,medium,
3051,87,2026-02-25,open,urgent,
3052,41,2025-10-13,closed,low,2025-10-21
3053,87,2026-02-21,closed,medium,2026-02-27
3054,86,2026-01-20,open,high,
3055,60,2026-01-10,solved,high,2026-01-21
3056,23,2025-09-24,closed,high,2025-09-24
3057,19,2026-02-13,solved,high,2026-02-16
3058,24,2025-10-23,closed,medium,2025-10-29
3059,85,2025-10-15,solved,medium,2025-10-19
3060,69,2026-01-12,open,urgent,
3061,89,2026-01-01,open,medium,
3062,38,2026-03-08,pending,medium,
3063,1,2025-11-12,open,low,
3064,17,2026-02-18,solved,low,2026-02-26
3065,6,2025-10-04,solved,medium,2025-10-14
3066,62,2025-10-07,open,low,
3067,50,2026-02-16,open,high,
3068,51,2026-02-27,solved,medium,2026-03-07
3069,100,2025-10-08,open,low,
3070,27,2025-11-20,solved,high,2025-11-24
3071,66,2026-02-27,closed,low,2026-03-09
3072,26,2025-09-14,solved,urgent,2025-09-18
3073,68,2026-02-10,open,low,
3074,50,2026-02-10,closed,medium,2026-02-16
3075,3,2026-02-07,pending,low,
3076,47,2025-10-15,solved,medium,2025-10-20
3077,114,2025-12-03,open,high,
3078,70,2026-01-22,open,low,
3079,67,2025-11-27,solved,high,2025-11-29
3080,5,2026-02-09,open,high,
3081,99,2026-01-02,closed,medium,2026-01-10
3082,12,2026-03-07,open,low,
3083,100,2025-10-04,solved,low,2025-10-13
3084,8,2026-03-08,open,low,
3085,72,2026-02-23,closed,high,2026-02-26
3086,4,2025-12-21,pending,medium,
3087,3,2026-02-20,solved,high,2026-02-25
3088,109,2025-12-10,pending,medium,
3089,19,2025-09-20,open,high,
3090,47,2025-09-29,solved,low,2025-10-10
3091,74,2026-02-24,open,medium,
3092,3,2025-12-28,solved,medium,2026-01-05
3093,53,2025-11-07,solved,low,2025-11-17
3094,34,2025-11-25,closed,medium,2025-12-03
3095,114,2026-01-10,closed,medium,2026-01-16
3096,95,2025-10-06,solved,low,2025-10-13
3097,31,2026-01-06,solved,medium,2026-01-16
3098,44,2025-11-19,open,medium,
3099,61,2026-02-08,solved,low,2026-02-19
3100,56,2025-12-20,closed,low,2025-12-30
3101,46,2025-11-02,solved,high,2025-11-07
3102,76,2026-02-28,solved,medium,2026-03-06
3103,98,2025-10-06,closed,medium,2025-10-15
3104,87,2026-03-07,open,high,
3105,80,2026-01-18,solved,medium,2026-01-23
3106,115,2025-09-24,closed,low,2025-10-05
3107,68,2026-02-28,closed,medium,2026-03-07
3108,115,2026-02-25,closed,medium,2026-03-02
3109,64,2026-02-05,closed,high,2026-02-09
3110,95,2025-12-19,pending,medium,
3111,101,2026-01-22,solved,high,2026-01-27
3112,107,2025-11-13,solved,low,2025-11-23
3113,98,2026-02-28,solved,urgent,2026-02-28
3114,17,2025-11-29,closed,medium,2025-12-03
3115,108,2025-10-29,solved,low,2025-11-11
3116,109,2025-11-24,solved,low,2025-12-02
3117,113,2025-12-30,pending,low,
3118,103,2026-02-20,pending,low,
3119,14,2026-03-01,pending,low,
3120,96,2026-02-24,pending,medium,
3121,37,2025-10-01,closed,high,2025-10-08
3122,95,2026-01-16,closed,high,2026-01-18
3123,5,2025-09-21,solved,low,2025-09-30
3124,8,2025-10-01,closed,low,2025-10-12
3125,12,2025-12-13,closed,low,2025-12-24
3126,43,2025-11-09,solved,medium,2025-11-14
3127,92,2025-10-05,solved,high,2025-10-09
3128,65,2025-10-31,solved,low,2025-11-10
3129,49,2025-09-13,pending,low,
3130,109,2025-11-13,pending,low,
3131,37,2025-10-08,closed,high,2025-10-13
3132,11,2026-02-06,closed,low,2026-02-14
3133,4,2025-11-13,pending,urgent,
3134,112,2025-11-13,pending,medium,
3135,73,2025-10-18,solved,medium,2025-10-24
3136,82,2025-11-17,open,low,
3137,73,2026-01-27,open,high,
3138,18,2026-02-08,closed,low,2026-02-16
3139,47,2025-10-11,solved,medium,2025-10-20
3140,105,2026-01-13,closed,high,2026-01-14
3141,17,2026-03-11,pending,medium,
3142,93,2025-10-18,solved,low,2025-10-25
3143,51,2026-01-08,solved,low,2026-01-18
3144,15,2026-01-22,solved,medium,2026-01-26
3145,5,2025-12-27,pending,high,
3146,40,2026-01-09,solved,high,2026-01-15
3147,64,2025-10-15,solved,medium,2025-10-23
3148,87,2026-02-16,solved,low,2026-02-27
3149,115,2026-03-12,open,low,
3150,118,2025-11-28,closed,low,2025-12-08
3151,63,2025-10-02,closed,urgent,2025-10-02
3152,44,2026-01-06,pending,medium,
3153,95,2025-10-19,solved,high,2025-10-22
3154,80,2025-10-24,solved,low,2025-11-02
3155,106,2025-10-31,pending,high,
3156,116,2025-10-16,pending,high,
3157,94,2025-10-02,closed,low,2025-10-13
3158,57,2026-01-18,solved,medium,2026-01-23
3159,110,2025-09-23,solved,high,2025-09-29
3160,29,2026-01-29,solved,medium,2026-02-07
3161,101,2025-12-07,solved,medium,2025-12-11
3162,90,2025-11-15,pending,medium,
3163,31,2026-01-31,open,low,
3164,76,2026-01-08,solved,medium,2026-01-13
3165,111,2025-11-23,solved,medium,2025-12-01
3166,36,2026-02-28,closed,low,2026-03-10
3167,49,2025-12-07,open,low,
3168,64,2025-12-31,closed,low,2026-01-07
3169,41,2025-12-14,solved,medium,2025-12-20
3170,29,2025-12-23,closed,medium,2026-01-01
3171,57,2026-02-12,solved,medium,2026-02-19
3172,102,2025-12-05,closed,high,2025-12-05
3173,40,2026-01-16,closed,medium,2026-01-20
3174,68,2025-11-23,closed,medium,2025-12-01
3175,98,2025-10-26,closed,urgent,2025-10-26
3176,13,2025-12-13,solved,low,2025-12-20
3177,115,2026-02-23,solved,medium,2026-03-03
3178,48,2025-10-14,solved,low,2025-10-25
3179,102,2025-12-02,solved,medium,2025-12-11
3180,55,2026-02-14,open,medium,
3181,33,2025-12-01,closed,high,2025-12-06
3182,42,2026-01-19,closed,low,2026-01-28
3183,100,2025-11-07,closed,low,2025-11-16
3184,15,2025-12-29,open,low,
3185,88,2025-11-27,solved,high,2025-12-02
3186,4,2026-03-11,open,medium,
3187,50,2026-02-25,solved,low,2026-03-07
3188,100,2025-09-21,closed,high,2025-09-25
3189,55,2026-02-18,solved,medium,2026-02-21
3190,79,2025-12-07,solved,low,2025-12-19
3191,82,2026-01-06,solved,medium,2026-01-14
3192,84,2026-02-03,closed,medium,2026-02-09
3193,14,2026-02-11,solved,low,2026-02-21
3194,51,2025-10-17,solved,medium,2025-10-23
3195,109,2025-11-21,solved,medium,2025-11-26
3196,89,2026-02-08,open,high,
3197,59,2025-10-18,solved,low,2025-10-27
3198,7,2025-11-04,pending,medium,
3199,2,2025-11-26,open,high,
3200,41,2025-09-13,solved,urgent,2025-09-15
3201,49,2025-11-23,pending,medium,
3202,63,2025-12-28,open,medium,
3203,85,2026-02-07,closed,medium,2026-02-11
3204,112,2026-02-08,pending,high,
3205,11,2025-11-27,solved,high,2025-11-30
3206,14,2026-02-10,closed,medium,2026-02-16
3207,99,2025-09-29,pending,low,
3208,35,2026-02-08,pending,medium,
3209,12,2025-11-30,closed,high,2025-12-02
3210,38,2026-02-15,closed,low,2026-02-26
3211,28,2025-09-24,solved,low,2025-10-04
3212,119,2025-12-08,open,high,
3213,107,2026-02-02,solved,low,2026-02-12
3214,45,2025-11-09,open,medium,
3215,77,2026-02-27,closed,medium,2026-03-08
3216,41,2026-03-09,open,high,
3217,34,2025-10-06,open,high,
3218,106,2025-10-30,solved,low,2025-11-12
3219,60,2025-10-02,solved,high,2025-10-06
3220,49,2026-03-02,pending,low,
3221,78,2026-02-19,closed,high,2026-02-23
3222,102,2025-10-05,solved,low,2025-10-14
3223,26,2025-09-19,closed,high,2025-09-21
3224,3,2026-01-24,closed,low,2026-02-02
3225,11,2026-03-04,pending,low,
3226,13,2026-01-01,solved,low,2026-01-07
3227,55,2026-03-12,open,high,
3228,65,2025-11-14,solved,low,2025-11-26
3229,60,2026-03-11,open,medium,
3230,109,2025-12-04,solved,medium,2025-12-13
3231,59,2025-12-23,open,high,
3232,71,2026-01-03,closed,urgent,2026-01-05
3233,65,2025-09-28,pending,medium,
3234,96,2025-12-04,closed,medium,2025-12-09
3235,25,2025-10-15,solved,low,2025-10-21
3236,89,2025-09-13,closed,high,2025-09-17
3237,58,2025-09-17,open,medium,
3238,19,2025-09-14,solved,urgent,2025-09-16
3239,94,2025-10-01,open,medium,
3240,7,2026-01-24,closed,medium,2026-01-31
3241,40,2025-10-31,solved,medium,2025-11-04
3242,61,2026-02-17,open,medium,
3243,109,2026-01-10,solved,high,2026-01-12
3244,90,2025-12-15,solved,medium,2025-12-22
3245,19,2026-02-16,closed,high,2026-02-16
3246,112,2026-01-16,solved,low,2026-01-29
3247,108,2026-01-20,solved,medium,2026-01-27
3248,88,2026-03-04,solved,low,2026-03-10
3249,107,2026-02-13,solved,low,2026-02-22
3250,15,2025-10-26,closed,medium,2025-11-04
3251,91,2026-02-07,open,medium,
3252,51,2026-02-21,pending,medium,
3253,84,2025-10-02,open,high,
3254,67,2026-01-28,solved,high,2026-02-03
3255,67,2025-11-14,solved,urgent,2025-11-16
3256,3,2026-02-12,open,low,
3257,35,2025-11-03,closed,low,2025-11-10
3258,25,2026-03-06,open,medium,
3259,102,2026-01-31,closed,low,2026-02-12
3260,21,2026-03-11,open,medium,
3261,50,2026-02-21,solved,medium,2026-03-02
3262,40,2025-11-02,solved,medium,2025-11-07
3263,88,2025-11-02,solved,high,2025-11-04
3264,93,2026-01-10,solved,medium,2026-01-18
3265,114,2026-01-06,closed,medium,2026-01-12
3266,74,2026-02-10,closed,medium,2026-02-14
3267,19,2025-12-04,open,medium,
3268,80,2026-01-07,closed,high,2026-01-10
3269,44,2025-10-03,solved,medium,2025-10-08
3270,116,2026-02-28,solved,medium,2026-03-06
3271,104,2026-02-16,solved,medium,2026-02-21
3272,71,2026-01-25,solved,medium,2026-02-01
3273,59,2025-11-14,open,high,
3274,63,2025-12-14,closed,low,2025-12-22
3275,109,2025-11-17,closed,urgent,2025-11-19
3276,112,2026-02-26,solved,high,2026-03-05
3277,12,2025-12-03,solved,high,2025-12-07
3278,115,2026-03-01,pending,high,
3279,44,2026-02-28,solved,low,2026-03-10
3280,78,2026-02-11,closed,high,2026-02-13
3281,110,2025-10-17,solved,low,2025-11-01
3282,90,2025-10-16,solved,high,2025-10-20
3283,98,2025-10-13,closed,urgent,2025-10-16
3284,1,2026-02-14,pending,low,
3285,8,2025-12-17,solved,low,2025-12-27
3286,29,2025-12-18,solved,urgent,2025-12-19
3287,65,2025-12-15,solved,low,2025-12-23
3288,28,2025-10-04,pending,low,
3289,119,2026-03-10,open,high,
3290,85,2026-02-23,solved,low,2026-03-03
3291,60,2025-10-14,solved,high,2025-10-18
3292,21,2025-11-23,solved,medium,2025-11-29
3293,57,2026-02-20,solved,medium,2026-03-01
3294,78,2026-01-20,closed,medium,2026-01-25
3295,119,2026-02-23,pending,low,
3296,30,2026-01-05,closed,high,2026-01-11
3297,55,2026-02-22,closed,medium,2026-02-28
3298,110,2025-11-24,closed,high,2025-11-28
3299,27,2026-02-04,solved,urgent,2026-02-05
3300,89,2025-10-13,solved,medium,2025-10-21
3301,62,2025-11-21,pending,low,
3302,45,2026-01-22,solved,high,2026-01-27
3303,3,2026-01-29,closed,high,2026-02-03
3304,110,2025-10-17,open,urgent,
3305,55,2026-02-16,closed,low,2026-02-28
3306,118,2026-03-03,closed,medium,2026-03-11
3307,74,2026-03-10,solved,urgent,2026-03-10
3308,1,2026-02-26,closed,medium,2026-03-07
3309,114,2026-01-25,solved,low,2026-02-07
3310,80,2026-02-11,closed,medium,2026-02-12
3311,24,2025-12-26,pending,low,
3312,29,2025-11-12,pending,urgent,
3313,83,2025-10-10,solved,high,2025-10-15
3314,38,2025-12-05,solved,medium,2025-12-08
3315,107,2025-11-16,solved,low,2025-11-25
3316,61,2025-12-05,closed,medium,2025-12-15
3317,53,2026-01-06,closed,low,2026-01-18
3318,116,2026-03-02,open,medium,
3319,67,2026-01-30,closed,medium,2026-02-05
3320,24,2026-01-01,solved,low,2026-01-11
3321,24,2025-11-08,solved,medium,2025-11-16
3322,96,2025-12-31,solved,high,2026-01-03
3323,20,2026-01-29,open,high,
3324,14,2026-02-19,pending,medium,
3325,74,2025-10-14,solved,high,2025-10-16
3326,58,2026-02-06,closed,low,2026-02-16
3327,109,2025-12-30,closed,low,2026-01-09
3328,4,2025-11-10,solved,low,2025-11-16
3329,66,2026-03-08,open,low,
3330,119,2025-10-29,solved,high,2025-11-06
3331,86,2026-02-17,solved,medium,2026-02-26
3332,101,2025-10-22,closed,medium,2025-10-29
3333,93,2025-12-21,open,medium,
3334,106,2025-09-22,closed,low,2025-09-29
3335,37,2026-02-12,closed,urgent,2026-02-16
3336,97,2026-02-11,closed,urgent,2026-02-16
3337,43,2025-10-05,closed,medium,2025-10-09
3338,99,2025-10-10,solved,low,2025-10-20
3339,88,2025-09-29,closed,urgent,2025-10-01
3340,38,2025-11-01,solved,low,2025-11-12
3341,55,2026-02-24,closed,low,2026-03-08
3342,89,2025-11-16,pending,medium,
3343,22,2025-10-26,solved,high,2025-10-29
3344,74,2026-01-03,solved,medium,2026-01-10
3345,118,2026-01-17,pending,low,
3346,91,2025-12-22,solved,medium,2025-12-30
3347,21,2026-03-10,open,medium,
3348,92,2025-12-31,closed,urgent,2026-01-02
3349,47,2026-01-30,solved,medium,2026-02-09
3350,24,2026-01-19,solved,low,2026-01-26
3351,73,2025-12-29,solved,medium,2026-01-01
3352,11,2026-02-27,solved,low,2026-03-08
3353,20,2025-10-28,solved,low,2025-11-04
3354,109,2025-10-06,solved,medium,2025-10-14
3355,101,2025-09-16,open,medium,
3356,33,2025-11-12,solved,medium,2025-11-21
3357,3,2026-03-06,open,low,
3358,99,2025-11-26,solved,low,2025-12-06
3359,85,2026-02-25,solved,medium,2026-02-28
3360,55,2026-02-10,solved,low,2026-02-19
3361,26,2026-01-08,pending,medium,
3362,4,2026-02-10,closed,medium,2026-02-15
3363,23,2025-12-02,solved,low,2025-12-13
3364,119,2025-11-05,solved,low,2025-11-16
3365,11,2025-11-27,solved,medium,2025-12-03
3366,28,2026-01-28,solved,medium,2026-02-02
3367,106,2026-01-07,open,high,
3368,116,2026-02-26,solved,low,2026-03-04
3369,91,2025-09-27,solved,low,2025-10-09
3370,8,2026-01-11,closed,low,2026-01-20
3371,30,2026-03-05,closed,low,2026-03-12
3372,10,2025-09-30,solved,urgent,2025-10-02
3373,78,2026-02-17,pending,medium,
3374,116,2026-02-19,open,low,
3375,20,2026-01-29,open,low,
3376,114,2026-02-20,open,low,
3377,29,2026-01-03,solved,low,2026-01-14
3378,12,2025-11-25,pending,low,
3379,59,2026-02-28,pending,low,
3380,111,2026-01-25,closed,low,2026-02-05
3381,32,2025-10-05,closed,low,2025-10-14
3382,25,2026-01-26,solved,low,2026-02-05
3383,3,2026-03-09,pending,medium,
3384,99,2026-01-14,solved,low,2026-01-23
3385,76,2026-03-11,open,high,
3386,98,2025-10-27,solved,medium,2025-11-03
3387,112,2025-10-25,solved,medium,2025-10-31
3388,71,2026-01-20,closed,urgent,2026-01-22
3389,99,2025-11-04,closed,medium,2025-11-15
3390,96,2026-01-22,solved,medium,2026-02-01
3391,114,2026-03-05,open,low,
3392,84,2026-01-27,closed,high,2026-02-01
3393,96,2025-12-06,solved,urgent,2025-12-06
3394,104,2026-02-17,open,medium,
3395,45,2026-02-01,pending,high,
3396,5,2026-02-26,closed,medium,2026-03-05
3397,108,2025-11-09,open,low,
3398,63,2025-12-15,solved,low,2025-12-24
3399,73,2026-03-03,pending,low,
3400,35,2025-11-09,solved,low,2025-11-17
3401,76,2025-12-28,solved,medium,2026-01-03
3402,107,2025-09-15,closed,medium,2025-09-25
3403,17,2026-03-09,open,low,
3404,109,2026-02-23,solved,medium,2026-03-03
3405,20,2025-09-16,closed,low,2025-09-26
3406,15,2025-09-18,solved,medium,2025-09-27
3407,111,2025-12-16,solved,low,2025-12-24
3408,118,2026-01-25,solved,low,2026-02-04
3409,45,2025-11-14,closed,high,2025-11-20
3410,46,2025-12-15,solved,medium,2025-12-20
3411,74,2026-03-10,open,high,
3412,41,2026-02-01,closed,medium,2026-02-05
3413,50,2025-10-09,solved,medium,2025-10-14
3414,67,2025-12-22,solved,low,2026-01-03
3415,1,2026-01-30,pending,medium,
3416,62,2025-12-12,solved,medium,2025-12-19
3417,98,2026-02-22,solved,medium,2026-02-27
3418,40,2025-10-31,open,medium,
3419,80,2026-01-31,closed,urgent,2026-02-03
3420,105,2026-01-21,closed,urgent,2026-01-21
3421,82,2025-10-22,closed,high,2025-10-23
3422,39,2025-12-13,solved,high,2025-12-19
3423,55,2026-03-10,open,low,
3424,25,2025-12-29,closed,medium,2026-01-05
3425,77,2026-03-11,pending,low,
3426,81,2025-12-03,solved,high,2025-12-09
3427,9,2025-11-13,closed,medium,2025-11-19
3428,91,2025-11-12,solved,medium,2025-11-18
3429,16,2025-12-22,open,low,
3430,96,2026-01-01,closed,low,2026-01-12
3431,38,2026-02-20,closed,high,2026-02-22
3432,12,2025-10-24,pending,low,
3433,13,2025-10-19,open,urgent,
3434,84,2026-01-04,solved,high,2026-01-07
3435,97,2025-10-24,solved,low,2025-11-01
3436,97,2025-11-18,solved,medium,2025-11-25
3437,97,2025-12-23,solved,medium,2026-01-01
3438,109,2026-02-16,solved,medium,2026-02-24
3439,6,2026-03-04,closed,medium,2026-03-12
3440,81,2026-01-18,open,low,
3441,54,2026-02-26,closed,medium,2026-03-06
3442,103,2026-01-25,pending,low,
3443,18,2025-09-20,solved,high,2025-09-25
3444,93,2025-10-26,solved,high,2025-10-30
3445,5,2025-11-12,closed,medium,2025-11-21
3446,62,2026-01-10,closed,medium,2026-01-15
3447,35,2025-10-23,closed,low,2025-11-03
3448,111,2025-11-17,closed,medium,2025-11-24
3449,99,2026-01-09,solved,urgent,2026-01-12
3450,96,2026-02-11,closed,medium,2026-02-16
3451,104,2025-11-04,closed,medium,2025-11-12
3452,107,2025-12-12,solved,medium,2025-12-19
3453,92,2025-11-02,closed,medium,2025-11-12
3454,99,2025-12-10,solved,medium,2025-12-16
3455,91,2025-10-28,solved,medium,2025-11-03
3456,43,2026-01-17,closed,high,2026-01-18
3457,10,2025-10-21,closed,low,2025-10-31
3458,105,2025-09-20,solved,low,2025-09-27
3459,65,2025-12-20,open,medium,
3460,114,2026-01-09,solved,low,2026-01-18
3461,119,2025-09-27,solved,medium,2025-10-03
3462,30,2026-01-01,pending,medium,
3463,85,2026-03-10,pending,high,
3464,44,2025-10-17,solved,high,2025-10-19
3465,9,2025-11-05,pending,high,
3466,7,2025-12-09,solved,medium,2025-12-16
3467,36,2026-01-02,solved,medium,2026-01-07
3468,109,2025-11-09,solved,high,2025-11-13
3469,7,2026-01-01,pending,urgent,
3470,41,2026-03-07,pending,medium,
3471,75,2025-12-10,pending,low,
3472,6,2026-01-09,pending,medium,
3473,86,2025-11-23,closed,medium,2025-11-27
3474,57,2026-03-06,pending,low,
3475,21,2025-09-29,solved,high,2025-10-01
3476,13,2025-12-04,solved,high,2025-12-08
3477,85,2025-11-17,open,low,
3478,117,2025-12-12,closed,high,2025-12-12
3479,95,2026-02-02,closed,high,2026-02-08
3480,64,2026-01-13,solved,high,2026-01-18
3481,15,2026-02-17,pending,high,
3482,111,2026-03-05,solved,medium,2026-03-12
3483,57,2025-11-09,closed,high,2025-11-11
3484,36,2025-11-12,open,high,
3485,5,2026-03-07,open,low,
3486,3,2025-11-07,solved,low,2025-11-15
3487,120,2025-12-27,solved,medium,2026-01-01
3488,4,2025-09-18,solved,low,2025-09-28
3489,41,2025-10-03,open,medium,
3490,47,2025-12-26,solved,low,2026-01-04
3491,46,2025-12-17,open,medium,
3492,4,2026-01-20,closed,medium,2026-01-25
3493,112,2025-10-16,open,high,
3494,14,2025-11-28,closed,low,2025-12-07
3495,115,2026-02-18,solved,low,2026-03-03
3496,21,2026-03-03,closed,medium,2026-03-08
3497,99,2025-10-19,open,medium,
3498,96,2026-02-02,solved,urgent,2026-02-04
3499,109,2025-09-15,solved,high,2025-09-17
3500,12,2025-09-30,solved,low,2025-10-06
